업체코드,ID(작성자),리뷰 내용,작성일,평가 카테고리
1647184627,cjs4831,마파두부덮밥과해물짬뽕시켜서먹었는게둘다맛있었습니다~!분위기도좋고매장인테리어도멋지고직원분들도친잘합니다강추~,2026년 6월 11일 목요일,음식이 맛있어요_재료가 신선해요_매장이 넓어요_인테리어가 멋져요_
1647184627,30****,가족들이랑와서맛있게먹었어요.점심셋트도좋네요,2026년 6월 10일 수요일,음식이 맛있어요_재료가 신선해요_특별한 메뉴가 있어요_가성비가 좋아요_
1647184627,신의시대,깔끔하고맛있습니다,2026년 6월 10일 수요일,음식이 맛있어요_매장이 넓어요_매장이 청결해요_
1647184627,딴식잉,식당이깔끔하고음식도맛있어요🧡다음에는세트메뉴로시켜서먹어보려구요직원분들도모두다친절하셔서편하게식사했고주차도넉넉하게등록해주셔서식사하고파인트리몰내부도편하게구경하고왔어요,2026년 6월 9일 화요일,음식이 맛있어요_
1647184627,노은설40,음식이빨리나오고맛있아요,2026년 6월 9일 화요일,인테리어가 멋져요_친절해요_매장이 청결해요_주차하기 편해요_특별한 메뉴가 있어요_
1647184627,까만진주52,오늘은짬뽕^^국물이진하고맛있어요가족행사때도자주오는맛집입니다.,2026년 6월 9일 화요일,음식이 맛있어요_인테리어가 멋져요_친절해요_음식이 빨리 나와요_
1647184627,삼유,전주여행왔다가현지인소개로들렸는데분위기도맛도최고입니다.난코스주문했는데접시마다예술입니다.재방문당연합니다.,2026년 6월 8일 월요일,음식이 맛있어요_특별한 메뉴가 있어요_인테리어가 멋져요_매장이 넓어요_친절해요_
1647184627,pmk****,친절맛좋아요,2026년 6월 5일 금요일,음식이 맛있어요_매장이 넓어요_친절해요_주차하기 편해요_
1647184627,vai****,짜장면차돌짬뽕두개만시켜서먹어봤는데맛있고다음에오면시그니처요리먹을거같아요.옆테이블나오는거보기만해도맛있어보여요!,2026년 6월 5일 금요일,음식이 맛있어요_재료가 신선해요_특별한 메뉴가 있어요_인테리어가 멋져요_친절해요_
1647184627,닌자54,영화보기전에들렀습니다.맛있게먹고갑니다~,2026년 6월 5일 금요일,음식이 맛있어요_메뉴 구성이 알차요_인테리어가 멋져요_매장이 넓어요_차분한 분위기예요_
1647184627,아로마웨딩,깨끗해요~맛있어요~~,2026년 6월 5일 금요일,음식이 맛있어요_인테리어가 멋져요_친절해요_
1647184627,요게머꼬17,음식깔끔하구맛있습니다,2026년 6월 5일 금요일,매장이 넓어요_주차하기 편해요_메뉴 구성이 알차요_
1647184627,man****,항상찾아오는곳인데음식이맛있습니다,2026년 6월 5일 금요일,음식이 맛있어요_
1647184627,으랏차99,짜장면이랑짬뽕다맛있어용!!!딤섬도굳굳👍👍👍,2026년 6월 3일 수요일,음식이 맛있어요_메뉴 구성이 알차요_컨셉이 독특해요_매장이 청결해요_음식이 빨리 나와요_
1647184627,lim****,근처온김에검색해보니까맛있다길래방문했는데굉장히만족스러운맛과가격이였습니다.추천드리겠습니다,2026년 6월 2일 화요일,음식이 맛있어요_가성비가 좋아요_인테리어가 멋져요_친절해요_주차하기 편해요_
1647184627,킴좌님27,매번아이랑같이와서먹는데서비스도좋고음식맛도좋네요!!,2026년 6월 2일 화요일,음식이 맛있어요_재료가 신선해요_건강한 맛이에요_양이 많아요_매장이 넓어요_
1647184627,모든것은제자리로,친절하고메뉴도다양하도맛있어요,2026년 6월 2일 화요일,음식이 맛있어요_재료가 신선해요_특별한 메뉴가 있어요_
1647184627,아랍알랍,육즙소룡포는그냥만두데워서주는느낌동파육은아무맛도안나고최악이었음사르르녹는고기가아님내가만들어먹는게나은..블루리본이라왔는데왜블루리본인지모르겠음그리고제일최악은목재부분에먼지가수북히쌓여있고날아다녀서먼지랑같이식사함애기데리고절대로다시는안갈것같음청결측면이나맛이나가격만비싸고다별로였음이렇게별로인중국집도처음임,2026년 5월 30일 토요일,단체모임 하기 좋아요_매장이 넓어요_
1647184627,ejm****,음식이깔끔하고너무맛있어요!!간이안찐하고좋아요단체모임이나가족모임장소로적극추천할게여~,2026년 5월 29일 금요일,음식이 맛있어요_
1647184627,냥펀치냥냥,음식이빨리나오고맛있어요!!👍🏻,2026년 5월 29일 금요일,음식이 맛있어요_
2099020069,클라우드스테이션,물짜장이궁금해서갔는데호불호매우갈릴메뉴예요근데차돌짬뽕이진짜너무맛있었고국물이달라요일반짬뽕이랑아예다르게조리하시는것같아서너무좋았어요탕수육도고기와튀김이진짜부드럽고맛있었어요다음에또가고싶어요,2026년 6월 7일 일요일,음식이 맛있어요_재료가 신선해요_양이 많아요_특별한 메뉴가 있어요_고기 질이 좋아요_
2099020069,형8635,재료가엄청신선해요!!!중국음식인데도산뜻할수있구나싶었어요특히레몬크림새우가정말향이좋고맛있었습니다저는잡채밥이맛있었고아부지는짜장면이지제일맛있었다고하십니다손님데리고오기좋을것같아요깔끔하고전주최고의중국집!사장님이너무너무친절하시고시킨거다맛있었어요강추!!,2026년 5월 31일 일요일,음식이 맛있어요_재료가 신선해요_매장이 청결해요_
2099020069,cmj****,잡채밥이맛있어자주와요예전보다점점맛있어지고있어요,2026년 5월 18일 월요일,음식이 맛있어요_
2099020069,wsws,전주여행중우연히들렸는데너무맛있고친절했어요추천합니다,2026년 5월 18일 월요일,음식이 맛있어요_특별한 메뉴가 있어요_매장이 넓어요_친절해요_매장이 청결해요_
2099020069,rrrrrr00,코스요리인데양도많고맛도있습니다다만서비스로만두가나왔고만두를가져갈집게가없어요청했더니만두는원래집게안나온다라고하셨어요원래안나온다기보다식사불편함이있으면요청할수있는부분이라고생각합니다부모님을모시고간자리에전반적인직원들의친절도는좀부족하다는생각이들어아쉬웠습니다하지만음식은맛이좋았고자리도룸이라좋았어요,2026년 5월 9일 토요일,양이 많아요_매장이 넓어요_
2099020069,vgy****,웬만해서는리뷰좋게남기는데요..실망이크네요.어버이날기념부모님모시고가서인당45000원난코스주문했어요새우완자스프는그냥국물이구요팔보채어향새우피망잡채다소스가비슷해요..간도다쎄서너무짰어요.아이스크림?같은후식을식사나올때바로같이줘서먹으려고하니까아이스크림녹았네요..^^이가격주고먹을만한퀄리티아닙니다..ㅠ,2026년 5월 8일 금요일,양이 많아요_매장이 넓어요_
2099020069,블루데이로그,두번째방문이에요+++친절하시고레스토랑이분위기가좋은데음식까지맛있답니다!깐풍기추천해요😊,2026년 5월 7일 목요일,음식이 맛있어요_재료가 신선해요_인테리어가 멋져요_친절해요_매장이 청결해요_
2099020069,ll125,서비스포함하여정말맛있게식사잘했습니다.깐풍기도바삭한식감이잘살아있으면서양념에잘배어매콤한풍미가잘느껴졌습니다.통오징어짬뽕도맛은물론양까지푸짐하게주셔서식사부족함없이잘해결했습니다.중식요리와식사류모두괜찮게잘하는곳이니종종찾겠습니다.,2026년 4월 15일 수요일,음식이 맛있어요_재료가 신선해요_양이 많아요_
2099020069,서니4672,너무맛있아용,2026년 4월 6일 월요일,음식이 맛있어요_재료가 신선해요_양이 많아요_특별한 메뉴가 있어요_가성비가 좋아요_
2099020069,00jae,전주여행을와서원래가려고했던수정관식당이문을닫아서대신방문했습니다물짜장은처음먹어봤는데야채식감도딱알맞고해물건더기도풍부하고느끼하지않아서양념까지다먹을수있었습니다!그리고반찬으로나오는짜사이가정말맛있어서두번리필해먹었습니다사장님께서후식으로딸기도주셔서아내와정말기분좋게식사했습니다호텔에묵으시면할인도됩니다나중에전주에또오게된다면또먹으러올것입니다,2026년 4월 3일 금요일,음식이 맛있어요_재료가 신선해요_양이 많아요_특별한 메뉴가 있어요_친절해요_
1340584191,카멤벌트 치즈,왕귀엽고왕맛나요~소주랑넘나잘어울림조명이어두워서진대하기좋았네요~~^^,2026년 5월 3일 일요일,음식이 맛있어요_기본 안주가 좋아요_대화하기 좋아요_
1340584191,syr****,굿,2026년 3월 7일 토요일,음식이 맛있어요_기본 안주가 좋아요_특별한 메뉴가 있어요_
1340584191,은은닝,친구들추천으로왔는데음식도맛있고분위기도최고입니당!!!,2026년 1월 31일 토요일,음식이 맛있어요_기본 안주가 좋아요_술이 다양해요_특별한 메뉴가 있어요_
1340584191,대요밍,숯불향가득허이좋네요,2025년 12월 1일 월요일,음식이 맛있어요_
1340584191,반짝반짝8418,🌸양지순두부짬뽕240🌸신라면리조또95🌸오마카세5종야키토140🌸소주504병🌸맥주502병퇴근길늦은새벽시간에도매번이매장에만불이밝혀있어가보고싶었던집전북대술집파쿠야인기있는이유가있네요신라면리조또가너모너모맛나요맛있게잘먹었습니다반창하세요,2025년 10월 1일 수요일,음식이 맛있어요_기본 안주가 좋아요_술이 다양해요_인테리어가 멋져요_친절해요_
1340584191,리뷰의여왕M,힙한이자카야,2025년 6월 28일 토요일,인테리어가 멋져요_
1340584191,cle****,일본애니인테리어진열된술병오마카세꼬치동그랗고커다란포장용기원래포장이가능한지몰라전화하고갔었어요.닭꼬치전용용기는아닌듯했는데잘포장해와서맛있게먹었습니다.파쿠야전주점후기!^^#파쿠야#파쿠야전주점#전북대맛집#전북대일식#전북대이자카야,2025년 5월 28일 수요일,음식이 맛있어요_특별한 메뉴가 있어요_건강한 맛이에요_술이 다양해요_인테리어가 멋져요_
1340584191,전국궁그미,📍위치:전주종합경기장맞은편건물1층📍안주종류도많고다양하고양도많아가성비와맛둘다있는곳!계속생각나는맛집📍살짝어두운조도가매력적이고닷지테이블과다다미테이블로되어있어일본현지분위기물씬느낄수있는곳📍독특하게와인도판매중이라글라스로도즐길수있고메뉴들이전부맛있어서또가고싶은곳,2025년 5월 9일 금요일,인테리어가 멋져요_매장이 넓어요_음식이 맛있어요_특별한 메뉴가 있어요_가성비가 좋아요_
1340584191,지혜599,상큼한타르타르소스와바삭한치킨난바바닥까지싹싹긁어먹은추천메뉴에요!!매생이조랭이떡닭다리살들어간담백하고구수한매생이닭백숙기본으로먹다가다대기넣어칼칼하게먹어도맛있었어요🤤,2025년 4월 23일 수요일,음식이 맛있어요_특별한 메뉴가 있어요_
1340584191,욜로제씨,데이트맛집이네요👍🏻다찌자리다다미테이블이일본에와있는거같고치킨난바랑양지순두부짬뽕먹었는데안주도넘맛있네요~새벽4시까지영업하니늦은시간까지도마실수있으니더욱좋네요~^^,2025년 3월 13일 목요일,인테리어가 멋져요_음악이 좋아요_음식이 맛있어요_술이 다양해요_특별한 메뉴가 있어요_
1163302976,seo****,매콤달콤너무맛있어요전북대유일무이닭볶음탕맛집축구보면서맛있게먹었습니다~,2026년 6월 12일 금요일,음식이 맛있어요_재료가 신선해요_양이 많아요_인테리어가 멋져요_매장이 넓어요_
1163302976,rna****,매콤달콤너무맛있어요전북대유일무이닭볶음탕맛집축구보면서맛있게먹었습니다~,2026년 6월 11일 목요일,음식이 맛있어요_재료가 신선해요_양이 많아요_특별한 메뉴가 있어요_혼밥하기 좋아요_
1163302976,시 원39,n번째방문합니다.정말맛있어요!!외국인친구들도소개해주려고데려왔어요!!아주맛있대요,2026년 6월 11일 목요일,음식이 맛있어요_
1163302976,와와우00,너무너무맛있어요!!북대최고맛집!!묵참진짜맛있어요,2026년 6월 11일 목요일,음식이 맛있어요_재료가 신선해요_특별한 메뉴가 있어요_인테리어가 멋져요_
1163302976,마윤민,전북대닭도리탕1등맛집이에요!!메뉴다맛있고직원분들도너무친절하세요!!,2026년 6월 11일 목요일,음식이 맛있어요_재료가 신선해요_양이 많아요_특별한 메뉴가 있어요_매장이 넓어요_
1163302976,noh****,전에먹었는데자꾸생각나서또왔어요!진짜완전찐맛집!!!직원분들도너무친절하세용,2026년 6월 11일 목요일,음식이 맛있어요_재료가 신선해요_양이 많아요_친절해요_매장이 청결해요_
1163302976,gks****,너무맛있어요!!!,2026년 6월 11일 목요일,음식이 맛있어요_양이 많아요_인테리어가 멋져요_
1163302976,rla****,직원분들이친절하시고너무맛잇어요~~~!!,2026년 6월 11일 목요일,음식이 맛있어요_양이 많아요_인테리어가 멋져요_매장이 넓어요_친절해요_
1163302976,342****,너무너무너무너무~맛있어서자주자주자주오게되는것같아요~모든사람이알아야하는곳!!,2026년 6월 11일 목요일,음식이 맛있어요_고기 질이 좋아요_매장이 넓어요_
1163302976,홍블리러블리,진짜인생맛집이네요넘맛있어요다음에또올게요~!!!,2026년 6월 11일 목요일,음식이 맛있어요_양이 많아요_가성비가 좋아요_매장이 넓어요_친절해요_
1163302976,aaaaaaaaaaaa08,진짜인생맛집이네요넘맛있어요다음에또올게요~!!!,2026년 6월 10일 수요일,음식이 맛있어요_재료가 신선해요_양이 많아요_
1163302976,ryy****,직원분들친절하고맛있었어요!N번째방문입니당,2026년 6월 10일 수요일,음식이 맛있어요_재료가 신선해요_매장이 청결해요_친절해요_화장실이 깨끗해요_
1163302976,InFox,너무맛있고묵참말이랑계란말이꼭같이드세용,2026년 6월 10일 수요일,음식이 맛있어요_메뉴 구성이 알차요_친절해요_매장이 청결해요_
1163302976,최은혁19,너무맛있어요담에또올게요,2026년 6월 10일 수요일,양이 많아요_음식이 맛있어요_
1163302976,tjs****,평일점심에도사람많아요!눈도즐겁고입도즐거운음식이라기억에오래남아요.밥먹을겸술자리로도손색없어요.완전추천합니다.,2026년 6월 10일 수요일,양이 많아요_특별한 메뉴가 있어요_가성비가 좋아요_매장이 넓어요_친절해요_
1163302976,ㅎㅅ1088,닭볶음탕맛집이라해서왔어요!!!콩나물도많이주시고국물도많아서맛있어용~~다음에또올게요!!,2026년 6월 9일 화요일,음식이 맛있어요_특별한 메뉴가 있어요_매장이 넓어요_
1163302976,skd****,나만의또간집이에요올때마다맛있게먹고갑니다,2026년 6월 9일 화요일,음식이 맛있어요_양이 많아요_인테리어가 멋져요_
1163302976,kwon4401,나만의또간집이에요올때마다맛있게먹고갑니다,2026년 6월 9일 화요일,음식이 맛있어요_재료가 신선해요_
1163302976,성수960,양도많고정말맛있습니다음식이일찍나와서좋네요,2026년 6월 9일 화요일,음식이 맛있어요_재료가 신선해요_양이 많아요_
1163302976,MJ5388,완죤맛잇어요저들어오고대기생겼어요ㅎㅎ구성알차고푸짐해요ㅜㅠ,2026년 6월 9일 화요일,음식이 맛있어요_양이 많아요_메뉴 구성이 알차요_
1163302976,wj****,계도리셋트로먹었는데사이드메뉴들도다맛있구콩나물가득계도리탕도시원깔끔해서넘맛있었어요!완전소주안쥬~~!넘행복하고마싯는저녁이었습니다!매장도시원해서좋았어요,2026년 6월 9일 화요일,음식이 맛있어요_양이 많아요_특별한 메뉴가 있어요_매장이 넓어요_단체모임 하기 좋아요_
1163302976,PSEK,너무맛있게잘먹었습니다.감사합니다.,2026년 6월 9일 화요일,음식이 맛있어요_재료가 신선해요_양이 많아요_인테리어가 멋져요_매장이 넓어요_
1163302976,KHY2,꼭세트로드세요.뭐하나빼놓치않고꼭드셔야해요!너무맛있고계도리랑대도리랑모두먹어봤는데둘다다른느낌으로맛있어요!또방문할게요:),2026년 6월 9일 화요일,음식이 맛있어요_양이 많아요_특별한 메뉴가 있어요_매장이 넓어요_매장이 청결해요_
1163302976,다예55,진짜맛있어요전주놀러와서가봣는데또놀러온다면올거같아요닭도리탕맵기도고를수있고반마리시켰는데도양이많아요🩵🩵🩵🩵🩵,2026년 6월 9일 화요일,음식이 맛있어요_
1163302976,qwe****,너므너므맛있고자에공또간집이에요~~!!,2026년 6월 9일 화요일,음식이 맛있어요_인테리어가 멋져요_친절해요_
1163302976,젤링89,정말맛있어요!다음에또올게요!!,2026년 6월 8일 월요일,음식이 맛있어요_재료가 신선해요_양이 많아요_특별한 메뉴가 있어요_
1163302976,나민하,정말맛있게먹었습니다다음에또오고싶어요,2026년 6월 8일 월요일,음식이 맛있어요_특별한 메뉴가 있어요_친절해요_매장이 청결해요_
1163302976,공민경79,처음와봤는데친절하게응대해주시구음식도빨리나와서좋았습니다!닭볶음탕도맛있게먹었습니다완전추천합니다~!~!,2026년 6월 8일 월요일,음식이 맛있어요_단체모임 하기 좋아요_대화하기 좋아요_친절해요_
1163302976,노은72,양도많고맛있어요!!,2026년 6월 8일 월요일,음식이 맛있어요_재료가 신선해요_기본 안주가 좋아요_
1163302976,하이5971,직원분이친절하고맛있오요~~,2026년 6월 8일 월요일,음식이 맛있어요_인테리어가 멋져요_친절해요_
1163302976,폼폼푸린대장,너무맛있었습니다처음와봤는데앞으로닭도리탕생각날때마다오겠습니다!!!🤩🤩🤩,2026년 6월 8일 월요일,재료가 신선해요_양이 많아요_음식이 맛있어요_특별한 메뉴가 있어요_
1163302976,큐티빠띠섹시나래,닭볶음탕이랑묵참말이너무너무잘어울리고맛잇아요..계란말이도부드럽구다음에또올게영,2026년 6월 8일 월요일,음식이 맛있어요_양이 많아요_
1163302976,tps****,너무맛있어요계도리막걸리필수짱,2026년 6월 8일 월요일,음식이 맛있어요_
1163302976,율곤듀,너무맛있어요🙂👍👍,2026년 6월 7일 일요일,음식이 맛있어요_
1163302976,boo****,묵은지참치말이계도리탕세트추천해요!첫방문인데손님많고계도리탕이진짜맛있어요,2026년 6월 7일 일요일,음식이 맛있어요_재료가 신선해요_특별한 메뉴가 있어요_매장이 넓어요_친절해요_
1163302976,꾹꾹꾸기,전주출장마지막날전북대근처맛집을찾다가발견한집.일요일6시쯤방문하니이미만석이더라구요.딱마침자리가나서입장은바로할수있었습니다.닭볶음탕집에흔히있는볶음밥말고묵은지참치말이가있다는게신선했습니다.또한계도리막걸리는요거트맛이나서더운날씨에한잔하기좋더라구요.직원분들도너무친절하시고맛가성비다좋아추천합니다.,2026년 6월 7일 일요일,음식이 맛있어요_재료가 신선해요_특별한 메뉴가 있어요_가성비가 좋아요_친절해요_
1163302976,baran63,두번째방문입니당말해모해~~존맛탱,2026년 6월 7일 일요일,음식이 맛있어요_재료가 신선해요_양이 많아요_
1163302976,방전티비,진짜정말맛있어용양도많고전북대맛집하면역시계도리굿굿,2026년 6월 7일 일요일,음식이 맛있어요_재료가 신선해요_양이 많아요_매장이 넓어요_단체모임 하기 좋아요_
1163302976,rla****,올때마다항상맛있어요👍👍오늘은1등도착,2026년 6월 7일 일요일,음식이 맛있어요_건강한 맛이에요_
1163302976,도맛,닭볶음탕은계도리가젤맛있는거같아요!그리구사장님께서너무친절하신거같아요!!!,2026년 6월 7일 일요일,음식이 맛있어요_매장이 넓어요_친절해요_
1163302976,헤헤헤헤헤헤,맛있어요!!한식먹고싶을때마다오는제구정문맛집이예요,2026년 6월 7일 일요일,음식이 맛있어요_양이 많아요_가성비가 좋아요_메뉴 구성이 알차요_친절해요_
1163302976,hyu****,오랜만에왔더니너무맛있어요!묵참진짜2개시켜서먹어야합니다!!,2026년 6월 7일 일요일,음식이 맛있어요_재료가 신선해요_양이 많아요_매장이 넓어요_
1163302976,금복배,계도리세트너무맛있어요……묵참말이랑계란말이다음에여행오면또오고싶어요,2026년 6월 7일 일요일,음식이 맛있어요_가성비가 좋아요_기본 안주가 좋아요_메뉴 구성이 알차요_친절해요_
1163302976,푸후우,칼칼하고너무맛있어요!양도많고정말맛있게잘먹고갑니다!!묵은지참치말이&라면사리필수!!,2026년 6월 6일 토요일,음식이 맛있어요_양이 많아요_특별한 메뉴가 있어요_가성비가 좋아요_인테리어가 멋져요_
1163302976,곰고미봉,웨이팅해서먹었어요굿,2026년 6월 6일 토요일,음식이 맛있어요_재료가 신선해요_
1163302976,정밍정밍,진짜맛있어요저녁엔웨이팅있던데주말점심에왔는데웨이팅없었어요항상직원분들도친절하고양도많아요추천합니다~,2026년 6월 6일 토요일,음식이 맛있어요_특별한 메뉴가 있어요_매장이 넓어요_단체모임 하기 좋아요_
1163302976,미ㄴ이,내장소에도저장되어있는계도리🫶🏻반마리세트도생겨서부담없이먹기좋아요!오늘도맛있게먹고갑니다~,2026년 6월 6일 토요일,음식이 맛있어요_특별한 메뉴가 있어요_친절해요_
1163302976,송서희84,묵은지참치말이계란말이맛있어요분위기가좋아요,2026년 6월 6일 토요일,음식이 맛있어요_재료가 신선해요_메뉴 구성이 알차요_인테리어가 멋져요_
1163302976,규JIN,너무친절하시고너무맛나요!!!!당면사리필수!!!🤍,2026년 6월 6일 토요일,음식이 맛있어요_재료가 신선해요_양이 많아요_특별한 메뉴가 있어요_
1163302976,냉정과열정사이91,계도리탕에우동사리넘맛있구요계란말이는세트에서나왔는데추가로또주문할만큼간도딱식감도부들부들이였습니다묵은지참치말이밥도넘맛있어서초딩고딩도좋아하네요많이맵지않고콩나물식감에강추입니다,2026년 6월 6일 토요일,음식이 맛있어요_재료가 신선해요_양이 많아요_특별한 메뉴가 있어요_
1163302976,빈3683,매콤하고맛있어요묵은지참치말이꼭시켜야됨,2026년 6월 6일 토요일,음식이 맛있어요_양이 많아요_친절해요_
1163302976,망고1363,오랜만에계도리생각나서왔어요!!역시달큰한국물맛은계도리를따라올수없어요ㅎㅎ양도푸짐하고밥도무료라정말조아요옹,2026년 6월 6일 토요일,음식이 맛있어요_매장이 넓어요_인테리어가 멋져요_
1163302976,유현규404,양도많고맛있어요전주추천맛집!,2026년 6월 6일 토요일,음식이 맛있어요_양이 많아요_재료가 신선해요_특별한 메뉴가 있어요_
1163302976,떡볶이러버,맛있어요~~~!묵참은다들꼭시키세요~~!,2026년 6월 6일 토요일,음식이 맛있어요_
1163302976,dmsk6954,계도리이름은자주들어봤는데오늘처음으로방문했어요!내부인테리어도너무마음에들고우선물이맹물이아니라보리차라서좋았어요ㅋㅋㅋㅋㅋ닭도리탕안좋아하는데오늘너무맛있게잘먹었습니다!,2026년 6월 5일 금요일,음식이 맛있어요_양이 많아요_가성비가 좋아요_음식이 빨리 나와요_좌석이 편해요_
1163302976,꿈꾸는아이12,맛있어요~,2026년 6월 5일 금요일,음식이 맛있어요_재료가 신선해요_
1163302976,훽까닥,맛있게잘먹었습니다.^^양도많네요,2026년 6월 5일 금요일,특별한 메뉴가 있어요_양이 많아요_재료가 신선해요_음식이 맛있어요_가성비가 좋아요_
1163302976,감자튀김의효능,맛집이라는후기가많아서가족들이랑왔는데진짜맛있고직원분들너무친절하셔요!다음에또방문하고싶습니다,2026년 6월 5일 금요일,음식이 맛있어요_양이 많아요_특별한 메뉴가 있어요_가성비가 좋아요_
1163302976,별이조ㅇr,너무너무맛있어여묵은지참치말이완젼강추!!,2026년 6월 5일 금요일,음식이 맛있어요_재료가 신선해요_특별한 메뉴가 있어요_기본 안주가 좋아요_
1163302976,apcvb7,묵참말이계란말이꼭같이세트로시키세요!!또오고싶어서전주또올거같아요..💗💗,2026년 6월 5일 금요일,음식이 맛있어요_매장이 넓어요_친절해요_
1163302976,513****,계도리탕너무맛있어요!!,2026년 6월 5일 금요일,음식이 맛있어요_재료가 신선해요_양이 많아요_특별한 메뉴가 있어요_매장이 넓어요_
1163302976,니나노낭,n번째자주오는맛집이에요!!!음식도맛있는데직원분들이넘넘친절하셔요짱!,2026년 6월 4일 목요일,음식이 맛있어요_양이 많아요_메뉴 구성이 알차요_친절해요_
1163302976,자유자유자유자유,처음방문했는데맛있어요사람도많네요~,2026년 6월 4일 목요일,음식이 맛있어요_가성비가 좋아요_단체모임 하기 좋아요_
1163302976,셩6661,너무맛있어요!계도리탕이랑묵은지참치김밥강추입니다!!!,2026년 6월 4일 목요일,음식이 맛있어요_친절해요_
1163302976,별이랑평생살래그냥,맛있어요!!,2026년 6월 4일 목요일,음식이 맛있어요_재료가 신선해요_양이 많아요_특별한 메뉴가 있어요_가성비가 좋아요_
1163302976,채윤73,맛있구양도많아요!!!,2026년 6월 4일 목요일,음식이 맛있어요_매장이 넓어요_
1163302976,하이헬루134,계도리탕은계도리!!전주에서제일맛있는집입니다!맛집이에요!!정말맛있고양도많아요!,2026년 6월 3일 수요일,음식이 맛있어요_재료가 신선해요_양이 많아요_특별한 메뉴가 있어요_
1163302976,아스나74,고기가아주맛있고직원분들이아주친절해요,2026년 6월 3일 수요일,음식이 맛있어요_
1163302976,형가희,오픈시간맞춰왔는데세트시키니반마리도둘이먹기충분하고맛도좋네요!!묵참말이랑계란말이도맛있어요ㅎㅎ,2026년 6월 3일 수요일,음식이 맛있어요_재료가 신선해요_양이 많아요_특별한 메뉴가 있어요_
1163302976,jwj****,계도라최고올때마다폭식하고갑니다~,2026년 6월 3일 수요일,음식이 맛있어요_재료가 신선해요_
1163302976,che****,묵은지참치말이넘맛있어요!!!💗💗💗,2026년 6월 3일 수요일,음식이 맛있어요_메뉴 구성이 알차요_특별한 메뉴가 있어요_
1163302976,thd****,엄청맛있어요~,2026년 6월 3일 수요일,음식이 맛있어요_양이 많아요_특별한 메뉴가 있어요_매장이 넓어요_친절해요_
1163302976,123****,엄청맛있어요~,2026년 6월 3일 수요일,음식이 맛있어요_인테리어가 멋져요_친절해요_
1163302976,몽얀,국물이진하고닭다리살이야들야들맛있어요묵은지참치와계란말이도너무맛있습니다남편과감탄하면서먹었어요다시오고싶은맛집입니다^^,2026년 6월 3일 수요일,음식이 맛있어요_재료가 신선해요_양이 많아요_가성비가 좋아요_
1163302976,Taerr,사장님이너무친절하시고음식도너무맛있어서주기적으로오게됩니다~~!!오늘도너무맛있게잘먹었습니다!묵은지참치말이는꼭드세요!!!,2026년 6월 3일 수요일,음식이 맛있어요_재료가 신선해요_양이 많아요_고기 질이 좋아요_친절해요_
1163302976,cj****,깻잎향이항긋하고양도많고맛잇어요물도보리차라좋은듯!!잘먹고갑니다,2026년 6월 3일 수요일,음식이 맛있어요_재료가 신선해요_양이 많아요_인테리어가 멋져요_친절해요_
1163302976,별명8015,대도리탕처음먹어보는데너무맛있어요!!!👍🏻👍🏻👍🏻👍🏻,2026년 6월 2일 화요일,음식이 맛있어요_재료가 신선해요_매장이 넓어요_친절해요_매장이 청결해요_
1163302976,꿀토실,유명해서방문했어요!역시나명성답게푸짐하고맛있어요🥹👍❤️,2026년 6월 2일 화요일,특별한 메뉴가 있어요_
1163302976,Sunpeach,너무맛있어요!!!양도많고직원분들도다친절하세요!!주기적으로꼭와줘야합니다!!🤩🤩,2026년 6월 2일 화요일,음식이 맛있어요_재료가 신선해요_양이 많아요_친절해요_매장이 청결해요_
1163302976,jac****,양도많고맛있어요!!!!!술마시기도좋고밥만먹기도괜찮아요!첫방문인데조만간또올것같습니당~~강강강추드랴영👍👍👍🫶🫶,2026년 6월 2일 화요일,음식이 맛있어요_양이 많아요_특별한 메뉴가 있어요_매장이 넓어요_
1163302976,goo****,맛있어요^^담에또올거예요^^,2026년 6월 2일 화요일,음식이 맛있어요_
1163302976,bb****,전북대앞에닭도리탕은여기로옵니다~~6시이후에는웨이팅있어요!맛있어요오🫠,2026년 6월 2일 화요일,음식이 맛있어요_매장이 넓어요_
1163302976,한마리의떠다니는연어,아오늘도출석했습니다…항상조모임이나밥약있으면무조건여기추천하는데항상좋은리뷰만나오네요ㅎㅎ사장님도너무친절하시구계란말이개맛있어요,2026년 6월 2일 화요일,음식이 맛있어요_재료가 신선해요_양이 많아요_특별한 메뉴가 있어요_친절해요_
1163302976,정설필라프,맛있어용~~~~!,2026년 6월 2일 화요일,음식이 맛있어요_재료가 신선해요_인테리어가 멋져요_
1163302976,kjs****,계도리맛도리너무맛있었어요~~~,2026년 6월 2일 화요일,음식이 맛있어요_재료가 신선해요_인테리어가 멋져요_
1163302976,얍113,두번째방문계도리탕세트메뉴(묵은치참치말이+계란말이)계란말이포글포글부들부들따뜻하고맛잇어요묵참듀좐맛계도리탕은신라면맵기에요!맛있음!!!!!!!!!,2026년 6월 2일 화요일,음식이 맛있어요_메뉴 구성이 알차요_매장이 청결해요_
1163302976,mancherster,너무맛있어요또오고싶어요!!,2026년 6월 1일 월요일,가성비가 좋아요_
1163302976,wht****,너무맛있어요또오고싶어요!!,2026년 6월 1일 월요일,음식이 맛있어요_양이 많아요_기본 안주가 좋아요_매장이 넓어요_
1163302976,KH1865,너무맛있어요또오고싶어요!!,2026년 6월 1일 월요일,음식이 맛있어요_매장이 넓어요_친절해요_매장이 청결해요_
1163302976,호두생성,전북대에서닭볶음탕먹으러는계도리만오는것같아여특히묵은지참치말이가진짜맛있숩니다👍,2026년 6월 1일 월요일,음식이 맛있어요_재료가 신선해요_단체모임 하기 좋아요_친절해요_매장이 청결해요_
1163302976,민이666,늘맛있게먹는계도리입니다!,2026년 6월 1일 월요일,음식이 맛있어요_특별한 메뉴가 있어요_인테리어가 멋져요_매장이 넓어요_단체모임 하기 좋아요_
1163302976,ari****,맛있어욤bbb,2026년 6월 1일 월요일,음식이 맛있어요_재료가 신선해요_양이 많아요_
1163302976,skfnxh804,너무너무맛있어요!!!리모델링전에와보고그후로는처음왔는데더맛있어진거같아요!!!!!다음에또올게용~🤍❤️🤍🤤,2026년 6월 1일 월요일,음식이 맛있어요_재료가 신선해요_인테리어가 멋져요_매장이 넓어요_친절해요_
1163302976,wjelfjdjfbeiepa,직원분들이너무친절하시고음식도개맛있어요ㅠ또올게요,2026년 5월 31일 일요일,음식이 맛있어요_양이 많아요_친절해요_매장이 넓어요_
1163302976,aco****,​전주닭볶음탕맛집이래서가봤는데진짜대만족입니다!양념매콤달달하니고기도부드럽고정말맛있어요.그리고여기가시면사이드로'묵은지참치말이'꼭시키셔야합니다!아삭하고고소해서그냥먹어도맛있고닭볶음탕국물에찍어먹으면환상이에요.양도푸짐하고친절하셔서무조건재방문할예정입니다.강추해요!,2026년 5월 31일 일요일,음식이 맛있어요_재료가 신선해요_양이 많아요_
1163302976,1232998,직원분들이친절하시고맛이전체적으로깔끔하네요묵은지참치말이는꼭드세요!!,2026년 5월 31일 일요일,특별한 메뉴가 있어요_매장이 청결해요_친절해요_
1163302976,rhd****,계도리너무맛있어요ㅠㅠ계란말이도묵은지참치말이도!!!!!!!!당면추가는필수입니당…ㅎ앞으로도번창하세요~!!🥰♥️,2026년 5월 31일 일요일,음식이 맛있어요_재료가 신선해요_특별한 메뉴가 있어요_양이 많아요_단체모임 하기 좋아요_
1163302976,kim****,항상가면직원분들이너무친절했어요그리고음식이너무맛있어요강추합니다👍👍👍👍🤚🤚,2026년 5월 31일 일요일,음식이 맛있어요_메뉴 구성이 알차요_가성비가 좋아요_친절해요_매장이 청결해요_
1163302976,산래,너무맛있고세트가진짜야무져요세메뉴의조합이최고입니다,2026년 5월 31일 일요일,음식이 맛있어요_양이 많아요_
1163302976,완소그대71,맛집이라고해서왔어요!!친절하고매장도깔끔해요맛있어요~,2026년 5월 31일 일요일,재료가 신선해요_양이 많아요_음식이 맛있어요_친절해요_매장이 청결해요_
1598840565,yong7861,맛있어용,2026년 6월 11일 목요일,디저트가 맛있어요_
1598840565,sus****,지인과왔는데분위기좋고수박열대과일정말맛끝내주네요ㅎㅎ,2026년 6월 11일 목요일,친절해요_매장이 청결해요_화장실이 깨끗해요_대화하기 좋아요_인테리어가 멋져요_
1598840565,안녕하세요1182,맛있고직원분이친절해요!!ㅎㅎ,2026년 6월 11일 목요일,디저트가 맛있어요_음료가 맛있어요_특별한 메뉴가 있어요_사진이 잘 나와요_대화하기 좋아요_
1598840565,유자매아빠82,런닝하고먹는대설맛나요ㅋㅋ,2026년 6월 10일 수요일,디저트가 맛있어요_특별한 메뉴가 있어요_가성비가 좋아요_메뉴 구성이 알차요_양이 많아요_
1598840565,nnn****,#전주카페#전북대카페#전북대맛집빙수가넘맛있고매장이시원해서좋아요ㅎㅎ,2026년 6월 10일 수요일,가성비가 좋아요_매장이 넓어요_
1598840565,ssz****,너무맛잇어요!!,2026년 6월 10일 수요일,디저트가 맛있어요_
1598840565,bol****,수박빙수맛있어요과일도맛있습니다,2026년 6월 10일 수요일,디저트가 맛있어요_인테리어가 멋져요_친절해요_
1598840565,nam****,양도짱많고넘맛있어용!!,2026년 6월 9일 화요일,디저트가 맛있어요_매장이 청결해요_
1598840565,lcy****,빙수맛집대설야르!!!,2026년 6월 8일 월요일,커피가 맛있어요_디저트가 맛있어요_음료가 맛있어요_
1598840565,율ㄹ류,돼지바컵빙맛있어용ㅎㅎ🐷🐽,2026년 6월 8일 월요일,디저트가 맛있어요_가성비가 좋아요_
1598840565,나는야방랑가,자몽이진짜말안되게맛있어요!!다른메뉴도대박!!너무잘먹어요항상!!,2026년 6월 7일 일요일,디저트가 맛있어요_
1598840565,ejd****,자몽이진짜말안되게맛있어요!!다른메뉴도대박!!너무잘먹어요항상!!,2026년 6월 7일 일요일,디저트가 맛있어요_
1598840565,소공녀52,너무맛있네요신메뉴대박ㅎㅎ,2026년 6월 7일 일요일,디저트가 맛있어요_특별한 메뉴가 있어요_가성비가 좋아요_
1598840565,하지773,#전주카페#전북대카페#전북대맛집대학로한복판에있고매장이넓어서다같이방문하기좋습니다!빙수도양이많고가격이착해서가성비가좋아요!,2026년 6월 6일 토요일,디저트가 맛있어요_특별한 메뉴가 있어요_가성비가 좋아요_단체모임 하기 좋아요_매장이 넓어요_
1598840565,ewa****,빙수는역시대설이죠!!벵수도맛있고다른디저트도맛있어요!편안한분위기에서즐거운시간보내고갑니다,2026년 6월 6일 토요일,디저트가 맛있어요_음료가 맛있어요_주문제작을 잘해줘요_사진이 잘 나와요_음식이 빨리 나와요_
1598840565,wjd****,맛있게먹었어요,2026년 6월 6일 토요일,커피가 맛있어요_음료가 맛있어요_종류가 다양해요_인테리어가 멋져요_대화하기 좋아요_
1598840565,psu****,사장님여기처음으로방문하는데요빙수너무맛있어요다음애도방문할깨요,2026년 6월 6일 토요일,커피가 맛있어요_디저트가 맛있어요_음료가 맛있어요_인테리어가 멋져요_사진이 잘 나와요_
1598840565,도도맘5363,올해첫빙수너무맛있어용~,2026년 6월 6일 토요일,디저트가 맛있어요_대화하기 좋아요_친절해요_
1598840565,아린맘96,무더운여름에시원하게먹고갑니다~,2026년 6월 6일 토요일,가성비가 좋아요_디저트가 맛있어요_인테리어가 멋져요_매장이 청결해요_화장실이 깨끗해요_
1598840565,드리머281,디저트도맛있고인테리어도이쁘네요,2026년 6월 6일 토요일,디저트가 맛있어요_인테리어가 멋져요_
1598840565,실버현정,가족들과시원한빙수맛있게잘먹을게요~👍,2026년 6월 6일 토요일,특별한 메뉴가 있어요_인테리어가 멋져요_아이와 가기 좋아요_
1598840565,hon****,달고너무맛있습니당여름을잘헤쳐나갈수있을것같아요,2026년 6월 6일 토요일,매장이 넓어요_디저트가 맛있어요_
1598840565,태권V46,맛있어요~~~~~~~,2026년 6월 5일 금요일,디저트가 맛있어요_
1598840565,손미르,너무맛있게먹었어요~~,2026년 6월 5일 금요일,디저트가 맛있어요_음료가 맛있어요_특별한 메뉴가 있어요_가성비가 좋아요_친절해요_
1598840565,콩콩이파덜,가족과전주여행왔다가우연히들리게되었어요.주변분위기도좋고빙수맛도좋아서오늘하루우리가족모든행복한하루가됐습니다.,2026년 6월 3일 수요일,디저트가 맛있어요_가성비가 좋아요_종류가 다양해요_특별한 날 가기 좋아요_아이와 가기 좋아요_
1598840565,rhd****,양많고맛있어요!!자주시켜먹어요~,2026년 6월 3일 수요일,디저트가 맛있어요_특별한 메뉴가 있어요_가성비가 좋아요_인테리어가 멋져요_대화하기 좋아요_
1598840565,jhs0833,양많고맛있어요!!자주시켜먹어요~,2026년 6월 3일 수요일,디저트가 맛있어요_특별한 메뉴가 있어요_양이 많아요_음료가 맛있어요_친절해요_
1598840565,정태경11,맛있을거같아요컵빙수도있어서넘좋아요~,2026년 6월 3일 수요일,디저트가 맛있어요_음료가 맛있어요_특별한 메뉴가 있어요_
1598840565,아아아아아아아24,빙수가너무예쁘고과일도너무맛있어요!토퍼도사진찍기너무좋네요,2026년 6월 3일 수요일,디저트가 맛있어요_인테리어가 멋져요_사진이 잘 나와요_매장이 청결해요_친절해요_
1598840565,아쨩44,빙수위에수박망고용과있고밑에는수박시럽만들어있어요~시럽많이없는부분은안달아서맛있는데맨밑은좀많이달았어요~근데전주에서만먹을수있어서맛있게먹고갑니당~,2026년 6월 3일 수요일,단체모임 하기 좋아요_인테리어가 멋져요_매장이 청결해요_화장실이 깨끗해요_
1598840565,xr****,처음와봤는데양도많고맛있었어요다음에는다른메뉴먹고싶어요,2026년 6월 3일 수요일,디저트가 맛있어요_가성비가 좋아요_양이 많아요_인테리어가 멋져요_친절해요_
1598840565,yoo****,너무맛있고재방문할예정입니다,2026년 6월 3일 수요일,커피가 맛있어요_디저트가 맛있어요_음료가 맛있어요_인테리어가 멋져요_대화하기 좋아요_
1598840565,사막햄스터,매장도넓고깨끗해서좋습니다!양도많고자주먹으러오게됩니다ㅎㅎ직원분도친절해요!또오겠습니다~~,2026년 6월 2일 화요일,디저트가 맛있어요_가성비가 좋아요_특별한 메뉴가 있어요_단체모임 하기 좋아요_친절해요_
1598840565,kyu****,양도많고떡볶이도신전떡볶이맛나서맛잇어요!,2026년 6월 2일 화요일,가성비가 좋아요_단체모임 하기 좋아요_매장이 넓어요_
1598840565,jun****,맛있어요!,2026년 6월 2일 화요일,디저트가 맛있어요_음료가 맛있어요_
1598840565,kil****,맛이ㅛ어요ㅎㅎ너무즇네요ㅎㅎ,2026년 6월 2일 화요일,커피가 맛있어요_음료가 맛있어요_
1598840565,애리057,올여름처음먹은빙수달콤시원상콤맛있대설♡,2026년 6월 1일 월요일,가성비가 좋아요_음식이 맛있어요_대화하기 좋아요_친절해요_음식이 빨리 나와요_
1598840565,므므a,오늘도돼지바대설!날이뜨거워져서바로빙수생각나길래달려왔어요ㅋㅋㅋ마침1일이라할인된가격으로맛있게먹고갑니다!,2026년 6월 1일 월요일,디저트가 맛있어요_가성비가 좋아요_양이 많아요_종류가 다양해요_좌석이 편해요_
1598840565,도도81,여행온김에검색해서왓어요맛도잇고애들도좋아하네요그리고대학생들의기받아갑니당,2026년 6월 1일 월요일,디저트가 맛있어요_음료가 맛있어요_인테리어가 멋져요_사진이 잘 나와요_
1598840565,iyi****,너무맛이고양이많아요~다음에또올게요!,2026년 5월 31일 일요일,디저트가 맛있어요_음료가 맛있어요_특별한 메뉴가 있어요_
1598840565,kkkkkk24,매장이넓고쾌적해서좋아요빙수도엄청빨리나오고마싯음!!!!!!!!,2026년 5월 30일 토요일,디저트가 맛있어요_
1598840565,yong7861,맛있어요,2026년 5월 30일 토요일,디저트가 맛있어요_
1598840565,oth****,인절미팥빙수맛있어요~,2026년 5월 30일 토요일,화장실이 깨끗해요_가성비가 좋아요_매장이 넓어요_
1598840565,홍삼2018,맛있고친절하세요,2026년 5월 30일 토요일,디저트가 맛있어요_특별한 메뉴가 있어요_대화하기 좋아요_매장이 청결해요_
1598840565,하루꼬몽,여름엔빙수죠~~~과일빙수천국이라너무너무좋아요~~~!!!!강추합니다!!!!!!,2026년 5월 30일 토요일,커피가 맛있어요_디저트가 맛있어요_음료가 맛있어요_특별한 메뉴가 있어요_
1598840565,노래의 날개38,빙수는역시대설!이최고에요!!!마스카포네망고돼지바빙수너무너무맛있어요.,2026년 5월 30일 토요일,음식이 맛있어요_양이 많아요_주문제작을 잘해줘요_메뉴 구성이 알차요_
1598840565,jje****,맛있어요,2026년 5월 30일 토요일,커피가 맛있어요_
1598840565,94****,맛있어요,2026년 5월 30일 토요일,디저트가 맛있어요_
1598840565,123****,항상애용하는대설오늘도맛있게먹고있네요ㅎㅎ오늘은요거딸바대설인데요12000원정도의가격인데요거트와딸기의새콤함과바나나의달달함이어우러져오늘도맛있게잘먹고있습니다감사합니다!!,2026년 5월 29일 금요일,가성비가 좋아요_디저트가 맛있어요_양이 많아요_대화하기 좋아요_파티하기 좋아요_
1598840565,mjk0862,양이많고매장이넓어서좋아요늦게까지해서좋아요,2026년 5월 29일 금요일,디저트가 맛있어요_커피가 맛있어요_특별한 메뉴가 있어요_
2088731895,sek****,잘먹었습니다~가게분위기도좋고직원분들도친절해요^^,2026년 6월 12일 금요일,음식이 맛있어요_재료가 신선해요_특별한 메뉴가 있어요_인테리어가 멋져요_단체모임 하기 좋아요_
2088731895,kos****,:,2026년 6월 12일 금요일,음식이 맛있어요_
2088731895,ekd****,국물이녹진하고얼큰해서맛있어요!다른메뉴도먹어보고싶게하는가게입니다.,2026년 6월 11일 목요일,음식이 맛있어요_재료가 신선해요_특별한 메뉴가 있어요_인테리어가 멋져요_혼밥하기 좋아요_
2088731895,yxzxxwon,진짜맛있습니다야무지게먹고갑니다,2026년 6월 11일 목요일,음식이 맛있어요_양이 많아요_혼밥하기 좋아요_
2088731895,히응히우,너무맛있어여,2026년 6월 10일 수요일,음식이 맛있어요_재료가 신선해요_양이 많아요_특별한 메뉴가 있어요_가성비가 좋아요_
2088731895,아신공주,맛있어용~♡♡,2026년 6월 10일 수요일,음식이 맛있어요_재료가 신선해요_양이 많아요_
2088731895,바오밥48,설렁탕이너무땡겨서들어왔는데제가딱찾던맛너뮤섹시하네효…24시간이라서더조은듯밤에도먹으러올게요😍,2026년 6월 10일 수요일,음식이 맛있어요_재료가 신선해요_혼밥하기 좋아요_매장이 청결해요_친절해요_
2088731895,조수범19,맛있습니다,2026년 6월 10일 수요일,음식이 맛있어요_
2088731895,chl****,음식이맛있고양도괜찮아요~여기사장님이무척친절하세요!,2026년 6월 9일 화요일,음식이 맛있어요_재료가 신선해요_매장이 넓어요_
2088731895,아름8097,든든하게밥먹고싶을때오는곳입니다!날이더워졌지만그래도생각이계속남는맛이에요:),2026년 6월 9일 화요일,음식이 맛있어요_양이 많아요_
2088731895,yesua947,설렁탕먹었는데맛있었어요!!😍😍,2026년 6월 9일 화요일,음식이 맛있어요_혼밥하기 좋아요_친절해요_
2088731895,si_y****,다너무맛있었어요,2026년 6월 8일 월요일,음식이 맛있어요_
2088731895,페피나,학교다니며자주오는곳입니다.맛도있고깔끔하고24시간운영해식사때가지났어도한끼잘먹을수있습니다.,2026년 6월 8일 월요일,음식이 맛있어요_친절해요_매장이 청결해요_
2088731895,jst****,설렁탕너무맛있어요!!!혼밥하기도좋습니다,2026년 6월 8일 월요일,음식이 맛있어요_재료가 신선해요_매장이 넓어요_혼밥하기 좋아요_매장이 청결해요_
2088731895,suh****,너무맛있어요,2026년 6월 8일 월요일,음식이 맛있어요_재료가 신선해요_양이 많아요_특별한 메뉴가 있어요_혼밥하기 좋아요_
2088731895,heejinsss,맛있고친절하셔요!,2026년 6월 8일 월요일,음식이 맛있어요_재료가 신선해요_인테리어가 멋져요_친절해요_
2088731895,ji****,서울깍두기자주오는데변함없이맛있는장소에요,2026년 6월 7일 일요일,음식이 맛있어요_재료가 신선해요_양이 많아요_특별한 메뉴가 있어요_혼밥하기 좋아요_
2088731895,udy71,너무맛있어요♥️♥️♥️♥️♥️,2026년 6월 7일 일요일,재료가 신선해요_양이 많아요_특별한 메뉴가 있어요_가성비가 좋아요_
2088731895,jjp****,맵찔이도먹을수있는깍두기위치도좋아요생각보다매장이엄청큰편은아님,2026년 6월 7일 일요일,재료가 신선해요_혼밥하기 좋아요_친절해요_
2088731895,시연8067,가격대는좀잇어도맛하나는보장됩니다!!!전북대에오셨다면한번쯤먹어봐야합니다ㅎㅎ진짜맛이ㅆ어요잘먹고갑니다~,2026년 6월 7일 일요일,음식이 맛있어요_양이 많아요_
2088731895,뭘봐21,저의최애집또방문••ᰔ,2026년 6월 7일 일요일,음식이 맛있어요_혼밥하기 좋아요_매장이 청결해요_
2088731895,hye****,자주오는데맛있어용,2026년 6월 7일 일요일,음식이 맛있어요_재료가 신선해요_양이 많아요_
2088731895,오로래190305,너무맛있게먹어요친절해요,2026년 6월 7일 일요일,양이 많아요_매장이 넓어요_친절해요_매장이 청결해요_
2088731895,a0****,식당분위기도좋구상추겉절이랑깍두기도잘나와서좋았어용!!👍🏻🍚,2026년 6월 7일 일요일,음식이 맛있어요_인테리어가 멋져요_친절해요_
2088731895,세이루인,아들이좋아해요.엄마랑도다시오고싶데요.,2026년 6월 7일 일요일,음식이 맛있어요_재료가 신선해요_친절해요_
2088731895,joy****,빠르고맛있어요,2026년 6월 7일 일요일,음식이 맛있어요_재료가 신선해요_양이 많아요_
2088731895,dlt****,맛있어요!먹고나면되게든든해요1인석도있어서혼밥하기좋습니다,2026년 6월 6일 토요일,음식이 맛있어요_혼밥하기 좋아요_
2088731895,thdgml4155,너무맛있게배불리잘먹었습니다~~~너무바쁘지도않고좋네요!!,2026년 6월 6일 토요일,음식이 맛있어요_혼밥하기 좋아요_매장이 청결해요_
2088731895,big****,개운하고맛있어요,2026년 6월 6일 토요일,음식이 맛있어요_
2088731895,yhu****,설렁탕이랑깍두기맛있어요,2026년 6월 6일 토요일,음식이 맛있어요_
2088731895,가족공용아이디,설렁탕이랑깍두기맛있어요,2026년 6월 5일 금요일,혼밥하기 좋아요_
2088731895,sw****,설렁탕먹고싶어방문했어요^^매장도깨끗하니맛있게잘먹고갑니다!!,2026년 6월 5일 금요일,음식이 맛있어요_
2088731895,레인보우643,내일상성문화회관에서박지현콘서트가있어서여행겸전주에서3박4일머무르던차에콘서트홀바로앞에매장이있어서오늘은도가니탕먹었는데맛있네요설렁탕을주로먹었는데다른메뉴도맛보장되는맛집입니다,2026년 6월 5일 금요일,음식이 맛있어요_재료가 신선해요_매장이 넓어요_혼밥하기 좋아요_친절해요_
2088731895,김바다,매장이청결하고음식도깔끔하고맛있습니다.!,2026년 6월 4일 목요일,음식이 맛있어요_재료가 신선해요_인테리어가 멋져요_매장이 넓어요_매장이 청결해요_
2088731895,00080,깍두기랑겉절이도너무맛있어요!!든든하게먹었습니다🤤🤤,2026년 6월 4일 목요일,음식이 맛있어요_혼밥하기 좋아요_
2088731895,부르부르,따뜻한한끼에마음도푸근해집니다.시원해서뜨거운음식먹어도좋네요ㅎ,2026년 6월 4일 목요일,음식이 맛있어요_건강한 맛이에요_친절해요_
2088731895,최정윤9799,오랜만에설렁탕!여전히맛있어용~~,2026년 6월 4일 목요일,음식이 맛있어요_
2088731895,yjh****,맛있어요!!,2026년 6월 4일 목요일,음식이 맛있어요_재료가 신선해요_인테리어가 멋져요_
2088731895,ssc6896,너무맛있게잘먹었습니다~!!,2026년 6월 4일 목요일,음식이 맛있어요_가성비가 좋아요_혼밥하기 좋아요_
2088731895,경진 맘,맛았어요!,2026년 6월 4일 목요일,양이 많아요_재료가 신선해요_음식이 맛있어요_특별한 메뉴가 있어요_인테리어가 멋져요_
2088731895,비바디바비디부,먹다가찍은사진이지만진짜깍두기가국물이랑조합이미쳤어요자주올거같아요!!,2026년 6월 4일 목요일,음식이 맛있어요_재료가 신선해요_양이 많아요_혼밥하기 좋아요_매장이 넓어요_
2088731895,llStreetHunterll,기본반찬부터맛있습니다ㅎ,2026년 6월 4일 목요일,음식이 맛있어요_재료가 신선해요_혼밥하기 좋아요_친절해요_
2088731895,sng****,기본반찬부터맛있습니다ㅎ,2026년 6월 3일 수요일,음식이 맛있어요_
2088731895,cha****,정말맛있습니다강추!!👍👍👍,2026년 6월 3일 수요일,음식이 맛있어요_재료가 신선해요_양이 많아요_인테리어가 멋져요_혼밥하기 좋아요_
2088731895,wkd****,맛있어요다음에또올게여!!,2026년 6월 3일 수요일,양이 많아요_재료가 신선해요_음식이 맛있어요_인테리어가 멋져요_매장이 청결해요_
2088731895,060****,재료신선하고맛있었어요~양도많아서배불려요^^아이들파안좋아하는걸먼저챙겨주시고빼주셨어요^^,2026년 6월 3일 수요일,음식이 맛있어요_재료가 신선해요_뷰가 좋아요_매장이 청결해요_친절해요_
2088731895,박성민1659,깔끔하고맛있어요^^,2026년 6월 3일 수요일,음식이 맛있어요_재료가 신선해요_가성비가 좋아요_인테리어가 멋져요_매장이 넓어요_
2088731895,비바디바비디부,처음와봤는데너무너무맛있어요!사장님도친절하시고음식도좋아요ㅎ종종혼밥하러도올거같아요!!,2026년 6월 3일 수요일,음식이 맛있어요_향신료가 강하지 않아요_건강한 맛이에요_혼밥하기 좋아요_
2088731895,mx****,맛잇어용,2026년 6월 2일 화요일,음식이 맛있어요_양이 많아요_
2088731895,맛집탐험가0707,깔끔하고맛있어요매장도깔끔하고사장님친절히응대해주셔요~,2026년 6월 2일 화요일,음식이 맛있어요_재료가 신선해요_가성비가 좋아요_반찬이 잘 나와요_친절해요_
2088731895,lys****,깍뚜기가맛있네요오,2026년 6월 2일 화요일,음식이 맛있어요_
2088731895,kan****,국물이진하고깔끔해서부담없이먹기좋았습니다.고기도넉넉하게들어있었고부드러워서만족스러웠습니다.소금과파를취향에맞게넣어먹으니더욱맛있었습니다.다만가격이조금아쉽긴했지만전체적으로든든한한끼식사로추천할만합니다.,2026년 6월 2일 화요일,재료가 신선해요_양이 많아요_특별한 메뉴가 있어요_
2088731895,alstjd3959,음식이맛있어요,2026년 6월 2일 화요일,음식이 맛있어요_
2088731895,daramg sancheck,맛있어요또올것같아요,2026년 6월 2일 화요일,음식이 맛있어요_
2088731895,나른나른3489,항상먹음.가성비도꽤나쁘지않고든둔해짐,2026년 6월 1일 월요일,음식이 맛있어요_
2088731895,하미piggy,너무맛있엉요~~~^^음식도신성하고량이도많아요~,2026년 6월 1일 월요일,음식이 맛있어요_재료가 신선해요_혼밥하기 좋아요_친절해요_
2088731895,lee****,주에최소2번올정도로맛있어요~~,2026년 6월 1일 월요일,음식이 맛있어요_재료가 신선해요_양이 많아요_
2088731895,까불이8086,맛있어요^^,2026년 5월 31일 일요일,음식이 맛있어요_재료가 신선해요_양이 많아요_
2088731895,hku****,반찬도음식도너무깔끔하게나와서맛있게먹었습니다^_^리뷰는처음이더라도이번에두번째로방문했어요~나중에도또오겠습니다ㅎㅎ,2026년 5월 31일 일요일,음식이 맛있어요_재료가 신선해요_양이 많아요_특별한 메뉴가 있어요_
2088731895,RuKA111111,국물이진하고맛있어요~,2026년 5월 31일 일요일,음식이 맛있어요_재료가 신선해요_혼밥하기 좋아요_매장이 청결해요_
2088731895,shi****,아이가삼계탕을좋아해서종종오는데올때마다신선하고맛있게식사하고갑니다늘변함없는맛을느낄수있어요추천합니다!,2026년 5월 31일 일요일,음식이 맛있어요_재료가 신선해요_매장이 넓어요_친절해요_
2088731895,좌람18,설렁탕이깔끔하고맛있어요그리고상추무침?반찬이너무맛있어서놀랐어요!!메뉴도금방나오고좋아요👍,2026년 5월 31일 일요일,음식이 맛있어요_잡내가 적어요_혼밥하기 좋아요_
2088731895,Tud3,양도많고맛있습니다!,2026년 5월 31일 일요일,음식이 맛있어요_양이 많아요_특별한 메뉴가 있어요_건강한 맛이에요_가성비가 좋아요_
2088731895,kms****,여기국물이미쳤어요.👍👍해장도깔끔하게할수있고🤗🫶,2026년 5월 31일 일요일,음식이 맛있어요_재료가 신선해요_양이 많아요_매장이 청결해요_
2088731895,sjlee7839,전북대에서공연보고식사하러왔어요!:)아기의자에식기까지완벽한데아기국물도따로챙겨주셔서정말감사했어요~음식도완전맛있고아이도저도맛있게잘먹었네요^^전북대맛집으로추천합니다:),2026년 5월 31일 일요일,건강한 맛이에요_아이와 가기 좋아요_음식이 빨리 나와요_매장이 청결해요_친절해요_
2088731895,01111103,뜨끈한설렁탕맛있게잘먹었습니다소면사리도맛있고상추겉절이도맛있네요,2026년 5월 31일 일요일,음식이 맛있어요_재료가 신선해요_양이 많아요_인테리어가 멋져요_매장이 넓어요_
2088731895,공은언제나둥글다,맛있어요ㅎㅎ,2026년 5월 30일 토요일,음식이 맛있어요_재료가 신선해요_혼밥하기 좋아요_
2088731895,세모네모야,항상맛있습니다~!!!!,2026년 5월 30일 토요일,음식이 맛있어요_
2088731895,dksclfgus963,국물이깔끔하고불고기가야들거려아이기특히잘먹었어요,2026년 5월 30일 토요일,건강한 맛이에요_메뉴 구성이 알차요_
2088731895,did****,맛있어요!,2026년 5월 30일 토요일,음식이 맛있어요_재료가 신선해요_양이 많아요_특별한 메뉴가 있어요_인테리어가 멋져요_
2088731895,나 모르는 사람,사장님도너무친절하시고설렁탕국물진짜야무져요..전북대맛집..👍🏻👍🏻👍🏻👍🏻,2026년 5월 30일 토요일,음식이 맛있어요_양이 많아요_혼밥하기 좋아요_
2088731895,lee****,엄청든든해서자주와요,2026년 5월 29일 금요일,음식이 맛있어요_재료가 신선해요_양이 많아요_
2088731895,sane22,엄청든든해서자주와요,2026년 5월 29일 금요일,음식이 맛있어요_
2088731895,yej****,밥도엄청빨리나오고맛도있어요.재방문할의사가100프로!이미여러번방문도했습니다.,2026년 5월 29일 금요일,양이 많아요_음식이 맛있어요_재료가 신선해요_혼밥하기 좋아요_친절해요_
2088731895,yeo****,맛있습니다이벤트도함,2026년 5월 29일 금요일,음식이 맛있어요_
2088731895,현구24,맛있어요!,2026년 5월 29일 금요일,음식이 맛있어요_양이 많아요_재료가 신선해요_
2088731895,ktg****,양도많고무엇보다맛이있어서좋아요!!설렁탕은서울깍두기!,2026년 5월 29일 금요일,음식이 맛있어요_재료가 신선해요_양이 많아요_특별한 메뉴가 있어요_가성비가 좋아요_
2088731895,민두리이,아침식사하기좋아요!맛있게잘먹었습니다!,2026년 5월 29일 금요일,음식이 맛있어요_건강한 맛이에요_가성비가 좋아요_매장이 넓어요_친절해요_
2088731895,kms****,저녁늦은시간에밥집연곳이없어서곤란했는데24시간이라서정말좋습니다!!,2026년 5월 28일 목요일,음식이 맛있어요_재료가 신선해요_혼밥하기 좋아요_
2088731895,bri****,맛있고깔끔해요ㅎㅎㅎ,2026년 5월 28일 목요일,음식이 맛있어요_재료가 신선해요_양이 많아요_특별한 메뉴가 있어요_인테리어가 멋져요_
2064186940,무등산수박30만원,신메뉴장마와우베코코넛휘낭시에!장마너무향긋하고상쾌해서제취향저격이에요❤️❤️,2026년 6월 12일 금요일,디저트가 맛있어요_특별한 메뉴가 있어요_집중하기 좋아요_매장이 넓어요_인테리어가 멋져요_
2064186940,doh****,완전느좋카페네용~,2026년 6월 12일 금요일,대화하기 좋아요_집중하기 좋아요_
2064186940,olive3681,사람많이없구공부하기조아요~~!!넓어서짱,2026년 6월 12일 금요일,커피가 맛있어요_디저트가 맛있어요_특별한 메뉴가 있어요_가성비가 좋아요_집중하기 좋아요_
2064186940,서윤3833,매장이넓고조용하고음악이잔잔해서좋아요휘낭시에도짱맛있어요,2026년 6월 12일 금요일,커피가 맛있어요_디저트가 맛있어요_특별한 메뉴가 있어요_매장이 넓어요_집중하기 좋아요_
2064186940,박준영9243,매장이넓고조용하고음악이잔잔해서좋아요휘낭시에도짱맛있어요,2026년 6월 12일 금요일,커피가 맛있어요_디저트가 맛있어요_대화하기 좋아요_
2064186940,wso****,휘낭시에맛집으로유명한평화와평화드뎌방문해봤어요!카페분위기가정말평화롭고휘낭시에종류도진짜많아요!!굿굿,2026년 6월 12일 금요일,커피가 맛있어요_디저트가 맛있어요_빵이 맛있어요_친절해요_매장이 청결해요_
2064186940,내 인생 닝겐,너무분위기도좋고커피도맛있어요🫶🫶🍀,2026년 6월 11일 목요일,사진이 잘 나와요_뷰가 좋아요_아늑해요_매장이 넓어요_집중하기 좋아요_
2064186940,다영2424,맛있어요~~,2026년 6월 11일 목요일,커피가 맛있어요_매장이 넓어요_아늑해요_
2064186940,IYoung,넘예쁘고분위기좋아여!!🩷🩷,2026년 6월 11일 목요일,디저트가 맛있어요_대화하기 좋아요_매장이 넓어요_매장이 청결해요_
2064186940,ABCDE7,넘예쁘고분위기좋아여!!🩷🩷,2026년 6월 11일 목요일,커피가 맛있어요_특별한 메뉴가 있어요_사진이 잘 나와요_인테리어가 멋져요_친절해요_
2064186940,이현지3661,커피도맛있고분위기도좋았어요!,2026년 6월 11일 목요일,커피가 맛있어요_집중하기 좋아요_매장이 넓어요_
2064186940,jo****,시험기간공부에집중하기좋았어요(*^▽^)/★*☆♪,2026년 6월 11일 목요일,커피가 맛있어요_대화하기 좋아요_집중하기 좋아요_친절해요_
2064186940,별사탕2469,공부하기좋다고해서왓어요,2026년 6월 11일 목요일,디저트가 맛있어요_
2064186940,셍787,커피랑디저트기다리는중!!기대되용,2026년 6월 11일 목요일,디저트가 맛있어요_커피가 맛있어요_대화하기 좋아요_매장이 넓어요_
2064186940,JJ15,커피맛있어요차분해서좋고요공간이넓어서간섭이적어좋습니다또올게요,2026년 6월 11일 목요일,커피가 맛있어요_디저트가 맛있어요_집중하기 좋아요_매장이 넓어요_
2064186940,seo****,항상해지고어둑어둑할때왔었는데낮에오니또다른분위기예요!!낮에두밤에두체고🤍🤍🤍,2026년 6월 11일 목요일,커피가 맛있어요_디저트가 맛있어요_친절해요_매장이 청결해요_매장이 넓어요_
2064186940,zxc45,친절하시고조용하니좋아요,2026년 6월 11일 목요일,커피가 맛있어요_디저트가 맛있어요_매장이 넓어요_친절해요_
2064186940,MilkJoA,잘먹었습니다매장분위기좋아요,2026년 6월 11일 목요일,특별한 메뉴가 있어요_음료가 맛있어요_집중하기 좋아요_매장이 넓어요_인테리어가 멋져요_
2064186940,딸기양92,음료도맛있고휘낭시에도맛있어요,2026년 6월 11일 목요일,커피가 맛있어요_대화하기 좋아요_집중하기 좋아요_사진이 잘 나와요_뷰가 좋아요_
2064186940,pinkgumi,공부끝나고디저트포장하러왔오요..쫀득한솔트캐러멜넘조아여..,2026년 6월 11일 목요일,디저트가 맛있어요_대화하기 좋아요_집중하기 좋아요_매장이 넓어요_
2064186940,kin****,휘낭시에넘맛잇더영,2026년 6월 11일 목요일,디저트가 맛있어요_매장이 넓어요_집중하기 좋아요_인테리어가 멋져요_음악이 좋아요_
2064186940,ted0101,휘낭시에넘맛잇더영,2026년 6월 11일 목요일,특별한 메뉴가 있어요_대화하기 좋아요_매장이 넓어요_인테리어가 멋져요_사진이 잘 나와요_
2064186940,연몽이,참좋아용~,2026년 6월 11일 목요일,커피가 맛있어요_대화하기 좋아요_
2064186940,wtouffu54,카공하기좋은카페라홍보하고있는걸로알고과제하러갔어요디저트종류는다양해서좋은거같아요메뉴이름이이뻐요다만와이파이연결이안되고콘센트있는자리가4개?입니다배터리풀충전하고가세요,2026년 6월 11일 목요일,특별한 메뉴가 있어요_종류가 다양해요_메뉴 구성이 알차요_대화하기 좋아요_집중하기 좋아요_
2064186940,화난짱구0401,단골입니둥,2026년 6월 11일 목요일,매장이 넓어요_대화하기 좋아요_인테리어가 멋져요_사진이 잘 나와요_아늑해요_
2064186940,eunsou67,매장도넓고분위기도너무좋아요!!,2026년 6월 11일 목요일,커피가 맛있어요_디저트가 맛있어요_대화하기 좋아요_집중하기 좋아요_매장이 넓어요_
2064186940,lo07ve,휘낭시에가정말맛있어요차분히공부하기도좋습니다,2026년 6월 11일 목요일,커피가 맛있어요_디저트가 맛있어요_
2064186940,강상현3,휘낭시에가정말맛있어요차분히공부하기도좋습니다,2026년 6월 10일 수요일,커피가 맛있어요_디저트가 맛있어요_특별한 메뉴가 있어요_대화하기 좋아요_집중하기 좋아요_
2064186940,qkr****,분위기도너무좋고공간도넓어서좋았어요휘낭시에랑커피도맛있었어요👍🏻🙂,2026년 6월 10일 수요일,커피가 맛있어요_디저트가 맛있어요_대화하기 좋아요_매장이 넓어요_친절해요_
2064186940,xlq****,평평너무좋아하는데북대에생겨서너무좋네용!,2026년 6월 10일 수요일,커피가 맛있어요_디저트가 맛있어요_집중하기 좋아요_매장이 넓어요_친절해요_
2064186940,오3535,분위기도너무좋고음료도맛있구좋아요~~,2026년 6월 10일 수요일,음료가 맛있어요_음식이 맛있어요_대화하기 좋아요_집중하기 좋아요_매장이 넓어요_
2064186940,seo****,굿굿굿너무조아용,2026년 6월 10일 수요일,커피가 맛있어요_특별한 메뉴가 있어요_매장이 넓어요_인테리어가 멋져요_사진이 잘 나와요_
2064186940,ek90,공부하기좋아요!너무조용하지않아서오히려좋습니다,2026년 6월 10일 수요일,커피가 맛있어요_디저트가 맛있어요_집중하기 좋아요_매장이 넓어요_
2064186940,skyjin0723,공간이굉장히넓고휘낭시에종류가다양해서골라먹기좋은것같아요우연히알게되서포장만이용했는데다음엔오래머물다가보겠습니다~,2026년 6월 10일 수요일,매장이 넓어요_인테리어가 멋져요_매장이 청결해요_친절해요_
2064186940,내 인생 닝겐,혼자와서조용히하고싶은거하기좋구커피휘낭시에다맛있어요!,2026년 6월 10일 수요일,커피가 맛있어요_집중하기 좋아요_매장이 넓어요_사진이 잘 나와요_오래 머무르기 좋아요_
2064186940,진유진65,선물용마들렌구입했어요.매장이엄청넓고커피향이은은하게나는게분위기까지맘에들어요!적당한화이트노이즈와함께커피마시고싶으시면추천드립니다,2026년 6월 10일 수요일,디저트가 맛있어요_커피가 맛있어요_매장이 넓어요_집중하기 좋아요_인테리어가 멋져요_
2064186940,아리송하지않아,말차라떼대박입니다!꼭드세요ㅎㅎ휘낭시에는말할것도없이너무맛있어요!!분위기도굿,2026년 6월 10일 수요일,커피가 맛있어요_디저트가 맛있어요_빵이 맛있어요_집중하기 좋아요_매장이 넓어요_
2064186940,예은7146,깔끔해서좋아요😊😊휘낭시에맛집bb,2026년 6월 10일 수요일,커피가 맛있어요_디저트가 맛있어요_
2064186940,우진4554,카페가쾌적해서너무좋고휘낭시에진짜맛있어요!!카페에서공부하기도좋은분위기입니당,2026년 6월 10일 수요일,커피가 맛있어요_디저트가 맛있어요_대화하기 좋아요_매장이 넓어요_인테리어가 멋져요_
2064186940,나폴리맛동산,인성파탄날때마다평화가필요할때마다차분한무드에서일하고싶을때무조건방문해요!서비스로휘낭시에도주시고천사들만일하시는거시틀림없다..🥹❤️,2026년 6월 10일 수요일,디저트가 맛있어요_커피가 맛있어요_집중하기 좋아요_매장이 넓어요_대화하기 좋아요_
2064186940,최진균,카페분위기가조용해서집중하기좋아요!,2026년 6월 10일 수요일,대화하기 좋아요_집중하기 좋아요_디저트가 맛있어요_
2064186940,채채니409,분위기가너무좋고깨끗해요!감성도좋고커피도빵두전부맛있습니다평화를찾고있다면오세요ㅎㅎ👍👍,2026년 6월 10일 수요일,커피가 맛있어요_디저트가 맛있어요_집중하기 좋아요_매장이 넓어요_매장이 청결해요_
2064186940,shi****,커피가고소하니맛있고휘낭시에도맛있어요!!,2026년 6월 10일 수요일,커피가 맛있어요_메뉴 구성이 알차요_인테리어가 멋져요_음악이 좋아요_
2064186940,빡빡이270,오랜만에다시찾은평평!여전히좋아요~적당한소음과노래에집중하기좋고대화하기도좋아요여전히맛있는커피산도😋우베휘낭시에가새로나와있길래먹어봤는데너무맛있어요!코코넛?씹히는느낌인데식감도좋았고헤이즐럿은짝꿍픽으로맛있게먹었답니다~,2026년 6월 10일 수요일,커피가 맛있어요_디저트가 맛있어요_특별한 메뉴가 있어요_집중하기 좋아요_매장이 넓어요_
2064186940,yun8878,객사점방문하고북대점은처음인데분위기조와여ㅎㅎ,2026년 6월 10일 수요일,디저트가 맛있어요_특별한 메뉴가 있어요_집중하기 좋아요_매장이 넓어요_
2064186940,하나둘74,특별한메뉴가있어서좋아용장마라는메뉴를시켰는데맛있어용!!,2026년 6월 10일 수요일,커피가 맛있어요_집중하기 좋아요_매장이 넓어요_
2064186940,jys****,공부하기딱좋아요!!커피도맛있어서시험기간에자주올것같아용👍👍,2026년 6월 10일 수요일,음료가 맛있어요_집중하기 좋아요_매장이 넓어요_대화하기 좋아요_
2064186940,미내애,블랜디드커피도맛잇고조용하고매장넓어서좋아요,2026년 6월 10일 수요일,커피가 맛있어요_디저트가 맛있어요_매장이 넓어요_
2064186940,ho****,맛있고공부하기좋아요,2026년 6월 10일 수요일,커피가 맛있어요_대화하기 좋아요_친절해요_
2064186940,과로하는 백수,평평많은지점중에구내매점이가장편안한느낌이에요.휘낭시에는늘맛있어요.음악도분위기에잘어울려서편히있다가요.,2026년 6월 10일 수요일,커피가 맛있어요_디저트가 맛있어요_대화하기 좋아요_집중하기 좋아요_매장이 넓어요_
2064186940,뿌에찡,너무감성도예쁘고눈도입도즐거운시간이었습니다!다음번에또방문할것같아요!,2026년 6월 9일 화요일,특별한 메뉴가 있어요_집중하기 좋아요_매장이 넓어요_매장이 청결해요_친절해요_
2064186940,은니니님,너무감성도예쁘고눈도입도즐거운시간이었습니다!다음번에또방문할것같아요!,2026년 6월 9일 화요일,커피가 맛있어요_디저트가 맛있어요_
2064186940,seo****,혼자오기좋구음료랑디저트맛있어요!!（≧∇≦）♡,2026년 6월 9일 화요일,커피가 맛있어요_디저트가 맛있어요_음료가 맛있어요_매장이 넓어요_집중하기 좋아요_
2064186940,rjs****,항상카페올때찾는공간입니다!휘낭시에가맛있어요~,2026년 6월 9일 화요일,디저트가 맛있어요_대화하기 좋아요_집중하기 좋아요_
2064186940,tpd****,음료가독특하고맛있어용,2026년 6월 9일 화요일,디저트가 맛있어요_
2064186940,hxozu,친구랑처음와봤는데ㅜ분위기도좋고공부하기좋은곳같아요!!추천드려요!!,2026년 6월 9일 화요일,커피가 맛있어요_대화하기 좋아요_집중하기 좋아요_매장이 넓어요_인테리어가 멋져요_
2064186940,BD17,친구랑처음와봤는데ㅜ분위기도좋고공부하기좋은곳같아요!!추천드려요!!,2026년 6월 9일 화요일,커피가 맛있어요_디저트가 맛있어요_특별한 메뉴가 있어요_가성비가 좋아요_대화하기 좋아요_
2064186940,마코450,분위기좋고커피맛있어용🩷,2026년 6월 9일 화요일,커피가 맛있어요_디저트가 맛있어요_
2064186940,이승민ㅁ,맛있어요!,2026년 6월 9일 화요일,커피가 맛있어요_디저트가 맛있어요_
2064186940,너구리3880,휘낭시에도선물로주셔서넘조앗어요><카페가예뻐요ㅎㅎ,2026년 6월 9일 화요일,집중하기 좋아요_매장이 넓어요_
2064186940,olive3681,평일에오니까조용하고좋어요!!카공하러왔는데휘낭시에서비스도받았어요ㅎㅎ감사합니다,2026년 6월 9일 화요일,커피가 맛있어요_디저트가 맛있어요_특별한 메뉴가 있어요_집중하기 좋아요_사진이 잘 나와요_
2064186940,pap****,평화..그리고..사랑..차분..성공…멋진직업..,2026년 6월 9일 화요일,커피가 맛있어요_특별한 메뉴가 있어요_대화하기 좋아요_매장이 넓어요_
2064186940,Hellololo,휘낭시에너무맛있어요😍,2026년 6월 9일 화요일,커피가 맛있어요_디저트가 맛있어요_매장이 넓어요_집중하기 좋아요_대화하기 좋아요_
2064186940,멋토7612,저녁방문은처음인데잔잔한분위기가너무좋아요!,2026년 6월 8일 월요일,커피가 맛있어요_대화하기 좋아요_
2064186940,은행42,느낌있는카페임맛은덤,2026년 6월 8일 월요일,커피가 맛있어요_대화하기 좋아요_집중하기 좋아요_매장이 청결해요_
2064186940,마노아930,근1달간독서를하기위해전북대주변카페이곳저곳다녀봤는데이곳이제일아늑하게앉아있기좋았습니다!커피가격도저렴하고방문객대부분이개인과제내지학습등을위해방문하는학생들이어서그런지조용히제할일할수있다는점도만족스러웠습니다.휘낭시에맛있다고하던데정말맛있었습니다!,2026년 6월 8일 월요일,커피가 맛있어요_디저트가 맛있어요_가성비가 좋아요_집중하기 좋아요_음악이 좋아요_
2064186940,ooo****,진짜맛있어여바닐라크림라떼크림두진짜맛있구휘낭시에대박이네여ㅎㅎ,2026년 6월 8일 월요일,디저트가 맛있어요_특별한 메뉴가 있어요_매장이 넓어요_
2064186940,hh****,분위기좋고휘낭시에가너무맛있어요💕💕그리고음료가굉장히빨리나와서좋아용다음에또오고싶어요,2026년 6월 8일 월요일,디저트가 맛있어요_특별한 메뉴가 있어요_음료가 맛있어요_집중하기 좋아요_인테리어가 멋져요_
2064186940,ikw****,너무너무분위기도좋고공부하기좋아요~~,2026년 6월 8일 월요일,커피가 맛있어요_집중하기 좋아요_단체모임 하기 좋아요_뷰가 좋아요_
2064186940,suj****,전에한번방문하고생각나서한번더왔어요~!!음료디저트전부맛있고사진이이쁘게찍혀요!,2026년 6월 8일 월요일,커피가 맛있어요_디저트가 맛있어요_사진이 잘 나와요_
2064186940,raras,조용하고집중하기에좋은장소예요커피와휘낭시에도맛있어요!!직원분도상냥하세요,2026년 6월 8일 월요일,커피가 맛있어요_디저트가 맛있어요_매장이 넓어요_집중하기 좋아요_친절해요_
2064186940,tee****,넓고분위기좋아요!!,2026년 6월 8일 월요일,커피가 맛있어요_디저트가 맛있어요_
2064186940,jku****,제가좋아하는카페중한곳입니다!작업하거나친구들이랑같이와서이야기나누기너무좋습니다🩷음료도맛있고휘낭시에가진짜너무맛있어요!!!🤤,2026년 6월 8일 월요일,커피가 맛있어요_디저트가 맛있어요_음료가 맛있어요_집중하기 좋아요_매장이 넓어요_
2064186940,tjdrud48,분위기도너무좋고음료도맛있어요,2026년 6월 8일 월요일,커피가 맛있어요_디저트가 맛있어요_특별한 메뉴가 있어요_매장이 넓어요_친절해요_
2064186940,큰별24,서울에서군고구마휘낭시에먹으러또왔습니다진짜휘낭시에택배로받아보고싶을정도로너무맛있어요평화와평화항상응원합니다,2026년 6월 8일 월요일,커피가 맛있어요_디저트가 맛있어요_매장이 넓어요_
2064186940,굘미,휘낭시에포장하러갔다가인테리어가너무예뻐서앉아버렸습니다뭔가작업하고싶은분위기역시휘낭시에도너무맛있구커피한잔의여유사랑해요평평!,2026년 6월 8일 월요일,디저트가 맛있어요_대화하기 좋아요_매장이 넓어요_인테리어가 멋져요_친절해요_
2064186940,largesoydecaflatte,음료랑커피랑휘낭시에정말맛있어용ㅎㅎ,2026년 6월 8일 월요일,커피가 맛있어요_디저트가 맛있어요_대화하기 좋아요_매장이 넓어요_단체모임 하기 좋아요_
2064186940,3828292,집중하기좋은노래들에매장도넓고시끄럽지않아서과제하기좋아요!휘낭시에도너무맛있어요🥺🫶,2026년 6월 8일 월요일,커피가 맛있어요_디저트가 맛있어요_인테리어가 멋져요_매장이 넓어요_집중하기 좋아요_
2064186940,진9554,저번에도방문했었는데그때와다르게조금덜차분한분위기더라구요!혼자공부하거나할일에집중하는데에는문제없긴했습니다!여전히말차나디저트는맛있어요...!,2026년 6월 8일 월요일,커피가 맛있어요_디저트가 맛있어요_매장이 넓어요_
2064186940,매력향,오픈런했어요휘낭시에맛집좋아요.,2026년 6월 8일 월요일,커피가 맛있어요_디저트가 맛있어요_
2064186940,최지효2,분위기가너무좋고음료수도다맛있어요!!,2026년 6월 7일 일요일,집중하기 좋아요_차분한 분위기예요_음악이 좋아요_
2064186940,Opp0,맛있는음료와좋은분위기잘즐기다갑니다!저녁에도운영해서좋아요,2026년 6월 7일 일요일,디저트가 맛있어요_사진이 잘 나와요_집중하기 좋아요_친절해요_매장이 청결해요_
2064186940,밍망망밍몽,조용해서집중하기너무좋았어요!!,2026년 6월 7일 일요일,커피가 맛있어요_디저트가 맛있어요_집중하기 좋아요_친절해요_매장이 청결해요_
2064186940,크롱마을,휘낭시에맛있어서포장만이라도해가요,2026년 6월 7일 일요일,커피가 맛있어요_디저트가 맛있어요_
2064186940,르에86,혼자는처음왔는데혼자오기도너무좋아요!다음에도들려야겠어요,2026년 6월 7일 일요일,커피가 맛있어요_디저트가 맛있어요_특별한 메뉴가 있어요_대화하기 좋아요_집중하기 좋아요_
2064186940,yun****,카공하기좋고휘낭시에너무맛있어요😍,2026년 6월 7일 일요일,디저트가 맛있어요_특별한 메뉴가 있어요_집중하기 좋아요_대화하기 좋아요_친절해요_
2064186940,cco****,예쁘고희망시에가진짜마딧더요그리고즐길거리가많아요,2026년 6월 7일 일요일,커피가 맛있어요_특별한 메뉴가 있어요_
2064186940,세상3225,엄마랑같이카페에서공부하러왔어요.조용한음악에분위기가참좋아요.❤️아직여름도안됏지만가을의음료를마시며가을을기다려요,2026년 6월 7일 일요일,대화하기 좋아요_집중하기 좋아요_매장이 넓어요_커피가 맛있어요_디저트가 맛있어요_
2064186940,ㅋㅋㅋㅋ91,카페이름그대로평화와평화!그자체에요아쉽게포장해서가지만다음엔매장에서먹을거에요꼬옥!직원분들친절하세여,2026년 6월 7일 일요일,디저트가 맛있어요_커피가 맛있어요_가성비가 좋아요_매장이 넓어요_집중하기 좋아요_
2064186940,땡글이282,분위기좋고음료도맛있습니다~!,2026년 6월 7일 일요일,매장이 넓어요_인테리어가 멋져요_차분한 분위기예요_커피가 맛있어요_디저트가 맛있어요_
2064186940,아기구름이,말차맛집이에요!저번에전주왔을때도방문했었는데좋은기억이있어서1년만에재방문했어요😊휘낭시에도너무맛있고공간이다이뻐요🤍,2026년 6월 7일 일요일,디저트가 맛있어요_커피가 맛있어요_집중하기 좋아요_매장이 넓어요_인테리어가 멋져요_
2064186940,로제또뽑기,휘낭시에가너무맛있어요!!,2026년 6월 7일 일요일,커피가 맛있어요_디저트가 맛있어요_
2064186940,JjJ,매장이쾌적하고분위기가차분해서좋았습니다!휘낭시에가특히맛집입니다^^강추,2026년 6월 7일 일요일,디저트가 맛있어요_매장이 넓어요_인테리어가 멋져요_매장이 청결해요_오래 머무르기 좋아요_
2064186940,맛있으면우는커비,자주오는카페입미다!평평갬성굿-어디갈까할때항상실패없는곳이에요⭐️에스프레소는없지만드립커피시원하고맛있어요!휘낭시에도너무맛있다는사실🤤🍀,2026년 6월 7일 일요일,커피가 맛있어요_디저트가 맛있어요_대화하기 좋아요_매장이 넓어요_음악이 좋아요_
2064186940,yr****,매장도넓고커피랑휘낭시에도맛있습니다!아메리카노에산미가하나도없어서너무좋아요!!,2026년 6월 7일 일요일,커피가 맛있어요_디저트가 맛있어요_집중하기 좋아요_매장이 넓어요_
2064186940,rls****,커피도맛있고분위기도좋아요매장도넓어서완전쾌적해요~,2026년 6월 7일 일요일,커피가 맛있어요_음료가 맛있어요_집중하기 좋아요_매장이 넓어요_단체모임 하기 좋아요_
2064186940,수콩콩12,점심먹구왔는데도휘낭시에넉넉하게있어서너무좋아요!!!,2026년 6월 7일 일요일,디저트가 맛있어요_빵이 맛있어요_
2064186940,유정현48,평평휘낭시에항상맛있구혼자서도오기너무좋은카페입니다~공부하기도좋아요ㅎㅎ,2026년 6월 7일 일요일,커피가 맛있어요_빵이 맛있어요_집중하기 좋아요_매장이 넓어요_인테리어가 멋져요_
2064186940,오쫄감자,구내매점은처음와보는데분위기좋고매장넓어서좋아요!커피도맛있구..담엔카공하러와야겠어용,2026년 6월 7일 일요일,커피가 맛있어요_특별한 메뉴가 있어요_매장이 넓어요_매장이 청결해요_좌석이 편해요_
2064186940,l진,작업하기너무좋아용,2026년 6월 7일 일요일,커피가 맛있어요_디저트가 맛있어요_집중하기 좋아요_
1379201438,rebe****,작업하기너무좋아용,2026년 6월 12일 금요일,인테리어가 멋져요_음식이 맛있어요_
1379201438,Major H,메뉴도다양하고맛있어서잘이용하고있어요,2026년 6월 12일 금요일,음식이 맛있어요_가성비가 좋아요_
1379201438,gwt****,너무맛있구양도많아요!!직원분들두다친절하십니당!,2026년 6월 12일 금요일,음식이 맛있어요_재료가 신선해요_양이 많아요_
1379201438,s3s1s2s,맛있어용😙😙,2026년 6월 12일 금요일,매장이 넓어요_대화하기 좋아요_음식이 맛있어요_
1379201438,윤영채45,맛있었어요!,2026년 6월 12일 금요일,음식이 맛있어요_
1379201438,초등학교6학년,맛있게잘먹었어요다음에또올게요,2026년 6월 12일 금요일,음식이 맛있어요_고기 질이 좋아요_매장이 넓어요_혼밥하기 좋아요_친절해요_
1379201438,준선4425,맛있게먹었습니다!감사합니다!!,2026년 6월 11일 목요일,음식이 맛있어요_재료가 신선해요_특별한 메뉴가 있어요_양이 많아요_
1379201438,whd****,덮밥류먹었는데맛있어용,2026년 6월 11일 목요일,가성비가 좋아요_음식이 맛있어요_재료가 신선해요_
1379201438,dla****,음식도맛있고매장도깔끔해서좋아요혼밥하는자리도있어서혼밥하기도좋아요.,2026년 6월 11일 목요일,음식이 맛있어요_재료가 신선해요_인테리어가 멋져요_혼밥하기 좋아요_친절해요_
1379201438,ekd****,맛있어요,2026년 6월 11일 목요일,음식이 맛있어요_
1379201438,괴도신사83,정말로맛있어요,2026년 6월 11일 목요일,음식이 맛있어요_
1379201438,sor****,친절하고맛있어요음식이빨리나와요,2026년 6월 11일 목요일,음식이 맛있어요_매장이 넓어요_친절해요_
1379201438,쑨메이,간단하게먹기좋네요,2026년 6월 11일 목요일,음식이 맛있어요_혼밥하기 좋아요_친절해요_
1379201438,ilii이잉2,국물이맛있네요~차슈도크고좋아요,2026년 6월 11일 목요일,매장이 넓어요_혼밥하기 좋아요_가성비가 좋아요_
1379201438,min****,매장이깔끔하고음식이빨리나와요다음에또방문할께요😊,2026년 6월 10일 수요일,음식이 맛있어요_재료가 신선해요_양이 많아요_특별한 메뉴가 있어요_인테리어가 멋져요_
1379201438,HESSEDJ,와우엄청맛있어요가족나들이나왔는데잘먹고갑니다적극추천!!!,2026년 6월 10일 수요일,음식이 맛있어요_재료가 신선해요_매장이 넓어요_친절해요_매장이 청결해요_
1379201438,nor****,차슈덮밥맛있어요!추천드립니다.,2026년 6월 10일 수요일,음식이 맛있어요_양이 많아요_재료가 신선해요_인테리어가 멋져요_친절해요_
1379201438,j_e****,차슈덮밥맛있어요!추천드립니다.,2026년 6월 10일 수요일,음식이 맛있어요_양이 많아요_
1379201438,you****,너무맛있어서어제먹고또왔어요!가성비좋고맛도좋습니당~!,2026년 6월 10일 수요일,음식이 맛있어요_재료가 신선해요_양이 많아요_가성비가 좋아요_매장이 넓어요_
1379201438,퍄노쟁이39,덮밥류라멘류돈까스류의메뉴가다양한데한그릇씩나오니까입맛에따라주문할수있어서좋아요닭갈비덮밥한그릇뚝딱하고왔어요나름매콤해서약간느끼했던속을달랠수있어서좋았어요,2026년 6월 10일 수요일,특별한 메뉴가 있어요_매장이 넓어요_혼밥하기 좋아요_음식이 빨리 나와요_
1379201438,kim****,밥비주얼도좋고식당도쾌적하고넓어서혼밥하기도좋을거같아요점심이나저녁강추,2026년 6월 10일 수요일,음식이 맛있어요_재료가 신선해요_매장이 넓어요_인테리어가 멋져요_친절해요_
1379201438,cjf****,밥비주얼도좋고식당도쾌적하고넓어서혼밥하기도좋을거같아요점심이나저녁강추,2026년 6월 10일 수요일,인테리어가 멋져요_매장이 넓어요_혼밥하기 좋아요_친절해요_
1379201438,채연동건맘,음식을다양하게주문해서먹어봣는데다~~맛있어요~~돈가스도바삭하고덮밥도맛잇네요직원분들도친절하시구용ㅋㅋ담에또방문해야겠어요~~,2026년 6월 10일 수요일,음식이 맛있어요_재료가 신선해요_매장이 넓어요_친절해요_매장이 청결해요_
1379201438,hermes7217,음식이정갈하게나오고매장도깔끔해요!!,2026년 6월 10일 수요일,음식이 맛있어요_재료가 신선해요_인테리어가 멋져요_매장이 넓어요_혼밥하기 좋아요_
1379201438,oin****,맛잇어용!!,2026년 6월 10일 수요일,음식이 맛있어요_
1379201438,강민우810,👍,2026년 6월 10일 수요일,음식이 맛있어요_재료가 신선해요_친절해요_매장이 청결해요_화장실이 깨끗해요_
1379201438,lee****,너무맛잇어용—!-!-!,2026년 6월 9일 화요일,음식이 맛있어요_재료가 신선해요_양이 많아요_인테리어가 멋져요_매장이 넓어요_
1379201438,Qode,양도푸짐하고특히화요일에는고명추가해주십니당~맛있게먹고갑니다~~,2026년 6월 9일 화요일,음식이 맛있어요_재료가 신선해요_양이 많아요_매장이 넓어요_혼밥하기 좋아요_
1379201438,dlw****,여기맛있어요.꼭한번쯤와볼맛집입니다~,2026년 6월 9일 화요일,음식이 맛있어요_재료가 신선해요_인테리어가 멋져요_매장이 넓어요_
1379201438,dkdl****,너무맛있어요양도많이주시고페이버릿가게에요맛있게잘먹었습니다,2026년 6월 9일 화요일,음식이 맛있어요_재료가 신선해요_양이 많아요_
1379201438,박재우5467,양이엄청많고맛있어유매장도넓고쾌적해서먹기좋았습니다!,2026년 6월 9일 화요일,음식이 맛있어요_재료가 신선해요_양이 많아요_가성비가 좋아요_음악이 좋아요_
1379201438,whr****,전북대만배식탁처음와봣는데너무맛있었어요.평소에김치덮밥은김치맛이너무강해서선호하지는않는데만배식탁김치대패삼겹덮밥은김치맛이적절하게나서좋았어요.,2026년 6월 9일 화요일,음식이 맛있어요_재료가 신선해요_양이 많아요_잡내가 적어요_건강한 맛이에요_
1379201438,ghk****,너무마싯어요리뷰는처음인데여기학교다니면서백만번은온거같아요강추입니더,2026년 6월 9일 화요일,음식이 맛있어요_재료가 신선해요_양이 많아요_혼밥하기 좋아요_매장이 넓어요_
1379201438,ehd****,알바생분너무친절하시고음식이맛있어요!!,2026년 6월 9일 화요일,음식이 맛있어요_양이 많아요_가성비가 좋아요_반찬이 잘 나와요_매장이 넓어요_
1379201438,qpalzmwoskxnp,너무맛있어요🧡🤍,2026년 6월 9일 화요일,음식이 맛있어요_재료가 신선해요_매장이 넓어요_혼밥하기 좋아요_
1379201438,sdc0403,맛있어요최고에요화요일이벤트좋아요,2026년 6월 9일 화요일,음식이 맛있어요_양이 많아요_대화하기 좋아요_
1379201438,괴도신사83,정말로맛있었어요!,2026년 6월 9일 화요일,음식이 맛있어요_매장이 넓어요_화장실이 깨끗해요_
1379201438,서현277724,양도많고맛있게잘먹었습니다!!구정문이랑가까워서자주올것같아요☺️,2026년 6월 9일 화요일,음식이 맛있어요_양이 많아요_
1379201438,hkl****,너무맛있어요!!!양도많고좋아요!!!메뉴도다양해서먹기좋아요!!,2026년 6월 9일 화요일,음식이 맛있어요_재료가 신선해요_양이 많아요_매장이 넓어요_혼밥하기 좋아요_
1379201438,오준서32,전북대학생인데정말맛있어요!,2026년 6월 9일 화요일,음식이 맛있어요_
1379201438,녹차농차,육회덮밥맛있어용!,2026년 6월 9일 화요일,양이 많아요_음식이 맛있어요_인테리어가 멋져요_친절해요_
1379201438,bm206169,자주오는데올때마다맛있어용,2026년 6월 9일 화요일,음식이 맛있어요_재료가 신선해요_양이 많아요_인테리어가 멋져요_매장이 넓어요_
1379201438,ohj****,혼밥하기너무좋은가게같아요~넓고깨끗하고시원하기까지..🤣자주올거같아요!!,2026년 6월 9일 화요일,음식이 맛있어요_혼밥하기 좋아요_매장이 넓어요_친절해요_매장이 청결해요_
1379201438,Guccl,고기양푸짐하고전체적으로다맛있습니다,2026년 6월 9일 화요일,음식이 맛있어요_특별한 메뉴가 있어요_혼밥하기 좋아요_친절해요_
1379201438,zla****,매장이넓고쾌적해요맛도좋고양도많아요직원분도참친절하십니당🫰🫰🤩🤩,2026년 6월 8일 월요일,음식이 맛있어요_양이 많아요_혼밥하기 좋아요_매장이 넓어요_
1379201438,les****,매장이넓고쾌적해요맛도좋고양도많아요직원분도참친절하십니당🫰🫰🤩🤩,2026년 6월 8일 월요일,음식이 맛있어요_양이 많아요_
1379201438,unjjung,셋이서나눠먹었어용!!가성비있어서좋았습니당😆맛있게먹고갑니다!!,2026년 6월 8일 월요일,음식이 맛있어요_양이 많아요_
1379201438,djd****,면발이탱글탱글하고국물이잘배어있어서차슈랑같이싸먹으니조합이최고네요.,2026년 6월 7일 일요일,음식이 맛있어요_재료가 신선해요_양이 많아요_매장이 넓어요_인테리어가 멋져요_
1379201438,chanbo,제육덮밥이랑카레돈까스덮밥시켜먹었는데양도많고너무맛있네요재방문의사100프로!홀도넓고깔금해서또만족,2026년 6월 7일 일요일,음식이 맛있어요_재료가 신선해요_양이 많아요_특별한 메뉴가 있어요_
1379201438,Njwon,너무맛잇어용!양진짜많고가성비도갑👍👍👍친구랑가볍게해결하기좋아용♡,2026년 6월 7일 일요일,음식이 맛있어요_양이 많아요_가성비가 좋아요_매장이 넓어요_음악이 좋아요_
1379201438,Frogy43,만배식탁다녀갑니다🤤학교랑가깝고엄청맛있어요다음에또올게요많이파세요~~,2026년 6월 7일 일요일,음식이 맛있어요_재료가 신선해요_양이 많아요_특별한 메뉴가 있어요_
1379201438,moriashin,아이들과방문했는데맛도좋고양도적당하고좋네요,2026년 6월 7일 일요일,음식이 맛있어요_재료가 신선해요_매장이 넓어요_혼밥하기 좋아요_
1379201438,만두동네,다른음식도같이먹었는데금방사라져서사진을못찍었네요.아이들도너무맛있어하고한끼잘먹었습니다~^^,2026년 6월 7일 일요일,인테리어가 멋져요_음식이 맛있어요_재료가 신선해요_친절해요_
1379201438,osy****,맛있어용,2026년 6월 6일 토요일,음식이 맛있어요_재료가 신선해요_
1379201438,쑤핸99,맛있어요~̆̈!!가격이높지않고메뉴도다양해서여러명이나눠먹기도좋습니당-~̆̈!!식당도넓고청결해요!,2026년 6월 6일 토요일,음식이 맛있어요_매장이 넓어요_친절해요_매장이 청결해요_
1379201438,야옹잉2,돈가스김치나베국물도얼큰하니맛있어요ㅎㅎ,2026년 6월 5일 금요일,음식이 맛있어요_
1379201438,cho****,음식도맛있고가성비가좋아서학생끼리오기좋아요,2026년 6월 5일 금요일,음식이 맛있어요_가성비가 좋아요_건강한 맛이에요_매장이 넓어요_혼밥하기 좋아요_
1379201438,kan****,음식도맛있고가성비가좋아서학생끼리오기좋아요,2026년 6월 5일 금요일,음식이 맛있어요_
1379201438,civo****,여기스테이크덮밥이진짜맛있어여안먹으면후회함ㄹㅇ,2026년 6월 5일 금요일,음식이 맛있어요_재료가 신선해요_양이 많아요_특별한 메뉴가 있어요_
1379201438,쿠레46,3번째방문입니다!!음식이너무맛있어요ㅠㅠ북대맛집강추입니다!,2026년 6월 5일 금요일,음식이 맛있어요_재료가 신선해요_양이 많아요_
1379201438,qksdo,맛있어요짱짱,2026년 6월 4일 목요일,음식이 맛있어요_양이 많아요_매장이 넓어요_
1379201438,ajrtkdajrwnr,맛있어요육회덮밥,2026년 6월 4일 목요일,음식이 맛있어요_재료가 신선해요_양이 많아요_
1379201438,jeo****,너무맛있습니다!,2026년 6월 4일 목요일,음식이 맛있어요_매장이 넓어요_화장실이 깨끗해요_매장이 청결해요_친절해요_
1379201438,jkartfg,데이트하러왔는데음식이너무맛있어요진짜별점백만점중에99만점이에요,2026년 6월 4일 목요일,음식이 맛있어요_
1379201438,김태윤5794,매운만베라면이맛있습니다올때마다매운만베라면만먹어요,2026년 6월 4일 목요일,음식이 맛있어요_혼밥하기 좋아요_
1379201438,최윤하23,밥도맛있고무엇보다식당이청결해서좋습니다,2026년 6월 4일 목요일,음식이 맛있어요_매장이 청결해요_
1379201438,네6459,사장님너무친절하시고음식도양이많아서먹기좋아요!맛있고가성비도좋아서자주올것같아요!잘먹었습니다,2026년 6월 4일 목요일,음식이 맛있어요_가성비가 좋아요_재료가 신선해요_매장이 넓어요_친절해요_
1379201438,Animo20,매장도넓고청결해서들어가면서부터기분이좋아지네요😄☺️😆음식도너무맛있고제스타일✨️🏅담에또올게용~~😁👍🏻,2026년 6월 3일 수요일,음식이 맛있어요_매장이 넓어요_아늑해요_친절해요_매장이 청결해요_
1379201438,lllllllioilllllll,저녁식사로김치나베치즈돈까스김치삼겹덮밥주문해서먹었는데메뉴하나하나만족도가높았어요.김치나베는국물이진하고얼큰해서밥이랑먹기딱좋았고재료도푸짐하게들어있어든든했습니다.치즈돈까스는바삭하게튀겨진돈까스안에치즈가가득들어있어고소하고풍미가좋았어요.특히치즈가쭉늘어나서보는재미까지있었습니다.김치삼겹덮밥은불향가득한삼겹살과매콤한김치의조합이정말잘어울렸고양도넉넉해서한끼식사로충분했습니다.전체적으로음식이깔끔하게나오고맛의밸런스가좋아가족이나친구와함께방문하기좋은곳같아요.맛양친절함까지모두만족스러웠던식사였습니다.다음에는다른메뉴도먹어보고싶네요.잘먹었습니다!,2026년 6월 3일 수요일,음식이 맛있어요_친절해요_아이와 가기 좋아요_
1379201438,김사랑2914,완전맛있습니당~김치대패삼겹덮밥무조건드세요~~,2026년 6월 3일 수요일,음식이 맛있어요_양이 많아요_매장이 넓어요_인테리어가 멋져요_친절해요_
1379201438,태현5921,덮밥이정말맛있고인테리어나숟가락젓가락이예뻐서마음에들어요양이많아요,2026년 6월 3일 수요일,음식이 맛있어요_재료가 신선해요_양이 많아요_특별한 메뉴가 있어요_인테리어가 멋져요_
1379201438,Juhh,여러메뉴가있어서너무좋아요!양도많고맛있습니다!!!!!💕,2026년 6월 3일 수요일,음식이 맛있어요_양이 많아요_매장이 넓어요_
1379201438,차예안34,맛있고좋아용ㅎㅎ,2026년 6월 3일 수요일,음식이 맛있어요_재료가 신선해요_양이 많아요_
1379201438,and****,닭갈비덮밥과스테이크덮밥을주문해서먹어봤는데둘다정말만족스러웠습니다.닭갈비덮밥은매콤달콤한양념이잘배어있어밥과함께먹기좋았고닭고기도부드러워서맛있게먹었습니다.스테이크덮밥은고기가질기지않고부드러웠으며육즙이풍부해서한입먹을때마다만족스러웠습니다.양도적당히푸짐해서든든한한끼식사로좋았습니다.재료도신선한느낌이었고전체적으로맛의조화가훌륭했습니다.다음에도다시방문해서다른메뉴도먹어보고싶을정도로만족스러운식사였습니다.추천합니다!👍,2026년 6월 3일 수요일,음식이 맛있어요_재료가 신선해요_양이 많아요_특별한 메뉴가 있어요_가성비가 좋아요_
1379201438,RatonDino,요즘제육덮밥맛있는집찾기은근히힘든데여기는고기에서잡내도전혀안나고양념이정말중독성있어요.너무자극적이거나과하게달지않고깔끔하게매콤달콤해서밥한공기뚝딱비웠습니다.고기양도푸짐하고불향이은은하게배어있어서마지막한입까지맛있게먹었습니다.한끼식사로정말든든하네요.조만간또주문하겠습니다!,2026년 6월 3일 수요일,가성비가 좋아요_음식이 맛있어요_혼밥하기 좋아요_뷰가 좋아요_집중하기 좋아요_
1379201438,하이헬루134,맛있고양도많아요!,2026년 6월 3일 수요일,혼밥하기 좋아요_음식이 맛있어요_재료가 신선해요_양이 많아요_
1379201438,arnold91,맛있어용!,2026년 6월 3일 수요일,음식이 맛있어요_재료가 신선해요_
1379201438,yeong51,어제먹고너무맛있어서또왔어요!!제육덮밥꼭드셔보길!불향미쳤어요강추드립니다!구정문맛집!,2026년 6월 3일 수요일,음식이 맛있어요_재료가 신선해요_양이 많아요_특별한 메뉴가 있어요_가성비가 좋아요_
1379201438,shi****,좋아요잘해주셔요,2026년 6월 3일 수요일,음식이 맛있어요_재료가 신선해요_
1379201438,kim****,고기가양이두배라맛있게잘먹었습니다!!,2026년 6월 2일 화요일,음식이 맛있어요_양이 많아요_친절해요_매장이 청결해요_
1379201438,woo****,양많고맛있어요,2026년 6월 2일 화요일,양이 많아요_
1379201438,지민787,김치대패삼겹덮밥너무맛있어요추천합니당😊혼자앉는좌석도많아서혼밥하기좋았어요!!,2026년 6월 2일 화요일,음식이 맛있어요_양이 많아요_특별한 메뉴가 있어요_혼밥하기 좋아요_친절해요_
1379201438,rla****,"""고기당기는날무난하게한끼때우기좋은덮밥딱예상가능한그맛!""",2026년 6월 2일 화요일,음식이 맛있어요_양이 많아요_
1379201438,danm****,머싯거여만배식탁체고,2026년 6월 2일 화요일,음식이 맛있어요_재료가 신선해요_특별한 메뉴가 있어요_양이 많아요_
1379201438,오준서32,머싯거여만배식탁체고,2026년 6월 2일 화요일,음식이 맛있어요_
1379201438,jinju1029,덮밥종류가맛있고가성비가좋아요가격은싼데양이많아요대학생활하며자주벙문하는곳입니다,2026년 6월 2일 화요일,음식이 맛있어요_양이 많아요_가성비가 좋아요_
1379201438,아율31,첨이용하는건데양도많고맛있네요😊,2026년 6월 2일 화요일,음식이 맛있어요_재료가 신선해요_양이 많아요_인테리어가 멋져요_화장실이 깨끗해요_
1379201438,hei****,동생이여기괜찮다고추천해줘서와봤는데너무맛있어요담에전주오면또올거같아요,2026년 6월 2일 화요일,음식이 맛있어요_양이 많아요_혼밥하기 좋아요_매장이 청결해요_
1379201438,yeong51,첨와봤는데맛나고양도많아요!점심으로먹기너무베스트였습니다!추천드립니더!구정문에있거요,2026년 6월 2일 화요일,음식이 맛있어요_재료가 신선해요_양이 많아요_특별한 메뉴가 있어요_가성비가 좋아요_
1379201438,dnw****,사람도많고음식도맛있어요!친절해서너무좋았어요,2026년 6월 2일 화요일,음식이 맛있어요_매장이 넓어요_매장이 청결해요_친절해요_
1379201438,Qrwwx,돈가스덮밥이바삭하고맛있어요리뷰이벤트하면타코야끼도주고요.,2026년 6월 2일 화요일,음식이 맛있어요_재료가 신선해요_양이 많아요_특별한 메뉴가 있어요_가성비가 좋아요_
1379201438,umt****,음식이맛있어요,2026년 6월 1일 월요일,음식이 맛있어요_매장이 넓어요_친절해요_
1379201438,dheuzl,너무너무맛있어요💕,2026년 6월 1일 월요일,음식이 맛있어요_재료가 신선해요_양이 많아요_
1379201438,soul1717,김치돈가스나베양도많고맛있습니다.매장도청결하고혼밥하기에도좋네요!,2026년 6월 1일 월요일,음식이 맛있어요_양이 많아요_혼밥하기 좋아요_매장이 넓어요_
1379201438,zzanmei,돈가스가바삭해서맛있어요!!카레도맛있네요ㅎㅎ무엇보다직원이친절해서좋아요!!,2026년 6월 1일 월요일,양이 많아요_특별한 메뉴가 있어요_
1379201438,gs****,너무맛있어서다음에다시올거같아요,2026년 6월 1일 월요일,재료가 신선해요_매장이 넓어요_화장실이 깨끗해요_
1379201438,지원5565,식당이넓고쾌적해서좋아요!!직원분도친절하시고음식도맛있어요🥰🥰,2026년 6월 1일 월요일,음식이 맛있어요_인테리어가 멋져요_매장이 넓어요_
1379201438,김재현8064,전북대구정문앞덮밥집입니다.보통덮밥을먹으면느글느글해서다못먹는데여기덮밥은달랐어요.신기하게느끼하지않고너무맛있었습니다.괜히소문이자자한게아니었네요.덕분에잘먹었습니다,2026년 6월 1일 월요일,음식이 맛있어요_재료가 신선해요_양이 많아요_매장이 넓어요_친절해요_
1379201438,바닐라6889,덕진공원구경왔다가밥먹으러온곳인데대학가라서그런지가격이저렴하네요.가성비로좋은곳인것같아요,2026년 6월 1일 월요일,음식이 맛있어요_
1379201438,밥도덕2,맛잇어욤혼밥하기도좋을것같아요,2026년 6월 1일 월요일,음식이 맛있어요_양이 많아요_매장이 넓어요_혼밥하기 좋아요_친절해요_
1742540837,제제021,맛있어요!!!🥰🥰🥰,2026년 6월 14일 일요일,음식이 맛있어요_친절해요_
1742540837,tjsrms1234,가성비에.맛나서.넘.조앗어요!!!최고,2026년 6월 14일 일요일,음식이 맛있어요_고기 질이 좋아요_양이 많아요_특별한 메뉴가 있어요_
1742540837,프로필3427,고기질이너무좋아요!!!진짜고디먹고싶어서써치하다발견해서왔는데너무맛있어서좋아요!!!!직원분들도친절해서너무좋아용!!!!,2026년 6월 14일 일요일,음식이 맛있어요_고기 질이 좋아요_매장이 넓어요_매장이 청결해요_친절해요_
1742540837,gus****,잘먹었습니다~~~~,2026년 6월 13일 토요일,인테리어가 멋져요_
1742540837,주크리아빈,가장깔끔한맛이라자주찾게돼용!!넘맛있구계란찜도ㅜㅜ최고!!,2026년 6월 13일 토요일,음식이 맛있어요_
1742540837,tg****,고기가먹고싶을때는항상여기로와요너무맛있습니다전북대맛집!,2026년 6월 12일 금요일,음식이 맛있어요_고기 질이 좋아요_인테리어가 멋져요_
1742540837,kim****,여기가지마세요1.고기질이무한리필삼겹살보다좋지않습니다2.고기가비계가많습니다(원가절감하는거같음)3.철저한네이버리뷰로리뷰가관리됩니다(리뷰돼지껍데기줌)4.알바생들이일할생각없음가지마세요이가격이면무한리필가는게훨나음,2026년 6월 12일 금요일,음식이 맛있어요_고기 질이 좋아요_인테리어가 멋져요_
1742540837,wjd****,너무맛있고친절하세용다음에또오겠습니당,2026년 6월 11일 목요일,음식이 맛있어요_고기 질이 좋아요_양이 많아요_인테리어가 멋져요_매장이 넓어요_
1742540837,여르으음이언니,고기맛집!!가성비좋은데맛도좋아요👍🏻,2026년 6월 11일 목요일,음식이 맛있어요_고기 질이 좋아요_가성비가 좋아요_매장이 넓어요_
1742540837,zsue,넘넘맛도리에양🤍🤍고기진짜맛있구영양파랑와사비랑명이나물무쌈주는거너무조아요!!,2026년 6월 11일 목요일,음식이 맛있어요_고기 질이 좋아요_반찬이 잘 나와요_메뉴 구성이 알차요_
1742540837,gma****,주류도저렴하고고기질도좋아서가끔와용!🤩,2026년 6월 10일 수요일,음식이 맛있어요_고기 질이 좋아요_인테리어가 멋져요_매장이 넓어요_매장이 청결해요_
1742540837,rla****,점심부터삼겹살을먹을수있거화장실도깨끗하고매장도되게깨끗합니다!!밥먹고나갈때뿌릴수있는탈취제까지!!!!!늘믿고오는곳!,2026년 6월 10일 수요일,음식이 맛있어요_고기 질이 좋아요_친절해요_매장이 청결해요_
1742540837,duedueduedue,너무맛있어요!!!분위기도좋아요ㅎㅎ쾌적해요,2026년 6월 9일 화요일,음식이 맛있어요_고기 질이 좋아요_
1742540837,민선호52,ㄴㅓ무맛잇어용!!,2026년 6월 9일 화요일,음식이 맛있어요_고기 질이 좋아요_양이 많아요_
1742540837,스포츠는 데이터,아들이랑둘이왔는데맛있네요아들이잘먹네요,2026년 6월 9일 화요일,음식이 맛있어요_고기 질이 좋아요_친절해요_매장이 청결해요_
1742540837,미고라니,아들이랑둘이왔는데맛있네요아들이잘먹네요,2026년 6월 7일 일요일,음식이 맛있어요_고기 질이 좋아요_양이 많아요_특별한 메뉴가 있어요_
1742540837,소나무6427,너무맛있어요~~!!,2026년 6월 7일 일요일,음식이 맛있어요_고기 질이 좋아요_양이 많아요_특별한 메뉴가 있어요_
1742540837,new****,학교근처가성비맛집인줄만알았는데고기질이기대이상으로신선하고육즙가득해서정말맛있었어요.사이드메뉴인찌개랑소면조합도완전별미인데다가직원분들도친절하셔서기분좋게식사했습니다.매장이넓고깔끔해서앞으로친구들이나동기들이랑고기생각날때무조건여기로재방문하려고요!,2026년 6월 7일 일요일,음식이 맛있어요_고기 질이 좋아요_양이 많아요_
1742540837,son****,너무맛있어요담에또올게요,2026년 6월 7일 일요일,음식이 맛있어요_고기 질이 좋아요_양이 많아요_
1742540837,지현5538,고기도맛있고고기와함께나오는꽃게된장찌개가감칠맛넘쳐요!,2026년 6월 7일 일요일,음식이 맛있어요_반찬이 잘 나와요_
1742540837,jih****,매장이쾌적하고맛있어요~다음에또방문할게요♡,2026년 6월 7일 일요일,음식이 맛있어요_인테리어가 멋져요_친절해요_
1742540837,wg9,고기너무맛있고냉면된장찌개도맛있어요술이술술들어가는맛~~!!조용하고테이블도넓어서좋아요낮술하기좋아요,2026년 6월 7일 일요일,음식이 맛있어요_
1742540837,혜류40,고기가넘맛있었습니다ㅎㅎ비계와고기의조화가적당하고잘어울렸어요!친구들이랑함께갔는데배부르게먹었어요~삼겹살오겹살목살낙엽살등다양한부위로먹을수있어서좋았어요!모임하시는분들께추천드려요😊👍🏼,2026년 6월 6일 토요일,음식이 맛있어요_고기 질이 좋아요_매장이 넓어요_단체모임 하기 좋아요_매장이 청결해요_
1742540837,paenitudo,고기가넘맛있었습니다ㅎㅎ비계와고기의조화가적당하고잘어울렸어요!친구들이랑함께갔는데배부르게먹었어요~삼겹살오겹살목살낙엽살등다양한부위로먹을수있어서좋았어요!모임하시는분들께추천드려요😊👍🏼,2026년 6월 6일 토요일,친절해요_매장이 청결해요_직접 잘 구워줘요_주차하기 편해요_
1742540837,cho****,너무친절하시고맛있어요👍👍👍👍,2026년 6월 5일 금요일,음식이 맛있어요_고기 질이 좋아요_가성비가 좋아요_잡내가 적어요_매장이 넓어요_
1742540837,hjk****,매장도넓고고기도맛있었어요!!,2026년 6월 5일 금요일,음식이 맛있어요_반찬이 잘 나와요_매장이 넓어요_
1742540837,꾱이이,남자친구랑고기먹으러왔는데너무맛있어요!!!💖💖다음에또올게욤,2026년 6월 4일 목요일,음식이 맛있어요_양이 많아요_친절해요_매장이 넓어요_
1742540837,dan****,맛있게먹었습니다,2026년 6월 4일 목요일,음식이 맛있어요_고기 질이 좋아요_
1742540837,big****,맛있어요,2026년 6월 3일 수요일,음식이 맛있어요_고기 질이 좋아요_양이 많아요_특별한 메뉴가 있어요_
1742540837,원찬맘11,좋은날에가끔오던고깃집이었는데오랜만에와도고기질도좋고맛있어요,2026년 6월 2일 화요일,음식이 맛있어요_고기 질이 좋아요_가성비가 좋아요_재료가 신선해요_반찬이 잘 나와요_
1742540837,이웃사람75,맛있어요!!,2026년 6월 2일 화요일,음식이 맛있어요_고기 질이 좋아요_양이 많아요_매장이 넓어요_단체모임 하기 좋아요_
1742540837,sun****,고기두툼하고좋아용,2026년 5월 31일 일요일,음식이 맛있어요_고기 질이 좋아요_
1742540837,31628고,맛잇어요오양도많고직원이착해료,2026년 5월 31일 일요일,음식이 맛있어요_고기 질이 좋아요_매장이 넓어요_친절해요_
1742540837,소금소금소금빵ㅇ,고기신선하고육즙가득해서너무맛있게먹었습니다!반판세트구성도알차고김치찌개비빔면까지조합이좋아서만족스러운식사였어요😊다음에도전북대근처에서고기먹고싶을때재방문할것같습니다!👍,2026년 5월 31일 일요일,음식이 맛있어요_고기 질이 좋아요_잡내가 적어요_
1742540837,햄쮴,너무맛있어요..💕💕💕,2026년 5월 31일 일요일,음식이 맛있어요_고기 질이 좋아요_양이 많아요_매장이 넓어요_
1742540837,nkw****,반찬다양하고소스다양하고고기저렴해서좋습니다세트메뉴가있어서가성비가좋아요소주맥주도싸서좋습니다,2026년 5월 30일 토요일,음식이 맛있어요_양이 많아요_가성비가 좋아요_매장이 넓어요_
1742540837,Kkk1347,고기가너무맛있고직원분들이친절해요!!잘먹구갑니다👍,2026년 5월 30일 토요일,고기 질이 좋아요_음식이 맛있어요_인테리어가 멋져요_매장이 넓어요_친절해요_
1742540837,준준5894,미녀랑먹으면맛있어요미녀가맛나게구워줘요계란찌무야르,2026년 5월 30일 토요일,인테리어가 멋져요_매장이 넓어요_친절해요_매장이 청결해요_
1742540837,Altair19,음식이맛있고직원분들이친절해요,2026년 5월 30일 토요일,음식이 맛있어요_고기 질이 좋아요_매장이 넓어요_친절해요_
1742540837,김성령56,주말에짝꿍이랑같이고기먹으러다녀왔어요~별도예약없이갔는데바로편하게자리잡을수있었습니다.삼겹살이랑먹었는데역시고기퀄리티가훌륭하네요!입안가득고소하고맛있어서기분좋게식사하고왔습니다.맛있게잘먹었습니다😊,2026년 5월 30일 토요일,음식이 맛있어요_고기 질이 좋아요_가성비가 좋아요_인테리어가 멋져요_
1742540837,오스트톡,북대에서가성비로좋은고기먹을수있는오일내!세트로먹고껍데기까제먹으면아주든든합니다,2026년 5월 29일 금요일,음식이 맛있어요_
1742540837,곰팅이806,너무맛있어서정신없이먹느라먹다남은사진쁀..진짜맛있아요ㅎㅎ,2026년 5월 29일 금요일,음식이 맛있어요_
1742540837,su0****,가성비있고맛있어요!매장도깔끔해서좋아요!고기먹으러다시올거같아요!!!데이트단체친목상관없이다좋을듯합니당!!,2026년 5월 29일 금요일,음식이 맛있어요_고기 질이 좋아요_가성비가 좋아요_
1742540837,skdd223,매장도깔끔하고넓어서잘먹고갑니다!고기외에도찌개냉면비빔면등다양한메뉴가있어서좋아요,2026년 5월 29일 금요일,음식이 맛있어요_고기 질이 좋아요_매장이 넓어요_단체모임 하기 좋아요_뷰가 좋아요_
1742540837,emf****,N번째방문하는찐구정문삼겹살맛집,2026년 5월 27일 수요일,음식이 맛있어요_고기 질이 좋아요_
1742540837,00빵이,고기가맛있어요사이드메뉴도많아용,2026년 5월 27일 수요일,잡내가 적어요_단체모임 하기 좋아요_
1742540837,par****,고기질이너무좋고반찬도너무잘나와요추천합니다~~,2026년 5월 26일 화요일,음식이 맛있어요_고기 질이 좋아요_특별한 메뉴가 있어요_
1742540837,풍선7196,전북대최고맛집~,2026년 5월 26일 화요일,음식이 맛있어요_고기 질이 좋아요_양이 많아요_
1742540837,신준호29,개맛도리탕항상너무마시씁니다번창하세영,2026년 5월 26일 화요일,음식이 맛있어요_고기 질이 좋아요_친절해요_
1742540837,geegee30,오랜만에고기먹으러왔는데고기질이좋아용2명이서3인세트먹으면적당한것같습니다!!다음에또올게요~~,2026년 5월 26일 화요일,음식이 맛있어요_고기 질이 좋아요_매장이 넓어요_
1219346271,김재윤0,연인끼리오기좋고너무맛있어요분위기도좋고가성비도좋아요~~잘먹고갑니다,2026년 6월 14일 일요일,음식이 맛있어요_재료가 신선해요_양이 많아요_특별한 메뉴가 있어요_인테리어가 멋져요_
1219346271,tls****,김치찌개와제육볶음의중간맛있아요!!,2026년 6월 14일 일요일,음식이 맛있어요_재료가 신선해요_양이 많아요_
1219346271,철도마왕,항상올때마다맛있습니다!!같이나오는반찬중에깻잎간장절임이킥입니다....밥에소스랑고기같이해서올려서드셔보세요...,2026년 6월 14일 일요일,음식이 맛있어요_양이 많아요_특별한 메뉴가 있어요_가성비가 좋아요_기본 안주가 좋아요_
1219346271,소름61,​밥양이많아서정말좋았어요!고기에서잡내도전혀안나고매운거잘못드시는분들은맵기조절도가능해서좋은것같아요.반찬들도하나하나다맛있고둘이서정말배부르고푸짐하게먹고나왔습니다!😊,2026년 6월 14일 일요일,재료가 신선해요_매장이 넓어요_단체모임 하기 좋아요_친절해요_매장이 청결해요_
1219346271,보리보리쌀58,밋있구가성비조아여,2026년 6월 14일 일요일,음식이 맛있어요_양이 많아요_특별한 메뉴가 있어요_가성비가 좋아요_
1219346271,Aabbcc123,양이많고너무맛있어요다음에또방문할거같아용🫰❤️❤️,2026년 6월 14일 일요일,음식이 맛있어요_양이 많아요_매장이 넓어요_혼밥하기 좋아요_단체모임 하기 좋아요_
1219346271,psh****,전북대가본점이라해서자주와요♡,2026년 6월 10일 수요일,음식이 맛있어요_양이 많아요_가성비가 좋아요_
1219346271,Kzkzkz,계란반숙이어서좋아요!!고기양많아요!!!당면김치추가해먹으면맛있어요!!!!!,2026년 6월 9일 화요일,음식이 맛있어요_재료가 신선해요_양이 많아요_매장이 넓어요_친절해요_
1219346271,dla****,원래고기를좋아해서방문했습니다😊기대이상으로만족했습니다맛과비주얼이최고입니다👍저희동네에도생겼으면하네요ㅠㅠ다음에또다시방문해보고싶습니다😊,2026년 6월 8일 월요일,음식이 맛있어요_재료가 신선해요_가성비가 좋아요_고기 질이 좋아요_친절해요_
1219346271,lee****,넘맛있어요!!!,2026년 6월 7일 일요일,음식이 맛있어요_양이 많아요_
1219346271,als****,넘맛잇더용!!떡김치추가필수!!,2026년 6월 7일 일요일,음식이 맛있어요_
1219346271,pqp****,여기도여러번와보는데정말맛있는곳입니다❤️일단양이매우매우많고고기도정말많아서밥두공기뚝딱입니다다들와서맛있게드셔보십시오추천드립니다!!🫶,2026년 6월 6일 토요일,매장이 넓어요_음악이 좋아요_양이 많아요_반찬이 잘 나와요_잡내가 적어요_
1219346271,two****,음식이맛있고매장도넓어요.양도많아서많이먹기좋아요.,2026년 6월 6일 토요일,음식이 맛있어요_양이 많아요_
1219346271,yerim8593,음식이맛있고매장도넓어요.양도많아서많이먹기좋아요.,2026년 6월 6일 토요일,음식이 맛있어요_매장이 넓어요_친절해요_매장이 청결해요_
1219346271,서한나86,너무너무너무맛잇어용다음에도또올거에용,2026년 6월 6일 토요일,음식이 맛있어요_양이 많아요_가성비가 좋아요_반찬이 잘 나와요_고기 질이 좋아요_
1219346271,가연8361,이거머글려고전주왔어요,2026년 6월 6일 토요일,음식이 맛있어요_양이 많아요_
1219346271,sw****,서비스가친절하시고음식이맛있어요!,2026년 6월 5일 금요일,양이 많아요_음식이 맛있어요_특별한 메뉴가 있어요_인테리어가 멋져요_단체모임 하기 좋아요_
1219346271,cyw****,출장왔다가혼밥하고갑니다.원래제가먹는양이많아서많이시켜야하나하다가쭈꾸미삼겹살하나시켰는데양도많고맛있어서잘먹었어요~,2026년 6월 5일 금요일,음식이 맛있어요_재료가 신선해요_양이 많아요_혼밥하기 좋아요_친절해요_
1219346271,수의찬,국물이진하고적당히매콤해서밥이랑슥슥비벼먹으니두공기는뚝딱이네요.고기잡내도전혀안나고부드러워서너무맛있게잘먹었습니다.전주에서두루치기생각날땐여기로정착해야겠어요.사장님번창하세요!,2026년 6월 4일 목요일,음식이 맛있어요_재료가 신선해요_양이 많아요_인테리어가 멋져요_매장이 넓어요_
1219346271,조민서86,두루치기배달만먹다가와서먹으니까넘맛있어용!!!,2026년 6월 4일 목요일,음식이 맛있어요_양이 많아요_매장이 넓어요_매장이 청결해요_
1219346271,aau****,두루치비가맛있어용담에또이용할게용,2026년 6월 3일 수요일,음식이 맛있어요_양이 많아요_재료가 신선해요_
1219346271,csb****,두루치기가중간맛이달달해서맵찔이도맛있게먹기좋아요!,2026년 6월 3일 수요일,음식이 맛있어요_재료가 신선해요_
1219346271,Joha1113,너무맛있게먹었어요!!일반도맛있지만로제도맛있어요!!,2026년 6월 3일 수요일,음식이 맛있어요_재료가 신선해요_인테리어가 멋져요_
1219346271,채28,마라제육?신기해서시켜봤는데맛있음마라좋아하면기본제육보다만족스러울것같음,2026년 6월 3일 수요일,음식이 맛있어요_매장이 넓어요_대화하기 좋아요_매장이 청결해요_친절해요_
1219346271,jjjj****,완전조아용,2026년 6월 3일 수요일,음식이 맛있어요_재료가 신선해요_양이 많아요_
1219346271,rjs****,고기양도많고떡도맜있어요!!소스밥이랑같이먹으면진짜맛있습니다!!,2026년 6월 2일 화요일,음식이 맛있어요_재료가 신선해요_양이 많아요_
1219346271,권석빈1,처음와봤는데양도많고맛있습니다맵찔이신분들은중간맛추천드려요!,2026년 6월 1일 월요일,음식이 맛있어요_양이 많아요_가성비가 좋아요_친절해요_
1219346271,duplgxiljc,닭은처음먹어보는데넘마싯어여😋😋배부르게먹어도남을만큼양이많아서넘좋아요자주올게용,2026년 5월 31일 일요일,음식이 맛있어요_양이 많아요_
1219346271,qkr****,진짜맛있어요...!,2026년 5월 31일 일요일,음식이 맛있어요_재료가 신선해요_양이 많아요_가성비가 좋아요_인테리어가 멋져요_
1219346271,리카르도4596,첫방문인데맛있습니다,2026년 5월 30일 토요일,음식이 맛있어요_
1219346271,우왕짱이다,처음와봤는데양도많고재료도신선하고메뉴가다양하네요다음에또방문할예정입니디.,2026년 5월 29일 금요일,음식이 맛있어요_양이 많아요_매장이 넓어요_매장이 청결해요_
1219346271,김세진7334,맛있어요!!1인분당밥에달걀주시는것도너무맛잘알인것같아요~두루치기는달달한편에가까워요당면추가는필수예용,2026년 5월 28일 목요일,음식이 맛있어요_반찬이 잘 나와요_화장실이 깨끗해요_매장이 넓어요_
1219346271,황진현5,전북대두루치기맛집고듬두!진짜양도많고맛도있어서점심저녁든든하게먹으러오기너무좋아요!,2026년 5월 28일 목요일,음식이 맛있어요_
1219346271,songsH,옥수수맛도리👍,2026년 5월 27일 수요일,음식이 맛있어요_양이 많아요_고기 질이 좋아요_사진이 잘 나와요_
1219346271,뿌잉9912,잘먹고가요~,2026년 5월 27일 수요일,음식이 맛있어요_인테리어가 멋져요_친절해요_매장이 청결해요_화장실이 깨끗해요_
1219346271,sana20,정말맛있어요!,2026년 5월 26일 화요일,음식이 맛있어요_
1219346271,kim****,올때마다항상너무맛있게먹습니당!!,2026년 5월 26일 화요일,음식이 맛있어요_매장이 넓어요_친절해요_매장이 청결해요_
1219346271,hay****,올때마다항상너무맛있게먹습니당!!,2026년 5월 26일 화요일,음식이 맛있어요_양이 많아요_가성비가 좋아요_
1219346271,82y,2번째방문인데오늘역시만족스럽네요~~오래오래영업해주세요^^,2026년 5월 25일 월요일,음식이 맛있어요_재료가 신선해요_가성비가 좋아요_매장이 넓어요_매장이 청결해요_
1219346271,ksh****,양도많고맛있게잘먹었습니당!,2026년 5월 25일 월요일,음식이 맛있어요_재료가 신선해요_양이 많아요_인테리어가 멋져요_매장이 넓어요_
1530011364,JO0OH,초코바게트맛있다고해서왔어요빵도맛있고사장님도친절하세용굿굿,2026년 6월 14일 일요일,빵이 맛있어요_특별한 메뉴가 있어요_메뉴 구성이 알차요_가성비가 좋아요_차분한 분위기예요_
1530011364,Bazzi00,전북대유명한베이커리우노스!!드디어와봅니다기대하고먹었는데맛있었어요역시!!,2026년 6월 13일 토요일,빵이 맛있어요_
1530011364,nana4391,역시우노스!!!유명한거다있다구요~~~피자설기겟해갑니다!앙버터랑초코바게트도추천이요,2026년 6월 13일 토요일,빵이 맛있어요_특별한 메뉴가 있어요_가성비가 좋아요_메뉴 구성이 알차요_재료가 신선해요_
1530011364,sod****,빵이맛있고가격도착해요!!,2026년 6월 13일 토요일,빵이 맛있어요_특별한 메뉴가 있어요_아늑해요_
1530011364,영이92,초코바게트존맛!!매주사먹어욜❤,2026년 6월 13일 토요일,빵이 맛있어요_
1530011364,누피이이,너무너무가성비에좋고맛도좋아요맨날옵니다🤤🤤🤤🫶🏼🫶🏼,2026년 6월 13일 토요일,빵이 맛있어요_특별한 메뉴가 있어요_메뉴 구성이 알차요_가성비가 좋아요_
1530011364,비뉴V,좋아하는메뉴가다양하게있어서좋아요^^,2026년 6월 12일 금요일,빵이 맛있어요_특별한 메뉴가 있어요_
1530011364,넹링,항상넘맛있아용ㅎㅎ,2026년 6월 12일 금요일,가성비가 좋아요_메뉴 구성이 알차요_
1530011364,soj****,전부터샌드베이글꼭먹어보고싶었는데5시가넘은시간에도재고가있어서구매했어용!!다음엔두바이베이글먹으러올게용,2026년 6월 11일 목요일,빵이 맛있어요_
1530011364,edenjiwonyang,직원이친절하고빵이맛있는게많아요,2026년 6월 10일 수요일,가성비가 좋아요_아늑해요_특별한 날 가기 좋아요_
1530011364,아요s,앙버터최공!!,2026년 6월 10일 수요일,빵이 맛있어요_
1530011364,달콤한 나의 도시9,맛있어서이용해요,2026년 6월 10일 수요일,빵이 맛있어요_특별한 메뉴가 있어요_
1530011364,사람1495,빵이맛있고종류도많아요,2026년 6월 9일 화요일,빵이 맛있어요_특별한 메뉴가 있어요_메뉴 구성이 알차요_
1530011364,엠제인,피자설기너무궁금해서왔는데다른빵들도너무맛있어보여요☺️👍👍✨️,2026년 6월 9일 화요일,빵이 맛있어요_특별한 메뉴가 있어요_가성비가 좋아요_메뉴 구성이 알차요_재료가 신선해요_
1530011364,민긩이,맛있어보여요!💕💕초코바게뚜가기대되어욥🩵🩵,2026년 6월 8일 월요일,특별한 메뉴가 있어요_종류가 다양해요_매장이 청결해요_
1530011364,hyo****,맛있어보여요!💕💕초코바게뚜가기대되어욥🩵🩵,2026년 6월 8일 월요일,메뉴 구성이 알차요_아늑해요_매장이 청결해요_
1530011364,jyu****,너무너무맛있어서좀멀어도오는곳이에요ㅠㅠ,2026년 6월 8일 월요일,빵이 맛있어요_메뉴 구성이 알차요_재료가 신선해요_
1530011364,wjdgus66,빵종류도엄청많고친절하세요!❤️‍🔥,2026년 6월 8일 월요일,빵이 맛있어요_특별한 메뉴가 있어요_메뉴 구성이 알차요_사진이 잘 나와요_차분한 분위기예요_
1530011364,for****,빵종류많아서좋아요~,2026년 6월 8일 월요일,빵이 맛있어요_특별한 메뉴가 있어요_매장이 청결해요_친절해요_
1530011364,화이트피그4,항상오는곳이예요역시나맛있는빵이많아요굿,2026년 6월 7일 일요일,빵이 맛있어요_특별한 메뉴가 있어요_가성비가 좋아요_메뉴 구성이 알차요_재료가 신선해요_
1530011364,우엉이63,빵이진짜맛있는곳이에요종류도다양하고너무좋아요~~!!,2026년 6월 7일 일요일,빵이 맛있어요_특별한 메뉴가 있어요_메뉴 구성이 알차요_재료가 신선해요_디저트가 맛있어요_
1530011364,에너지뿜뿜1004,굿,2026년 6월 7일 일요일,빵이 맛있어요_
1530011364,다람쥐냥냥,복작복작사람많았는데다시지나갈땐아무도없더라구요.샌드위치바질토마토인데맛있었어요.아이도감자소세지빵맛있다고잘먹었음.치즈소금빵이라써있어서골랐는데시나몬소금빵ㅜㅜ어쩐지치즈가왜저러지...했는데.와시나몬설탕가득이라너무달다ㅜㅜ여쭤보고구매할걸그랬어요.친절하셨는데.크림치즈마늘빵이였나?길쭉한마늘빵있는데집에와서에프돌려먹으니더맛있어요!.가게앞에잠깐정차가능.,2026년 6월 7일 일요일,빵이 맛있어요_친절해요_
1530011364,got****,맛있어요~종종구매할게요~,2026년 6월 7일 일요일,빵이 맛있어요_특별한 메뉴가 있어요_메뉴 구성이 알차요_
1530011364,MJ9534,빵들되게꽉꽉차있고가격도괜찮고종류도다양해서좋아요!다음에오면왁뿌소금빵을먹어봐야겠어요!!!,2026년 6월 7일 일요일,빵이 맛있어요_특별한 메뉴가 있어요_메뉴 구성이 알차요_
1530011364,kdk10260,워낙유명해서왔어요메뉴들이특이하고너무맛나보여요추천합니다,2026년 6월 7일 일요일,빵이 맛있어요_특별한 메뉴가 있어요_메뉴 구성이 알차요_
1530011364,HanSSu,먹고싶은빵종류가엄청많아요!!이틀전에미리연락하면건강빵도따로받을수있대요!전주살고싶어요..,2026년 6월 6일 토요일,빵이 맛있어요_특별한 메뉴가 있어요_가성비가 좋아요_메뉴 구성이 알차요_재료가 신선해요_
1530011364,깡kkk,이번주말에도우노스빵충전하러왔어요!완전맛있고주위에도추천하고있답니당👍,2026년 6월 6일 토요일,빵이 맛있어요_가성비가 좋아요_메뉴 구성이 알차요_친절해요_
1530011364,갈증태양79,색다른빵이많고가격도좋아요.맛도당연히좋습니다.추천,2026년 6월 6일 토요일,빵이 맛있어요_특별한 메뉴가 있어요_가성비가 좋아요_메뉴 구성이 알차요_차분한 분위기예요_
1530011364,0196580079,맛집을드디어왔습니다그런데늦어서유명한건겟하지못했어요다음번에다시도전,2026년 6월 5일 금요일,빵이 맛있어요_메뉴 구성이 알차요_친절해요_
1530011364,rla****,평소에도자주오는데북대근처빵집중에가장맛있어요,2026년 6월 5일 금요일,빵이 맛있어요_특별한 메뉴가 있어요_
1530011364,나나58,정말맛있어요👍👍👍👍,2026년 6월 5일 금요일,빵이 맛있어요_특별한 메뉴가 있어요_가성비가 좋아요_메뉴 구성이 알차요_
1530011364,olol55,맛있어요~~~,2026년 6월 5일 금요일,빵이 맛있어요_특별한 메뉴가 있어요_메뉴 구성이 알차요_재료가 신선해요_디저트가 맛있어요_
1530011364,lee****,우노스사랑해요♡,2026년 6월 4일 목요일,빵이 맛있어요_
1530011364,세이지1353,유명한초코바게트이번달신메뉴추천해주신빵3가지골라봤어요!다맛있을것같아서기대돼요~~,2026년 6월 4일 목요일,빵이 맛있어요_메뉴 구성이 알차요_
1530011364,부끄부끄부끄곰,평일4시에갔는데운좋게도빵많았어요너무맜잇어요,2026년 6월 4일 목요일,빵이 맛있어요_메뉴 구성이 알차요_
1530011364,MJ4340,너무맛있고매번방문해요ㅎㅎ다음에또방문예정,2026년 6월 4일 목요일,빵이 맛있어요_특별한 메뉴가 있어요_가성비가 좋아요_메뉴 구성이 알차요_
1530011364,준5058,맛있어요!!!!!,2026년 6월 3일 수요일,빵이 맛있어요_메뉴 구성이 알차요_친절해요_
1530011364,라라따따뚜뚜이이,샌드랑초코바게트가너무유명하다해서왔는데조금대기했지만그래도너뮤마싯어보이는두개겟했습니다..요즘너뮤유행해서꼭먹어보고싶었는데드디어!다음에전주올때도꼭다시들리고싶은비주얼..❤️,2026년 6월 3일 수요일,빵이 맛있어요_특별한 메뉴가 있어요_재료가 신선해요_디저트가 맛있어요_
1530011364,칠월64,미용실들럿다가유명한우노스들럿어요대파소금빵맛잇어보여서구매햇는데기대되네요😘😆❤️,2026년 6월 3일 수요일,빵이 맛있어요_특별한 메뉴가 있어요_가성비가 좋아요_메뉴 구성이 알차요_
1530011364,idy****,여기빵너무맛있어용ㅠ무화과올라간게ㄹㅇ맛도린데금방팔려서어제왔다가또왔어용ㅠㅠ근처사시는분은꼭드셔보세여,2026년 6월 3일 수요일,빵이 맛있어요_특별한 메뉴가 있어요_가성비가 좋아요_메뉴 구성이 알차요_재료가 신선해요_
1530011364,jhj****,항상맛있는우노스오늘식빵은없어서아쉽지만또올께요~~^^,2026년 6월 2일 화요일,빵이 맛있어요_특별한 메뉴가 있어요_메뉴 구성이 알차요_매장이 청결해요_
1530011364,만또묵,왁뿌!!!맛있는곳ㅎ,2026년 6월 1일 월요일,빵이 맛있어요_
1530011364,행복해456,맛궁금해서사봤어요~빵종류도많고맛있을것같아요,2026년 5월 31일 일요일,특별한 메뉴가 있어요_메뉴 구성이 알차요_아이와 가기 좋아요_
1530011364,찐찐이야찐,드디어와본우노스너무맛있어요!!,2026년 5월 31일 일요일,빵이 맛있어요_
1530011364,yun****,정말맛있어서항상먹는빵이에요!!!너무맛있고빵피도쫄깃해요,2026년 5월 31일 일요일,빵이 맛있어요_특별한 메뉴가 있어요_가성비가 좋아요_
1530011364,ekdldkql,몇번왔는데친절하고빵도종류가많아서좋아요,2026년 5월 31일 일요일,가성비가 좋아요_메뉴 구성이 알차요_차분한 분위기예요_친절해요_매장이 청결해요_
1530011364,Tkkymm,빵종류진짜많고다맛있어보여요!!또올게오❤️,2026년 5월 30일 토요일,빵이 맛있어요_특별한 메뉴가 있어요_메뉴 구성이 알차요_재료가 신선해요_인테리어가 멋져요_
1530011364,jym****,전주올때필수로들려야해요!!!!앙버터맛집ㅜㅜ.진짜달라요👍🏻,2026년 5월 30일 토요일,빵이 맛있어요_특별한 메뉴가 있어요_메뉴 구성이 알차요_재료가 신선해요_차분한 분위기예요_
1530011364,kongji50,맛있는빵이많아요.고르는게고민됩니다~~^^일찍품절된빵들도있어서아쉬워요.담엔일찍오례부요,2026년 5월 30일 토요일,빵이 맛있어요_특별한 메뉴가 있어요_
1530011364,이은26,빵맛있고친절하시네요최고,2026년 5월 30일 토요일,빵이 맛있어요_특별한 메뉴가 있어요_
1530011364,홍시291,전주맛집우노스방문했어요^^빵도맛있고친절하세요~레몬케이크추천드려요!,2026년 5월 30일 토요일,빵이 맛있어요_재료가 신선해요_건강한 맛이에요_디저트가 맛있어요_아늑해요_
1530011364,korki95071646,너무맛잇어여ㅎㅎㅎㅎㅎㅎㅎ,2026년 5월 30일 토요일,빵이 맛있어요_메뉴 구성이 알차요_대화하기 좋아요_차분한 분위기예요_
1530011364,행복1196,빵너무맛있어요!,2026년 5월 30일 토요일,빵이 맛있어요_메뉴 구성이 알차요_사진이 잘 나와요_
1530011364,민달팽이0622,본가갈때마다항상들려서빵사서가는곳이에요!강추강추,2026년 5월 29일 금요일,빵이 맛있어요_특별한 메뉴가 있어요_메뉴 구성이 알차요_
1530011364,shi****,빵이너무맛있어서자주방문하고있어요!!,2026년 5월 29일 금요일,빵이 맛있어요_특별한 메뉴가 있어요_
1530011364,냠냠722,빵저렴하고진짜맛있어요!여기서만먹을수있는빵이많아서좋습니다,2026년 5월 29일 금요일,빵이 맛있어요_특별한 메뉴가 있어요_가성비가 좋아요_메뉴 구성이 알차요_
1530011364,서연4966,빵종류도많고맛있어요이곳만의특별한메뉴가많아요,2026년 5월 28일 목요일,특별한 메뉴가 있어요_가성비가 좋아요_
1530011364,aaa20986,굿!!!!!!추천크게드려요,2026년 5월 28일 목요일,아늑해요_차분한 분위기예요_
1530011364,니책32,덕진구빵맛집!!늘애용합니다새로나온먹물대파빵맛있어요!,2026년 5월 28일 목요일,빵이 맛있어요_특별한 메뉴가 있어요_가성비가 좋아요_메뉴 구성이 알차요_
1496549723,yoogy249,가격도맛도좋아요!!다만일요일12시10분정도갔는데그뒤로부턴웨이팅하시더라구요그래도꼭기다려서드셔보세요😍😍😍🤤,2026년 6월 14일 일요일,음식이 맛있어요_재료가 신선해요_양이 많아요_특별한 메뉴가 있어요_가성비가 좋아요_
1496549723,용가리256,매번와도맛있어요,2026년 6월 14일 일요일,음식이 맛있어요_재료가 신선해요_혼밥하기 좋아요_
1496549723,넹59,맛있어요,2026년 6월 13일 토요일,음식이 맛있어요_재료가 신선해요_특별한 메뉴가 있어요_아늑해요_대화하기 좋아요_
1496549723,임상58,먹어본버거중가장맛있었던버거집.오늘도지나가도들렸습니다모든메뉴먹어보고싶습니다,2026년 6월 12일 금요일,음식이 맛있어요_메뉴 구성이 알차요_인테리어가 멋져요_음악이 좋아요_친절해요_
1496549723,채원256,맛있어용!,2026년 6월 12일 금요일,음식이 맛있어요_인테리어가 멋져요_
1496549723,hyk****,맛있어요~소스가맛있어요~또방문하겠습니다~서비스감사합니다!,2026년 6월 12일 금요일,음식이 맛있어요_양이 많아요_
1496549723,메시82,최강의미친버거....항상감사합니다,2026년 6월 11일 목요일,음식이 맛있어요_재료가 신선해요_고기 질이 좋아요_양이 많아요_
1496549723,경진 맘,맛있어요!,2026년 6월 11일 목요일,음식이 맛있어요_재료가 신선해요_양이 많아요_특별한 메뉴가 있어요_가성비가 좋아요_
1496549723,수호천사726251,전북대아니전주최고의수제버거맛집코지버거최고!,2026년 6월 10일 수요일,음식이 맛있어요_재료가 신선해요_양이 많아요_특별한 메뉴가 있어요_
1496549723,지하38,패티맛있어요,2026년 6월 10일 수요일,양이 많아요_
1496549723,cro****,너무맛있고입에서녹아버려있기다린거하나도안아깝고진짜맛도리야미야르,2026년 6월 10일 수요일,음식이 맛있어요_재료가 신선해요_양이 많아요_특별한 메뉴가 있어요_
1496549723,dj****,기다리다먹으니맛있네요번창하세요,2026년 6월 10일 수요일,음식이 맛있어요_재료가 신선해요_
1496549723,KWON1576,대기길어서포장했어요.맛은아직못봤어요.,2026년 6월 10일 수요일,음식이 맛있어요_재료가 신선해요_
1496549723,최은석806,가격대비매우맛있습니다.헌혈후방문시감자튀김이서비스로나오니참고하시길바랍니다.,2026년 6월 9일 화요일,음식이 맛있어요_가성비가 좋아요_혼밥하기 좋아요_
1496549723,bd****,평일점심이후시간에방문해서대기는전혀없었어요아기데리고갔는데친절하게대해주셔서감사했어요.포장했는데깔끔하게주시네요~조금시간지나고먹었는데도정말미친듯이맛있습니다ㅠ다른버거도궁금해서재방문할거같아요,2026년 6월 9일 화요일,음식이 맛있어요_재료가 신선해요_양이 많아요_특별한 메뉴가 있어요_잡내가 적어요_
1496549723,우파루파 슈팅,항상먹는데맛있고두툼해서좋아요,2026년 6월 9일 화요일,음식이 맛있어요_재료가 신선해요_양이 많아요_인테리어가 멋져요_혼밥하기 좋아요_
1496549723,Sonnnny3,유명해져서먹기힘들었는데오랜만에찾아왔습니다!!여전히맛있고즐거운식사였습니다:)번창하세요❤️,2026년 6월 8일 월요일,음식이 맛있어요_재료가 신선해요_양이 많아요_인테리어가 멋져요_친절해요_
1496549723,z렁e,맛있어요또먹으러오고싶은맛이에요!힘을내용슈퍼파월어엉어엉힘얻고가요💪🏻💪🏻💪🏻,2026년 6월 8일 월요일,음식이 맛있어요_재료가 신선해요_특별한 메뉴가 있어요_양이 많아요_인테리어가 멋져요_
1496549723,kco****,오랜만에가는데정말맛있엇어요!,2026년 6월 7일 일요일,음식이 맛있어요_재료가 신선해요_특별한 메뉴가 있어요_가성비가 좋아요_인테리어가 멋져요_
1496549723,wls****,맛있어요,2026년 6월 7일 일요일,음식이 맛있어요_
1496549723,seo****,한입먹고깜짝놀랐어요너무너무맛있어요!!!곳곳에적힌것들보는것도재밌어요ㅋ.ㅋ,2026년 6월 7일 일요일,음식이 맛있어요_특별한 메뉴가 있어요_메뉴 구성이 알차요_컨셉이 독특해요_
1496549723,성지후,아니여기진짜레알맛있음장난이아니에요여기인기없었우면좋겠어요웨이팅하기싫어서수제버거집중에제일맛있는듯존맛탱구리,2026년 6월 7일 일요일,음식이 맛있어요_재료가 신선해요_가성비가 좋아요_인테리어가 멋져요_매장이 넓어요_
1496549723,sdy6332,아니여기진짜레알맛있음장난이아니에요여기인기없었우면좋겠어요웨이팅하기싫어서수제버거집중에제일맛있는듯존맛탱구리,2026년 6월 6일 토요일,음식이 맛있어요_양이 많아요_가성비가 좋아요_인테리어가 멋져요_친절해요_
1496549723,han****,전북대근처코지버거~첫방문인데메뉴다맛있고가격도저렴했어요재방문하고싶어요!!,2026년 6월 6일 토요일,음식이 맛있어요_재료가 신선해요_친절해요_
1496549723,오상준84,전북대근처코지버거~첫방문인데메뉴다맛있고가격도저렴했어요재방문하고싶어요!!,2026년 6월 6일 토요일,음식이 맛있어요_재료가 신선해요_가성비가 좋아요_양이 많아요_
1496549723,4하하하123,맛있어요,2026년 6월 6일 토요일,음식이 맛있어요_재료가 신선해요_친절해요_
1496549723,yun****,맛잇어요,2026년 6월 5일 금요일,음식이 맛있어요_
1496549723,SH10,분위기도맛도만점!!수제버거가성비갑!!,2026년 6월 5일 금요일,음식이 맛있어요_
1496549723,원스8,대존맛...이것이전국8위의맛패티와빵은충분히두꺼우면서도느끼하지않고소스는새콤달콤하면서도과하지않은맛..갈릭프렌치프라이는금상첨화...전국10강은이정도하는것인가..대인정,2026년 6월 4일 목요일,음식이 맛있어요_양이 많아요_특별한 메뉴가 있어요_가성비가 좋아요_메뉴 구성이 알차요_
1496549723,형민19,정말맛있어요!,2026년 6월 4일 목요일,음식이 맛있어요_재료가 신선해요_고기 질이 좋아요_인테리어가 멋져요_
1496549723,나민하,올때마다더맛있어져요!버거위크라서할인된가격으로먹었어요🫶🏻😻다음에또올게요~,2026년 6월 4일 목요일,음식이 맛있어요_가성비가 좋아요_특별한 메뉴가 있어요_친절해요_특별한 날 가기 좋아요_
1496549723,도수민54,친구들과같이먹었어요!!운이좋아서바로입장했는데저희뒤에바로웨이팅생겼어요.수제버거패티도너무맛있고물리지않는맛이에요!!햄버거땡기는날에는무조건올것같아요!,2026년 6월 4일 목요일,음식이 맛있어요_재료가 신선해요_특별한 메뉴가 있어요_가성비가 좋아요_고기 질이 좋아요_
1496549723,박현경79,지짜맛잇오요ㅠㅠㅠ,2026년 6월 4일 목요일,음식이 맛있어요_재료가 신선해요_양이 많아요_인테리어가 멋져요_혼밥하기 좋아요_
1496549723,달12,매장분위기가너무좋아요~~음식도너무맛있고요전북대의자랑입니다^^,2026년 6월 3일 수요일,음식이 맛있어요_재료가 신선해요_특별한 메뉴가 있어요_매장이 넓어요_인테리어가 멋져요_
1496549723,steven21,역시나너무너무맛있습니다!항상맛나게잘먹고있습니다감사합니다,2026년 6월 3일 수요일,음식이 맛있어요_재료가 신선해요_인테리어가 멋져요_친절해요_
1496549723,sub****,전국에서버거대회8위한곳이전주에있다고해서왔어요정말좋네요!!진짜맛있어서다음에또오려고요ㅠㅠㅠ,2026년 6월 3일 수요일,음식이 맛있어요_재료가 신선해요_인테리어가 멋져요_매장이 넓어요_매장이 청결해요_
1496549723,준빵170,항상맛있게잘먹고갑니다!,2026년 6월 3일 수요일,음식이 맛있어요_
1496549723,란초너,짱맛있어요!!!,2026년 6월 3일 수요일,음식이 맛있어요_인테리어가 멋져요_매장이 넓어요_
1496549723,yj2****,맛있습니당,2026년 6월 2일 화요일,인테리어가 멋져요_단체모임 하기 좋아요_혼밥하기 좋아요_양이 많아요_특별한 메뉴가 있어요_
1496549723,정태경11,엄청맛있어요^^벌써2번째방문이에요,2026년 6월 2일 화요일,음식이 맛있어요_재료가 신선해요_양이 많아요_가성비가 좋아요_
1496549723,주노9716,맛있게잘먹었습니다!,2026년 6월 2일 화요일,음식이 맛있어요_인테리어가 멋져요_친절해요_매장이 청결해요_
1496549723,별내율무,맛굿친절해요,2026년 6월 2일 화요일,음식이 맛있어요_재료가 신선해요_양이 많아요_특별한 메뉴가 있어요_가성비가 좋아요_
1496549723,박세미77,전주수제버거맛집~프랜차이즈안가고앞으로햄버거는여기서먹어야지🥰,2026년 6월 1일 월요일,음식이 맛있어요_양이 많아요_특별한 메뉴가 있어요_인테리어가 멋져요_음악이 좋아요_
1496549723,수카바티,전북대편입하고행복한이유가좋은학교에온것도있겠지만코지버거가있어서입니다!!개인적으로양파추가하고먹으면더맛있더라고요다들양파추가해서드셔보십쇼,2026년 6월 1일 월요일,음식이 맛있어요_재료가 신선해요_메뉴 구성이 알차요_친절해요_매장이 청결해요_
1496549723,bom14,저녁에가서많이안기다리고먹었어요!안짜고넘맛있어요!!,2026년 5월 31일 일요일,음식이 맛있어요_재료가 신선해요_친절해요_
1496549723,이채림3,역시전북대맛집이네요!!코지버거너무맛있어요!직원들도친절하고버거도꽤커요,2026년 5월 31일 일요일,음식이 맛있어요_재료가 신선해요_양이 많아요_혼밥하기 좋아요_
1496549723,개짱쎈닉네임,주4회햄버거를먹는햄진남과같이와서먹었는데햄진남도만족하고저도만족했어요!!수제버거인데도가격도좋고넘맛있어요추천합니다♥♥,2026년 5월 31일 일요일,음식이 맛있어요_재료가 신선해요_가성비가 좋아요_컨셉이 독특해요_사진이 잘 나와요_
1496549723,dah****,맛있어요자극적이지않고실내도좋아요,2026년 5월 30일 토요일,음식이 맛있어요_재료가 신선해요_양이 많아요_매장이 넓어요_혼밥하기 좋아요_
1496549723,요괴 명키,맛있어요자극적이지않고실내도좋아요,2026년 5월 30일 토요일,음식이 맛있어요_재료가 신선해요_매장이 넓어요_혼밥하기 좋아요_단체모임 하기 좋아요_
1496549723,전기담요,진짜엄청나게맛있어요먹어본버거중최고!에요!!,2026년 5월 30일 토요일,음식이 맛있어요_재료가 신선해요_
1496549723,Yooooooon52,너무맛있게잘먹었습니다!!졸업하고먹어도존맛,2026년 5월 29일 금요일,음식이 맛있어요_재료가 신선해요_고기 질이 좋아요_친절해요_매장이 청결해요_
1496549723,예빈15,깔끔하게맛있어요!시간잘맞추면웨이팅없이먹을수있어요!,2026년 5월 29일 금요일,음식이 맛있어요_인테리어가 멋져요_매장이 청결해요_친절해요_
1496549723,k12****,버거가맛있어서재방문했어요,2026년 5월 29일 금요일,음식이 맛있어요_매장이 넓어요_친절해요_
1496549723,맛있는걸정말참을수없어,여기햄버거맛있어용,2026년 5월 29일 금요일,재료가 신선해요_음식이 맛있어요_양이 많아요_
1496549723,111111111182,포장으로먹어봤는데대박입니다꼭가서도먹어봐야겠어요,2026년 5월 28일 목요일,음식이 맛있어요_재료가 신선해요_
1496549723,아힝흥헹155,너무맛있는더블버거계란과양파추가,2026년 5월 28일 목요일,음식이 맛있어요_특별한 메뉴가 있어요_
1496549723,정민혁8127,진짜너무맛잇어요,2026년 5월 28일 목요일,음식이 맛있어요_재료가 신선해요_양이 많아요_특별한 메뉴가 있어요_고기 질이 좋아요_
1496549723,리몽S2,디럭스버거랑더블버거먹었는데왕우마.초초초초우마.집앞이었으면일주일에한번은먹었음.,2026년 5월 28일 목요일,음식이 맛있어요_재료가 신선해요_
1496549723,오애오니,처음방문했는데너무맛있어요!!고기의육즙이미쳤고그냥고기로배채워서행복함🥹,2026년 5월 28일 목요일,음식이 맛있어요_특별한 메뉴가 있어요_인테리어가 멋져요_
1496549723,진천맛집탐방,너무노무맛있었습니당수제버거먹고싶을때마다방문할게요,2026년 5월 28일 목요일,음식이 맛있어요_재료가 신선해요_양이 많아요_고기 질이 좋아요_인테리어가 멋져요_
1534410624,후하70,전북대최고맛집나중에졸업하면가장생각날곳top2맛양질뭐하나완벽하지않은게없음하나바라는게있다면작년시즌메뉴였던그리스식샐러드다시내주시면안되나요??,2026년 6월 14일 일요일,음식이 맛있어요_재료가 신선해요_양이 많아요_특별한 메뉴가 있어요_메뉴 구성이 알차요_
1534410624,940****,전북대최고맛집!!!이번주에도두번왔어요><,2026년 6월 14일 일요일,음식이 맛있어요_재료가 신선해요_양이 많아요_특별한 메뉴가 있어요_
1534410624,Joo58z60,다이어트중인데깔끔하고모든메뉴가너무맛잇어보여요ㅠㅠ,2026년 6월 13일 토요일,음식이 맛있어요_재료가 신선해요_인테리어가 멋져요_매장이 넓어요_친절해요_
1534410624,Qjtmqhfvps293,정~말맛있어.제발옥수수스프정식출시를해주세요제발옥수수스프를출시해주세요잘못쓴게아니라너무간절해서두번썼어요제발옥수수스프를출시해주세요헥헥말이필요없는전주최고의샐러드집입니다프렌차이즈가맹비내는유사샐러드집을다후두려팰수있는맛집이에요정~~말맛있어그냥샐러드먹고싶으면무적권여기로오세여진짜에요,2026년 6월 13일 토요일,음식이 맛있어요_양이 많아요_재료가 신선해요_특별한 메뉴가 있어요_가성비가 좋아요_
1534410624,aia****,너무맛잇어요!!!!!,2026년 6월 13일 토요일,음식이 맛있어요_재료가 신선해요_양이 많아요_특별한 메뉴가 있어요_
1534410624,JJJJ58,샐러드가넘마싯고진짜양도많아요ㅠㅠㅠ,2026년 6월 11일 목요일,음식이 맛있어요_재료가 신선해요_양이 많아요_인테리어가 멋져요_혼밥하기 좋아요_
1534410624,l0veform,넘넘맛있어요다이어트맛있게하고싶을때꼭와요!♥,2026년 6월 11일 목요일,음식이 맛있어요_재료가 신선해요_양이 많아요_특별한 메뉴가 있어요_혼밥하기 좋아요_
1534410624,kps****,샐러드가너무너무맛있어서광주에서와써요!!!,2026년 6월 11일 목요일,음식이 맛있어요_
1534410624,꾸용16,ㅎㅎ맛있어용ㅎㅎ,2026년 6월 11일 목요일,음식이 맛있어요_재료가 신선해요_
1534410624,맞춤법지키자,맛과건강을함께챙길수있는곳☺️쾌적한공간이라서먹기에도편해요!,2026년 6월 11일 목요일,음식이 맛있어요_재료가 신선해요_인테리어가 멋져요_매장이 청결해요_
1534410624,줌마웃음,맛양퀄리티최고,2026년 6월 11일 목요일,음식이 맛있어요_재료가 신선해요_양이 많아요_
1534410624,곤9696,다이어트하는데맛나구건강하게맛있게먹을땐이너프!야채도많이주시고넘좋아요🩷,2026년 6월 11일 목요일,음식이 맛있어요_재료가 신선해요_인테리어가 멋져요_
1534410624,iri****,맛있어용!,2026년 6월 11일 목요일,음식이 맛있어요_재료가 신선해요_가성비가 좋아요_친절해요_
1534410624,마싯는게조아ㅎ,전북대오면항상들르는샐러드최고봉이너프,2026년 6월 11일 목요일,음식이 맛있어요_재료가 신선해요_양이 많아요_혼밥하기 좋아요_친절해요_
1534410624,sh2da,샐러드가먹고싶을때마다옵니다.정말양도많고신선해요!,2026년 6월 11일 목요일,음식이 맛있어요_재료가 신선해요_양이 많아요_매장이 청결해요_친절해요_
1534410624,qor****,최애샐러드집입니다💯💯💯💯,2026년 6월 11일 목요일,음식이 맛있어요_재료가 신선해요_
1534410624,지현1478,학교다닐때많이왔었던추억으로오랜만에방문했습니다!여전히맛있어서추천드립니다!다른곳은잘없는커스텀이있어서좋아요,2026년 6월 11일 목요일,음식이 맛있어요_메뉴 구성이 알차요_혼밥하기 좋아요_
1534410624,Pearla,이너프샐러스맛있어용!!!,2026년 6월 11일 목요일,음식이 맛있어요_재료가 신선해요_특별한 메뉴가 있어요_가성비가 좋아요_
1534410624,신브리,항상샐러드가먹고싶을땐여기와서구매해서먹어요~다른데에서도먹어봤지만여기만큼만족스러운데는없는것같아요!!,2026년 6월 11일 목요일,음식이 맛있어요_재료가 신선해요_양이 많아요_혼밥하기 좋아요_매장이 청결해요_
1534410624,wys****,신선하고맛있어요!,2026년 6월 11일 목요일,음식이 맛있어요_재료가 신선해요_건강한 맛이에요_
1534410624,날아라뿌숑,오랜만에들기름메밀면먹고싶고해서들렀어요여전히깔끔깔끔맛있어요😍,2026년 6월 11일 목요일,음식이 맛있어요_재료가 신선해요_특별한 메뉴가 있어요_가성비가 좋아요_차분한 분위기예요_
1534410624,do10000sik,건강하게먹고싶을때마다들르는이너프샐러드옥수수스프도새로출시한것같아서주문해봤어요🎵,2026년 6월 11일 목요일,음식이 맛있어요_재료가 신선해요_건강한 맛이에요_인테리어가 멋져요_혼밥하기 좋아요_
1534410624,팬더684,양도엄청많고다이어트하기딱좋은거같아요!!음식남으면포장도가능해서좋은거같아요!!직원분들도너무친절하세요!!,2026년 6월 11일 목요일,재료가 신선해요_양이 많아요_혼밥하기 좋아요_친절해요_매장이 청결해요_
1534410624,오수연3846,샐러드생각날때마다거의매주오는것같아요!토핑도다양하고커스텀해서먹을수있어서너무좋습니당전북대생이라면이너프로!!,2026년 6월 11일 목요일,음식이 맛있어요_재료가 신선해요_가성비가 좋아요_혼밥하기 좋아요_포장이 깔끔해요_
1534410624,핑핑이00,브로콜리구워주시는거너무맛있는것같아요!메밀면도너무맛있습니당,2026년 6월 11일 목요일,음식이 맛있어요_재료가 신선해요_양이 많아요_매장이 넓어요_혼밥하기 좋아요_
1534410624,째온70,맛있어요!!브로콜리구워지는걸로바뀌어서너무좋아용,2026년 6월 11일 목요일,음식이 맛있어요_재료가 신선해요_양이 많아요_
1534410624,NO걱정,맛있다고해서와봤어요맛있어요!!푸짐해요!!,2026년 6월 10일 수요일,음식이 맛있어요_재료가 신선해요_양이 많아요_특별한 메뉴가 있어요_가성비가 좋아요_
1534410624,kms****,너무맛잇어요!!!양도많아서너무좋아요!!,2026년 6월 10일 수요일,음식이 맛있어요_재료가 신선해요_인테리어가 멋져요_
1534410624,박예은140,우앙진자맛잇어요!,2026년 6월 10일 수요일,음식이 맛있어요_재료가 신선해요_인테리어가 멋져요_매장이 넓어요_
1534410624,3 301,ㅈㅉ마싯듬,2026년 6월 10일 수요일,음식이 맛있어요_
1534410624,ban****,좋아하는재료만골라서먹을수있어서좋아요!,2026년 6월 10일 수요일,음식이 맛있어요_재료가 신선해요_양이 많아요_
1534410624,hsj****,넘넘맛있어여ㅎㅎ배달로만시키다가직접매장와서먹으니신선하고좋네요ㅎㅎ,2026년 6월 10일 수요일,음식이 맛있어요_재료가 신선해요_양이 많아요_
1534410624,소영맘25,맛있어요~,2026년 6월 10일 수요일,음식이 맛있어요_재료가 신선해요_양이 많아요_혼밥하기 좋아요_친절해요_
1534410624,오3535,맛있어용,2026년 6월 10일 수요일,음식이 맛있어요_재료가 신선해요_양이 많아요_친절해요_매장이 청결해요_
1534410624,hyb****,맛있어용,2026년 6월 10일 수요일,양이 많아요_음식이 맛있어요_재료가 신선해요_
1534410624,정현7695,너무맛있습니다!!최고의북대샐러드가게!!!,2026년 6월 10일 수요일,음식이 맛있어요_재료가 신선해요_양이 많아요_특별한 메뉴가 있어요_가성비가 좋아요_
1534410624,Choizon,샐러드먹고싶을때마다가요!항상신선하고맛있어요,2026년 6월 9일 화요일,음식이 맛있어요_재료가 신선해요_양이 많아요_건강한 맛이에요_
1534410624,hye****,샐러드먹고싶을때마다가요!항상신선하고맛있어요,2026년 6월 9일 화요일,음식이 맛있어요_재료가 신선해요_양이 많아요_특별한 메뉴가 있어요_인테리어가 멋져요_
1534410624,냠냠이무무,맛있어용,2026년 6월 9일 화요일,음식이 맛있어요_재료가 신선해요_혼밥하기 좋아요_매장이 청결해요_
1534410624,Moon044y,같이준옥수수스프도너무맛있어요!,2026년 6월 9일 화요일,음식이 맛있어요_재료가 신선해요_
1534410624,ban****,샐러드맛있어요!,2026년 6월 9일 화요일,음식이 맛있어요_재료가 신선해요_양이 많아요_인테리어가 멋져요_
1534410624,Whereat,야채도신선하고구성이엄청알차요!!!샐러드는항상이너프샐러드에서먹숩미자…,2026년 6월 9일 화요일,음식이 맛있어요_재료가 신선해요_양이 많아요_가성비가 좋아요_메뉴 구성이 알차요_
1534410624,꿈은 이루어진다14,몇년째단골이에요배달이나포장해서주로먹는데ㅜ오늘은간만에매장에서먹네요파스타샐러드강추합니다!!!,2026년 6월 9일 화요일,음식이 맛있어요_재료가 신선해요_양이 많아요_특별한 메뉴가 있어요_혼밥하기 좋아요_
1534410624,zzoluv49,오늘도깔끔하게이너프당첨,2026년 6월 9일 화요일,음식이 맛있어요_친절해요_
1534410624,까꿍765,이너프늘맛있어요!!리코타랑견과류같이먹으면너무맛있어요,2026년 6월 9일 화요일,음식이 맛있어요_재료가 신선해요_양이 많아요_
1534410624,icecream1420,이너프먹은뒤로다른샐러드는안먹어요..ㅠㅠ메뉴도다양하고양이진짜많아서두명이나눠먹어도ㄷ될정도고맛있어요ㅠㅠ전주에이런샐러드집이있어서넘좋습니다최고,2026년 6월 9일 화요일,양이 많아요_음식이 맛있어요_재료가 신선해요_특별한 메뉴가 있어요_혼밥하기 좋아요_
1534410624,Hanna03,맛있었어요!,2026년 6월 9일 화요일,음식이 맛있어요_
1534410624,oowz,이너프샐러드최고코끼리가될것같아요,2026년 6월 8일 월요일,음식이 맛있어요_재료가 신선해요_양이 많아요_특별한 메뉴가 있어요_인테리어가 멋져요_
1534410624,닉네임뭐할래,오늘도너무맛있어요~!리뷰이벤트로받은스프도잘먹었습니다><,2026년 6월 8일 월요일,음식이 맛있어요_재료가 신선해요_양이 많아요_친절해요_매장이 청결해요_
1534410624,min****,늘맛있게먹고있고양도진짜많아서두끼로나눠먹을때도있음전주에서가장가성비좋고맛있는샐러드라고생각함드레싱도저당이라서부담스럽지않아서너무좋음,2026년 6월 8일 월요일,음식이 맛있어요_재료가 신선해요_양이 많아요_건강한 맛이에요_가성비가 좋아요_
1534410624,얼루룩덜루룩,양도많도신선해요~브로콜리를구우면이렇게맛있는지처음알았어요!!!같이나온스프도정말맛있었습니다잘먹었습니다~,2026년 6월 8일 월요일,재료가 신선해요_건강한 맛이에요_매장이 청결해요_
1534410624,7786,처음와봤는데너무깔끔하고맛있어요!!!다음에또올게요,2026년 6월 8일 월요일,음식이 맛있어요_재료가 신선해요_건강한 맛이에요_친절해요_매장이 청결해요_
1534410624,사카감바스피스,채소가신선하고간이잘되어있어서맛있어요!가볍게한끼먹기에아주추천합니다.버섯과가지구이샐러드추천,2026년 6월 8일 월요일,음식이 맛있어요_재료가 신선해요_양이 많아요_혼밥하기 좋아요_매장이 청결해요_
1534410624,우와아2,샐러드먹으면항상여기서먹어용양도적당하구맛있어욤:),2026년 6월 8일 월요일,음식이 맛있어요_재료가 신선해요_
1534410624,tiu****,이너프말고다른샐러드는성에안차요ㅠ너무맛나고양도많습니다!❤️,2026년 6월 8일 월요일,음식이 맛있어요_재료가 신선해요_양이 많아요_특별한 메뉴가 있어요_매장이 넓어요_
1534410624,whi****,추천받아서왔는데목살이진짜맛있어요~샐러드맛집이에요!,2026년 6월 8일 월요일,음식이 맛있어요_매장이 넓어요_매장이 청결해요_
1534410624,쑨메이,속편한한끼식사로대만족..,2026년 6월 8일 월요일,양이 많아요_혼밥하기 좋아요_친절해요_
1534410624,이정재8821,맛있어요~,2026년 6월 8일 월요일,음식이 맛있어요_
1534410624,22물리 나규연34,완전건강식맛있어요!!,2026년 6월 8일 월요일,음식이 맛있어요_재료가 신선해요_양이 많아요_
1534410624,루이디,이너프샐러드언제와도맛있는맛~자주이용해요!,2026년 6월 8일 월요일,음식이 맛있어요_재료가 신선해요_양이 많아요_가성비가 좋아요_차분한 분위기예요_
1534410624,비비비B빅,오랜만에왔는데샐러드는역시이너프,2026년 6월 8일 월요일,음식이 맛있어요_재료가 신선해요_양이 많아요_
1534410624,야아아악,샐러드를평소에좋아해서먹고싶었는데타이밍이계속안맞아못먹다가드디어첫방문을했습니다.혼자나여럿이도오기좋았고커스텀도가능해서다음엔커스텀을도전해볼고요🥰양도많아서좋았습니다!,2026년 6월 8일 월요일,음식이 맛있어요_재료가 신선해요_메뉴 구성이 알차요_혼밥하기 좋아요_
1534410624,ski****,좋아여,2026년 6월 8일 월요일,음식이 맛있어요_재료가 신선해요_
1534410624,wnx,맛있어서자주이용하고있어요.재료가신선하고옵션이다양해자주찾게돼요.,2026년 6월 7일 일요일,음식이 맛있어요_특별한 메뉴가 있어요_양이 많아요_재료가 신선해요_
1534410624,티끌6,올때마다너무맛있게먹고있습니다!!,2026년 6월 7일 일요일,음식이 맛있어요_재료가 신선해요_양이 많아요_매장이 청결해요_
1534410624,Euue,배달로도자주시켜먹는곳인데매장에서먹으니까더맛있어요!!,2026년 6월 7일 일요일,음식이 맛있어요_재료가 신선해요_양이 많아요_
1534410624,금자씨33,언제나맛있고신선한이너프샐러드~~오늘도잘먹고갑니다💚🫧,2026년 6월 7일 일요일,음식이 맛있어요_재료가 신선해요_친절해요_매장이 청결해요_
1534410624,dazzlee12,건강하고가성비짱인샐러드맛집✨타지인들에게꼭추천하는전주인찐맛집💕,2026년 6월 7일 일요일,음식이 맛있어요_재료가 신선해요_가성비가 좋아요_양이 많아요_혼밥하기 좋아요_
1534410624,한결00,오처음방문했는데진짜맛있어요!!버섯가지어떻게꾸우셨지..짱맛..👍🏻,2026년 6월 7일 일요일,음식이 맛있어요_재료가 신선해요_양이 많아요_특별한 메뉴가 있어요_혼밥하기 좋아요_
1534410624,Renaissance456,항상언제가도맛있네요잘먹고갑니다,2026년 6월 6일 토요일,음식이 맛있어요_인테리어가 멋져요_매장이 넓어요_친절해요_매장이 청결해요_
1534410624,gamulchii,샐러드항상맛있게먹는곳입니다.강추!!!!!,2026년 6월 6일 토요일,음식이 맛있어요_재료가 신선해요_양이 많아요_건강한 맛이에요_메뉴 구성이 알차요_
1534410624,요니요니0509,너무맛있었어요!!!,2026년 6월 6일 토요일,음식이 맛있어요_재료가 신선해요_
1534410624,zzoluv49,오늘두이너프~~신선한재료로건강챙겨요,2026년 6월 6일 토요일,음식이 맛있어요_친절해요_
1534410624,rud****,샐러드최애맛집이너프샐러드…!!!!벌써nn번째방문입니당🥹너무너무너무맛있어요,2026년 6월 6일 토요일,양이 많아요_재료가 신선해요_음식이 맛있어요_가성비가 좋아요_매장이 청결해요_
1534410624,윤민재 개인60,샐러드는역시이너프샐러드완전히만족,2026년 6월 6일 토요일,음식이 맛있어요_재료가 신선해요_양이 많아요_혼밥하기 좋아요_매장이 넓어요_
1534410624,요리보고조리보고넵,언제먹어도맛있어요!야채너무신선하고샐러드구성도주기적으로바꿔서신경쓰시는게잘보이는가게입니다~~전주에서샐러드여기가제일맛있어요ㅠㅠ지점많이내주시면좋을거같아요ㅎㅎ다음에또올게요!,2026년 6월 6일 토요일,재료가 신선해요_음식이 맛있어요_양이 많아요_메뉴 구성이 알차요_건강한 맛이에요_
1534410624,ldb****,건강하게먹고싶은날꼭찾는식당이에요!!왕추천드립니당,2026년 6월 6일 토요일,음식이 맛있어요_재료가 신선해요_양이 많아요_건강한 맛이에요_친절해요_
1534410624,xi907,넘무맛있어요최고에오,2026년 6월 6일 토요일,재료가 신선해요_음식이 맛있어요_양이 많아요_
1534410624,Sherrycherry15,코끼리밥만큼많이나와요!연어샐러드랑부채랑꼭드셔보세요!,2026년 6월 6일 토요일,음식이 맛있어요_재료가 신선해요_양이 많아요_특별한 메뉴가 있어요_메뉴 구성이 알차요_
1534410624,ye0nuo,전주최고샐러드맛집은단연컨대이너프입니다!!!🥹👍🏻전주사는데여기안와봤다면정말손해..재료도신선하고양도많아요!!원래는메밀면좋아하는데부채살도전해보니까부채살이정말맛있네요…그리고리뷰이벤트로주신옥수수스프도시원하고너무맛나요…ㅜㅠ맨날사먹긴비싸서그렇지돈만많으면매일먹을거같네요..다들꼭부채살드십쇼!매장도청결하고알바생분들도친절하세요!이너프체고👊🏻,2026년 6월 6일 토요일,음식이 맛있어요_재료가 신선해요_양이 많아요_매장이 넓어요_매장이 청결해요_
1534410624,이 민 형71,그냥말이필요없는곳이에용신선하고맛있고..옥수수스프넘맛잇는데판매는안하시나뉴ㅠㅠㅠ,2026년 6월 6일 토요일,음식이 맛있어요_재료가 신선해요_양이 많아요_매장이 청결해요_
1534410624,트윙클탱,샐러드는이너프샐러드가젤맛있어요🥹,2026년 6월 6일 토요일,음식이 맛있어요_재료가 신선해요_
1534410624,als****,넘맛잇더용~~,2026년 6월 6일 토요일,재료가 신선해요_음식이 맛있어요_
1534410624,qor****,최애샐러드집,2026년 6월 6일 토요일,음식이 맛있어요_재료가 신선해요_
1534410624,seu****,언제먹어도맛있는집이에요전북대올때마다오게되네요,2026년 6월 6일 토요일,음식이 맛있어요_재료가 신선해요_양이 많아요_특별한 메뉴가 있어요_가성비가 좋아요_
1534410624,하마3567,가격도저렴한편인데엄청양도많고맛있오요!항상잘먹고있습니다ㅎㅎ,2026년 6월 6일 토요일,음식이 맛있어요_
1534410624,짭쪼롬한오후전북대점,매장이깔끔하고청결합니다.재료가신선하고맛있어요!저와아이가좋아하는샐러드맛집이에요♡자주이용할게요~~,2026년 6월 6일 토요일,음식이 맛있어요_재료가 신선해요_매장이 청결해요_친절해요_혼밥하기 좋아요_
1534410624,우유무사,하루종일바쁠날이라점심에먹을샐러드사러왔어요~주문번호1번!!ㅎㅎ이너프가있어든든합니다~,2026년 6월 6일 토요일,음식이 맛있어요_재료가 신선해요_양이 많아요_매장이 넓어요_혼밥하기 좋아요_
1534410624,Chopanda,샐러드커스텀해서먹을수있구소스두너무맛있어서좋아요오!!맛있게먹었습니당!!,2026년 6월 5일 금요일,음식이 맛있어요_재료가 신선해요_가성비가 좋아요_혼밥하기 좋아요_친절해요_
1534410624,콩지7886,항상재료도너무신선하고맛있어요식단할때늘먹어요맛있어요,2026년 6월 5일 금요일,음식이 맛있어요_재료가 신선해요_혼밥하기 좋아요_친절해요_매장이 청결해요_
1534410624,하하하하하하하하하하45,항상맛있게먹네요,2026년 6월 5일 금요일,음식이 맛있어요_재료가 신선해요_양이 많아요_특별한 메뉴가 있어요_가성비가 좋아요_
1534410624,jhp****,항상신선하고맛있어요!,2026년 6월 5일 금요일,음식이 맛있어요_재료가 신선해요_양이 많아요_
1534410624,강수구,점심시간에는웨이팅있어못먹었는데드디어먹어봅니다ㅜㅜ샐러드만으로도배부르고(양심의가책없이)맛있어서좋습니다버섯목살들기름시켜서나눠먹으니고기파티하고면도먹는것같아서좋아요..ㅎ,2026년 6월 5일 금요일,음식이 맛있어요_재료가 신선해요_양이 많아요_특별한 메뉴가 있어요_
1534410624,뽀글맘38,너무맛있어요다른곳보다확실히양많고맛있음!!,2026년 6월 5일 금요일,음식이 맛있어요_재료가 신선해요_양이 많아요_특별한 메뉴가 있어요_매장이 넓어요_
1534410624,hw02,항상잘먹고갑니당,2026년 6월 5일 금요일,음식이 맛있어요_재료가 신선해요_양이 많아요_
1534410624,knh****,항상믿고먹는이너프!좀비싸져서아쉽지만그래도맛있어서자주와요:),2026년 6월 5일 금요일,재료가 신선해요_음식이 맛있어요_
1534410624,각쩨,양많고맛잇어요!!!!그리고재료들이굉장히신선하게느껴졌어요아삭아삭,2026년 6월 5일 금요일,음식이 맛있어요_양이 많아요_재료가 신선해요_
1534410624,서기의기록,북대샐러드맛집이너프샐러드강추!,2026년 6월 5일 금요일,음식이 맛있어요_재료가 신선해요_양이 많아요_친절해요_매장이 청결해요_
1534410624,띠린,진짜전주에서1등이에요!!!😄😄,2026년 6월 5일 금요일,음식이 맛있어요_재료가 신선해요_양이 많아요_가성비가 좋아요_
1534410624,어디든지21,너무맛있어요ㅜㅜ샐러드는이너프가최고예요,2026년 6월 5일 금요일,음식이 맛있어요_재료가 신선해요_가성비가 좋아요_메뉴 구성이 알차요_
1036508971,삶은감자2832,집근처라가끔오는데매번올때마다만족하고가요~맛도분위기도모두좋아요~^^,2026년 6월 9일 화요일,음식이 맛있어요_재료가 신선해요_가성비가 좋아요_건강한 맛이에요_
1036508971,서울대가자,도심에서즐기는멋스러운맛감사합니다,2026년 6월 5일 금요일,음식이 맛있어요_인테리어가 멋져요_매장이 청결해요_
1036508971,냥집사9019,너무맛잇고친절해여!!런치b주문했고식전빵에스테이크야채굽기도예술이에용ㅡ파스타도대만족!!저는오늘이첫방문인데재방문할만해여ㅎㅎ,2026년 5월 28일 목요일,음식이 맛있어요_재료가 신선해요_특별한 메뉴가 있어요_가성비가 좋아요_인테리어가 멋져요_
1036508971,GCZ056,부모님이랑할머니할아버지모시고오기참좋은곳입니다!로제파스타가맛있어서오늘은두개나시켜서먹었는데여전히맛있더라구요.잘먹었습니다!,2026년 5월 27일 수요일,음식이 맛있어요_인테리어가 멋져요_
1036508971,hjc****,저번에방문했다가재방문입니다!저번에는평일런치에왔었는데이번에는디너에방문했어요ㅎㅎ스테이크가갑자기생각나서방문했는데좀늦은시간에방문했는데도친절하게맞이해주셨어요!부채살스테이크김치베이컨필라크알리오올리오세가지메뉴다맛있었어요!!다른레스토랑과는좀다른데맛있어요!특이하면서도아주맛있게먹었어요ㅎ다음에또방문할게요~,2026년 5월 25일 월요일,음식이 맛있어요_고기 질이 좋아요_인테리어가 멋져요_매장이 넓어요_음악이 좋아요_
1036508971,ko0****,스테이크무조건먹어야해요!!A정식가성비짱에맛도짱!!,2026년 5월 25일 월요일,음식이 맛있어요_양이 많아요_특별한 메뉴가 있어요_가성비가 좋아요_인테리어가 멋져요_
1036508971,lavender07,가게예쁘고맛있어요~,2026년 5월 25일 월요일,음식이 맛있어요_재료가 신선해요_인테리어가 멋져요_매장이 청결해요_화장실이 깨끗해요_
1036508971,tot****,배달시켜먹다가아이가꼭매장에와보고싶다고해서방문했어요매장이조용하고직원분친절하시네요!입이짧은아이인데스테이크맛있다고혼자다먹어서재방문의사100%입니다,2026년 5월 23일 토요일,음식이 맛있어요_친절해요_
1036508971,도전9,세트메뉴로주문했는데파스타스테이크다너무맛잇게먹엇어요!!분위기도좋아데이트로굿!!,2026년 5월 23일 토요일,음식이 맛있어요_인테리어가 멋져요_친절해요_매장이 청결해요_
1036508971,몰봐79,맛있어요분위기도좋음!,2026년 5월 10일 일요일,대화하기 좋아요_아늑해요_음식이 맛있어요_재료가 신선해요_친절해요_
1003090099,pin****,주차할수있어서좋았고생강차토피넛라떼샷추가모두맛있었어요!,2026년 5월 20일 수요일,커피가 맛있어요_주차하기 편해요_
1003090099,Sprout,#라즈베리생크림브라우니(0.6)#토피넛밀크(0.51)#하우스캐러멜라떼(0.58)캐러멜라떼best메뉴라서주문해봤는데많이안달아서좋았습니다브라우니도토피넛밀크도전부적당한단맛이라부담없이먹구가요~🍫✨,2026년 5월 8일 금요일,뷰가 좋아요_
1003090099,갱갱이님,한잔테이크아웃인데진짜순서대로다해주시니시간이많이걸렸어요~고속버스타야는데조바심났어요~~친절하세요,2026년 4월 19일 일요일,차분한 분위기예요_매장이 청결해요_좌석이 편해요_
1003090099,처음열매,말린생강차따뜻하게마셨는데별로에요~😒,2026년 3월 26일 목요일,차분한 분위기예요_
1003090099,딸기6253,딸기케이크음..시트랑크림이랑따로놀음,2026년 3월 15일 일요일,차분한 분위기예요_
1003090099,솜망방이,고속터미널앞에이런카페가있는줄은몰랐어요..!서울가기전에시간있어서방문했는데딸기케이크도맛있고커피도맛있네요딸기가엄청실하구달아요겨울이면꼭드셔보세요🍓터미널이용하면서같이이용하기에너무좋아용,2026년 3월 8일 일요일,커피가 맛있어요_디저트가 맛있어요_차분한 분위기예요_
1003090099,hye****,딸기주스시켰는데냉동딸기가아니라생딸기가갈려서나와요5500₩,2026년 1월 27일 화요일,재료가 신선해요_인테리어가 멋져요_차분한 분위기예요_
1003090099,라일락여행공작소,전주터미널왔다가버스시간보다여유가있어커피한잔하러왔는데딸기케익비싸지만달지않고맛있었어요라떼도좋고음악도잔잔한캐롤송볼륨도알맞아거스림없이잘쉬다욌어요,2025년 12월 24일 수요일,커피가 맛있어요_디저트가 맛있어요_아늑해요_차분한 분위기예요_
1003090099,먹는게젤좋은사람,딸케조온맛...🩷🩷🍓,2025년 12월 9일 화요일,커피가 맛있어요_디저트가 맛있어요_뷰가 좋아요_차분한 분위기예요_친절해요_
1003090099,gon****,딸기시즌에는무조건꼭!방문하는곳~,2025년 11월 26일 수요일,디저트가 맛있어요_친절해요_
2065226658,sim****,늦게까지도하구너무좋앗어요ㅎㅎㅎ추투,2026년 6월 15일 월요일,음식이 맛있어요_기본 안주가 좋아요_술이 다양해요_
2065226658,yry****,너무좋아요!!!,2026년 6월 15일 월요일,음식이 맛있어요_
2065226658,01111103,안주랑분위기랑너무맛있게잘먹었어요많이먹게되네요,2026년 6월 15일 월요일,음식이 맛있어요_기본 안주가 좋아요_
2065226658,aji****,음식도너무맛있고직원분들도너무친절해용가게분위기가너무좋아욤💕💕,2026년 6월 15일 월요일,음식이 맛있어요_기본 안주가 좋아요_음악이 좋아요_인테리어가 멋져요_
2065226658,gks****,강아지데리고왔는데도친절하게안내해주셔서편하게먹을수있었어요감사합니다😊,2026년 6월 14일 일요일,음식이 맛있어요_술이 다양해요_친절해요_매장이 청결해요_화장실이 깨끗해요_
2065226658,이몬돌27,새로오픈이라방문했어요!전통주종류도다양하고안주도맛있어요ㅎㅎ서비스과일도감사합니다><,2026년 6월 14일 일요일,음식이 맛있어요_술이 다양해요_양이 많아요_친절해요_대화하기 좋아요_
2065226658,sua****,완벽합니다잘놀고가요,2026년 6월 14일 일요일,음식이 맛있어요_술이 다양해요_양이 많아요_친절해요_대화하기 좋아요_
2065226658,lee****,맛있고서비스믾이줘요,2026년 6월 14일 일요일,음식이 맛있어요_기본 안주가 좋아요_인테리어가 멋져요_친절해요_매장이 청결해요_
2065226658,장성빈46,사장님직원분들너무친절하시고서비스폭탄주셔서배터지도록먹고갑니다!!북대구정문오면항상만만은꼭들리고갑니다너무맛있게잘먹고갑니다항상❤️,2026년 6월 13일 토요일,음식이 맛있어요_친절해요_매장이 청결해요_화장실이 깨끗해요_인테리어가 멋져요_
2065226658,네로는킹,서비스가끊임없이나와서먹느라배가터지규갔어영ㅠㅠㅠ사장님도알바생붐들도다친절하셔서단골되보겟습니당잘놀구갑니다~,2026년 6월 13일 토요일,술이 다양해요_대화하기 좋아요_
2065226658,dndusrl,너무친절하시고음식이다너무맛있었어요.분위기도좋고서비스도짱짱!!저희멤버모임은다음에도요기♡,2026년 6월 13일 토요일,음식이 맛있어요_술이 다양해요_친절해요_
2065226658,물망초3869,서비스도잘챙겨주시고몸짱직원들뿐이고친절해요.,2026년 6월 13일 토요일,음식이 맛있어요_기본 안주가 좋아요_술이 다양해요_특별한 메뉴가 있어요_가성비가 좋아요_
2065226658,미미7823,처음와봤는데안주도다맛있구일단너무친절해서좋았습니다!!기본안주도맛있구중간에서비스도주셔서기분좋게먹다갑니다!안주가다맛있어서재방문할것같아용,2026년 6월 13일 토요일,음식이 맛있어요_기본 안주가 좋아요_술이 다양해요_친절해요_오래 머무르기 좋아요_
2065226658,hae****,사장님직원모두친절하시고최애술집등극입니다,2026년 6월 13일 토요일,음식이 맛있어요_가성비가 좋아요_음악이 좋아요_대화하기 좋아요_단체모임 하기 좋아요_
2065226658,jis****,안주도너무맛있고직원분들도다너무친절하세요자주올것같아요,2026년 6월 13일 토요일,음식이 맛있어요_친절해요_오래 머무르기 좋아요_
2065226658,van****,북대최고술집만만!!진짜여기와서제일많이왔어요🙈안주도너무맛있고직원분들진짜친절하시구서비스완전많이주세요..🤍🤍,2026년 6월 13일 토요일,음식이 맛있어요_기본 안주가 좋아요_가성비가 좋아요_메뉴 구성이 알차요_대화하기 좋아요_
2065226658,백유우리임,맛있어유다른가게랑다르게메뉴도다양하고!모임하기도너무좋아요친구들이랑재밌게잘놀고맛있게먹고갑니다~🎀,2026년 6월 13일 토요일,음식이 맛있어요_기본 안주가 좋아요_특별한 메뉴가 있어요_인테리어가 멋져요_단체모임 하기 좋아요_
2065226658,e u n n,친절하고서비스도좋고맛있어요💕💕재방문맛집.ᐟ.ᐟ,2026년 6월 13일 토요일,음식이 맛있어요_기본 안주가 좋아요_술이 다양해요_오래 머무르기 좋아요_
2065226658,유현규81,정말좋고맛있어요!,2026년 6월 13일 토요일,음식이 맛있어요_기본 안주가 좋아요_술이 다양해요_특별한 메뉴가 있어요_
2065226658,dhg****,너무맛있고서비스가좋아요,2026년 6월 12일 금요일,음식이 맛있어요_
2065226658,니웅웅,또방문했어요너무좋아요.ᐟ,2026년 6월 12일 금요일,음식이 맛있어요_술이 다양해요_메뉴 구성이 알차요_아늑해요_차분한 분위기예요_
2065226658,조유빈65,전북대에새로운술집하나생겼길래가봤더니서비스도많이주고진짜항정수육이완전맛도리!!술이계속들어가여~~친구들이랑올때완전강추!,2026년 6월 12일 금요일,음식이 맛있어요_기본 안주가 좋아요_술이 다양해요_인테리어가 멋져요_대화하기 좋아요_
2065226658,hsb****,서비스많고음식이너무맛있어요👏🏻👏🏻,2026년 6월 12일 금요일,음식이 맛있어요_기본 안주가 좋아요_대화하기 좋아요_단체모임 하기 좋아요_
2065226658,yee****,너무맛있고서비스도대박이에요맨날오는거같아요☺️,2026년 6월 12일 금요일,음식이 맛있어요_양이 많아요_매장이 넓어요_인테리어가 멋져요_친절해요_
2065226658,kdb****,야채가진짜산처럼나와서놀랐어요ㅋㅋ숙주버섯배추등신선한채소가푸짐하게들어가서국물이시원하고깔끔했습니다.양도넉넉해서배부르게먹고왔네요.직원분들도친절하시고분위기도좋아서다음에또방문할예정입니다!!!,2026년 6월 12일 금요일,음식이 맛있어요_술이 다양해요_가성비가 좋아요_인테리어가 멋져요_친절해요_
2065226658,osr2****,안주가다맛있어요서비스도주셔서잘먹엇습니다,2026년 6월 12일 금요일,기본 안주가 좋아요_인테리어가 멋져요_음악이 좋아요_대화하기 좋아요_단체모임 하기 좋아요_
2065226658,dlt****,서비스도많이주시고안주도맛있어요😍,2026년 6월 12일 금요일,음식이 맛있어요_기본 안주가 좋아요_술이 다양해요_특별한 메뉴가 있어요_
2065226658,key****,직원분들도너무너무친절하시구탕시키니우동사리도서비스로주셨어요!서비스안주도두번이나주시고🫣다음에친구데리고또와야겠어요!,2026년 6월 12일 금요일,음식이 맛있어요_기본 안주가 좋아요_술이 다양해요_특별한 메뉴가 있어요_친절해요_
2065226658,주바비,음식분위기모두대박이에요~~~직원분들도너무친절하시고좋습니다,2026년 6월 12일 금요일,음식이 맛있어요_기본 안주가 좋아요_
2065226658,달옹85,첫방문인데안주도맛있고직원분들도친절하셔서너무좋아요!한식좋아하는데한식좋아하시는분들이오기에너무좋을것같아요!!,2026년 6월 12일 금요일,음식이 맛있어요_양이 많아요_대화하기 좋아요_친절해요_매장이 청결해요_
2065226658,뉴구게,서비스많이주시고안주도다너무맛있어요직원분들도다들친절하세요!!다음에또오고싶어요헤헤,2026년 6월 12일 금요일,음식이 맛있어요_기본 안주가 좋아요_술이 다양해요_
2065226658,김은채237,맛있어요!,2026년 6월 12일 금요일,음식이 맛있어요_기본 안주가 좋아요_특별한 메뉴가 있어요_
2065226658,12090157,음식맛있고직원분들친절하세요!!,2026년 6월 12일 금요일,음식이 맛있어요_기본 안주가 좋아요_가성비가 좋아요_친절해요_
2065226658,턍210,음식이맛있고서비스도많이나오고분위기도좋고사장님이친철해요,2026년 6월 12일 금요일,음식이 맛있어요_기본 안주가 좋아요_단체모임 하기 좋아요_음식이 빨리 나와요_친절해요_
2065226658,유지9244,맛있고서비스도줘서좋아야!!!,2026년 6월 12일 금요일,음식이 맛있어요_술이 다양해요_인테리어가 멋져요_음악이 좋아요_대화하기 좋아요_
2065226658,루우머,안주진짜맛있어요!!술이술술,2026년 6월 12일 금요일,음식이 맛있어요_단체모임 하기 좋아요_
2065226658,물몽실,메뉴도다너무알차구다맛잇어요ㅎㅎ서비스도주셔서넘잘먹엇습니다,2026년 6월 12일 금요일,음식이 맛있어요_특별한 메뉴가 있어요_양이 많아요_인테리어가 멋져요_단체모임 하기 좋아요_
2065226658,pro****,양도많고맛도있어요천절해서너무좋아요!!!,2026년 6월 12일 금요일,음식이 맛있어요_기본 안주가 좋아요_인테리어가 멋져요_
2065226658,오윤아73,금요일저녁에왔는데분위기도좋고서비스도많이주시고음식도너무맛있어요!기분좋게즐기다갑니다~🤗🌼,2026년 6월 12일 금요일,음식이 맛있어요_기본 안주가 좋아요_대화하기 좋아요_단체모임 하기 좋아요_친절해요_
2065226658,maka31,안주도맛있고서비스도많이줘서좋음알바생들도친절함굿,2026년 6월 12일 금요일,음식이 맛있어요_기본 안주가 좋아요_
2065226658,으니 곤듀,잉무식♥️♥️🫵🏻,2026년 6월 12일 금요일,음식이 맛있어요_기본 안주가 좋아요_가성비가 좋아요_
2065226658,yuc****,서비스를많이주십니다^^,2026년 6월 12일 금요일,음식이 맛있어요_대화하기 좋아요_친절해요_
2065226658,jwj****,직원분들이너무친절하고안주서비스가되게많아서좋았어요만만화이팅,2026년 6월 11일 목요일,음식이 맛있어요_기본 안주가 좋아요_술이 다양해요_인테리어가 멋져요_음악이 좋아요_
2065226658,crc****,음식이맛있고좋아요,2026년 6월 11일 목요일,음식이 맛있어요_기본 안주가 좋아요_인테리어가 멋져요_
2065226658,Andy2614,친구들이랑맛있게먹고갑니다~!!서비스많이주셔서좋아용,2026년 6월 11일 목요일,음식이 맛있어요_기본 안주가 좋아요_술이 다양해요_
2065226658,dan****,서비스도많고직원분들도친절하고음식도야무집니다~~,2026년 6월 11일 목요일,음식이 맛있어요_
2065226658,kss****,맛있어요,2026년 6월 11일 목요일,음식이 맛있어요_인테리어가 멋져요_
2065226658,대법화65,맛있고서비스가좋아요,2026년 6월 11일 목요일,음식이 맛있어요_기본 안주가 좋아요_인테리어가 멋져요_
2065226658,쥬웅59,굿입니다!,2026년 6월 11일 목요일,술이 다양해요_기본 안주가 좋아요_음식이 맛있어요_
2065226658,jmg****,분위기가좋고친구들과오기좋아요,2026년 6월 11일 목요일,기본 안주가 좋아요_가성비가 좋아요_대화하기 좋아요_
2065226658,wld****,맛있고분위기가너무좋아용,2026년 6월 11일 목요일,음식이 맛있어요_인테리어가 멋져요_대화하기 좋아요_친절해요_매장이 청결해요_
2065226658,주주주936,술이땡기는안주들가득!!!!서비스도왕창주시고알바생너무친절하십니다사랑해만만그리고알바생존잘존예,2026년 6월 11일 목요일,음식이 맛있어요_기본 안주가 좋아요_친절해요_
2065226658,jas****,너무맛있어요~~!!,2026년 6월 11일 목요일,음식이 맛있어요_기본 안주가 좋아요_친절해요_
2065226658,seo****,자주오는데음식도맛있고사장님이랑직원분들도너무친절하셔요,2026년 6월 11일 목요일,음식이 맛있어요_기본 안주가 좋아요_가성비가 좋아요_메뉴 구성이 알차요_대화하기 좋아요_
2065226658,니웅웅,북대다니면서처음방문해보는데직원분들너무친절하시고음식도너무맛있어요ㅠ또올게요.ᐟ.ᐟ,2026년 6월 11일 목요일,음식이 맛있어요_메뉴 구성이 알차요_차분한 분위기예요_아늑해요_뷰가 좋아요_
2065226658,유현규81,북대최고의술집!!!,2026년 6월 11일 목요일,음식이 맛있어요_기본 안주가 좋아요_술이 다양해요_특별한 메뉴가 있어요_
2065226658,dhg****,맛있고서비스도너무좋습니다!,2026년 6월 11일 목요일,음식이 맛있어요_
2065226658,jen****,만만vvip가말해주는찐리뷰..✨일단치즈계란말이가너무맛있어요밥먹으러오늘또옴!!!!사장님이랑알바생분들도너무친절하시고음식도너무맛있어서모임•밥•간술하러자주오는만만임.서비스도너무많이주셔서맨날2kg쪄서돌아감ㅜㅜ,2026년 6월 11일 목요일,음식이 맛있어요_가성비가 좋아요_대화하기 좋아요_친절해요_매장이 청결해요_
2065226658,jms****,서비스가다양해요,2026년 6월 11일 목요일,음식이 맛있어요_인테리어가 멋져요_친절해요_
2065226658,steven21,음식이너무맛잇고좋아요,2026년 6월 11일 목요일,음식이 맛있어요_인테리어가 멋져요_
2065226658,묭묭이지롱,서비스많이줘요!!,2026년 6월 11일 목요일,음식이 맛있어요_
2065226658,seo****,감사합니다ㅎㅎ,2026년 6월 11일 목요일,음식이 맛있어요_대화하기 좋아요_
2065226658,gks****,술도다양하고너무맛있습니댜!!🩶,2026년 6월 11일 목요일,음식이 맛있어요_술이 다양해요_음악이 좋아요_친절해요_
2065226658,rlos3o,친구생일이었는데주문제작케이크도맡겨주시고폭죽도준비해주셔서친구생일만만덕분에완벽하게준비할수있었어요너무감사합니다!!번창하세요!!,2026년 6월 11일 목요일,단체모임 하기 좋아요_오래 머무르기 좋아요_친절해요_
2065226658,dlc****,ㅜㅜㅜ서비스너무좋아요ㅜㅜ여기아니면전북대술집안가요💕💕사랑해만만🫪🫪🫪💕💕💕,2026년 6월 11일 목요일,음식이 맛있어요_술이 다양해요_인테리어가 멋져요_음악이 좋아요_대화하기 좋아요_
2065226658,lhs****,서비스도좋고직원분도친절하세요!음식도맛있습니당!,2026년 6월 11일 목요일,음식이 맛있어요_기본 안주가 좋아요_음악이 좋아요_친절해요_매장이 청결해요_
2065226658,이현민711,서비스친절맛너무좋은데특히알바분이너무친절하세요,2026년 6월 11일 목요일,음식이 맛있어요_기본 안주가 좋아요_인테리어가 멋져요_친절해요_매장이 청결해요_
2065226658,353****,안주도맛있고서비스도엄청좋아요!직원분도엄청친절해요,2026년 6월 11일 목요일,음식이 맛있어요_기본 안주가 좋아요_술이 다양해요_특별한 메뉴가 있어요_
2065226658,lhj****,서비스를끝없이줘서너무좋아요-!!!,2026년 6월 11일 목요일,음식이 맛있어요_기본 안주가 좋아요_친절해요_
2065226658,dldbwjd1212,서비스도많이주시고깔끔해요,2026년 6월 11일 목요일,음식이 맛있어요_기본 안주가 좋아요_술이 다양해요_
2065226658,축알못6,음식이굉장히맛있고직원분서비스가되게좋아요꼭와보세요😀😀,2026년 6월 11일 목요일,음식이 맛있어요_기본 안주가 좋아요_가성비가 좋아요_음료가 맛있어요_
2065226658,greeensilver,너무맛있어요♥,2026년 6월 10일 수요일,음식이 맛있어요_기본 안주가 좋아요_가성비가 좋아요_음악이 좋아요_친절해요_
2065226658,cho****,사장님이너무친절해여진짜,2026년 6월 10일 수요일,음식이 맛있어요_기본 안주가 좋아요_코스요_리가 알차요_음악이 좋아요_인테리어가 멋져요_
2065226658,서진2265,진짜안주너무맛있고알바생분들도너무친절해요!!,2026년 6월 10일 수요일,음식이 맛있어요_기본 안주가 좋아요_술이 다양해요_음악이 좋아요_친절해요_
2065226658,jinny60,사장님이친절하시고서비스도많이주십니당최고,2026년 6월 10일 수요일,술이 다양해요_음식이 맛있어요_
2065226658,퍼니아츠컴퍼니,맛잇어용>.<다음에또오고싶어요,2026년 6월 10일 수요일,음식이 맛있어요_기본 안주가 좋아요_인테리어가 멋져요_단체모임 하기 좋아요_대화하기 좋아요_
2065226658,chlekrud,서비스좋고맛있어요!,2026년 6월 10일 수요일,음식이 맛있어요_기본 안주가 좋아요_음악이 좋아요_대화하기 좋아요_단체모임 하기 좋아요_
2065226658,seo****,와너무조아요,2026년 6월 10일 수요일,음식이 맛있어요_기본 안주가 좋아요_술이 다양해요_특별한 메뉴가 있어요_
2065226658,z0ni,안주는3개시켰는데서비스가5개나나온거같아요..진짜맛집인정🤍🤍🤍,2026년 6월 10일 수요일,음식이 맛있어요_기본 안주가 좋아요_인테리어가 멋져요_음악이 좋아요_
2065226658,huh****,직원분들이친절하시고!!!서비스가너무좋아요!!!!💛,2026년 6월 10일 수요일,음식이 맛있어요_기본 안주가 좋아요_술이 다양해요_특별한 메뉴가 있어요_인테리어가 멋져요_
2065226658,으니 곤듀,서비스최고!!안주최고!!안주양많아용💖♥️,2026년 6월 9일 화요일,음식이 맛있어요_가성비가 좋아요_친절해요_
2065226658,돼똥벌레,진짜남는거있으세요?????!!!!!!!항상오면맛있게배부르고가서기분좋아용🥹냠냠,2026년 6월 9일 화요일,가성비가 좋아요_메뉴 구성이 알차요_기본 안주가 좋아요_단체모임 하기 좋아요_뷰가 좋아요_
2065226658,cho****,너무친절하시고메뉴도다양해서배불리술과한잔할수있는너무도괜찮은곳추천하는곳입니다사진을좀늦게찍어서그렇긴한데서비스도많이주시고배불러서못먹을정도네요친절함에반하고맛에반하는곳입니다강추드리는곳이니방문해서맛보고가세요,2026년 6월 9일 화요일,음식이 맛있어요_기본 안주가 좋아요_가성비가 좋아요_특별한 메뉴가 있어요_친절해요_
2065226658,pea1205,다양한메뉴도많고항상배부르게먹고갑니다‼️‼️사장님남는거있으신지궁금할정도예요맛있게먹고갑니다🤤,2026년 6월 9일 화요일,음식이 맛있어요_기본 안주가 좋아요_메뉴 구성이 알차요_매장이 넓어요_단체모임 하기 좋아요_
2065226658,lmj75,서비스도많이주고좋아요!!!,2026년 6월 9일 화요일,음식이 맛있어요_기본 안주가 좋아요_
2065226658,휘를로,사장님들너무친절하시고서비스음식이너무많아요…배터질거같아요…마무리빙수👍,2026년 6월 9일 화요일,음식이 맛있어요_가성비가 좋아요_재료가 신선해요_친절해요_매장이 청결해요_
2065226658,하느리56,너무친절하시고음식이맛있어요~~,2026년 6월 9일 화요일,음식이 맛있어요_기본 안주가 좋아요_특별한 메뉴가 있어요_인테리어가 멋져요_친절해요_
2065226658,로또맘84,여기서비스장난아니에요메인메뉴1+술시켰는데뒤에서비스들이줄줄따라옵니다ㄷㄷ사진엔없지만버팔로윙도주시고동글이튀김도주셨어요!!!술거의다마시고피곤했는데갑자기빙수가떡하니나와서너무놀랐어요ㅋㅋㅋ덕분에잠도달아나고너무잘먹었네욤ㅎ직원분들도다친절하세요~~~!!!!!,2026년 6월 9일 화요일,음식이 맛있어요_기본 안주가 좋아요_디저트가 맛있어요_양이 많아요_대화하기 좋아요_
2065226658,tk****,음식이맛있고직원분이친절합니다,2026년 6월 9일 화요일,음식이 맛있어요_기본 안주가 좋아요_술이 다양해요_특별한 메뉴가 있어요_
2065226658,낭만적인돌멩이,너무좋아요다들친절하시고맛있어요서비스도많이주시요,2026년 6월 8일 월요일,음식이 맛있어요_인테리어가 멋져요_음악이 좋아요_대화하기 좋아요_
2065226658,ocws,첨와봤는데안주도맛있고무엇보다서비스가최고에요!!술마실일있으면담에또여기로오려구요!!😊😊,2026년 6월 8일 월요일,음식이 맛있어요_기본 안주가 좋아요_대화하기 좋아요_
2065226658,starryho,이번이두번째방문입니다!사장님과직원분들너무친절하시고안주서비스와응대까지너무좋았습니다ㅎㅎ웬만해서는리뷰잘안쓰는데여기는음식도너무잘하시고(특히탕이랑튀김전엄청맛있어요..☺️)깔끔하고사장님이랑직원분들너무좋으셔서앞으로도자주방문할것같습니다!잘먹었습니다~,2026년 6월 8일 월요일,음식이 맛있어요_기본 안주가 좋아요_메뉴 구성이 알차요_인테리어가 멋져요_친절해요_
2065226658,yi4****,너무맛있고친절하세요다음에또올게용,2026년 6월 7일 일요일,음식이 맛있어요_기본 안주가 좋아요_술이 다양해요_인테리어가 멋져요_음악이 좋아요_
2065226658,piu****,음식이정말맛있고직원분들도친절하고좋았습니다.맛있게잘먹고갑니다~^^,2026년 6월 7일 일요일,음식이 맛있어요_기본 안주가 좋아요_가성비가 좋아요_친절해요_매장이 청결해요_
2065226658,kan****,지인들과술마시기좋은거같습니당자주올게용!!,2026년 6월 7일 일요일,음식이 맛있어요_메뉴 구성이 알차요_양이 많아요_단체모임 하기 좋아요_대화하기 좋아요_
2065226658,lee****,맛있고직원분들이친절해요,2026년 6월 6일 토요일,음식이 맛있어요_기본 안주가 좋아요_양이 많아요_화장실이 깨끗해요_반려동물과 가기 좋아요_
2065226658,dj****,직원분들도다친절하시고음식도맛있고처음오는데다음에또올래요~,2026년 6월 5일 금요일,음식이 맛있어요_기본 안주가 좋아요_특별한 메뉴가 있어요_친절해요_
2065226658,퉁퉁퉁사후르트랄라,분위기도안주도기본안주도전부너무완벽해요도대체왜안와요?이렇게나완벽한데,2026년 6월 5일 금요일,음식이 맛있어요_기본 안주가 좋아요_술이 다양해요_특별한 메뉴가 있어요_인테리어가 멋져요_
2065226658,뾰로롤로로로옹오엉p49,너무친절해요,2026년 6월 5일 금요일,음식이 맛있어요_특별한 메뉴가 있어요_기본 안주가 좋아요_인테리어가 멋져요_대화하기 좋아요_
2065226658,서희2249,서비스를엄청많이주고너무맛았어요,2026년 6월 5일 금요일,음식이 맛있어요_가성비가 좋아요_친절해요_오래 머무르기 좋아요_
17474756,갓송추,커서이제자식을데려감,2026년 5월 25일 월요일,음식이 맛있어요_
17474756,솜망방이,거의10년동안다닌통집언제나최고에요이번에도친구들과오랜만에방문했는데로스트베이크랑물국수는정말갈때마다시켜도안질려요ㅜㅜ로스트베이크순살이면파도같이나와용추천~평일에도손님이많아서조금시끄럽긴하지만맛있으니용서가됩니다..조용한분위기를원하시는분들껜적합한모임장소는아닌것같아요어쨌든변함없이정말맛있는가게입니다!!,2026년 5월 11일 월요일,단체모임 하기 좋아요_음식이 맛있어요_
17474756,크리스토퍼C,점심식사카레라이스가성비넘좋네요...매콤힌맛이있고국물맛은매콤해요.,2026년 5월 7일 목요일,음식이 맛있어요_가성비가 좋아요_
17474756,냠냐미뇸,웬만하면이런리뷰는안쓰는데한알바생이너무불친절해서기분이안좋았습니다키크고안경쓴젊은여자알바생교육좀하셔야될것같아요저희테이블의모든음식을그알바생이서빙나왔는데보통다음음식나오면빈공간에놔주거나자리를만들어서놔주지않나요?음식하나만나와있던상태라테이블에공간이없었던것도아닌데손님이접시다밀고공간만들때까지가만히서있다가들고있던음식담긴접시로대충테이블에있는접시들을밀면서놓고가더라고요뭐요청하면대답도없이고개만끄덕이고갖다줄때도성의없게테이블에툭놓고갔습니다음식은맛있었는데알바생태도때문에재방문하고싶진않네요,2026년 4월 30일 목요일,음식이 맛있어요_
17474756,진챠린,베이크치킨이맛있어요사람많아요,2026년 4월 23일 목요일,음식이 맛있어요_
17474756,징구르r,👍🏻,2026년 4월 11일 토요일,음식이 맛있어요_
17474756,ain****,현미치킨은꼭드시구요반반전도꼭드세요!바삭하면서안에는뜨거운게다른매장과차원이틀리고전도두꺼운데도바삭해서아주요물입니다,2026년 3월 14일 토요일,가성비가 좋아요_현지 맛에 가까워요_양이 많아요_단체모임 하기 좋아요_음식이 빨리 나와요_
17474756,ah05,꼬막물국수똥집반반전이렇게4가지포장했어요:요청사항도잘들어주셨고맛있게잘먹었습니다!감사합니다.,2026년 2월 21일 토요일,음식이 맛있어요_친절해요_
17474756,크리스토퍼C,대학가앞이라가성비좋고맛도좋아요.,2026년 2월 8일 일요일,음식이 맛있어요_양이 많아요_
17474756,맛슐랭스타,📍닭발볶음📍두부김치튀긴무뼈닭발에적당히느끼함을잡아줄매콤한양놈불맛.향가득한두부김치!!(+고기있음))✅정기휴일🙅🏻(‘26.2.25기준Naver))✅🚻남여구분(실내)),2026년 1월 30일 금요일,음식이 맛있어요_가성비가 좋아요_잡내가 적어요_메뉴 구성이 알차요_매장이 넓어요_
17122958,캔디걸78,콩국수국물이부드럽고고소히니맛있어요,2026년 6월 13일 토요일,음식이 맛있어요_재료가 신선해요_특별한 메뉴가 있어요_친절해요_
17122958,먹짱쏘쏘,당일치기로다녀온전주에요콩물국수도함께판매하시길래점심식사로다녀왔어요크리미한콩물이꽤맛있고소바의육수는진~~~해서제입맛에는아주딱!!이었어요양도꽤나많아서배가한참동안불러있었답니다ㅎㅎ,2026년 5월 24일 일요일,음식이 맛있어요_양이 많아요_매장이 넓어요_친절해요_
17122958,선한0향력,콩국수가먹고싶어음식점을찾던중알게된금암소바!어떨까궁금했는데달콤한콩국수와아삭한김치의조합은진리네요!다른분들도드셔보세요,2026년 5월 22일 금요일,음식이 맛있어요_재료가 신선해요_
17122958,효자동먹보,소바랑비빔냉면먹었어용!일식소바를생각하신다면취향에안맞으실수도있음육수베이스가멸치?그런생선베이스향이나서저는개인적으로불호였음..!!같이간일행은깔끔하다고괜찮다고했숩니당비빔냉면은고소한기름향이많이나고무난한맛!사이드로만두같은메뉴있으면너무좋을거같아용잘먹고갑니다~!,2026년 5월 20일 수요일,양이 많아요_
17122958,TrendFi,육수따로나오는소바면이부드러워요.주위를돌아보니콩국수드시는분들도많았어요.,2026년 5월 16일 토요일,음식이 맛있어요_
17122958,DW8118,가게앞에주차4대가능해요소바별로안좋아하는데여기는괜찮네요소바보다는콩국수가더맛있었어요,2026년 5월 10일 일요일,음식이 맛있어요_
17122958,세종1004,전주에오면한번은먹어봐야할별미집,2026년 5월 6일 수요일,음식이 맛있어요_가성비가 좋아요_특별한 메뉴가 있어요_
17122958,S와S,면이부드러움.비빔소스매움.김치무신맛.,2026년 5월 4일 월요일,재료가 신선해요_친절해요_
17122958,3솜솜,전주에오시면꼭가봐야할소바맛집..!(콩국수도맛있음)차원이다른소바무조건먹어야합니다~,2026년 5월 2일 토요일,음식이 맛있어요_매장이 넓어요_
17122958,y7****,맛있어요,2026년 5월 2일 토요일,음식이 맛있어요_
2049748405,으앍21,일본에서먹은오므라이스보다맛있어요전북대맛집추천,2026년 6월 14일 일요일,음식이 맛있어요_재료가 신선해요_양이 많아요_특별한 메뉴가 있어요_가성비가 좋아요_
2049748405,Hxxnu,기본적으로맛있고친절하십니당!,2026년 6월 14일 일요일,음식이 맛있어요_가성비가 좋아요_혼밥하기 좋아요_친절해요_
2049748405,요니라,너무너무맛있고이뻐요!!음악도좋고친절하시네용ㅎㅎ다음에또올게요!!!!굳굳,2026년 6월 14일 일요일,음식이 맛있어요_가성비가 좋아요_음악이 좋아요_친절해요_매장이 청결해요_
2049748405,룰루루75,아이와함께오기좋아요.오므라이스도맛있고파스타산도피자다맛있어요.이정도면가성비도좋네요~,2026년 6월 14일 일요일,음식이 맛있어요_양이 많아요_특별한 메뉴가 있어요_매장이 넓어요_친절해요_
2049748405,bbe****,만나요!!,2026년 6월 14일 일요일,음식이 맛있어요_재료가 신선해요_양이 많아요_친절해요_매장이 청결해요_
2049748405,스카이1922,친구추천으로맛있게먹고갑니다손님없을땐두명이오면4명자리에앉게해주세요^^,2026년 6월 14일 일요일,음식이 맛있어요_특별한 메뉴가 있어요_
2049748405,yun****,맛있게잘먹었습니다:)친절하시구양도많아서만족스러워요ㅎㅎ재방문예정입니다!,2026년 6월 13일 토요일,음식이 맛있어요_재료가 신선해요_대화하기 좋아요_친절해요_매장이 청결해요_
2049748405,하늘날기23,전북대맛집~에그하우스!!드디어먹었어요~너무맛있어요~!!강추!!,2026년 6월 13일 토요일,재료가 신선해요_음식이 맛있어요_특별한 메뉴가 있어요_친절해요_매장이 청결해요_
2049748405,sun****,오믈렛이이랑소세지가진짜맛있어요!다들오믈렛이랑소세지는꼭시켜드세요..,2026년 6월 13일 토요일,음식이 맛있어요_매장이 넓어요_대화하기 좋아요_음악이 좋아요_
2049748405,승현8700,산도도너무맛있고보는맛도있는데그냥맛도있어요부드러워서쑥쑥들어가요!잘먹고갑니다,2026년 6월 13일 토요일,음식이 맛있어요_재료가 신선해요_양이 많아요_특별한 메뉴가 있어요_가성비가 좋아요_
2049748405,지현7991,남자친구랑데이트왔는데너무너무맛있게먹다갑니다!다음에오면또방문할거같아요ㅎㅎ,2026년 6월 13일 토요일,음식이 맛있어요_재료가 신선해요_양이 많아요_인테리어가 멋져요_
2049748405,도맛,처음와봤는데친절하시구또오믈렛이특히맛있어용!!!,2026년 6월 13일 토요일,음식이 맛있어요_인테리어가 멋져요_친절해요_
2049748405,정예린0,맛있게잘먹었어요!!,2026년 6월 13일 토요일,음식이 맛있어요_잡내가 적어요_메뉴 구성이 알차요_인테리어가 멋져요_음악이 좋아요_
2049748405,gkf****,음식짱비쥬얼짱맛짱ෆ,2026년 6월 11일 목요일,음식이 맛있어요_메뉴 구성이 알차요_건강한 맛이에요_친절해요_인테리어가 멋져요_
2049748405,팬더44,음식이너무맛있어요오랜만에양식인데만족합니다!!,2026년 6월 11일 목요일,음식이 맛있어요_재료가 신선해요_단체모임 하기 좋아요_친절해요_
2049748405,h_****,너무맛있습니다ㅎㅎ,2026년 6월 11일 목요일,음식이 맛있어요_재료가 신선해요_양이 많아요_
2049748405,기만준207,음식이맛있고알바님이친절하십니다.오는길도예뻐서좋아요ㅎㅎ,2026년 6월 11일 목요일,음식이 맛있어요_재료가 신선해요_뷰가 좋아요_인테리어가 멋져요_친절해요_
2049748405,ttpaclo,맛있어요!배부르게먹었습니다,2026년 6월 11일 목요일,음식이 맛있어요_인테리어가 멋져요_친절해요_
2049748405,bm****,오믈렛부드럽고너무맛있어요!!매콤한파스타랑잘어울려서같이먹으니까더맛있었습니다😆,2026년 6월 11일 목요일,음식이 맛있어요_인테리어가 멋져요_대화하기 좋아요_친절해요_매장이 청결해요_
2049748405,피그말리온93,양많고깔끔하니맛있어요굿,2026년 6월 11일 목요일,음식이 맛있어요_재료가 신선해요_특별한 메뉴가 있어요_양이 많아요_가성비가 좋아요_
2049748405,다현아빠5029,양많고깔끔하니맛있어요굿,2026년 6월 11일 목요일,음식이 맛있어요_재료가 신선해요_
2049748405,koyoylho7,맛있어요,2026년 6월 11일 목요일,음식이 맛있어요_
2049748405,fkt****,맛있어요!타마고산도명란마요로드시는거추천합니다엄청부드러워요~!!ㅎㅎ,2026년 6월 11일 목요일,음식이 맛있어요_재료가 신선해요_양이 많아요_특별한 메뉴가 있어요_
2049748405,dud****,맛있어요!타마고산도명란마요로드시는거추천합니다엄청부드러워요~!!ㅎㅎ,2026년 6월 10일 수요일,음식이 맛있어요_
2049748405,용채89,저번에학교선배랑오고맛있어서아빠랑또왔어요~~,2026년 6월 10일 수요일,음식이 맛있어요_양이 많아요_특별한 메뉴가 있어요_매장이 넓어요_인테리어가 멋져요_
2049748405,어9761,우와넘맛있어요!!!ㅠㅠ최고의오믈렛.최고의파스타.,2026년 6월 10일 수요일,음식이 맛있어요_인테리어가 멋져요_매장이 넓어요_혼밥하기 좋아요_친절해요_
2049748405,에비텐11,너무맛있었어용!로제파스타랑오믈렛조합이좋았어용!,2026년 6월 10일 수요일,음식이 맛있어요_양이 많아요_가성비가 좋아요_매장이 넓어요_친절해요_
2049748405,xcv****,너무맛있게잘먹었습니다,2026년 6월 10일 수요일,음식이 맛있어요_재료가 신선해요_양이 많아요_인테리어가 멋져요_매장이 넓어요_
2049748405,abc1197,오므라이스도맛있고카츠산도도너무맛있었어요그리고메뉴구성이되게괜찮은것같아요,2026년 6월 10일 수요일,음식이 맛있어요_재료가 신선해요_특별한 메뉴가 있어요_친절해요_매장이 청결해요_
2049748405,5677ㄹㄹ,진짜너무맛있고쾌적합니다.단백질과맛을챙기고싶다면에그하우스입니다!,2026년 6월 9일 화요일,음식이 맛있어요_매장이 넓어요_매장이 청결해요_
2049748405,TJ37,오믈렛의달걀이정말부드러워서식감이좋아요~,2026년 6월 9일 화요일,음식이 맛있어요_차분한 분위기예요_대화하기 좋아요_친절해요_매장이 청결해요_
2049748405,한슈슝,오믈렛드시고싶다면여기강추입니다!!파스타도맛있었지만오믈렛이젤맛있네요ㅎㅎ에그하우스이름답게계란이보들보들맛있었어요파스타도매콤하니안느끼하고맛있었습니다~!,2026년 6월 9일 화요일,음식이 맛있어요_양이 많아요_매장이 넓어요_단체모임 하기 좋아요_
2049748405,VINE,되게푸짐하고뜨끈뜨끈하고오물렛이부드럽고면이탱글탱글해요,2026년 6월 9일 화요일,음식이 맛있어요_인테리어가 멋져요_친절해요_
2049748405,레츠령끼,데이트할때오기좋아요오므라이스가귀여워요,2026년 6월 9일 화요일,음식이 맛있어요_인테리어가 멋져요_
2049748405,오히율,메뉴가다양해서골라먹기에도좋았는데맛까지있어요!!!,2026년 6월 9일 화요일,음식이 맛있어요_재료가 신선해요_양이 많아요_특별한 메뉴가 있어요_비싼 만큼 가치있어요_
2049748405,suhyeon88,지나가다가우욘히들어온가게지만좀더일찍와볼걸싶어요...함박오믈렛과핫스파이시파스타를먹었는데간도너무강하지않고양도많고가격도저렴해서여러개시켜서다같이나눠먹으면좋을것같아요🩷,2026년 6월 9일 화요일,음식이 맛있어요_양이 많아요_매장이 넓어요_친절해요_매장이 청결해요_
2049748405,Easy12,두번째방문인데오일파스타도맛있고오므라이스보는맛도있네요ㅎㅎ,2026년 6월 9일 화요일,음식이 맛있어요_재료가 신선해요_가성비가 좋아요_향신료가 강하지 않아요_매장이 넓어요_
2049748405,040****,맛잇어요!!!!!,2026년 6월 8일 월요일,음식이 맛있어요_양이 많아요_인테리어가 멋져요_
2049748405,쏨다37,함박오므라이스함박이랑계란밥소스다맛있어요!!!핫스파이시파스타는생각보다더매콤해서좋았습니다,2026년 6월 8일 월요일,음식이 맛있어요_특별한 메뉴가 있어요_친절해요_음식이 빨리 나와요_
2049748405,ryn****,북대맛집검색하다처음와봤는데너무맛있습니다~!!맛집인정!!,2026년 6월 8일 월요일,음식이 맛있어요_재료가 신선해요_인테리어가 멋져요_
2049748405,aesoap,오므라이스맛있어서재방문했어요,2026년 6월 8일 월요일,음식이 맛있어요_양이 많아요_매장이 넓어요_혼밥하기 좋아요_
2049748405,꾸이34,오므라이스맛집카츠산도도맛집입니다^^,2026년 6월 8일 월요일,음식이 맛있어요_재료가 신선해요_
2049748405,수수깡ㅋ,오믈렛이너무부드럽고맛있어요ㅠㅠ💗💗피자도불향나고치즈도쫘악늘어나고얇은도우가겹쳐져있어서바삭하고맛있어욤ㅠㅠ🥹🥹왜이제야왔을까후회됩니다..🫶🏻자주올게욥ㅠㅠ,2026년 6월 8일 월요일,음식이 맛있어요_특별한 메뉴가 있어요_메뉴 구성이 알차요_인테리어가 멋져요_친절해요_
2049748405,99****,맛있어요.배불러서애매하면산도시키면될것같아요.배부르게맛있게.잘먹고가요,2026년 6월 8일 월요일,음식이 맛있어요_양이 많아요_재료가 신선해요_혼밥하기 좋아요_친절해요_
2049748405,cs****,너무맛잇엇어용~소스도적당히산미있고소세지서비스까지너무좋습니다~,2026년 6월 7일 일요일,음식이 맛있어요_재료가 신선해요_인테리어가 멋져요_
2049748405,미래형부자60,너무맛있는에그하우스오믈렛이기가막힙니다소스는많이먹으면짤수있음에주의하세요,2026년 6월 7일 일요일,음식이 맛있어요_특별한 메뉴가 있어요_
2049748405,wnr****,처음와밨는데함박스테이크가맛있고소스도맛있어요!!또방문할예정입니다:),2026년 6월 7일 일요일,음식이 맛있어요_양이 많아요_재료가 신선해요_인테리어가 멋져요_
2049748405,검은모자26,⭐️⭐️⭐️⭐️⭐️전주덕진구에있는에그하우스방문!오믈렛이랑파스타타마고산도(스리라차)주문했는데전체적으로가성비가좋았어요.오믈렛은계란이정말부드럽고촉촉해서입에서녹는식감이었고데미그라스소스랑도잘어울렸습니다.위에올라간함박도생각보다육즙이괜찮았어요.파스타는적당히매콤해서느끼하지않고맛있게먹을수있었고새우와소시지토핑도넉넉하게들어가있었습니다.타마고산도는부드러운계란과스리라차소스조합이좋아서사이드메뉴로추천할만해요.매장분위기도깔끔하고가격도부담없어서간단한식사나데이트장소로괜찮은것같습니다.,2026년 6월 7일 일요일,음식이 맛있어요_특별한 메뉴가 있어요_매장이 넓어요_
2049748405,pre****,오믈렛좋아하는데너무맛있어요ㅎㅎ양도이정도면푸짐한거같아요ㅎㅎ토마토스파게티도소스넉넉해서너무좋습니다ㅎ다음에또올게용,2026년 6월 7일 일요일,음식이 맛있어요_재료가 신선해요_메뉴 구성이 알차요_
2049748405,김한결8636,오므라이스좋아하시는분이면한번쯤와보세요전북대오므라이스맛집입니다!!,2026년 6월 7일 일요일,음식이 맛있어요_매장이 넓어요_매장이 청결해요_
2049748405,빈1682,너무맛있어요!,2026년 6월 7일 일요일,음식이 맛있어요_
2049748405,jin710820,맛있어요~~~,2026년 6월 7일 일요일,음식이 맛있어요_재료가 신선해요_양이 많아요_
2049748405,AHKIM96,맛있어요!,2026년 6월 7일 일요일,음식이 맛있어요_양이 많아요_가성비가 좋아요_
2049748405,khj****,정말맛있어요!,2026년 6월 7일 일요일,음식이 맛있어요_인테리어가 멋져요_친절해요_매장이 청결해요_
2049748405,아무사람이에요,여기오믈렛지낮너무맛있어요ㅠㅠ선배들이랑밥약하기도좋습니다!에이드도저렴하구분위디도깔끔하고좋으니다들한번씩방문추천드려용~,2026년 6월 7일 일요일,음식이 맛있어요_인테리어가 멋져요_친절해요_
2049748405,wns****,맛잇어요!!!!,2026년 6월 7일 일요일,음식이 맛있어요_재료가 신선해요_양이 많아요_
2049748405,검사37,맛잇어요!!!!,2026년 6월 7일 일요일,음식이 맛있어요_
2049748405,키킼ㄴ,오믈렛좋아해도마땅히먹을만한곳이앖었는데전문점있어서넘좋네요ㅜㅜ파스타도맛있구오믈렛넘맛있어요!!,2026년 6월 6일 토요일,음식이 맛있어요_친절해요_매장이 청결해요_
2049748405,hon****,맛있게잘먹었어요~~오믈렛강추!!가격도괜찮구깔끔해서또올것같아요~~,2026년 6월 6일 토요일,음식이 맛있어요_재료가 신선해요_양이 많아요_
2049748405,두목67,처음와보는데맛있고친절하네요,2026년 6월 6일 토요일,음식이 맛있어요_인테리어가 멋져요_친절해요_
2049748405,yeni425,음식이빨리나와서좋았고분위기도좋아서연인끼리오기좋은거같아요!,2026년 6월 6일 토요일,음식이 맛있어요_친절해요_매장이 청결해요_차분한 분위기예요_
2049748405,초콜릿처럼,양도충분하고든든하네요.간도적당해요ㅎㅎ파스타맛있어요!,2026년 6월 6일 토요일,음식이 맛있어요_양이 많아요_친절해요_매장이 청결해요_
2049748405,unt****,함박오믈렛과오일파스타먹었는데둘다맛있었어요.오일파스타적당히매콤해서좋았어요.,2026년 6월 6일 토요일,음식이 맛있어요_재료가 신선해요_인테리어가 멋져요_친절해요_매장이 청결해요_
2049748405,이경림3,퍼포먼스맛다좋았어요!!!재방문할게요,2026년 6월 6일 토요일,재료가 신선해요_음식이 맛있어요_양이 많아요_특별한 메뉴가 있어요_인테리어가 멋져요_
2049748405,날렐이,즉석에서오믈렛이갈리는걸보다니너무신기하고맛있는경험이네요직원분친절하시고음식들도다맛있어요,2026년 6월 6일 토요일,음식이 맛있어요_인테리어가 멋져요_매장이 넓어요_친절해요_매장이 청결해요_
2049748405,김실비아,처음와봤는데메뉴가독특해요!특히오믈렛한번먹어보고싶었는데부드럽고맛있네용ㅎㅎ,2026년 6월 6일 토요일,음식이 맛있어요_재료가 신선해요_특별한 메뉴가 있어요_아늑해요_
2049748405,풍선7196,전북대최고맛집~,2026년 6월 6일 토요일,음식이 맛있어요_재료가 신선해요_양이 많아요_
2049748405,조민진8167,전북대최고맛집~,2026년 6월 5일 금요일,음식이 맛있어요_매장이 넓어요_
2049748405,김우진9096,걍대존맛,2026년 6월 5일 금요일,특별한 메뉴가 있어요_
2049748405,er****,아주맛있고친절해서너무좋아요.잘먹었습니다!,2026년 6월 5일 금요일,음식이 맛있어요_양이 많아요_인테리어가 멋져요_혼밥하기 좋아요_
2049748405,회원,가성비좋고맛있어요😊,2026년 6월 5일 금요일,음식이 맛있어요_재료가 신선해요_양이 많아요_
2049748405,iam****,아이들데리고방문했는데아이의자도준비되어있고식판에식기까지준비해주셔서넘좋았어요!!!아이들과오기도좋아요,2026년 6월 5일 금요일,음식이 맛있어요_양이 많아요_매장이 넓어요_좌석이 편해요_
2049748405,스리스리7,아기들셋이랑왔어요맛있었어요아기의자도세개다준비해주셔서감사합니다,2026년 6월 5일 금요일,음식이 맛있어요_재료가 신선해요_인테리어가 멋져요_
2049748405,마리쁭,친구랑방문했어요!오믈렛뷰드럽고너무맛있구ㅜ파스타도짱맛……..,2026년 6월 5일 금요일,음식이 맛있어요_
2049748405,유유유유우우유,너무맛있어요🤩🤩🤩전북대맛집다들꼭먹으세요,2026년 6월 5일 금요일,음식이 맛있어요_가성비가 좋아요_인테리어가 멋져요_아늑해요_친절해요_
2049748405,boo****,너무맛있어요🤩🤩🤩전북대맛집다들꼭먹으세요,2026년 6월 5일 금요일,음식이 맛있어요_
2049748405,꽃기린10,여행와서맛있게먹었어요아이들과오기좋아요💖,2026년 6월 5일 금요일,음식이 맛있어요_재료가 신선해요_양이 많아요_가성비가 좋아요_
2049748405,요이17,오므라이스먹고싶어서방문했는데비쥬얼도너무좋구친절하십니다!!😊👍🏻👍🏻파스타도너무맛있어요!!!!오므라이스도잘라주시고함박오므라이스도맛있어요!,2026년 6월 5일 금요일,음식이 맛있어요_양이 많아요_특별한 메뉴가 있어요_가성비가 좋아요_사진이 잘 나와요_
2049748405,송예찬49,와이프랑대학로데이트하고싶어서왔는데너무잘온거같아요!!맛도너무맛있고이야기하기도너무좋고분위기도너무좋아서다음에또대학로데이트할때마다오고싶네요!!,2026년 6월 5일 금요일,음식이 맛있어요_현지 맛에 가까워요_인테리어가 멋져요_뷰가 좋아요_대화하기 좋아요_
2049748405,jj****,에그하우스이름에걸맞게계란으로여러음식들을맛있게만드시네요^^푸짐하게잘먹고갑니다♡,2026년 6월 5일 금요일,음식이 맛있어요_양이 많아요_음악이 좋아요_사진이 잘 나와요_매장이 청결해요_
2049748405,h83****,맛있습니다진짜배부르게잘먹었네용😆😆😆😆,2026년 6월 4일 목요일,음식이 맛있어요_고기 질이 좋아요_매장이 청결해요_친절해요_
2049748405,tjd****,하나하나신경써주시는게느껴지는식사였던것같아요.강추!!,2026년 6월 4일 목요일,음식이 맛있어요_재료가 신선해요_인테리어가 멋져요_
2049748405,judi****,맛있오용,2026년 6월 4일 목요일,음식이 맛있어요_재료가 신선해요_양이 많아요_
2049748405,dlw****,비주얼과맛모두완벽하고사장님도친절하세요!!!다음에도꼭올게요!,2026년 6월 4일 목요일,음식이 맛있어요_양이 많아요_재료가 신선해요_인테리어가 멋져요_
2049748405,hyun7115,오무라이스계란이완전부드럽고함박은씹을것도없이녹아요파스타는무난하고카츠산도맛있다고급하게드시면뜨거운소스입천장조심하세요ㅎ그만큼맛있어요ㅎ,2026년 6월 4일 목요일,음식이 맛있어요_재료가 신선해요_특별한 메뉴가 있어요_친절해요_매장이 청결해요_
2049748405,도깨비8977,아주아주맛나요~~,2026년 6월 4일 목요일,음식이 맛있어요_재료가 신선해요_인테리어가 멋져요_친절해요_화장실이 깨끗해요_
2049748405,ksk02,파스타랑오므라이스다너무맛있어용,2026년 6월 4일 목요일,음식이 맛있어요_인테리어가 멋져요_친절해요_
2049748405,kan****,파스타랑오므라이스다너무맛있어용,2026년 6월 4일 목요일,음식이 맛있어요_재료가 신선해요_양이 많아요_음료가 맛있어요_
2049748405,jyl****,진짜엄청맛있고양도많고가성비쩔음개강추왜여길이제알았나싶을정도,2026년 6월 4일 목요일,음식이 맛있어요_양이 많아요_특별한 메뉴가 있어요_가성비가 좋아요_음료가 맛있어요_
2049748405,흠냐륑캔디,전북대맛집!!!!!,2026년 6월 4일 목요일,음식이 맛있어요_
2049748405,seo****,너무맛있어요!!!!다음에도방문할게요😄,2026년 6월 4일 목요일,음식이 맛있어요_양이 많아요_특별한 메뉴가 있어요_단체모임 하기 좋아요_
2049748405,원창호35,오믈렛이너무맛있고양도많아서좋습니다!!,2026년 6월 3일 수요일,음식이 맛있어요_양이 많아요_특별한 메뉴가 있어요_건강한 맛이에요_
2049748405,quest8,전북대맛집이에요친구랑점심먹기좋아요,2026년 6월 3일 수요일,음식이 맛있어요_재료가 신선해요_특별한 메뉴가 있어요_매장이 청결해요_
2049748405,OHDOBI,진짜너무맛있어요!!전북대다니시는분들꼭와보세욤!,2026년 6월 3일 수요일,인테리어가 멋져요_양이 많아요_재료가 신선해요_음식이 맛있어요_특별한 메뉴가 있어요_
2049748405,sub****,맛있어요!!,2026년 6월 3일 수요일,음식이 맛있어요_
2049748405,sori04,친구랑방문했는데대기없이바로들어왔고음식둘다너무맛있었어요!,2026년 6월 3일 수요일,음식이 맛있어요_재료가 신선해요_특별한 메뉴가 있어요_가성비가 좋아요_매장이 넓어요_
2049748405,als****,맛있게먹어요!!,2026년 6월 3일 수요일,음식이 맛있어요_
2049748405,데온이,전부터와보고싶었는데맛있어요👍근처에이런메뉴의식당없어서좋아요,2026년 6월 3일 수요일,음식이 맛있어요_가성비가 좋아요_매장이 넓어요_매장이 청결해요_친절해요_
2049748405,job****,함박오믈렛너무맛있고타마고산도도너무맛있어요^^ㅎ핫스파이시파스타도매콤하니제스타일이에요^^넘맛있게먹었어요^^,2026년 6월 3일 수요일,음식이 맛있어요_가성비가 좋아요_
2049748405,연우4056,파스타맛집!!!,2026년 6월 3일 수요일,인테리어가 멋져요_매장이 넓어요_매장이 청결해요_
375214427,움69,국물이맛잇어용!!맛잇게먹고갑니당😋😋,2026년 6월 14일 일요일,음식이 맛있어요_혼밥하기 좋아요_친절해요_
375214427,궈궈53,맛있게잘먹었습니다!!,2026년 6월 14일 일요일,음식이 맛있어요_컨셉이 독특해요_인테리어가 멋져요_친절해요_
375214427,너와나만67,사장님이엄청친절하시고음식도금방나와요!너무맛있네요!!!만두도엄청쫄깃해용!!!,2026년 6월 14일 일요일,음식이 맛있어요_특별한 메뉴가 있어요_현지 맛에 가까워요_차분한 분위기예요_친절해요_
375214427,마찬96,일본풍분위기가정말잘어울리고라멘이진짜맛있어요!!일본에서유학하다왔는데!도쿄현지맛이느껴지는집이었어요!,2026년 6월 14일 일요일,인테리어가 멋져요_컨셉이 독특해요_아늑해요_음식이 맛있어요_현지 맛에 가까워요_
375214427,한월향,맛집으로유명한멘야케이라멘타이밍잘맞춰와서웨이팅없이바로입장!라멘도너무맛있었고너무친절하세요바쁘고힘들텐데웃으면서응대해주시고일하실땐진지!!콩나물모악산라멘은진짜해장에직방👍담에꼭다시올게요😍,2026년 6월 14일 일요일,혼밥하기 좋아요_컨셉이 독특해요_친절해요_음식이 맛있어요_특별한 메뉴가 있어요_
375214427,jbp****,웨이팅했지만전혀아깝지않은맛!,2026년 6월 14일 일요일,음식이 맛있어요_재료가 신선해요_특별한 메뉴가 있어요_현지 맛에 가까워요_
375214427,다연찌아빠,첨아이랑와봤는데맛있네요,2026년 6월 14일 일요일,친절해요_특별한 메뉴가 있어요_
375214427,bla****,친절해서입장하기편하고데이트하기너무좋습니다,2026년 6월 14일 일요일,음식이 맛있어요_인테리어가 멋져요_아늑해요_친절해요_매장이 청결해요_
375214427,2ㅇㅎㅈ,담백한라멘맛과사장님의친절함을느낄수있는곳입니다!이곳의특별한메뉴인콩나물모악산라멘은시원한콩나물맛이좋았어요!염도기름면삶기까지조절가능한곳입니다ㅎㅎ,2026년 6월 14일 일요일,음식이 맛있어요_특별한 메뉴가 있어요_혼밥하기 좋아요_
375214427,가시오시오안녕하시오43,매장직원분들다들넘침절하시고양도많아서배부르게먹었어요ㅎㅎ다다찌좌석이라혼밥하기도넘좋을것같습니다!!라멘에콩나물조합은첨인데넘맛있어서어제매신술다내려갔어용ㅎㅎ,2026년 6월 14일 일요일,음식이 맛있어요_특별한 메뉴가 있어요_친절해요_혼밥하기 좋아요_
375214427,mo****,분위기도너무좋고라멘도너무맛있게잘먹었습니다다음에또올거같아요!,2026년 6월 14일 일요일,음식이 맛있어요_재료가 신선해요_고기 질이 좋아요_아늑해요_친절해요_
375214427,즐거운 소짱이,전주놀러왔다가해장하러왔눈데국물이묵직하게진하고느끼하지않아서너무좋았어요~직원분들이너무친절하시고전체적으로일본라멘집분위기가제대로나거만족스러운한끼였습니다라멘땡길때또올듯!!!,2026년 6월 14일 일요일,혼밥하기 좋아요_음식이 맛있어요_특별한 메뉴가 있어요_친절해요_
375214427,해44,너무맛있고확실히다른라멘집이랑다른거같아요!직원분들은너무너무친절하세요!!오픈런예약이벤트도하고있던데다음엔예약하고방문해서바로먹을수있도록해야겠어요😊👏✌️,2026년 6월 14일 일요일,음식이 맛있어요_특별한 메뉴가 있어요_혼밥하기 좋아요_친절해요_
375214427,Me62,분위가좋아서그런지더맛있어요:):):),2026년 6월 13일 토요일,음식이 맛있어요_재료가 신선해요_인테리어가 멋져요_혼밥하기 좋아요_아늑해요_
375214427,sudalijj,맛있어요~전북대근처라멘맛집인정!!,2026년 6월 13일 토요일,음식이 맛있어요_특별한 메뉴가 있어요_현지 맛에 가까워요_
375214427,은가람29,한번씩먹으러오는데그맛그대로항상맛있습니다.,2026년 6월 13일 토요일,음식이 맛있어요_현지 맛에 가까워요_특별한 메뉴가 있어요_친절해요_혼밥하기 좋아요_
375214427,ChallengeR3,분위기가좋구친절해요!,2026년 6월 13일 토요일,음식이 맛있어요_재료가 신선해요_특별한 메뉴가 있어요_현지 맛에 가까워요_친절해요_
375214427,rga0303,아늑한분위기에맛있는라멘잘먹었습니다~~,2026년 6월 13일 토요일,혼밥하기 좋아요_친절해요_음식이 맛있어요_특별한 메뉴가 있어요_양이 많아요_
375214427,js0****,너무맛있고시원한라멘이였어요잘먹었습니다다음에도또오고싶어요,2026년 6월 13일 토요일,음식이 맛있어요_특별한 메뉴가 있어요_현지 맛에 가까워요_친절해요_혼밥하기 좋아요_
375214427,zzhoon2,전주여행와서라멘맛집이있길래와봤어요제가늘먹던라멘과는다른특별한맛이에요종종생각날거같습니다ㅎㅎ,2026년 6월 13일 토요일,음식이 맛있어요_재료가 신선해요_특별한 메뉴가 있어요_현지 맛에 가까워요_가성비가 좋아요_
375214427,이원욱6,맛잇어요혼밥하기좋아요~,2026년 6월 13일 토요일,음식이 맛있어요_특별한 메뉴가 있어요_현지 맛에 가까워요_혼밥하기 좋아요_친절해요_
375214427,yun****,혼밥하기좋아요친절해요음식이맛있어요특별한메뉴가있어요,2026년 6월 13일 토요일,음식이 맛있어요_재료가 신선해요_현지 맛에 가까워요_혼밥하기 좋아요_아늑해요_
375214427,베이비별,혼밥하기좋아요친절해요음식이맛있어요특별한메뉴가있어요,2026년 6월 13일 토요일,음식이 맛있어요_혼밥하기 좋아요_
375214427,윤짱997,콧구멍커지는맛!!😤😤이렇게맛있는라멘은처음먹어봐요직원들너무친절하고딱봐도맛집이라웨이팅30분은예상했는데생각보다얼마안걸렸어요라멘좋아하시는분들여기에요~!다음에또와서다른메뉴먹어볼거에요어디로떠나지말고오래오래장사해주세요👍,2026년 6월 13일 토요일,음식이 맛있어요_현지 맛에 가까워요_혼밥하기 좋아요_친절해요_음식이 빨리 나와요_
375214427,1229ㅇ,친절하구특별한메뉴가있어요,2026년 6월 13일 토요일,혼밥하기 좋아요_친절해요_
375214427,이아92,또왔슴당.지금은타지에살고있는데일있어서전주올때마다와용.제최애라멘집.둘이와서맥스맨이랑마제맨이요즘늘시키는조합입니다.,2026년 6월 13일 토요일,음식이 맛있어요_특별한 메뉴가 있어요_친절해요_
375214427,Black Pearl22,독특한메뉴가있는데콩나물과라멘이잘어울려서맛있었어요매운맛기본은전혀맵지않아서잘못드시는분들도잘드실거같아요맵기조절도가능한데다음엔더매운맛을먹어보고싶네요면도조절가능하고다양한맛조절이가능해서본인취향에맞춰조절할수있는게장점일것같네요,2026년 6월 13일 토요일,음식이 맛있어요_특별한 메뉴가 있어요_양이 많아요_혼밥하기 좋아요_친절해요_
375214427,cnlee,혼밥하기좋아요!,2026년 6월 13일 토요일,음식이 맛있어요_
375214427,김태연826,전주여행와서전에도좋은기억있어서들렸는데잘먹구갑니다~~ㅎㅎ!,2026년 6월 13일 토요일,음식이 맛있어요_특별한 메뉴가 있어요_메뉴 구성이 알차요_친절해요_사진이 잘 나와요_
375214427,SURA,맛있어서또방문했어요!!번창하세요!!,2026년 6월 12일 금요일,음식이 맛있어요_재료가 신선해요_특별한 메뉴가 있어요_현지 맛에 가까워요_메뉴 구성이 알차요_
375214427,hyo****,금암점방문했습니다~일찍와서대기없이바로들어왔는데조금늦으면대기있을수있으니참고해주세요~,2026년 6월 12일 금요일,인테리어가 멋져요_친절해요_
375214427,카페모카20,맛있게잘먹었습니다!,2026년 6월 12일 금요일,음식이 맛있어요_특별한 메뉴가 있어요_혼밥하기 좋아요_컨셉이 독특해요_친절해요_
375214427,미아리23,학생때부터왔던곳입니다.한번씩찾게되네요.매우맛있습니다!,2026년 6월 12일 금요일,음식이 맛있어요_재료가 신선해요_특별한 메뉴가 있어요_혼밥하기 좋아요_친절해요_
375214427,ari****,학생때부터왔던곳입니다.한번씩찾게되네요.매우맛있습니다!,2026년 6월 12일 금요일,혼밥하기 좋아요_특별한 메뉴가 있어요_
375214427,sch****,처음방문했어요.인테리어가멋지고직원분들이친절해요.조리하는걸바로볼수있어서좋아요.추천받아온만큼맛있을것같아요!,2026년 6월 12일 금요일,인테리어가 멋져요_컨셉이 독특해요_
375214427,knj****,사장님이엄청친절하시고분위기가좋아요!!라멘엄청좋아하는데너무맛있어요자주오고싶어요!!감사히잘먹었습니다,2026년 6월 11일 목요일,혼밥하기 좋아요_친절해요_음식이 맛있어요_특별한 메뉴가 있어요_
375214427,Ssynchro,특별한메뉴가있고분위기도노포느낌나서분위기도마음에들어요,2026년 6월 11일 목요일,음식이 맛있어요_특별한 메뉴가 있어요_컨셉이 독특해요_혼밥하기 좋아요_친절해요_
375214427,chlghrud9948,맛있게맵고맛있어요~~,2026년 6월 11일 목요일,음식이 맛있어요_특별한 메뉴가 있어요_혼밥하기 좋아요_친절해요_
375214427,loy****,전주에내려와오랜만에방문한라멘집🍜일본유학시절을떠올리는맛이었습니다ㅠㅠ저의추억을찾아주셔서진심으로감사합니다!!너무맛있어요😎😎,2026년 6월 11일 목요일,음식이 맛있어요_현지 맛에 가까워요_매장이 청결해요_친절해요_
375214427,해뮤다 삼각지대,N번째재방문중인멘야케이전주필먹코스!!불콩나물라멘을꼭드셔야합니다!!,2026년 6월 11일 목요일,음식이 맛있어요_재료가 신선해요_특별한 메뉴가 있어요_혼밥하기 좋아요_컨셉이 독특해요_
375214427,jar****,일이일찍끝나서찾아왔는데역시맛집!!일부러온보람이있네요!,2026년 6월 11일 목요일,혼밥하기 좋아요_음식이 맛있어요_친절해요_특별한 날 가기 좋아요_
375214427,혜지4,츠케멘처음먹어보는데맛잇어요!!,2026년 6월 11일 목요일,음식이 맛있어요_특별한 메뉴가 있어요_혼밥하기 좋아요_친절해요_
375214427,갱5857,친절하고양많고너무맛있어요!면종류익힘짠기기름양까지조절할수있어더좋아요,2026년 6월 11일 목요일,음식이 맛있어요_메뉴 구성이 알차요_양이 많아요_차분한 분위기예요_
375214427,종석뉨,라멘너무맛있어요꼬들면좋아하는데면익힘도선택가능해서최고예요!!👍,2026년 6월 11일 목요일,음식이 맛있어요_특별한 메뉴가 있어요_혼밥하기 좋아요_친절해요_
375214427,박이삭69,혼밥하면서라멘을즐기기좋은곳,2026년 6월 11일 목요일,음식이 맛있어요_혼밥하기 좋아요_
375214427,gksmfdkdl8,너무맛있습니다.사이드차슈동이국물과조합을고려했는지같이먹으면완벽!토빙도하나하나맛있었습니다.라멘에차슈동강추!,2026년 6월 10일 수요일,음식이 맛있어요_인테리어가 멋져요_혼밥하기 좋아요_사진이 잘 나와요_친절해요_
375214427,cho****,양도푸짐하고맛도일품입니다!현지일본감성나서좋네요,2026년 6월 10일 수요일,음식이 맛있어요_재료가 신선해요_특별한 메뉴가 있어요_현지 맛에 가까워요_
375214427,cyd****,전북대에있는라멘집을찾다가신정문근처에있는멘야케이를오게됐습니다!거리는가까웠고맛도맛있었어요!맵기면종류맛조절을할수있어서좋았어요!저는신케이Max멘1.5단계를먹었는데딱적당히맵고기본에충실한라멘이었습니당!그리고계란하나먹는것도요리를먹는느낌이었어요!김이랑고기랑쌈처럼라멘을싸먹는것도입안을가득채워서맛있었습니다!그리고무엇보다직원분들이너무친절하게알려주시고응대해주셔서너무좋았습니다:)비싼가격이지만기분좋게맛있는라멘집이에요!,2026년 6월 10일 수요일,음식이 맛있어요_재료가 신선해요_특별한 메뉴가 있어요_혼밥하기 좋아요_아늑해요_
375214427,kh****,지인소개로오게된라멘집인데회사근처기도해서방문하였습니다.현지라멘집같은분위기로연인과오면더좋을꺼같습니다.맛도일품분위기도일품,2026년 6월 10일 수요일,현지 맛에 가까워요_음식이 맛있어요_아늑해요_사진이 잘 나와요_
375214427,khb****,깔끔하고맛있어요!ㅎㅎ,2026년 6월 10일 수요일,혼밥하기 좋아요_친절해요_특별한 메뉴가 있어요_음식이 맛있어요_
375214427,유낭양,저번에도맛있게먹었는데오늘도맛있네요!!!!,2026년 6월 10일 수요일,음식이 맛있어요_재료가 신선해요_특별한 메뉴가 있어요_현지 맛에 가까워요_고기 질이 좋아요_
375214427,햇살마루1497,분위기좋고음식도맛있어요^^,2026년 6월 10일 수요일,인테리어가 멋져요_혼밥하기 좋아요_친절해요_음식이 맛있어요_특별한 메뉴가 있어요_
375214427,클로이3593,우와완전일본에온줄알았어요!특색있는분위기와맛집입니당ㅋㅌ,2026년 6월 9일 화요일,음식이 맛있어요_컨셉이 독특해요_
375214427,쫑쓰맘,라멘은.멘야케이가찐이예요몇번방문째인데역시나입니다!!,2026년 6월 9일 화요일,혼밥하기 좋아요_친절해요_특별한 메뉴가 있어요_
375214427,Heize40,늘지나가보기만했는데오늘드디어시간내서먹으러왔습니다!!오후2시에갔는데바로이용가능했구요사장님친절하시고라면이너무맛있어요우ㅜㅜ....😭😋😋다음에도또올의향있습니다ㅏ!!!완전존맛....👍,2026년 6월 9일 화요일,음식이 맛있어요_특별한 메뉴가 있어요_혼밥하기 좋아요_친절해요_매장이 청결해요_
375214427,수채화67,친절하고라멘도괜찬아요,2026년 6월 9일 화요일,음식이 맛있어요_친절해요_
375214427,최아영6140,친절하고라멘도괜찬아요,2026년 6월 9일 화요일,음식이 맛있어요_재료가 신선해요_인테리어가 멋져요_컨셉이 독특해요_친절해요_
375214427,won****,마감거의다온시간에주문했는데친절하게받아주셔서감사합니다!덕분에맛있는신케이라멘먹고갑니다!,2026년 6월 8일 월요일,음식이 맛있어요_재료가 신선해요_양이 많아요_가성비가 좋아요_메뉴 구성이 알차요_
375214427,수빈1391,맛있고양이많아요나중에또올게용!!,2026년 6월 8일 월요일,혼밥하기 좋아요_특별한 메뉴가 있어요_음식이 맛있어요_친절해요_
375214427,SJSJ798,매장분위기가아늑하고깔끔해서혼밥하기에도전혀부담없고좋네요.주문한라멘도국물부터고명까지정성이가득느껴지는맛이었습니다.,2026년 6월 8일 월요일,음식이 맛있어요_재료가 신선해요_현지 맛에 가까워요_양이 많아요_혼밥하기 좋아요_
375214427,wjs****,매장분위기가아늑하고깔끔해서혼밥하기에도전혀부담없고좋네요.주문한라멘도국물부터고명까지정성이가득느껴지는맛이었습니다.,2026년 6월 8일 월요일,음식이 맛있어요_재료가 신선해요_특별한 메뉴가 있어요_
375214427,pic****,국물이깔끔하고간도적당해서맛있게먹었습니다.고명으로올라간계란도맛있네요.혼밥하기도좋고제가주로있는곳에서멀지만않았으면자주왔을거같아요.시간되면다음에도먹으러올게요번창하세요,2026년 6월 8일 월요일,음식이 맛있어요_특별한 메뉴가 있어요_혼밥하기 좋아요_친절해요_
375214427,C Dragon38,전주맛집찾다가들어온멘야케이!등산인으로써모악산메뉴못참고바로시켜주면서아주맛있게먹었습니다!전주오게되면생각날것같아요,2026년 6월 8일 월요일,음식이 맛있어요_특별한 메뉴가 있어요_혼밥하기 좋아요_친절해요_
375214427,소온앤,아주아주맛이있습니다.,2026년 6월 8일 월요일,음식이 맛있어요_현지 맛에 가까워요_아늑해요_컨셉이 독특해요_
375214427,이놜,라멘이땡기면매번오는곳!!매번올때마다너무맛있어요!,2026년 6월 8일 월요일,음식이 맛있어요_현지 맛에 가까워요_친절해요_
375214427,Qkttt,너무맛있어용!!,2026년 6월 8일 월요일,음식이 맛있어요_재료가 신선해요_특별한 메뉴가 있어요_현지 맛에 가까워요_
375214427,JUDITH84,라멘맛집방문했어요!객사에도지점내주세용ㅠㅠㅠㅠ,2026년 6월 8일 월요일,음식이 맛있어요_혼밥하기 좋아요_
375214427,wkd****,국물이진하고면식감이좋아서맛있게먹었습니다.차슈도부드럽고전체적인밸런스가좋았어요.다음에또방문할게요!!,2026년 6월 8일 월요일,혼밥하기 좋아요_아늑해요_음식이 맛있어요_특별한 메뉴가 있어요_재료가 신선해요_
375214427,로시난,마제멘은처음먹어봤는데너무맛있게잘먹었습니다😃,2026년 6월 8일 월요일,음식이 맛있어요_재료가 신선해요_특별한 메뉴가 있어요_혼밥하기 좋아요_친절해요_
375214427,chs****,가게가아담하고정겨운거같아여라멘은츠케멘이랑신케이라멘시켰는데맛있어여!!!,2026년 6월 8일 월요일,음식이 맛있어요_재료가 신선해요_특별한 메뉴가 있어요_현지 맛에 가까워요_인테리어가 멋져요_
375214427,미운오리10,혼밥하기좋아요.오늘은츠케멘다음엔콩나물라멘먹으러와야겠어요,2026년 6월 8일 월요일,혼밥하기 좋아요_친절해요_음식이 맛있어요_특별한 메뉴가 있어요_
375214427,조윤한17,사장님이너무친절하시고음식에대해상세히알려주세요그만큼정성도가득합니다!!,2026년 6월 7일 일요일,인테리어가 멋져요_혼밥하기 좋아요_음식이 맛있어요_특별한 메뉴가 있어요_친절해요_
375214427,루루비통,여기두번째방문!!!!맛있다는보장은확실해요ㅎㅎ,2026년 6월 7일 일요일,음식이 맛있어요_재료가 신선해요_인테리어가 멋져요_아늑해요_친절해요_
375214427,최경규9598,너무맛있어용다음에도올거같아용,2026년 6월 7일 일요일,음식이 맛있어요_인테리어가 멋져요_친절해요_
375214427,윤나연52,너무맛있어서감동했습니다오랜만에라멘먹으러왔는데진짜맛있었어요츠케멘맛집인정입니다!!🙌🙌,2026년 6월 7일 일요일,음식이 맛있어요_현지 맛에 가까워요_인테리어가 멋져요_아늑해요_
375214427,여행좋아하는오씨,카라츠케멘특유의진한맛을잘느낄수있었습니다.재료도신선한느낌이었고전체적으로만족스러운식사였습니다.,2026년 6월 7일 일요일,음식이 맛있어요_재료가 신선해요_현지 맛에 가까워요_아늑해요_
375214427,아리픽,재방문했는데돈코츠너무맛있어요ㅎㅎㅎㅎ돈코츠특유의느끼함을된장베이스로잘잡아주셔서맛있게먹었습니다파가킥!!😋,2026년 6월 7일 일요일,현지 맛에 가까워요_재료가 신선해요_혼밥하기 좋아요_아늑해요_
375214427,xod****,모악산라멘콩나물식감과과감하게얹어있는챠슈가매우좋았고신케이맥스라멘1단계로시켰는데넘치는토핑과깊고진한국물이매우인상적이네요잘먹었습니다.,2026년 6월 7일 일요일,친절해요_음식이 맛있어요_
375214427,nieeeeeee,친절！高菜맛집이예요👍👍,2026년 6월 7일 일요일,음식이 맛있어요_특별한 메뉴가 있어요_혼밥하기 좋아요_친절해요_
375214427,kl****,정말맛있네용~.~,2026년 6월 7일 일요일,친절해요_음식이 맛있어요_특별한 메뉴가 있어요_혼밥하기 좋아요_
375214427,SURA,쿠폰뽑기이벤트도있고맛있어요!!!,2026년 6월 7일 일요일,혼밥하기 좋아요_매장이 청결해요_친절해요_특별한 메뉴가 있어요_음식이 맛있어요_
375214427,정희원3497,매장직원분들이아주친절하시고음식이맛있습니다!아이들이랑방문했는데편하게잘먹고갔습니다!!,2026년 6월 7일 일요일,음식이 맛있어요_재료가 신선해요_특별한 메뉴가 있어요_고기 질이 좋아요_친절해요_
375214427,kjw****,가게도분위기가좋고음식도맛있어서맛있게잘먹고가요~~!!!,2026년 6월 7일 일요일,음식이 맛있어요_재료가 신선해요_가성비가 좋아요_혼밥하기 좋아요_
375214427,Aeyong2,염도매운맛기름의양등등이렇게디테일하게선택할수있는곳은일본이x란을제외하곤한국에선흔치않았는데좋았습니다👍그리고진짜국물진하고모악산은진한데개운하고맛있습니다👍교자도꼭드세요,2026년 6월 7일 일요일,혼밥하기 좋아요_친절해요_매장이 청결해요_음식이 맛있어요_특별한 메뉴가 있어요_
375214427,Loveohj,아이가맛있게먹어요다음에또올게요,2026년 6월 7일 일요일,인테리어가 멋져요_컨셉이 독특해요_
375214427,wkd****,전주에서제일맛있는라멘집이에요:)옛날부터오던곳인데오랜만에와서좋아요!,2026년 6월 7일 일요일,음식이 맛있어요_특별한 메뉴가 있어요_재료가 신선해요_혼밥하기 좋아요_
375214427,BuleForg,케이max맨과시로네기차슈맨시켜서먹었는데넘고소하니맛있어요~교자만두는네이버예약해서오시면주는서비스인데넘맛있었어요!,2026년 6월 7일 일요일,혼밥하기 좋아요_음식이 맛있어요_특별한 메뉴가 있어요_
375214427,gij****,여자친구와리뷰보고방문했는데리뷰가좋을수밖에없네요교자도맛있고음식마다킥이있어요너무맛있습니다,2026년 6월 7일 일요일,음식이 맛있어요_메뉴 구성이 알차요_혼밥하기 좋아요_컨셉이 독특해요_친절해요_
375214427,아야어여32,전주여행으로방문했어요!특색있는이름의라멘이라궁금했어요.일요일오전10시50분에도착해서11시에제일처음으로들어갔어요.10:50직후에여러팀이오더라구요11시에도착했으면웨이팅해야할것같아요ㅎㅎㅎ추천합니당,2026년 6월 7일 일요일,특별한 메뉴가 있어요_혼밥하기 좋아요_아늑해요_컨셉이 독특해요_친절해요_
375214427,min****,여자친구랑오랜만에먹으러왔는데직원분들너무친절하시고라멘도일본라멘저리가라할정도로너무맛있습니다다찌석이라혼밥하기도좋을거같네요특별한메뉴도있어서다음엔다른메뉴먹으러오겠습니다,2026년 6월 6일 토요일,음식이 맛있어요_재료가 신선해요_특별한 메뉴가 있어요_아늑해요_
375214427,env****,일본라멘을드시고싶으신분들은강추합니다,2026년 6월 6일 토요일,음식이 맛있어요_특별한 메뉴가 있어요_인테리어가 멋져요_혼밥하기 좋아요_친절해요_
375214427,wooki109,너무마싯고너무친절하고너무좋네여ㅎㅎㅎ또와야겠어요,2026년 6월 6일 토요일,음식이 맛있어요_인테리어가 멋져요_친절해요_매장이 청결해요_
375214427,승윤이다케로,저번에웨이팅때문에못먹었는데이번에오게됐는데분위기도좋고사장님이매우친절하십니다!!,2026년 6월 6일 토요일,음식이 맛있어요_재료가 신선해요_특별한 메뉴가 있어요_친절해요_혼밥하기 좋아요_
375214427,sma****,오늘처음방문했는데매장이일본에서간라멘집처럼아득해서분위기가너무좋았습니다.면삶기기름등먹고싶은대로선택해서먹을수있어서한번오시기를추천합니다.,2026년 6월 6일 토요일,음식이 맛있어요_재료가 신선해요_특별한 메뉴가 있어요_
375214427,스3258,넘맛있었어요!마제멘추천합니다👍👍,2026년 6월 6일 토요일,음식이 맛있어요_특별한 메뉴가 있어요_친절해요_매장이 청결해요_혼밥하기 좋아요_
375214427,fhr****,라면진짜맛있어요!!가게도일식집분위기많이나서좋았어요!다음에는콩나물라멘꼭먹어보고싶네요ㅎㅎ,2026년 6월 6일 토요일,음식이 맛있어요_재료가 신선해요_특별한 메뉴가 있어요_
375214427,원인재52,직원들이친절하시고전주라멘집중제일맛있습니다!,2026년 6월 6일 토요일,음식이 맛있어요_특별한 메뉴가 있어요_혼밥하기 좋아요_친절해요_
375214427,leb****,맛있어요!!또올거예요!!,2026년 6월 6일 토요일,음식이 맛있어요_특별한 메뉴가 있어요_재료가 신선해요_
375214427,Jiji8,혼밥하기좋아요사장님들도친절하시고음식간도좋고너무맛있습니다전주맛집으로한번쯤오실만한곳입니다추천합니다,2026년 6월 6일 토요일,음식이 맛있어요_재료가 신선해요_인테리어가 멋져요_혼밥하기 좋아요_친절해요_
375214427,seh****,애매한시간대에브레이크타임없는곳찾기힘들었는데여기는그런거하나없이바로입장해서먹었어요음식설명한번해주시는데옆가림막마다설명서붙어있어서더편했어요맛있게잘먹고갑니다!!,2026년 6월 6일 토요일,음식이 맛있어요_재료가 신선해요_혼밥하기 좋아요_
1729691935,seo****,맛있어요,2026년 6월 14일 일요일,음식이 맛있어요_양이 많아요_
1729691935,ksk****,음식이맛있어요..,2026년 6월 14일 일요일,음식이 맛있어요_재료가 신선해요_인테리어가 멋져요_매장이 넓어요_혼밥하기 좋아요_
1729691935,안냥하새웅,양도많고너무맛있아요!😇😇,2026년 6월 14일 일요일,음식이 맛있어요_매장이 넓어요_친절해요_
1729691935,태권부이,푸짐라고맛있습니다!!,2026년 6월 14일 일요일,음식이 맛있어요_재료가 신선해요_양이 많아요_특별한 메뉴가 있어요_가성비가 좋아요_
1729691935,eun****,양도많고맛있어요!,2026년 6월 13일 토요일,음식이 맛있어요_재료가 신선해요_양이 많아요_고기 질이 좋아요_
1729691935,rudwlwl,완전맛있습니다~~,2026년 6월 13일 토요일,양이 많아요_재료가 신선해요_
1729691935,kkg****,더담다옛날부터맛있었던곳시간이지나도너무맛있고직원분들너무친절해요,2026년 6월 13일 토요일,음식이 맛있어요_특별한 메뉴가 있어요_친절해요_
1729691935,krw****,맛있어서자주와요!,2026년 6월 13일 토요일,음식이 맛있어요_재료가 신선해요_양이 많아요_
1729691935,ufg****,우앗...너무맛있었어요ㅜㅜ재방문에재방문..ㅜㅜㅜ🥺더담다사랑입니다🫶🏻,2026년 6월 13일 토요일,음식이 맛있어요_재료가 신선해요_양이 많아요_특별한 메뉴가 있어요_
1729691935,jie****,자주방문하는곳중하나에요.소바도개시해서너무맛있게먹었어요.강추!,2026년 6월 13일 토요일,음식이 맛있어요_양이 많아요_가성비가 좋아요_
1729691935,성욱8689,맛있고매장이깔끔합니다,2026년 6월 13일 토요일,음식이 맛있어요_재료가 신선해요_양이 많아요_특별한 메뉴가 있어요_가성비가 좋아요_
1729691935,yhzi,전북대구정문도로변쪽에있는식당인데연어초밥진짜꼭먹으세요~!두번먹으세요~김치나베도매콤하니맛있습니다!,2026년 6월 13일 토요일,음식이 맛있어요_양이 많아요_친절해요_매장이 청결해요_
1729691935,the****,친절하시고자주이용합니다,2026년 6월 12일 금요일,인테리어가 멋져요_양이 많아요_화장실이 깨끗해요_매장이 청결해요_친절해요_
1729691935,귀요미와 함께하는 잘생긴 음식평론가,타지에서왔는데전북대맛집이많네요감사합니다강추!!,2026년 6월 12일 금요일,음식이 맛있어요_재료가 신선해요_양이 많아요_특별한 메뉴가 있어요_
1729691935,나72,자주옵니다.맛있어용!예전보다가격이오르긴했는데그래도맛있으니꾸준히오려구요!,2026년 6월 11일 목요일,음식이 맛있어요_
1729691935,소름61,친구추천으로주문해봤는데완전대만족이에요!평소에비린맛때문에연어초밥을선호하지않는편인데여기연어는특유의비린맛이전혀없고정말신선해서맛있게잘먹었습니다.돈까스도양이진짜많아서좋았고꾸덕한로제소스와의조화가아주예술이네요.양도맛도최고라앞으로자주주문할것같아요!,2026년 6월 11일 목요일,음식이 맛있어요_재료가 신선해요_양이 많아요_
1729691935,오준서32,전북대학생인데정말맛있어요!,2026년 6월 11일 목요일,음식이 맛있어요_
1729691935,넝넝10,너무맛있습니다!!!믿고먹는맛집..,2026년 6월 11일 목요일,음식이 맛있어요_매장이 넓어요_
1729691935,gkr****,맛있어요!!!!!,2026년 6월 10일 수요일,음식이 맛있어요_양이 많아요_재료가 신선해요_특별한 메뉴가 있어요_인테리어가 멋져요_
1729691935,록 리30,친구들이랑왔는데돈까스진짜바삭바삭해요파스타도굿입니다,2026년 6월 10일 수요일,음식이 맛있어요_재료가 신선해요_혼밥하기 좋아요_친절해요_
1729691935,맨유팬81,너무맛있어요강추!!,2026년 6월 10일 수요일,음식이 맛있어요_재료가 신선해요_양이 많아요_
1729691935,031****,전북대10년째오는단골맛집입니당,2026년 6월 10일 수요일,음식이 맛있어요_
1729691935,일단 똥을 싸라,유명해서와봣는데가격도적당하고맛도있습니다^^,2026년 6월 9일 화요일,음식이 맛있어요_재료가 신선해요_양이 많아요_
1729691935,cholbun,돈까스가맛있어자주방문하는맛집입니다^^,2026년 6월 9일 화요일,음식이 맛있어요_재료가 신선해요_가성비가 좋아요_매장이 청결해요_친절해요_
1729691935,unjjung,돈까스너무맛있어서또찾아왔어용!맛있게먹고갑니다아🥹,2026년 6월 9일 화요일,음식이 맛있어요_양이 많아요_가성비가 좋아요_
1729691935,TAG1,맛있어요!밥먹기좋음,2026년 6월 9일 화요일,음식이 맛있어요_매장이 넓어요_혼밥하기 좋아요_
1729691935,이애리73,맛있습니다번팡하세요다음에도방문하겠습니당~~,2026년 6월 9일 화요일,음식이 맛있어요_재료가 신선해요_양이 많아요_인테리어가 멋져요_매장이 청결해요_
1729691935,우히히522,맛있습니다번팡하세요다음에도방문하겠습니당~~,2026년 6월 9일 화요일,음식이 맛있어요_양이 많아요_
1729691935,aldo1532,맛있어요!연어도왜케맛있나용!!!ㅎㅎ또올께용!^^,2026년 6월 9일 화요일,음식이 맛있어요_재료가 신선해요_특별한 메뉴가 있어요_친절해요_
1729691935,cholbun,돈까스맛집이라자주방문합니다!직원분들친절하세요^^,2026년 6월 8일 월요일,음식이 맛있어요_재료가 신선해요_양이 많아요_혼밥하기 좋아요_친절해요_
1729691935,nik****,맛있어요^^,2026년 6월 8일 월요일,음식이 맛있어요_재료가 신선해요_양이 많아요_특별한 메뉴가 있어요_
1729691935,jjh****,맛있어요!!,2026년 6월 8일 월요일,음식이 맛있어요_친절해요_
1729691935,sdc0403,정말맛있습니다최고입니다또오겠습니다,2026년 6월 8일 월요일,음식이 맛있어요_양이 많아요_뷰가 좋아요_
1729691935,hise702,맛나요,2026년 6월 8일 월요일,음식이 맛있어요_재료가 신선해요_양이 많아요_특별한 메뉴가 있어요_
1729691935,이어진 Ashley,맛있어요,2026년 6월 8일 월요일,재료가 신선해요_혼밥하기 좋아요_
1729691935,UserUnknown,맛있어요,2026년 6월 8일 월요일,음식이 맛있어요_양이 많아요_메뉴 구성이 알차요_가성비가 좋아요_
1729691935,cjs****,N번째방문인데올때마다항상만족합니다!특히연어초밥너무맛있어요,2026년 6월 8일 월요일,음식이 맛있어요_재료가 신선해요_양이 많아요_친절해요_
1729691935,vgt****,전북대에서돈까스먹을때는항상여기로옵니다,2026년 6월 7일 일요일,음식이 맛있어요_친절해요_
1729691935,hii123,돈까스가맛있고직원분이친절하셔서너무좋았습니다.!!,2026년 6월 7일 일요일,음식이 맛있어요_인테리어가 멋져요_친절해요_
1729691935,dla****,오래만에왔는데여전히맛있고푸짐해서너므잘먹었습니다!,2026년 6월 7일 일요일,음식이 맛있어요_재료가 신선해요_친절해요_매장이 청결해요_
1729691935,ppy****,맛있어요~!,2026년 6월 7일 일요일,음식이 맛있어요_재료가 신선해요_혼밥하기 좋아요_
1729691935,the****,직원분들도친절하시고분위도좋습니다.,2026년 6월 7일 일요일,음식이 맛있어요_인테리어가 멋져요_친절해요_매장이 청결해요_화장실이 깨끗해요_
1729691935,kdo****,지난번에와서먹구맛있어서또왔어요!오늘도맛있습니다-!,2026년 6월 7일 일요일,음식이 맛있어요_가성비가 좋아요_사진이 잘 나와요_
1729691935,날씨요정입니다아,더담다너무맛있어요~김치치즈돈까스나베먹으러주기적으로와야해요최고에요~~👍🏻🩵🧚,2026년 6월 7일 일요일,음식이 맛있어요_양이 많아요_인테리어가 멋져요_친절해요_매장이 청결해요_
1729691935,수수아빠70,아이와전주놀러왔다가맛집이라길래다녀갑니다.락교맛집한통다비우고갑니다정성가득한서비스와맛있는음식덕분에정말만족스러운시간을보냈습니다.특히이곳의분위기는편안하고아늑하여더욱특별한추억으로남을것같습니다.다음에전주에방문할기회가있다면꼭다시찾아가고싶습니다.좋은기억을선물해주신전주더담다에감사드립니다.,2026년 6월 6일 토요일,음식이 맛있어요_특별한 메뉴가 있어요_가성비가 좋아요_대화하기 좋아요_친절해요_
1729691935,kim****,맨날웨이팅있어서실패했다가주말저녁에방문했더니대기없이들어갔어요!!진짜맛있릅미나짱짱,2026년 6월 6일 토요일,음식이 맛있어요_
1729691935,샤랄라44,와...진짜여기너무맛있어요!!!!!먹어본돈까스중탑3안에듭니다!전에줄서서먹는돈까스집간적있었는데거기만큼맛있었어요!!!!겉바속촉의대명사..진짜튀김이바삭하고안은진짜촉촉하고부드러워요ㅠㅠ맛집찾아서넘기분좋네요!재방문의사200%입니다!!고구마무스치즈돈까스도존맛..진짜미쳤어요ㅠㅠ꼭와보세요후회안하실거에요!!🥺🤙🏻,2026년 6월 6일 토요일,음식이 맛있어요_특별한 메뉴가 있어요_고기 질이 좋아요_메뉴 구성이 알차요_음악이 좋아요_
1729691935,고소영68,돈가스양이많고맛있어요!메뉴종류가많아서좋았어요👍,2026년 6월 6일 토요일,음식이 맛있어요_양이 많아요_가성비가 좋아요_매장이 청결해요_
1729691935,eunglab,오랜만에왔는데맛있습니다,2026년 6월 6일 토요일,음식이 맛있어요_특별한 메뉴가 있어요_가성비가 좋아요_인테리어가 멋져요_매장이 넓어요_
1729691935,맹맹이27,역시돈가스맛집더담다.여름메뉴로냉소바도참맛납니다~~,2026년 6월 6일 토요일,음식이 맛있어요_재료가 신선해요_인테리어가 멋져요_친절해요_
1729691935,도르트문워크,맛있어요,2026년 6월 6일 토요일,음식이 맛있어요_재료가 신선해요_인테리어가 멋져요_친절해요_
1729691935,chkdud,검색후방문했는데음식이너무맛있어요~아이들과맛있게먹었습니다추천해요^^,2026년 6월 6일 토요일,음식이 맛있어요_양이 많아요_특별한 메뉴가 있어요_
1729691935,미션마켓22,엄청맛있고친절하고깔끔해서좋아요!,2026년 6월 6일 토요일,음식이 맛있어요_재료가 신선해요_양이 많아요_특별한 메뉴가 있어요_가성비가 좋아요_
1729691935,이준호698,자주방문하는돈까스집이에요너무맛있고비쥬얼도이뻐요ㅎㅎㅎ안오신분들은꼭오시는거추천드릴게요,2026년 6월 6일 토요일,음식이 맛있어요_
1729691935,seo****,여기서늘연어덮밥이랑먹는데진짜너무맛있고연어도도톰하니짱맛있어요!!물론돈까스도맛있습니당,2026년 6월 5일 금요일,음식이 맛있어요_양이 많아요_가성비가 좋아요_아늑해요_
1729691935,gwackyunho,돈까스정말맛있습니다!,2026년 6월 5일 금요일,음식이 맛있어요_양이 많아요_
1729691935,소49,돈까스가잘튀겨져서맛있네요.맛집인정합니다.,2026년 6월 5일 금요일,음식이 맛있어요_양이 많아요_메뉴 구성이 알차요_반찬이 잘 나와요_음식이 빨리 나와요_
1729691935,soo****,너무맛있어요!!!!❤️❤️처음와보는데또올것같아요!사케동추천합니당~🤩🩷,2026년 6월 5일 금요일,음식이 맛있어요_재료가 신선해요_양이 많아요_가성비가 좋아요_
1729691935,ㅎㅎ1638,파스타랑돈까스가성비있게맛있게먹을수있어서넘조아요!!,2026년 6월 5일 금요일,음식이 맛있어요_양이 많아요_가성비가 좋아요_특별한 메뉴가 있어요_혼밥하기 좋아요_
1729691935,김우진9096,와걍존맛임요,2026년 6월 4일 목요일,음식이 맛있어요_재료가 신선해요_양이 많아요_특별한 메뉴가 있어요_매장이 넓어요_
1729691935,rnj****,돈까스가만원도안하는데너무너무맛있어용~~~,2026년 6월 4일 목요일,음식이 맛있어요_재료가 신선해요_양이 많아요_
1729691935,돼지먹방여행기,돈까스러버에게여기는너무좋아요!메뉴도많아서올때마다다른메뉴먹는데다너무맛있어요~,2026년 6월 4일 목요일,음식이 맛있어요_재료가 신선해요_양이 많아요_
1729691935,cjs****,가성비도좋은데연어가큼지막해서돈까스집이지만연어먹으러와요ㅎㅎ,2026년 6월 4일 목요일,음식이 맛있어요_양이 많아요_가성비가 좋아요_혼밥하기 좋아요_
1729691935,Chaewon88,고치돈넘맛있어요!또오고싶어요.내부도시원하고친절하셔서정말좋았습니다!!,2026년 6월 4일 목요일,음식이 맛있어요_혼밥하기 좋아요_친절해요_
1729691935,아린이476,맛잇어용,2026년 6월 4일 목요일,음식이 맛있어요_양이 많아요_
1729691935,gxm****,너무맛있어요다음에도방문할거같아요,2026년 6월 3일 수요일,음식이 맛있어요_재료가 신선해요_
1729691935,서현욱33,너무맛있었요가격대비구성도너무알차고분위기도좋고만족스러웠습니다!!,2026년 6월 3일 수요일,음식이 맛있어요_재료가 신선해요_양이 많아요_인테리어가 멋져요_매장이 넓어요_
1729691935,초코파이77,돈까스맛있어요!,2026년 6월 3일 수요일,음식이 맛있어요_재료가 신선해요_양이 많아요_
1729691935,선한0향력,너무너무맛있어요!감사합니다!,2026년 6월 3일 수요일,음식이 맛있어요_재료가 신선해요_인테리어가 멋져요_매장이 넓어요_
1729691935,Eden65,돈까스맛집!!!!치즈를진짜먾이주네요다음에또올께요!!?₩)(,2026년 6월 2일 화요일,음식이 맛있어요_특별한 메뉴가 있어요_가성비가 좋아요_매장이 넓어요_단체모임 하기 좋아요_
1729691935,카니가,맛도있고양도많아서재방문했습니다!!,2026년 6월 2일 화요일,음식이 맛있어요_재료가 신선해요_양이 많아요_특별한 메뉴가 있어요_매장이 넓어요_
1729691935,Lucy80,전북대유명맛집더담다!!!!여기돈가쓰는항상맛잇습니당,2026년 6월 2일 화요일,음식이 맛있어요_가성비가 좋아요_인테리어가 멋져요_음악이 좋아요_
1729691935,뿌숑빠숑뽀숑18,사람이워낙많아서음식나오는데시간이걸리지만아주뜨겁고맛있어요!!n번째방문인데메뉴가워낙많아서골라먹기좋고다맛있어요,2026년 6월 2일 화요일,음식이 맛있어요_재료가 신선해요_특별한 메뉴가 있어요_고기 질이 좋아요_잡내가 적어요_
1729691935,min****,음식이맛있어요,2026년 6월 2일 화요일,음식이 맛있어요_
1729691935,Rladofls,맛있어요안심은쫄깃하고고소한데담백하고속까지든든한느낌,2026년 6월 2일 화요일,음식이 맛있어요_재료가 신선해요_양이 많아요_혼밥하기 좋아요_
1729691935,chi****,마싯어용,2026년 6월 1일 월요일,음식이 맛있어요_
1729691935,kara4006,가성비맛있게먹었습니다.담에도또올게요,2026년 6월 1일 월요일,음식이 맛있어요_
1729691935,okh****,가성비최고의선택,2026년 6월 1일 월요일,재료가 신선해요_양이 많아요_음식이 맛있어요_
1729691935,spr****,음식이맛있고양이많어요^^,2026년 5월 31일 일요일,음식이 맛있어요_재료가 신선해요_양이 많아요_가성비가 좋아요_
1729691935,행복해456,주차하기도좋고양도많이주고맛있어요~,2026년 5월 31일 일요일,음식이 맛있어요_양이 많아요_특별한 메뉴가 있어요_혼밥하기 좋아요_친절해요_
1729691935,qudd****,맛있었어요!,2026년 5월 31일 일요일,음식이 맛있어요_재료가 신선해요_양이 많아요_인테리어가 멋져요_
1729691935,chldmswl321,오랜만에방문했는데여전히맛있어요!!,2026년 5월 31일 일요일,음식이 맛있어요_인테리어가 멋져요_
1729691935,카니가,양도많고맛도있고너무좋았습니다!!,2026년 5월 31일 일요일,음식이 맛있어요_재료가 신선해요_양이 많아요_매장이 넓어요_
1729691935,밍갱양갱영양갱,맛있어요!,2026년 5월 31일 일요일,음식이 맛있어요_특별한 메뉴가 있어요_친절해요_
1729691935,showtimeshin,너무맛있습니다!꼭방문하세요~~,2026년 5월 31일 일요일,음식이 맛있어요_
1729691935,eunnnnnny,직원분께서엄청친절하시고양도많도저렴하고맛있어요전북대짱맛집❤️❤️,2026년 5월 31일 일요일,재료가 신선해요_음식이 맛있어요_양이 많아요_특별한 메뉴가 있어요_
1729691935,SHLSHL,너무친절하고매장이청결하고음식이맛있어요^^,2026년 5월 30일 토요일,음식이 맛있어요_인테리어가 멋져요_친절해요_매장이 청결해요_
1729691935,gd97,친절과즐거움으로가득한더담다최고로행복한장소입니다,2026년 5월 30일 토요일,재료가 신선해요_음식이 맛있어요_가성비가 좋아요_혼밥하기 좋아요_매장이 청결해요_
1729691935,삼천동 토박이,뒤도돌아보지마.맛있으니까내말들어,2026년 5월 30일 토요일,음식이 맛있어요_재료가 신선해요_인테리어가 멋져요_매장이 넓어요_혼밥하기 좋아요_
1729691935,chc****,맛잇어요~~,2026년 5월 30일 토요일,음식이 맛있어요_
1729691935,멋쟁이이쁜딸92,맛잇어요~~,2026년 5월 30일 토요일,음식이 맛있어요_재료가 신선해요_인테리어가 멋져요_매장이 넓어요_
1729691935,민하이41,맛있어요파스타랑돈가스가참잘어울리네요🙂,2026년 5월 30일 토요일,음식이 맛있어요_매장이 넓어요_
1729691935,크랭커77,운동하고와서배고파서허겁지겁먹느라다먹은사진올립니다ㅋ그만큼맛있어요🥰🥰,2026년 5월 30일 토요일,음식이 맛있어요_재료가 신선해요_양이 많아요_친절해요_주차하기 편해요_
1729691935,waterproof im da,맛있음,2026년 5월 30일 토요일,향신료가 강하지 않아요_메뉴 구성이 알차요_아이와 가기 좋아요_
1729691935,rytlf23,가족과여행을와서돈까스먹으러왔는데맛있는데요공간이조금협소하지만맛은있어요그리고웨이팅이있으니참고하세오~~,2026년 5월 30일 토요일,음식이 맛있어요_재료가 신선해요_양이 많아요_매장이 청결해요_
1729691935,qwq****,너무맛있고카츠의익힘이너무완벽합니다!,2026년 5월 30일 토요일,음식이 맛있어요_재료가 신선해요_특별한 메뉴가 있어요_
1729691935,Yeai,언제와도너무너무너무너무맛있어요!!🤤,2026년 5월 30일 토요일,음식이 맛있어요_재료가 신선해요_양이 많아요_특별한 메뉴가 있어요_인테리어가 멋져요_
1729691935,hbyyyyyy14,진짜맛있어요자주옵니다~~,2026년 5월 29일 금요일,음식이 맛있어요_재료가 신선해요_양이 많아요_인테리어가 멋져요_매장이 넓어요_
1729691935,whd****,맛있어요근데음식이너무늦게나와요ㅠㅠ다른건괜찮습니다.,2026년 5월 29일 금요일,음식이 맛있어요_재료가 신선해요_양이 많아요_인테리어가 멋져요_매장이 넓어요_
1729691935,김도예절지켜라,연어너무맛있어요파스타도양많고즇아오,2026년 5월 29일 금요일,음식이 맛있어요_양이 많아요_가성비가 좋아요_
1446516924,이게머노68,직원선생님들과점심식사하러나왔어요.약간밀리는편이라12시전에오는걸강추합니다.,2026년 6월 15일 월요일,음식이 맛있어요_특별한 메뉴가 있어요_인테리어가 멋져요_
1446516924,지윤8076,오야꼬동맛있어요,2026년 6월 14일 일요일,음식이 맛있어요_재료가 신선해요_
1446516924,초코파이77,맛있어요!!,2026년 6월 14일 일요일,음식이 맛있어요_재료가 신선해요_양이 많아요_
1446516924,jadoll070155,맛있어요튀김양도많아요,2026년 6월 14일 일요일,음식이 맛있어요_인테리어가 멋져요_매장이 청결해요_
1446516924,진70,분위기좋고사케동김치돈가스나베맛있어요❤️,2026년 6월 14일 일요일,음식이 맛있어요_특별한 메뉴가 있어요_인테리어가 멋져요_특별한 날 가기 좋아요_
1446516924,이오이2436,연어장소바완전맛있어요!!!,2026년 6월 14일 일요일,인테리어가 멋져요_매장이 넓어요_음식이 맛있어요_재료가 신선해요_양이 많아요_
1446516924,cla****,맛있어요!!,2026년 6월 14일 일요일,음식이 맛있어요_양이 많아요_재료가 신선해요_가성비가 좋아요_인테리어가 멋져요_
1446516924,한교동짜장,너무맛있어요음식도빨리나오고직원분도친절하시고좋아요~최고,2026년 6월 14일 일요일,음식이 맛있어요_재료가 신선해요_인테리어가 멋져요_사진이 잘 나와요_야외공간이 멋져요_
1446516924,200****,빨리나옴.기본텐동구성이알참.주차도편함.1/2초밥우동메뉴도있었음좋겠어요~,2026년 6월 14일 일요일,음식이 맛있어요_인테리어가 멋져요_매장이 청결해요_화장실이 깨끗해요_주차하기 편해요_
1446516924,Ia84,맛있어요,2026년 6월 13일 토요일,음식이 맛있어요_재료가 신선해요_
1446516924,현승희23,양도많고마싯서요ㅠㅠ,2026년 6월 13일 토요일,음식이 맛있어요_재료가 신선해요_양이 많아요_
1446516924,cho****,매장이깨끗하고넓어서좋아요!!다양한메뉴들이있어서다음에는냉소바도먹어보고싶네요☺️대박나세요^^~~,2026년 6월 13일 토요일,음식이 맛있어요_인테리어가 멋져요_매장이 넓어요_친절해요_매장이 청결해요_
1446516924,djf****,매장이너무예쁘고깔끔해요부모님과아이들함께왔는데다만족하며식사했어요,2026년 6월 13일 토요일,음식이 맛있어요_가성비가 좋아요_매장이 넓어요_혼밥하기 좋아요_좌석이 편해요_
1446516924,하히후헤호60,맛있어요,2026년 6월 12일 금요일,음식이 맛있어요_가성비가 좋아요_재료가 신선해요_양이 많아요_특별한 메뉴가 있어요_
1446516924,sjh****,음식이진짜맛있어요사장님도친절하시고직원분들도친절하십니다,2026년 6월 12일 금요일,음식이 맛있어요_재료가 신선해요_양이 많아요_특별한 메뉴가 있어요_인테리어가 멋져요_
1446516924,leeheek05,음식이진짜맛있어요사장님도친절하시고직원분들도친절하십니다,2026년 6월 12일 금요일,음식이 맛있어요_혼밥하기 좋아요_
1446516924,박준영9243,음식이진짜맛있어요사장님도친절하시고직원분들도친절하십니다,2026년 6월 12일 금요일,음식이 맛있어요_재료가 신선해요_인테리어가 멋져요_
1446516924,프리style,아주맛있어요^^,2026년 6월 11일 목요일,음식이 맛있어요_재료가 신선해요_
1446516924,나와같다면7,바삭바삭맛있어요^^,2026년 6월 11일 목요일,음식이 맛있어요_인테리어가 멋져요_친절해요_
1446516924,양지원15,연어새우장은처음먹는데너무맛있어요!!,2026년 6월 11일 목요일,음식이 맛있어요_매장이 넓어요_
1446516924,Maquinon,맛있어요,2026년 6월 10일 수요일,음식이 맛있어요_
1446516924,qkr****,오랜만에왔는데넘맛있어요🙂👍🏻,2026년 6월 10일 수요일,음식이 맛있어요_인테리어가 멋져요_매장이 넓어요_
1446516924,99****,너무맛있어요!!애용합니다~~,2026년 6월 10일 수요일,음식이 맛있어요_재료가 신선해요_특별한 메뉴가 있어요_아늑해요_음악이 좋아요_
1446516924,레츠령끼,가성비나쁘지않고텐동먹고싶을때와요!!,2026년 6월 10일 수요일,음식이 맛있어요_특별한 메뉴가 있어요_재료가 신선해요_양이 많아요_가성비가 좋아요_
1446516924,까탈러,튀김도완전바삭바삭하구맛있어요!!!전주에이런맛집이있다니ㅠㅠ메뉴도다양해서다음엔나베먹으러오려구요😆💕,2026년 6월 9일 화요일,양이 많아요_가성비가 좋아요_메뉴 구성이 알차요_매장이 넓어요_매장이 청결해요_
1446516924,01111103,연어가매우싱싱하고씹는맛이있네요아주맛있게잘먹고갑니다냉소바도익힘정도가아주쫄깃하게맛있네요,2026년 6월 8일 월요일,음식이 맛있어요_재료가 신선해요_인테리어가 멋져요_매장이 넓어요_혼밥하기 좋아요_
1446516924,김민서9386,텐동너무맛있어요💕💕💕,2026년 6월 8일 월요일,음식이 맛있어요_
1446516924,검정콩95,항상맛있게먹습니다!!,2026년 6월 8일 월요일,음식이 맛있어요_양이 많아요_특별한 메뉴가 있어요_재료가 신선해요_가성비가 좋아요_
1446516924,고고원원,전주여행와서점심으로텐동먹으러왔는데가성비도좋고너무맛있네요!!인테리어도깔끔해서너무마음에듭니다ㅎㅎ,2026년 6월 8일 월요일,음식이 맛있어요_가성비가 좋아요_반찬이 잘 나와요_대화하기 좋아요_
1446516924,뾰로롱k,맛있어요,2026년 6월 7일 일요일,음식이 맛있어요_재료가 신선해요_인테리어가 멋져요_매장이 넓어요_매장이 청결해요_
1446516924,hjk****,매장도예쁘고음식도진짜맛있었어요!!,2026년 6월 7일 일요일,음식이 맛있어요_인테리어가 멋져요_매장이 넓어요_사진이 잘 나와요_
1446516924,tnfkssladl,예약없이왔는데대기없이음식빨리나오고좋네요맛있어요:)전주치히로다맛나요👍👍💜,2026년 6월 7일 일요일,음식이 맛있어요_재료가 신선해요_양이 많아요_인테리어가 멋져요_매장이 넓어요_
1446516924,Terry9427,잘먹고갑니다🤤,2026년 6월 7일 일요일,음식이 맛있어요_재료가 신선해요_양이 많아요_혼밥하기 좋아요_매장이 넓어요_
1446516924,kim1639,넘맛있어요!!,2026년 6월 7일 일요일,음식이 맛있어요_양이 많아요_재료가 신선해요_특별한 메뉴가 있어요_가성비가 좋아요_
1446516924,넹59,괜찮아요,2026년 6월 7일 일요일,비싼 만큼 가치있어요_
1446516924,알아뭐해,맛있어요음식도빨리나오고,2026년 6월 7일 일요일,음식이 맛있어요_가성비가 좋아요_메뉴 구성이 알차요_향신료가 강하지 않아요_매장이 넓어요_
1446516924,지혜8613,맛있어여!!인테리어가이뻐서데이트하기좋아요,2026년 6월 7일 일요일,음식이 맛있어요_특별한 메뉴가 있어요_사진이 잘 나와요_
1446516924,마윤민,가게도이쁘고음식도전체적으로맛있어용!,2026년 6월 7일 일요일,음식이 맛있어요_재료가 신선해요_양이 많아요_인테리어가 멋져요_매장이 넓어요_
1446516924,ilj****,가게도이쁘고음식도전체적으로맛있어용!,2026년 6월 7일 일요일,음식이 맛있어요_재료가 신선해요_인테리어가 멋져요_매장이 넓어요_친절해요_
1446516924,did****,튀김이바삭하니맛있네요잘먹고갑니다,2026년 6월 7일 일요일,음식이 맛있어요_재료가 신선해요_인테리어가 멋져요_아늑해요_차분한 분위기예요_
1446516924,좋아요조아11,이베리코동스테이키동김치나베맛있어요👍👍아이들도잘먹어요!올때마다맛있는치히로💕,2026년 6월 6일 토요일,음식이 맛있어요_재료가 신선해요_
1446516924,하늘날기23,전북대맛집~치히로~처음방문했는데대만족이예요.맛있고친절하시고또올래요~,2026년 6월 6일 토요일,음식이 맛있어요_특별한 메뉴가 있어요_재료가 신선해요_인테리어가 멋져요_친절해요_
1446516924,uj0306,매장이깨끗하고다양한덮밥이있어서좋아요메뉴도엄청빨리나오고돈가스나베랑연어새우덮밥오랜만에먹었는데맛있어요,2026년 6월 6일 토요일,단체모임 하기 좋아요_차분한 분위기예요_사진이 잘 나와요_아늑해요_대화하기 좋아요_
1446516924,ihu****,개맛도리맛도리분위기좋아요오,2026년 6월 5일 금요일,음식이 맛있어요_특별한 메뉴가 있어요_양이 많아요_재료가 신선해요_인테리어가 멋져요_
1446516924,김재윤0,전북대찐맛집연인끼리오기좋아요~~^^,2026년 6월 5일 금요일,음식이 맛있어요_재료가 신선해요_인테리어가 멋져요_
1446516924,OOOOOO,너무맛있습니다또방문하려구요!,2026년 6월 5일 금요일,음식이 맛있어요_특별한 메뉴가 있어요_단체모임 하기 좋아요_매장이 넓어요_매장이 청결해요_
1446516924,513****,텐동이랑가츠동너무맛있어요!!,2026년 6월 4일 목요일,음식이 맛있어요_재료가 신선해요_양이 많아요_특별한 메뉴가 있어요_인테리어가 멋져요_
1446516924,먀냐냐냥,너무맛있어요🤤🤤🤤,2026년 6월 4일 목요일,음식이 맛있어요_재료가 신선해요_양이 많아요_가성비가 좋아요_매장이 넓어요_
1446516924,신장원,너뮤맛있어요요요!!!!!,2026년 6월 4일 목요일,음식이 맛있어요_재료가 신선해요_양이 많아요_인테리어가 멋져요_혼밥하기 좋아요_
1446516924,dse****,매장도깔끔하고직원분들도너무친절하셨어요ㅎㅎ음식을말할것도없이너무맛있어요~!,2026년 6월 4일 목요일,음식이 맛있어요_재료가 신선해요_인테리어가 멋져요_친절해요_매장이 청결해요_
1446516924,dbw****,음식맛있고가게분위기가좋아요,2026년 6월 4일 목요일,음식이 맛있어요_
1446516924,럭키영맨,음식이맛있고사장님이친절해요~믿고방문하는치히로에요~,2026년 6월 3일 수요일,음식이 맛있어요_특별한 메뉴가 있어요_인테리어가 멋져요_친절해요_특별한 날 가기 좋아요_
1446516924,파랑1718,튀김바삭하고맛있어요!종류도많아서좋아용ㅎㅎ,2026년 6월 3일 수요일,음식이 맛있어요_메뉴 구성이 알차요_혼밥하기 좋아요_차분한 분위기예요_매장이 청결해요_
1446516924,성민4491,인테리어가너무예쁘고음식이맛있어용직원분들친절하시고가게가너무깨끗합니당🙌🙌🙌,2026년 6월 2일 화요일,음식이 맛있어요_재료가 신선해요_특별한 메뉴가 있어요_인테리어가 멋져요_매장이 넓어요_
1446516924,둘리5372,맛있게잘먹었습니다:),2026년 6월 2일 화요일,음식이 맛있어요_
1446516924,ssu****,우리의첫만남치히로에재방문!너무맛있어요ㅠㅠ왜광주에는없는거야추천해요,2026년 6월 2일 화요일,음식이 맛있어요_재료가 신선해요_양이 많아요_
1446516924,graham22,텐동땡기면오는집,2026년 6월 2일 화요일,음식이 맛있어요_비싼 만큼 가치있어요_메뉴 구성이 알차요_친절해요_
1446516924,히랴이,맛있어요고기가아주부드러웠어용,2026년 6월 2일 화요일,음식이 맛있어요_양이 많아요_인테리어가 멋져요_친절해요_매장이 청결해요_
1446516924,jjjjj900,모든메뉴가맛있어요~~,2026년 6월 1일 월요일,음식이 맛있어요_재료가 신선해요_인테리어가 멋져요_매장이 넓어요_친절해요_
1446516924,wns****,너무맛있어서허겁지겁먹었습니다!!,2026년 6월 1일 월요일,음식이 맛있어요_재료가 신선해요_인테리어가 멋져요_
1446516924,sbeofnwl,덮밥먹고싶을때마다오는곳!!너무맛있어용연어질도너무좋습니당,2026년 6월 1일 월요일,음식이 맛있어요_재료가 신선해요_매장이 넓어요_혼밥하기 좋아요_인테리어가 멋져요_
1446516924,새싹18,음식빨리나오고맛있고매장쾌적하고좋아요~~,2026년 5월 31일 일요일,음식이 맛있어요_고기 질이 좋아요_재료가 신선해요_음식이 빨리 나와요_매장이 청결해요_
1446516924,응ㅇ가응가,치히로는믿고먹어요!바삭바삭하고너무맛맀어요!,2026년 5월 31일 일요일,음식이 맛있어요_재료가 신선해요_양이 많아요_특별한 메뉴가 있어요_단체모임 하기 좋아요_
1446516924,욥54,치히로처음와봤는데너무맛있어용매장도분위기있고깔끔하네용❤️❤️담에또와도될듯!,2026년 5월 31일 일요일,음식이 맛있어요_인테리어가 멋져요_매장이 넓어요_단체모임 하기 좋아요_친절해요_
1446516924,이어진 Ashley,맛있어요!,2026년 5월 31일 일요일,인테리어가 멋져요_혼밥하기 좋아요_단체모임 하기 좋아요_양이 많아요_특별한 메뉴가 있어요_
1446516924,20121208하율맘72,맛있어요,2026년 5월 31일 일요일,음식이 맛있어요_재료가 신선해요_양이 많아요_
1446516924,윈드28,소바면도탱글탱글하니좋네요,2026년 5월 30일 토요일,음식이 맛있어요_특별한 메뉴가 있어요_메뉴 구성이 알차요_재료가 신선해요_매장이 청결해요_
1446516924,튜영,일단비쥬얼합격입니다!!양도많고연어도신선해서맛이좋아요!!그리고서빙도친절하게해주시고시원하고너무좋아요!!러닝하고왔지만쾌적하게식사했습니다!!!!,2026년 5월 29일 금요일,음식이 맛있어요_재료가 신선해요_메뉴 구성이 알차요_양이 많아요_친절해요_
1446516924,sun****,너무맛있어요!,2026년 5월 29일 금요일,음식이 맛있어요_혼밥하기 좋아요_
1446516924,지혜아님,맛있어용!!,2026년 5월 29일 금요일,음식이 맛있어요_매장이 넓어요_
34825919,jkk355891,맛있어용!!,2026년 6월 14일 일요일,음식이 맛있어요_특별한 메뉴가 있어요_
34825919,csj****,날씨가너무더워시원한콩국수랑소바먹으러왔어요쑥떡콩국수새로운메뉴가있어주문했는데찐한쑥죽먹는느낌이에요몸에좋을거같은느낌인데기존콩국수와는맛이완전다르네요들기릉메밀은양이너무적어아쉬웠어요,2026년 6월 14일 일요일,음식이 맛있어요_재료가 신선해요_특별한 메뉴가 있어요_매장이 넓어요_친절해요_
34825919,핑핑구님,참맛있어요~~특색메뉴도있어서맛맀게먹었습니다,2026년 6월 14일 일요일,음식이 맛있어요_특별한 메뉴가 있어요_
34825919,tnd****,색도이쁘고너무맛있어요~~~,2026년 6월 14일 일요일,음식이 맛있어요_
34825919,오늘도 균형잡힌 삶,진미집은항상맛있어요~~콩국수소바돈까스조합이좋아요,2026년 6월 14일 일요일,음식이 맛있어요_가성비가 좋아요_건강한 맛이에요_
34825919,hsa****,아주시원하게맛있어요,2026년 6월 14일 일요일,음식이 맛있어요_
34825919,럭키영맨,콩국수가다양한맛이있어서골라먹는재미가.있어요..맛도좋구요!!!,2026년 6월 14일 일요일,음식이 맛있어요_특별한 메뉴가 있어요_재료가 신선해요_주차하기 편해요_
34825919,sidsid99,추천받아서온식당입니다.깔끔하니맛있어요.자색고구마콩국수도별미입니다!,2026년 6월 13일 토요일,음식이 맛있어요_재료가 신선해요_매장이 넓어요_
34825919,SONNANA,특별한콩국수가땡겨서들렀습니다.메뉴가너무다양해서고르기힘들었는데결국모든메뉴가맛있었어요!!전주방문시또들를게용,2026년 6월 13일 토요일,음식이 맛있어요_재료가 신선해요_특별한 메뉴가 있어요_매장이 넓어요_
34825919,눈사람3712,여름이라소바먹으러왔는데인생소바에요❄️❄️❄️시원하고맛있어요,2026년 6월 13일 토요일,음식이 맛있어요_양이 많아요_친절해요_매장이 청결해요_
34825919,287703285,잘먹었습니다~~~,2026년 6월 13일 토요일,음식이 맛있어요_재료가 신선해요_친절해요_매장이 청결해요_
34825919,썬4426,면빨이쫄깃쫄깃하고맛있어요건강하네요^^,2026년 6월 12일 금요일,음식이 맛있어요_음료가 맛있어요_주차하기 편해요_
34825919,효레스님,의심없이믿고먹는곳맛보장전주소바하면여기바께없습니다,2026년 6월 12일 금요일,음식이 맛있어요_재료가 신선해요_매장이 넓어요_매장이 청결해요_주차하기 편해요_
34825919,bag****,너무맛있고쾌적해서자주올거같아요,2026년 6월 12일 금요일,음식이 맛있어요_재료가 신선해요_양이 많아요_인테리어가 멋져요_
34825919,Joha1113,너무맛있게먹었어요!매장도넓어요!!,2026년 6월 12일 금요일,음식이 맛있어요_재료가 신선해요_매장이 넓어요_
34825919,토토로89,전주여행와서친구한테추천받았는데넘맛있어요!!!면도쫄깃쫄깃하고땡초메밀매웠지만또생각나는맛ㅎㅎ,2026년 6월 12일 금요일,음식이 맛있어요_재료가 신선해요_양이 많아요_특별한 메뉴가 있어요_가성비가 좋아요_
34825919,사기바둑투78,여름엔시원한콩국수진미집이짱이예요^^,2026년 6월 11일 목요일,음식이 맛있어요_
34825919,syw****,언제와도맛있어요~~땡초소바랑새로나온자색고구마콩국수도굿입니다!,2026년 6월 10일 수요일,음식이 맛있어요_매장이 넓어요_
34825919,찰떡맘37,아기의자가있어서소바.콩국수먹으러여기만옵니다.아기가먹기에도자극없는맛이라좋아요.음식이빨리나와서더더욱좋습니다!,2026년 6월 7일 일요일,음식이 맛있어요_친절해요_아이와 가기 좋아요_음식이 빨리 나와요_
34825919,빈잔8595,정말맛있어요,2026년 6월 7일 일요일,음식이 맛있어요_재료가 신선해요_향신료가 강하지 않아요_가성비가 좋아요_특별한 메뉴가 있어요_
34825919,가을배추,탱글탱글시원하고맛있어요!,2026년 6월 7일 일요일,음식이 맛있어요_재료가 신선해요_양이 많아요_특별한 메뉴가 있어요_
34825919,hhy****,전주사는데엄청유명하다고는알고있었는데처음먹어봐요맛있습니다,2026년 6월 7일 일요일,매장이 청결해요_친절해요_메뉴 구성이 알차요_현지 맛에 가까워요_
34825919,hwwwww85,매장도깔끔하고소바도맛있어요!직원분들도친절하십니다,2026년 6월 7일 일요일,음식이 맛있어요_혼밥하기 좋아요_친절해요_매장이 청결해요_
34825919,tosok,음식이너무맛있어요아이와오기도좋고주차장도잘돼있어요,2026년 6월 7일 일요일,음식이 맛있어요_재료가 신선해요_매장이 넓어요_
34825919,고도옥한태조왕,시원한맛!,2026년 6월 7일 일요일,음식이 맛있어요_재료가 신선해요_매장이 넓어요_
34825919,화은12,너무맛있어요ㅎㅎ담에또올게요,2026년 6월 7일 일요일,음식이 맛있어요_인테리어가 멋져요_
34825919,vmfflxl86,너무맛있고친절해요또오고싶은맛집,2026년 6월 7일 일요일,음식이 맛있어요_재료가 신선해요_양이 많아요_특별한 메뉴가 있어요_친절해요_
34825919,sky****,어릴때부터맛그대로네요.여전히맛있습니다ㅎ,2026년 6월 7일 일요일,음식이 맛있어요_
34825919,안지완89,메르밀진미집은진짜무조건여름에한달에5번은와야됩니다.개맛있어요ㅜㅜ,2026년 6월 7일 일요일,음식이 맛있어요_재료가 신선해요_특별한 메뉴가 있어요_매장이 넓어요_
34825919,obi****,메르밀진미집은진짜무조건여름에한달에5번은와야됩니다.개맛있어요ㅜㅜ,2026년 6월 7일 일요일,음식이 맛있어요_
34825919,키키슬,전주콩국수는무조건메르밀로와요💗너무맛있어오,2026년 6월 6일 토요일,음식이 맛있어요_
34825919,gar****,웨이팅길대서일찍왔어요.소바들기름메밀짱👍👍👍👍,2026년 6월 6일 토요일,친절해요_매장이 청결해요_주차하기 편해요_
34825919,did****,너무너무맛있어요!,2026년 6월 6일 토요일,음식이 맛있어요_재료가 신선해요_양이 많아요_
34825919,yyyyyy49,콩국수넘맛나용재방문할게요~~,2026년 6월 5일 금요일,음식이 맛있어요_매장이 넓어요_
34825919,한화류현진,너무맛있어요맛있게먹고갑니다,2026년 6월 4일 목요일,음식이 맛있어요_재료가 신선해요_양이 많아요_특별한 메뉴가 있어요_
34825919,N의 의지,쑥향이은은하게나고콩국수기본에충실한맛입니다.신선한시도라서경험적으로좋네요,2026년 6월 4일 목요일,음식이 맛있어요_매장이 넓어요_친절해요_
34825919,sa****,만두피가얇아서맛있고쑥콩국수에는떡도있어서맛있네요,2026년 6월 3일 수요일,가성비가 좋아요_매장이 넓어요_
34825919,뽀오야13,전주놀러와서방문~!!!고소하고맛잇어요~!!!,2026년 6월 3일 수요일,음식이 맛있어요_
34825919,곤정쓰,너무맛있는소바!!진미집최고입니다ㅎㅎ잘먹을께요^^,2026년 6월 3일 수요일,음식이 맛있어요_재료가 신선해요_친절해요_매장이 청결해요_
34825919,음화화화화화,역시본점에서먹는게제일맛있네요.사람도많으니맛이더좋은거같아요.,2026년 6월 3일 수요일,음식이 맛있어요_
34825919,웅둥웅둥,땡초소바칼칼하니정말맛있어요.콩국수좋아하는데여기콩국수를제일좋아합니다!양도많고맛좋아서추천해요!,2026년 6월 3일 수요일,음식이 맛있어요_재료가 신선해요_양이 많아요_특별한 메뉴가 있어요_
34825919,tiamo56,시원하고담백한면요리가당기는날겉바속촉돈까스와쫀득한만두까지함께즐길수있는메르밀진미집!든든하고만족스러운한끼식사로강력하게추천합니다.재방문의사200%예요!,2026년 6월 3일 수요일,음식이 맛있어요_재료가 신선해요_양이 많아요_
34825919,우주주네,소바먹을때오는맛집이에요여러군데다녀봐도메르밀진미집이생각나요,2026년 6월 2일 화요일,음식이 맛있어요_특별한 메뉴가 있어요_메뉴 구성이 알차요_
34825919,양행이89,맛있어용,2026년 6월 2일 화요일,음식이 맛있어요_메뉴 구성이 알차요_반찬이 잘 나와요_현지 맛에 가까워요_
34825919,나무꾼의라쿤,음식이깨끗하고맛있습니다.,2026년 6월 1일 월요일,음식이 맛있어요_재료가 신선해요_
34825919,눈웃음쟁이,들기름모밀맛있게먹었어요~~~,2026년 5월 31일 일요일,음식이 맛있어요_재료가 신선해요_특별한 메뉴가 있어요_
34825919,susai,기대안하고왔는데진짜다르네요육수콩물소바하나하나다다릅니다ㅋㅋ너무맛있어요!!!전주오면재방문필수일듯...,2026년 5월 31일 일요일,음식이 맛있어요_재료가 신선해요_가성비가 좋아요_특별한 메뉴가 있어요_건강한 맛이에요_
34825919,fldus769,#진미집금암동점#메르밀날이더워지니시원한게먹고싶어서왔는데너무맛있어요오기전부터먹고싶었던#흑임자콩국수국물먹자마자고소함이가득들기름막국수도맛있었습니다,2026년 5월 31일 일요일,음식이 맛있어요_매장이 넓어요_주차하기 편해요_친절해요_매장이 청결해요_
34825919,together789,가족여행와서맛집이라고들어서방문했는데너무맛있어요,2026년 5월 31일 일요일,음식이 맛있어요_양이 많아요_친절해요_매장이 청결해요_
34825919,육회참깨통깨,가족여행와서맛집이라고들어서방문했는데너무맛있어요,2026년 5월 31일 일요일,재료가 신선해요_특별한 메뉴가 있어요_건강한 맛이에요_
34825919,Lxxx,역시금암동맛집!,2026년 5월 31일 일요일,음식이 맛있어요_재료가 신선해요_양이 많아요_
34825919,나용이44,콩국수도맛있고땡초소바도정말맛있어요,2026년 5월 31일 일요일,음식이 맛있어요_
34825919,행복한 빵순이33,쑥떡콩국수특이해서주문해봤는데엄청꼬숩고진하고맛있어요.치즈돈까스도갓튀겨바삭바삭하고맛있어요.,2026년 5월 31일 일요일,음식이 맛있어요_재료가 신선해요_특별한 메뉴가 있어요_매장이 넓어요_친절해요_
34825919,레레레로,날도더운데냉모밀너무맛있어요!!!애매한시간대에왔는데도손님들이계속오네요ㅎㅎ콩물맛있어용메르밀좋아용~,2026년 5월 31일 일요일,음식이 맛있어요_재료가 신선해요_특별한 메뉴가 있어요_매장이 넓어요_친절해요_
34825919,sukkimi75,더운데시원한점심먹었어요아이도잘먹고맛도좋고잘먹었어요,2026년 5월 31일 일요일,음식이 맛있어요_주차하기 편해요_친절해요_
34825919,박종성9,줄도금방금방줄고맛있어요!!,2026년 5월 31일 일요일,음식이 맛있어요_특별한 메뉴가 있어요_매장이 넓어요_친절해요_매장이 청결해요_
34825919,dlg****,면식감이제입맛에맞아서좋았습니다!,2026년 5월 30일 토요일,음식이 맛있어요_재료가 신선해요_양이 많아요_
34825919,mia****,맛있어요,2026년 5월 30일 토요일,음식이 맛있어요_
34825919,tg****,맛있어요,2026년 5월 30일 토요일,음식이 맛있어요_재료가 신선해요_양이 많아요_특별한 메뉴가 있어요_
34825919,js8,토요일11시50분쯤왔는데남은테이블이몇없었어요!동네분들이삼삼오오모여오신걸보고맛집이구나!생각했어요소바국물이자극적이지않은데중독성있는맛이에요여름에찾게될음식점같습니다~,2026년 5월 30일 토요일,음식이 맛있어요_양이 많아요_가성비가 좋아요_혼밥하기 좋아요_친절해요_
34825919,지수3011,처음왔는데너무맛있어요~~,2026년 5월 30일 토요일,음식이 맛있어요_매장이 넓어요_매장이 청결해요_친절해요_
34825919,원대연30,금방나오고양도많고친절하십니다😊👍,2026년 5월 30일 토요일,음식이 맛있어요_재료가 신선해요_양이 많아요_
34825919,tmfrl09,쑥으로만든콩국수는처음먹어봤는데매력적이에요!면이메밀인것도좋고쑥향많이나요ㅎㅎ말차콩국수는콩물만있어서궁금해서먹어봤는데말차향이생각보다많이나요~땡초소바도살짝칼칼하니콩국수랑같이먹기좋네요본점은주말웨이팅길다고해서버스터미널근처로왔는데잘먹었습니다!,2026년 5월 30일 토요일,특별한 메뉴가 있어요_음식이 맛있어요_주차하기 편해요_음식이 빨리 나와요_반려동물과 가기 좋아요_
34825919,ox****,전부터궁금했던곳이라전주들른김에와봤는데특색있는메뉴도좋지만기본기가탄탄해서너무만족스럽습니다!콩물이부드럽고맛있어요,2026년 5월 30일 토요일,음식이 맛있어요_양이 많아요_특별한 메뉴가 있어요_
34825919,gow****,맛있게잘먹겠습니다분위기좋아요애견동간가능해서좋습니다,2026년 5월 30일 토요일,음식이 맛있어요_재료가 신선해요_특별한 메뉴가 있어요_
34825919,주나니맘45,맛있게잘먹겠습니다분위기좋아요애견동간가능해서좋습니다,2026년 5월 29일 금요일,음식이 맛있어요_인테리어가 멋져요_음식이 빨리 나와요_
34825919,어리리16,직영인데안밀리고좋아요흑임자콩국수도굿입니다!!^^,2026년 5월 29일 금요일,음식이 맛있어요_재료가 신선해요_매장이 넓어요_주차하기 편해요_매장이 청결해요_
34825919,JY9595,믿고먹는메르밀진미집이에요,2026년 5월 29일 금요일,음식이 맛있어요_특별한 메뉴가 있어요_
34825919,쀼2쀼,여름이면생각나는집맛있습니다.,2026년 5월 29일 금요일,음식이 맛있어요_매장이 넓어요_친절해요_매장이 청결해요_
34825919,cussong,맛집강추,2026년 5월 29일 금요일,음식이 맛있어요_
2012739239,azbycx01,맛있습니다,2026년 6월 14일 일요일,음식이 맛있어요_
2012739239,rhdiddl23,전북대24시간맛집새로생겨서너무좋아요!!시간상관없이이렇게맛있는닭도리탕을먹을수있다니최고입니다ㅎㅎㅎㅎ다음엔묵은지닭도리탕먹으러갈게요,2026년 6월 14일 일요일,음식이 맛있어요_
2012739239,jun****,밥도무한리필이고닭도리탕양도많아서맛있게먹고왔어요!2인분부터되는게진짜좋은거같아요,2026년 6월 14일 일요일,음식이 맛있어요_양이 많아요_
2012739239,ko****,밥도무한리필이고닭도리탕양도많아서맛있게먹고왔어요!2인분부터되는게진짜좋은거같아요,2026년 6월 13일 토요일,음식이 맛있어요_고기 질이 좋아요_양이 많아요_
2012739239,suj****,24시간이라새벽에밥먹으러오기좋아요!!!!맛있어요👅,2026년 6월 13일 토요일,음식이 맛있어요_양이 많아요_재료가 신선해요_메뉴 구성이 알차요_가성비가 좋아요_
2012739239,klk****,반찬부터음식까지다맛있어요!!!🐓🐔🐔🐔🐓🐓🐓🐓🐔🐓🐔🐓🐓🦃🐔🐓🐓🦃🐔🦃🐓🦃🐔🐥🐥🐥🐤🐤🐣🐣🐣🐓🐔🐔🦃🐓,2026년 6월 13일 토요일,음식이 맛있어요_고기 질이 좋아요_양이 많아요_가성비가 좋아요_특별한 메뉴가 있어요_
2012739239,hy1****,계근상먹어보고싶었는데전주에생기다니!!!!!,2026년 6월 12일 금요일,음식이 맛있어요_특별한 메뉴가 있어요_
2012739239,sod****,맛있어서맨날와용사리추가무조건하세요,2026년 6월 12일 금요일,음식이 맛있어요_
2012739239,son****,너무맛있어서또또또방문했어용매번먹지만너무밥도둑이에용,2026년 6월 11일 목요일,음식이 맛있어요_양이 많아요_가성비가 좋아요_메뉴 구성이 알차요_
2012739239,okm631004a,가성비도좋고맛도너무좋은거같아요!!!!술먹기딱좋은맛집!!공기밥무한리필최고인듯!!다시먹으러또올게용ㅎㅎ,2026년 6월 11일 목요일,고기 질이 좋아요_음식이 맛있어요_양이 많아요_매장이 넓어요_인테리어가 멋져요_
2012739239,Hhhheeeeeeeeee,좋아요빠르게입장했어요!양도많더라고요,2026년 6월 11일 목요일,양이 많아요_
2012739239,yen****,음식이맛있구직원들도친절하세요!맛있어용자주올것같아용넘맛있어서!추천해여,2026년 6월 11일 목요일,고기 질이 좋아요_음식이 맛있어요_
2012739239,yjj****,맛있서여,2026년 6월 11일 목요일,음식이 맛있어요_인테리어가 멋져요_매장이 넓어요_
2012739239,greeensilver,주문이너무많아서메뉴가너무늦게나왔지만…….정말맛있어요!!!또올게요ㅎㅎ,2026년 6월 10일 수요일,음식이 맛있어요_양이 많아요_매장이 넓어요_친절해요_
2012739239,hae****,묵은지닭도리탕맛있어용!!!!계란찜도굿!!!!!친절해용잘먹어용!!!!닭도리탕생각나면계근상!!!!,2026년 6월 10일 수요일,음식이 맛있어요_특별한 메뉴가 있어요_가성비가 좋아요_친절해요_매장이 청결해요_
2012739239,abc2626644,맛있고다좋은데홀은좀작아요!배달전문점이라생각하시고오는게나을것같아용ㅎㅎ잘먹었습니다♥️♥️,2026년 6월 9일 화요일,음식이 맛있어요_양이 많아요_
2012739239,후엥에엥,맛있어요!매장도깔끔!매장안쪽에도테이블많아용,2026년 6월 9일 화요일,음식이 맛있어요_양이 많아요_인테리어가 멋져요_친절해요_매장이 청결해요_
2012739239,czc****,진짜진짜개개개개개개맛잇어요정말맛잇어요꼭오세요,2026년 6월 8일 월요일,음식이 맛있어요_
2012739239,05p****,서비스도주시고양도많아용!,2026년 6월 8일 월요일,음식이 맛있어요_
2012739239,shj****,서비스도주시고양도많아용!,2026년 6월 7일 일요일,음식이 맛있어요_고기 질이 좋아요_
2012739239,sow****,너무맛있어요ㅇㅇㅇ추천!!!!,2026년 6월 7일 일요일,음식이 맛있어요_
2012739239,Moongreen,곱도리탕먹으러왔어요!맛있습니다ㅎㅎ,2026년 6월 6일 토요일,음식이 맛있어요_
2012739239,aji****,양도많고직원분들도친절하십니다!,2026년 6월 6일 토요일,음식이 맛있어요_양이 많아요_단체모임 하기 좋아요_친절해요_
2012739239,yon****,음식양이많고너무맛있어요ㅠ다음에꼭또먹을거에요매장에서먹으면밥도무제한으로주셔서너무좋은것같아요!!계근상짱!!,2026년 6월 5일 금요일,음식이 맛있어요_양이 많아요_고기 질이 좋아요_매장이 넓어요_아늑해요_
2012739239,heegvsoylp,2번째방문이에요!!오늘도너무맛있게잘먹었습니다!또올게용🤩,2026년 6월 5일 금요일,음식이 맛있어요_양이 많아요_매장이 청결해요_
2012739239,딩동E,맛있어요!!계근상곱도리탕좋아하는데북대에생겨서너무좋아요!넙쩍분모자도오픈때는없었는데지금은추가돼서너무좋아용👍❤️‍🔥,2026년 6월 5일 금요일,음식이 맛있어요_양이 많아요_고기 질이 좋아요_잡내가 적어요_메뉴 구성이 알차요_
2012739239,VOLT,너무맛있어요,2026년 6월 5일 금요일,음식이 맛있어요_고기 질이 좋아요_양이 많아요_특별한 메뉴가 있어요_
2012739239,깅서깅서,양념이너무맛있어요!공기밥도무한이라니!!담에또올게여,2026년 6월 4일 목요일,음식이 맛있어요_양이 많아요_가성비가 좋아요_메뉴 구성이 알차요_친절해요_
2012739239,dan****,매장분위기가너무좋고양도많아서너무좋았어요매장은공기밥무제한인게킥입니다!,2026년 6월 4일 목요일,음식이 맛있어요_고기 질이 좋아요_양이 많아요_
2012739239,helloHN,맛있어요!!,2026년 6월 4일 목요일,음식이 맛있어요_양이 많아요_가성비가 좋아요_메뉴 구성이 알차요_친절해요_
2012739239,뇽뇽234,똥집튀김양념에찍어먹었더니너무맛있었어요!홀에서먹으면공기밥도무한리필이라너무좋네요☺근데배달주문이많아서그런지오래걸려요ㅜ여유있을때와야겠어요,2026년 6월 4일 목요일,음식이 맛있어요_
2012739239,카키카키1,맛있어요goodverygood👍,2026년 6월 4일 목요일,음식이 맛있어요_고기 질이 좋아요_양이 많아요_특별한 메뉴가 있어요_가성비가 좋아요_
2012739239,임수연1631,맛있어용!!!,2026년 6월 4일 목요일,음식이 맛있어요_고기 질이 좋아요_양이 많아요_
2012739239,k0ngse,너무맛있어요!다음에친구들이랑또올게요ㅎㅎ,2026년 6월 4일 목요일,음식이 맛있어요_고기 질이 좋아요_인테리어가 멋져요_매장이 넓어요_
2012739239,mjw****,너무맛있어요!다음에친구들이랑또올게요ㅎㅎ,2026년 6월 4일 목요일,음식이 맛있어요_양이 많아요_인테리어가 멋져요_혼밥하기 좋아요_
2012739239,kyu****,오늘도너무맛있게먹었습니다!또올게욤ㅎㅎ,2026년 6월 4일 목요일,음식이 맛있어요_고기 질이 좋아요_양이 많아요_특별한 메뉴가 있어요_
2012739239,러브케이,새로open했는데닭도리탕도너무맛있고친절하셔서좋습니다꼭오세요추천합니다👍😎🙌,2026년 6월 3일 수요일,음식이 맛있어요_친절해요_
2012739239,케이크28,맛있어요,2026년 6월 3일 수요일,음식이 맛있어요_
2012739239,Asdf1329,양개많고조아요~~,2026년 6월 3일 수요일,양이 많아요_음식이 맛있어요_잡내가 적어요_
2012739239,kim****,맛있어요,2026년 6월 3일 수요일,고기 질이 좋아요_음식이 맛있어요_양이 많아요_
2012739239,이혁재66,맛있어요,2026년 6월 3일 수요일,음식이 맛있어요_
2012739239,Batzzyo,배달로자주시켜먹다가매장방문해서먹었는데확실히홀에서먹는게더맛있고밥도무한리필이라배불리먹었어요!,2026년 6월 3일 수요일,음식이 맛있어요_고기 질이 좋아요_양이 많아요_특별한 메뉴가 있어요_잡내가 적어요_
2012739239,gus****,매콤하이죽이네요🩷,2026년 6월 3일 수요일,양이 많아요_고기 질이 좋아요_음식이 맛있어요_
2012739239,김여진9351,첨먹어보는데아주굿,2026년 6월 2일 화요일,음식이 맛있어요_
2012739239,dhejcoos,직원분들도친절하시구계란찜도넘맛있고!!닭볶음탕은무조건맛있고><,2026년 6월 2일 화요일,친절해요_
2012739239,hoiijjay,곱도리탕대존맛입니다진짜!!!!,2026년 6월 2일 화요일,음식이 맛있어요_양이 많아요_친절해요_
2012739239,seo****,매장도쾌적하고맛있어요!!,2026년 6월 2일 화요일,음식이 맛있어요_양이 많아요_매장이 넓어요_
2012739239,la****,반찬이맛있고매장이넓고고기질도좋고사장님도친절하세요,2026년 6월 1일 월요일,음식이 맛있어요_고기 질이 좋아요_양이 많아요_매장이 넓어요_혼밥하기 좋아요_
2012739239,이지민7381,맛집이라해서와봤어요!너무맛있게먹고갑니다!!,2026년 6월 1일 월요일,음식이 맛있어요_양이 많아요_가성비가 좋아요_매장이 넓어요_
2012739239,선우4089,맛있게잘먹었습니다!,2026년 6월 1일 월요일,음식이 맛있어요_양이 많아요_가성비가 좋아요_잡내가 적어요_매장이 넓어요_
2012739239,전사빈입니다,음식이맛있어용~~,2026년 6월 1일 월요일,음식이 맛있어요_단체모임 하기 좋아요_친절해요_매장이 청결해요_
2012739239,다램즤,처음와봤는데양도많고맛있어요.ᐟ,2026년 6월 1일 월요일,음식이 맛있어요_양이 많아요_가성비가 좋아요_
2012739239,004991,너무맛있어요양도괜찮네요굿,2026년 6월 1일 월요일,음식이 맛있어요_양이 많아요_건강한 맛이에요_
2012739239,뭐할까24,여자친구가데려왔습니다맛나용ㅋㅋ,2026년 6월 1일 월요일,음식이 맛있어요_친절해요_
2012739239,sod****,친구가맛있다고먹어보라해서왔는데밥도무한리필이라서좋은것같아요,2026년 6월 1일 월요일,음식이 맛있어요_
2012739239,czc****,정말친절하고정말맛있어요~!,2026년 6월 1일 월요일,음식이 맛있어요_
2012739239,pop****,맛있어요!!또갈것같습니다,2026년 5월 31일 일요일,음식이 맛있어요_
2012739239,전주맛잡이,처음와봤는데양념맛있네요!!!잘먹었습니다,2026년 5월 30일 토요일,음식이 맛있어요_
2012739239,102928475,저녁8시정도에매장들어갔는데모든테이블의음식이치워지지않은상태로방치되어있었습니다..바쁘신건이해하지만홀운영도하시는곳이라면손님이없다해도치우셔야하는게맞지않을까요..?아무리새로생긴곳이라지만알바분도외국인이신걸감안해도안내가하나도되지않았습니다.심지어이어폰도끼고일하시더라고요..이정도면홀운영을하면안되지않을까싶을정도로관리가되지않는것같습니다..심지어한국인직원분한분계셨는데도알바분이미숙한데도본인할일하시고대처를하나도안해주셨습니다..불러도아무도대답안하시고본인할일하시더라고요..ㅎ음식은괜찮았지만그외의모든서비스와대처가최악입니다.,2026년 5월 29일 금요일,가성비가 좋아요_
2012739239,LovingV,닭도리탕맛집이래서왔어요여자알바분넘넘친절하구귀여워요❣️❣️,2026년 5월 29일 금요일,음식이 맛있어요_특별한 메뉴가 있어요_가성비가 좋아요_친절해요_매장이 청결해요_
32708547,지하38,초코라떼맛있어요,2026년 6월 12일 금요일,음료가 맛있어요_
32708547,운동화걸,대학교앞이라공부하는.학생손님이많습니다.,2026년 6월 6일 토요일,커피가 맛있어요_
32708547,막동이56,굿,2026년 2월 28일 토요일,특별한 메뉴가 있어요_
32708547,그자리에그시간에난,라떼.맛있었어요,2026년 2월 28일 토요일,디저트가 맛있어요_특별한 메뉴가 있어요_가성비가 좋아요_사진이 잘 나와요_
32708547,1십백천만,넓고자리도많아요.,2026년 2월 24일 화요일,대화하기 좋아요_친절해요_음료가 맛있어요_
32708547,꽁냥이A,좋아요,2026년 2월 15일 일요일,커피가 맛있어요_
32708547,야감히,이브랜드만의노트의3가지중하나로고를수있는특장점!,2026년 2월 12일 목요일,커피가 맛있어요_인테리어가 멋져요_사진이 잘 나와요_집중하기 좋아요_대화하기 좋아요_
32708547,카마마0,딸기듬뿍라떼이름값하네요,2026년 1월 5일 월요일,집중하기 좋아요_
32708547,두리가다바,😇,2025년 12월 20일 토요일,커피가 맛있어요_디저트가 맛있어요_음료가 맛있어요_
32708547,정애은,굿,2025년 12월 18일 목요일,커피가 맛있어요_
11728244,큰난주,전주여행처음인데한옥마을로이동하던중택시기사님추천으로방문했습니다.반찬들정갈하고직원분들참친절하십니다!육회비빔밥추천해요~~,2026년 6월 4일 목요일,음식이 맛있어요_친절해요_
11728244,DEVIL to RAYS,전통있지만무난한비빔밥,2026년 6월 3일 수요일,음식이 맛있어요_
11728244,가라치코,맛이깔끔하네요~~가격이좀낮았으면합니다,2026년 5월 27일 수요일,음식이 맛있어요_
11728244,you****,강아지와갈수있는식당을찾다가가게됐는데음식도맛있고직원분들너무친절해요~~^^주차공간넉넉하고아주맛있게먹고왔어요,2026년 5월 24일 일요일,음식이 맛있어요_재료가 신선해요_양이 많아요_건강한 맛이에요_매장이 넓어요_
11728244,From Coquitlam,ItriedyukhoebibimbapatHanilokanditwasexcellent.Thefreshrawbeefwastenderandflavorfulanditmixedperfectlywiththevegetablesriceandspicysauce.EverybitewaswellbalancedandfullofauthenticKoreanflavors.Thesidedisheswerealsotastyandcomplementedthemealnicely.ItwasamemorablediningexperienceandIwouldlovetovisitagain.,2026년 5월 23일 토요일,음식이 맛있어요_재료가 신선해요_특별한 메뉴가 있어요_인테리어가 멋져요_매장이 넓어요_
11728244,맛보노보노,나오는데에시간이좀걸려요20분이상은기다린것같고..여러주문이한번에나오는시스템인것같아요맛은좋았습니다,2026년 5월 18일 월요일,재료가 신선해요_음식이 맛있어요_건강한 맛이에요_
11728244,shi****,전주비빔밥의대명사한국관다녀왔습니다비빔밥의원조전주비빔밥최고예요♡♡♡♡♡,2026년 5월 16일 토요일,음식이 맛있어요_재료가 신선해요_특별한 메뉴가 있어요_매장이 넓어요_친절해요_
11728244,봄봄548,주말저녁이지만대기없이입장했습니다.비교적한산할때도착했는데주문후40분이지나서야비빔밥을받았네요.저희보다늦게오신분들도모두식사를받았는데주문이어떤순서로들어가는건지요??심지어저희옆테이블저희보다늦게오셨는데..저희밥나왔을때식사다하시고나가시더라구요.왜밥이안나오는지물어봤는데주방이초보라는답변을받았아요.그건말이안되는것같습니다.전주여행와서필수로방문해야할곳처럼보였는데다시는안올거같네요.,2026년 5월 1일 금요일,음식이 맛있어요_재료가 신선해요_특별한 메뉴가 있어요_매장이 넓어요_친절해요_
11728244,고유한주인정신,맛있어요♡참기름향이죽이네용^^,2026년 4월 27일 월요일,음식이 맛있어요_재료가 신선해요_
11728244,spa****,줄서서비빔밥먹는거처음봄ㅋㅋㅋ역시전주는비빔밥의도시!!인정,2026년 4월 25일 토요일,음식이 맛있어요_특별한 메뉴가 있어요_친절해요_
1195097272,dksnalept,맛있게잘먹었습니다!,2026년 6월 15일 월요일,음식이 맛있어요_재료가 신선해요_양이 많아요_가성비가 좋아요_특별한 메뉴가 있어요_
1195097272,zaryun,양도많고맛도조아요,2026년 6월 15일 월요일,음식이 맛있어요_
1195097272,윤5028,제인생에서중화요리집을다시가라고한다면…저는고만의여지없이도야짬뽕을가겠습니다….,2026년 6월 15일 월요일,재료가 신선해요_음식이 맛있어요_가성비가 좋아요_잡내가 적어요_
1195097272,jun****,학교앞짜장면맛집이에요!,2026년 6월 15일 월요일,음식이 맛있어요_양이 많아요_매장이 넓어요_친절해요_
1195097272,on****,인생짬뽕맛집찾았네요!국물이깊고진해서해장에최고입니다.서비스감사합니다대박나세요!,2026년 6월 15일 월요일,음식이 맛있어요_재료가 신선해요_양이 많아요_
1195097272,fldzjs13,맛있어요!,2026년 6월 15일 월요일,음식이 맛있어요_매장이 넓어요_친절해요_
1195097272,sua****,너무맛있고매장도깔끔해요~!!완전추천합니다.,2026년 6월 14일 일요일,음식이 맛있어요_
1195097272,연9758,무조건중식생각날땐도야짬뽕입니댜!!국물진짜존맛탱니에요!!!,2026년 6월 14일 일요일,음식이 맛있어요_재료가 신선해요_양이 많아요_매장이 넓어요_친절해요_
1195097272,ddr****,너무맛있고서비스도좋습니다!!,2026년 6월 14일 일요일,음식이 맛있어요_인테리어가 멋져요_매장이 넓어요_친절해요_매장이 청결해요_
1195097272,Jin629397,짬뽕짜장면탕수육메뉴들이다맛있어요!!북대오시면한번드시러오는거추천합니다.,2026년 6월 14일 일요일,음식이 맛있어요_양이 많아요_가성비가 좋아요_인테리어가 멋져요_매장이 넓어요_
1195097272,you****,짬뽕진짜루맛있어요국물이끝내줘요,2026년 6월 14일 일요일,음식이 맛있어요_
1195097272,wlg****,짬뽕진짜루맛있어요국물이끝내줘요,2026년 6월 14일 일요일,음식이 맛있어요_양이 많아요_
1195097272,gpc****,처음와봤는데너무맛있어요음료도무한리필이고자주올것같아요,2026년 6월 14일 일요일,음식이 맛있어요_
1195097272,yun****,깔끔하고맛있어요!,2026년 6월 14일 일요일,음식이 맛있어요_가성비가 좋아요_매장이 넓어요_
1195097272,tomm****,너무맛있어용!!,2026년 6월 14일 일요일,음식이 맛있어요_
1195097272,ejn****,양도많고마싯어요체고!,2026년 6월 14일 일요일,음식이 맛있어요_양이 많아요_음료가 맛있어요_매장이 넓어요_친절해요_
1195097272,김재윤3799,양많고너무너무맛잇어요!!!!!!!정말맛있어요,2026년 6월 14일 일요일,음식이 맛있어요_인테리어가 멋져요_친절해요_
1195097272,sk5****,음식도맛있고매장도넓어서바로들어와서먹을수있어서편했고직원분들도친절해서좋습니다~👍🏻👍🏻👍🏻,2026년 6월 13일 토요일,음식이 맛있어요_재료가 신선해요_가성비가 좋아요_매장이 넓어요_혼밥하기 좋아요_
1195097272,장건85,맛있어요!,2026년 6월 13일 토요일,음식이 맛있어요_재료가 신선해요_양이 많아요_가성비가 좋아요_인테리어가 멋져요_
1195097272,qkr****,비주얼도좋고맛도좋습니다🫰,2026년 6월 13일 토요일,음식이 맛있어요_
1195097272,yal****,매일오고싶슺니다,2026년 6월 13일 토요일,음식이 맛있어요_
1195097272,yej****,맛있어요,2026년 6월 13일 토요일,음식이 맛있어요_
1195097272,rla****,귯,2026년 6월 12일 금요일,특별한 메뉴가 있어요_
1195097272,갈32,크림짬뽕맛있어용,2026년 6월 12일 금요일,음식이 맛있어요_가성비가 좋아요_양이 많아요_혼밥하기 좋아요_
1195097272,빌게이츠80,너무맛있어요!다음에또올게요,2026년 6월 12일 금요일,음식이 맛있어요_매장이 넓어요_
1195097272,qkr****,맛도리도리,2026년 6월 12일 금요일,음식이 맛있어요_재료가 신선해요_양이 많아요_가성비가 좋아요_
1195097272,1423정현우,매장이넓고음식도맛있어요,2026년 6월 12일 금요일,양이 많아요_재료가 신선해요_음식이 맛있어요_
1195097272,Chldbsk,맛잇어요!!!!,2026년 6월 12일 금요일,음식이 맛있어요_양이 많아요_가성비가 좋아요_재료가 신선해요_매장이 넓어요_
1195097272,pshyun8,탕수육과짜장면이정말맛있고직원분도친절하세요,2026년 6월 12일 금요일,음식이 맛있어요_인테리어가 멋져요_친절해요_
1195097272,징굴923,너무맛있어요.짜장면이너무맛있고탕수육도너무맛있어요.,2026년 6월 12일 금요일,음식이 맛있어요_재료가 신선해요_양이 많아요_특별한 메뉴가 있어요_
1195097272,쟌2074,맛있고가게도넓고좋아요!!!!전북대짬뽕맛집추천드립니다,2026년 6월 12일 금요일,음식이 맛있어요_양이 많아요_매장이 넓어요_혼밥하기 좋아요_
1195097272,Noah4319,짬뽕먹고싶을때마다항상들려요~~양도많고음식도맛있어요!혼밥할때도딱좋아요!,2026년 6월 12일 금요일,음식이 맛있어요_재료가 신선해요_양이 많아요_혼밥하기 좋아요_
1195097272,KIM26,너무맛있어요역시도야짬뽕이네요다음에도이용할게요,2026년 6월 12일 금요일,음식이 맛있어요_재료가 신선해요_양이 많아요_특별한 메뉴가 있어요_가성비가 좋아요_
1195097272,브리아노,짬뽕이랑볶음밥너무맛있어용전북대1황,2026년 6월 11일 목요일,음식이 맛있어요_인테리어가 멋져요_매장이 넓어요_친절해요_
1195097272,황진현5,저녁에운동하고땀쫘악흘리고먹는도야짬뽕고트네요정말맛있읍니다..!,2026년 6월 11일 목요일,음식이 맛있어요_
1195097272,채이0216,맛있고늦게까지해서좋아용!,2026년 6월 11일 목요일,음식이 맛있어요_가성비가 좋아요_혼밥하기 좋아요_
1195097272,별3299,국물이많고매콤해서맛있어요,2026년 6월 11일 목요일,음식이 맛있어요_양이 많아요_인테리어가 멋져요_
1195097272,Drgch,며칠전에크림짬뽕먹고맛있었어서재방문했습니다!매장도쾌적하고메뉴도금방나오는편이라좋습니다!다음에또올것같아요!,2026년 6월 11일 목요일,음식이 맛있어요_특별한 메뉴가 있어요_매장이 넓어요_
1195097272,als****,맛있습니다.,2026년 6월 11일 목요일,음식이 맛있어요_
1195097272,동튼,볶음밥이고슬고슬하고아주맛있었습니다~,2026년 6월 11일 목요일,음식이 맛있어요_재료가 신선해요_가성비가 좋아요_
1195097272,박태곤79,맛있었습니다:),2026년 6월 11일 목요일,음식이 맛있어요_재료가 신선해요_양이 많아요_특별한 메뉴가 있어요_매장이 넓어요_
1195097272,kim****,너무맛있게잘먹고갑니다!,2026년 6월 11일 목요일,음식이 맛있어요_
1195097272,mon****,맛있어요,2026년 6월 11일 목요일,음식이 맛있어요_
1195097272,최현경 바보,양도많고맛있어요,2026년 6월 11일 목요일,음식이 맛있어요_
1195097272,jim****,고민중이시라면바로오세요!!,2026년 6월 11일 목요일,음식이 맛있어요_
1195097272,Lhg1501,너무맛있어서사진도잊고다먹었어요굳굳,2026년 6월 11일 목요일,음식이 맛있어요_
1195097272,qkr****,너무맛있어요,2026년 6월 11일 목요일,음식이 맛있어요_양이 많아요_인테리어가 멋져요_혼밥하기 좋아요_매장이 넓어요_
1195097272,xele****,여기정말맛있어요!,2026년 6월 11일 목요일,음식이 맛있어요_재료가 신선해요_
1195097272,46464646aa,음식도너무맛있고직원분들도정말친절하십니다!!,2026년 6월 11일 목요일,음식이 맛있어요_재료가 신선해요_매장이 넓어요_인테리어가 멋져요_친절해요_
1195097272,kim****,맛있어요❤️,2026년 6월 11일 목요일,음식이 맛있어요_
1195097272,bin9143,국물이진하고맛있어요,2026년 6월 10일 수요일,음식이 맛있어요_
1195097272,돼슬이와 바슬이,깊은짬뽕국물의맛맛있습니다..리뷰이벤트로군만두도인당2개씩주니많이들참여해보세요~!,2026년 6월 10일 수요일,음식이 맛있어요_인테리어가 멋져요_친절해요_
1195097272,nip****,짬뽕국물이👍👍👍다음엔짜장도먹어볼게요,2026년 6월 10일 수요일,인테리어가 멋져요_매장이 청결해요_화장실이 깨끗해요_
1195097272,moo****,전날술마셔서해장할겸왔는데해장진짜잘됬어요직원분들친절하시고가게도청결해서너무좋게잘먹고갑니다ㅎㅎ,2026년 6월 10일 수요일,음식이 맛있어요_재료가 신선해요_양이 많아요_가성비가 좋아요_인테리어가 멋져요_
1195097272,홍예서9113,너무맛있어요,2026년 6월 10일 수요일,음식이 맛있어요_재료가 신선해요_양이 많아요_인테리어가 멋져요_혼밥하기 좋아요_
1195097272,ogt****,너모좋아요,2026년 6월 10일 수요일,친절해요_음악이 좋아요_음식이 맛있어요_양이 많아요_
1195097272,jayd****,저번에짬뽕먹고맛있어서이번에볶음밥을먹으러왔어요.양도많고맛있었습니다,2026년 6월 10일 수요일,음식이 맛있어요_양이 많아요_가성비가 좋아요_
1195097272,sb4541,진짜맛있어요,2026년 6월 10일 수요일,음식이 맛있어요_
1195097272,이현수78,“전북대맛집추천해줘”“도야짬뽕”당당히말할수있는그이름전북대앞에중식맛집이있어자랑스럽습니다,2026년 6월 10일 수요일,음식이 맛있어요_
1195097272,Safin Lee,탕수육도반죽이랑튀긴상태좋고간짜장도불맛가득하고채소많아서맛있습니다!!!,2026년 6월 10일 수요일,음식이 맛있어요_양이 많아요_혼밥하기 좋아요_친절해요_매장이 청결해요_
1195097272,jih****,맛있어요!,2026년 6월 10일 수요일,음식이 맛있어요_재료가 신선해요_특별한 메뉴가 있어요_매장이 넓어요_
1195097272,leeheek05,맛있어요!,2026년 6월 10일 수요일,음식이 맛있어요_혼밥하기 좋아요_
1195097272,chs****,냄냠,2026년 6월 10일 수요일,특별한 메뉴가 있어요_양이 많아요_재료가 신선해요_단체모임 하기 좋아요_
1195097272,김민강9,양도많고엄청빨리나왔어요맛잇어요,2026년 6월 10일 수요일,음식이 맛있어요_양이 많아요_가성비가 좋아요_매장이 넓어요_혼밥하기 좋아요_
1195097272,그냥2059,전북대에서짬뽕은도야짬뽕이1등입니다!,2026년 6월 10일 수요일,음식이 맛있어요_매장이 넓어요_
1195097272,유지145,항상가는전북대맛집이에요~,2026년 6월 10일 수요일,음식이 맛있어요_재료가 신선해요_양이 많아요_특별한 메뉴가 있어요_매장이 넓어요_
1195097272,kim****,전북대에서가장맛있는짬뽕집인것같아요!항상맛있고양도많아서추천합니다~!,2026년 6월 10일 수요일,음식이 맛있어요_재료가 신선해요_양이 많아요_
1195097272,hob****,국물맛이진하고얼큰해서정말맛있게먹었습니다.해산물도신선하고양도넉넉해서만족스러웠어요.면발도쫄깃하고직원분들도친절해서기분좋게식사했습니다.다음에도짬뽕생각나면다시방문할것같습니다.추천합니다!,2026년 6월 9일 화요일,음식이 맛있어요_
1195097272,jim****,국물이진하고얼큰해서첫입부터맛있었습니다.해산물도생각보다넉넉하게들어가있고면도퍼지지않아서끝까지맛있게먹었어요.매운맛이과하지않아서부담없이먹기좋았고불맛도은은하게나서짬뽕좋아하는사람이라면만족할만한맛입니다.다음에또방문하고싶어요.,2026년 6월 9일 화요일,음식이 맛있어요_재료가 신선해요_양이 많아요_
1195097272,sta****,도야짬뽕너무맛있어요ㅠㅠㅠ자주와야겠어요ㅎㅎㅎ,2026년 6월 9일 화요일,음식이 맛있어요_재료가 신선해요_양이 많아요_인테리어가 멋져요_매장이 넓어요_
1195097272,bjs****,맛있어요ㅛ또올게요,2026년 6월 9일 화요일,음식이 맛있어요_
1195097272,mgb****,군침이싹돌아요😋,2026년 6월 9일 화요일,음식이 맛있어요_양이 많아요_가성비가 좋아요_친절해요_혼밥하기 좋아요_
1195097272,liz****,너무푸짐하니살짝매콤하니맛있어요~!,2026년 6월 9일 화요일,음식이 맛있어요_
1195097272,뷰티 앤 젤리,쟁반짜장2인너무맛있습니다🥰🥰강추!!,2026년 6월 9일 화요일,음식이 맛있어요_양이 많아요_매장이 넓어요_혼밥하기 좋아요_매장이 청결해요_
1195097272,cmc****,처음방문인데맛있습니다,2026년 6월 9일 화요일,음식이 맛있어요_
1195097272,사장3369,짬뽕이시원하고맛있어요,2026년 6월 9일 화요일,음식이 맛있어요_재료가 신선해요_양이 많아요_가성비가 좋아요_매장이 넓어요_
1195097272,vdd****,1인세트너무맛있어요~~,2026년 6월 9일 화요일,음식이 맛있어요_재료가 신선해요_양이 많아요_
1195097272,lis****,짬뽕국물이진짜맛있어요자주와요~!,2026년 6월 9일 화요일,음식이 맛있어요_재료가 신선해요_가성비가 좋아요_양이 많아요_매장이 넓어요_
1195097272,Jelly Fish13,정말맛있는식당이였습니다.다음에또오도록하겠습니다.,2026년 6월 9일 화요일,음식이 맛있어요_재료가 신선해요_양이 많아요_친절해요_매장이 넓어요_
1195097272,a23****,맛있어요,2026년 6월 9일 화요일,음식이 맛있어요_재료가 신선해요_양이 많아요_
1195097272,kam****,맛있어요,2026년 6월 8일 월요일,음식이 맛있어요_
1195097272,Hannn43,오늘도너무맛있어요!!,2026년 6월 8일 월요일,음식이 맛있어요_양이 많아요_뷰가 좋아요_친절해요_음식이 빨리 나와요_
1195097272,워메이징한놈,서비스가너무좋아요!맛도맛있고가성비넘칩니다ㅎㅎ,2026년 6월 8일 월요일,음식이 맛있어요_가성비가 좋아요_친절해요_
1195097272,kot****,맛있어요너무,2026년 6월 8일 월요일,음식이 맛있어요_
1195097272,가나다690,양도많고맛있어요!,2026년 6월 8일 월요일,음식이 맛있어요_재료가 신선해요_양이 많아요_
1195097272,안진성30,양도많고맛있어요!,2026년 6월 8일 월요일,음식이 맛있어요_매장이 넓어요_친절해요_
1195097272,chh****,맛있어용~~~,2026년 6월 8일 월요일,음식이 맛있어요_재료가 신선해요_양이 많아요_특별한 메뉴가 있어요_인테리어가 멋져요_
1195097272,jus****,맛잇어용,2026년 6월 8일 월요일,음식이 맛있어요_
1195097272,513****,짜장면너무너무맛있어요!!!!,2026년 6월 8일 월요일,음식이 맛있어요_재료가 신선해요_양이 많아요_특별한 메뉴가 있어요_인테리어가 멋져요_
1195097272,SkyLark,맛있어서자주와요더자주올게요,2026년 6월 8일 월요일,음식이 맛있어요_재료가 신선해요_
1195097272,정준호854,맛있게잘먹었습니다~,2026년 6월 8일 월요일,음식이 맛있어요_
1195097272,cro****,아주맛나고행복합니다.야르~다음에는희승이도데리고올게요♡,2026년 6월 8일 월요일,음식이 맛있어요_재료가 신선해요_양이 많아요_특별한 메뉴가 있어요_
1195097272,cho****,시험기간에배고파서방문했는데너무맛있네요!,2026년 6월 8일 월요일,음식이 맛있어요_양이 많아요_매장이 청결해요_
1195097272,양진우78,양이많고맛이써요,2026년 6월 8일 월요일,음식이 맛있어요_재료가 신선해요_양이 많아요_가성비가 좋아요_
1195097272,김지후7083,마싯서용!!,2026년 6월 8일 월요일,음식이 맛있어요_재료가 신선해요_
1195097272,rss****,마싯서용!!,2026년 6월 8일 월요일,음식이 맛있어요_재료가 신선해요_
1195097272,you****,셋이서짬뽕이렁해물쟁반짜장한개시켰는데인당만원으로너무맛있게먹었어요ㅜㅜ쟁반짜장너무맛있어용,2026년 6월 8일 월요일,음식이 맛있어요_재료가 신선해요_양이 많아요_인테리어가 멋져요_친절해요_
1195097272,강정우161,양이푸짐하고매우맛있어요!,2026년 6월 8일 월요일,음식이 맛있어요_양이 많아요_인테리어가 멋져요_매장이 넓어요_
1195097272,밥도덕2,개맛잇어욤ㅎㅎ,2026년 6월 8일 월요일,음식이 맛있어요_재료가 신선해요_양이 많아요_특별한 메뉴가 있어요_인테리어가 멋져요_
1195097272,rea****,맛있어욤,2026년 6월 8일 월요일,음식이 맛있어요_
95978698,기여밍당,닭발이너무먹고싶어서예전에왔던순정닭발이생각났어요그래서친구가족들과우리가족같이모여서순정닭발에달려왔어요너무너무맛있어요역시순정닭발!!!!!!!,2026년 6월 11일 목요일,음식이 맛있어요_가성비가 좋아요_친절해요_매장이 청결해요_음식이 빨리 나와요_
95978698,HIGHSKOOL,산더미숙주에요.닭발무뼈와뼈반반으로시킬수있어서좋아요!세트가있어서좋네요~맛있어요!,2026년 6월 10일 수요일,음식이 맛있어요_양이 많아요_친절해요_음식이 빨리 나와요_
95978698,예원3770,너무정신없이먹어거사진이없어요ㅎㅎ…정말맛았습니더!!!!!!!,2026년 6월 8일 월요일,음식이 맛있어요_단체모임 하기 좋아요_
95978698,son****,잘먹겠습니다감사합니다,2026년 6월 5일 금요일,음식이 맛있어요_고기 질이 좋아요_양이 많아요_특별한 메뉴가 있어요_인테리어가 멋져요_
95978698,화분잉이이이잉,전북대닭발은여기바로가시죠너무맛있어욥><,2026년 6월 2일 화요일,음식이 맛있어요_매장이 넓어요_아늑해요_
95978698,SHIN1025,맛있게먹고갑니당~!,2026년 6월 2일 화요일,음식이 맛있어요_양이 많아요_친절해요_매장이 청결해요_
95978698,cass16,배달로만먹어봤는데가게와서먹은건첨이에요!!!크림닭발있는거너무조아요ㅠㅡㅠ!!!!,2026년 6월 1일 월요일,음식이 맛있어요_특별한 메뉴가 있어요_메뉴 구성이 알차요_음식이 빨리 나와요_매장이 넓어요_
95978698,h2d****,마쉿어욤~~~~매장도쾌적하고밤늦게까지해서좋아용,2026년 5월 30일 토요일,음식이 맛있어요_매장이 넓어요_
95978698,lee****,오랜만에왓는데역시너무맛잇네요,2026년 5월 30일 토요일,음식이 맛있어요_고기 질이 좋아요_
95978698,민떠잉39,매운맛있는맛입니다!다음에또오고싶은맛입니다!!,2026년 5월 28일 목요일,음식이 맛있어요_고기 질이 좋아요_양이 많아요_
1687072934,세찬42,지나가기만하다처음와봤는데너무맛있고친절하세요!👏,2026년 6월 14일 일요일,음식이 맛있어요_재료가 신선해요_인테리어가 멋져요_뷰가 좋아요_친절해요_
1687072934,ye2876,가게인테리어도예쁘고좋은향이나서좋아요.혼자먹을수있는자리가있어서혼자서도맘편하게먹을수있어서좋았어요!!물론음식도정말먹음직스럽고맛있었습니다!!!파스타나양식좋아하시는분들에게완전추천드려요!매콤하고딱맛있어요,2026년 6월 14일 일요일,음식이 맛있어요_인테리어가 멋져요_친절해요_
1687072934,지현5538,음식이맛있고분위기가좋아요❣️,2026년 6월 14일 일요일,음식이 맛있어요_대화하기 좋아요_인테리어가 멋져요_
1687072934,쟁쟁쟁이,뉴뉴치킨맛있어요또바질파스타도맛있어요엔초비가들어가면더맛있을듯요!,2026년 6월 14일 일요일,음식이 맛있어요_재료가 신선해요_인테리어가 멋져요_
1687072934,charming2hee11,매번웨이팅이있어서실패했는데느즈막이오니웨이팅없이딱들어왔어요파스타매콤달콤하고고기는부드럽고맛있네요남편이데려왔는데데이트하기넘좋았어요💕,2026년 6월 14일 일요일,음식이 맛있어요_양이 많아요_아늑해요_인테리어가 멋져요_
1687072934,고래는맴을찢어,여기는항상갈때마다사람이너무많아서벼르고벼르다온곳이에요!정말맛있습니다.사장님들도친절해요!,2026년 6월 13일 토요일,음식이 맛있어요_친절해요_대화하기 좋아요_
1687072934,hyr****,너무ㅜ맛있고친절하시고데이트하기좋아요!!💕,2026년 6월 13일 토요일,음식이 맛있어요_재료가 신선해요_사진이 잘 나와요_
1687072934,123가나다abc123,음식이너무맛있어요~특히김페스토파스타는다른곳에서보기힘든메뉴여서새롭고좋았습니다!👍,2026년 6월 13일 토요일,음식이 맛있어요_메뉴 구성이 알차요_매장이 청결해요_
1687072934,Jameesss,전주북대주변양식맛집추천합니다조명이나인테리어등..분위기도좋아요.데이트로오는거추천합니다.사장님추천메뉴강추!#전주맛집#전주양식#맛집추천,2026년 6월 13일 토요일,음식이 맛있어요_
1687072934,minjuuu,간식주셨는데존맛탱이에요,2026년 6월 13일 토요일,음식이 맛있어요_기본 안주가 좋아요_특별한 메뉴가 있어요_아늑해요_매장이 청결해요_
1687072934,맛집가고파잉,근처에서검색해보고왔는데맛있네요ㅎ메뉴하나더품절이라다음에오면먹어보고싶어요기회된다면다음에다시방문드리겠습니다!인테리어도이쁘네요,2026년 6월 13일 토요일,음식이 맛있어요_재료가 신선해요_친절해요_주차하기 편해요_
1687072934,dla****,맛있는뉴뉴키친❤️,2026년 6월 13일 토요일,음식이 맛있어요_재료가 신선해요_친절해요_
1687072934,dmd****,너무맛있어요!!,2026년 6월 13일 토요일,음식이 맛있어요_가성비가 좋아요_인테리어가 멋져요_
1687072934,o_****,너무맛있어요!!,2026년 6월 13일 토요일,좌석이 편해요_매장이 청결해요_인테리어가 멋져요_
1687072934,fri****,너무맛있고분위기짱~^^,2026년 6월 13일 토요일,음식이 맛있어요_음료가 맛있어요_메뉴 구성이 알차요_인테리어가 멋져요_대화하기 좋아요_
1687072934,qkrtjdus,음식도맛잇고직원분들도친절해요!!,2026년 6월 13일 토요일,음식이 맛있어요_메뉴 구성이 알차요_인테리어가 멋져요_대화하기 좋아요_친절해요_
1687072934,pdhdj,맛있어요~!!,2026년 6월 12일 금요일,음식이 맛있어요_대화하기 좋아요_매장이 청결해요_
1687072934,bshome85,꾸덕한파스타와단짠플래터조합이최고!!,2026년 6월 12일 금요일,음식이 맛있어요_
1687072934,Moon5940,잘먹었습니다ㅎㅎ,2026년 6월 12일 금요일,음식이 맛있어요_
1687072934,kim****,안심파스타도부드러워서맛있는데뉴뉴파스타뉴뉴리조또가매콤하고닭도닭다리살이라진짜맛있어요🫶🫶,2026년 6월 12일 금요일,음식이 맛있어요_인테리어가 멋져요_
1687072934,옴뇸뇸맛있다,너무맛있어요!,2026년 6월 12일 금요일,음식이 맛있어요_
1687072934,씸이이,맛있어용,2026년 6월 12일 금요일,음식이 맛있어요_
1687072934,깡물멍,우와..김볶..❤️또먹으러갈것같아요아니갈래요!너무맛있어요!ㅎㅎ분위기도너무느좋!예뻐요메뉴비쥬얼무슨일..!?맛도맛집..거기에친절까지..🫶🏻,2026년 6월 11일 목요일,음식이 맛있어요_양이 많아요_뷰가 좋아요_인테리어가 멋져요_친절해요_
1687072934,장ㅇ서66,파스타랑리조또가너무맛있어요💕💕❤️,2026년 6월 11일 목요일,음식이 맛있어요_재료가 신선해요_
1687072934,bts****,분위기도좋고음식도맛있어요!전북대양식집으로추천합니다!,2026년 6월 11일 목요일,음식이 맛있어요_재료가 신선해요_대화하기 좋아요_
1687072934,야생의물범,좋은리뷰가많아서모임장소로선택했는데너무맛있었습니다!뉴뉴포크진짜맛있었어요!직원분도친절하셨구요~다음엔들기름파스타먹으러오려구용!!맛있게잘먹었습니다☺️,2026년 6월 10일 수요일,음식이 맛있어요_특별한 메뉴가 있어요_메뉴 구성이 알차요_인테리어가 멋져요_
1687072934,kjhj,음식이맛있고매장분위기가너무좋아요!친구랑대화하면서식사하기좋아요!,2026년 6월 10일 수요일,음식이 맛있어요_메뉴 구성이 알차요_인테리어가 멋져요_매장이 청결해요_
1687072934,음맛있다냠냠,뉴뉴리조또랑바질파스타먹었어요!리조또는기대했던대로맛있었고바질도괜찮았어요!!다음에오면명란도먹어보고싶어요😋,2026년 6월 10일 수요일,음식이 맛있어요_인테리어가 멋져요_뷰가 좋아요_친절해요_
1687072934,김다현66,라자냐도른놈인것같아요조금나오는데시간걸리지만너무맛있어요,2026년 6월 9일 화요일,음식이 맛있어요_특별한 메뉴가 있어요_뷰가 좋아요_인테리어가 멋져요_친절해요_
1687072934,qpwlalfffff,잘먹었습니당!!,2026년 6월 9일 화요일,음식이 맛있어요_재료가 신선해요_
1687072934,kon****,학교앞이라가깝기도하고많이들맛있다고해서갔다왔어요!!내부인테리어가카페만큼아기자기하구예뻤어요🤍직원분들도넘친절하시고음식도맛있어서양식먹고싶은날또올거같아요..♥,2026년 6월 9일 화요일,음식이 맛있어요_특별한 메뉴가 있어요_가성비가 좋아요_인테리어가 멋져요_친절해요_
1687072934,Bestee,시그니처메뉴가너무맛있어용재방문하고싶습니다!,2026년 6월 8일 월요일,음식이 맛있어요_인테리어가 멋져요_뷰가 좋아요_사진이 잘 나와요_대화하기 좋아요_
1687072934,dnw****,덕분에좋은시간보내고갑니다!,2026년 6월 8일 월요일,음식이 맛있어요_아늑해요_인테리어가 멋져요_음악이 좋아요_
1687072934,KIM26,처음와봤는데맛있네요흥하고번창하세요~!!!!!!!!!!,2026년 6월 8일 월요일,음식이 맛있어요_재료가 신선해요_특별한 메뉴가 있어요_가성비가 좋아요_메뉴 구성이 알차요_
1687072934,아가또치,가성비맛집을찾았네용!들기름파스타랑불고기필라프다맛있게잘먹었어요ㅎ-ㅎ잘먹구갑니닷😋,2026년 6월 7일 일요일,음식이 맛있어요_인테리어가 멋져요_뷰가 좋아요_아늑해요_친절해요_
1687072934,ship79,맛있어요ㅎㅎ오랜만에대학동기들이랑모였는데분위기도좋고음식도맛있어요~,2026년 6월 6일 토요일,음식이 맛있어요_재료가 신선해요_인테리어가 멋져요_친절해요_매장이 청결해요_
1687072934,khm****,내부도아기자기하구음식도맛있어요!,2026년 6월 6일 토요일,음식이 맛있어요_인테리어가 멋져요_
1687072934,oungd,맛있어서또재방문했어요이번에바질파스타먹어봤는데역시맛있네용ㅎㅎ,2026년 6월 6일 토요일,음식이 맛있어요_특별한 메뉴가 있어요_메뉴 구성이 알차요_뷰가 좋아요_
1687072934,복실복실1,분위도좋고맛도있어요~~🫃🫃🕺,2026년 6월 6일 토요일,음식이 맛있어요_비싼 만큼 가치있어요_뷰가 좋아요_룸이 잘 되어있어요_
1687072934,ㅇㅇㅇ7835,양식자체를진짜오랜만에먹는데너무맛있어요!!!뉴뉴파스타살짝매콤한듯한맛이너무좋아요,2026년 6월 6일 토요일,음식이 맛있어요_특별한 메뉴가 있어요_메뉴 구성이 알차요_친절해요_매장이 청결해요_
1687072934,kdj****,너무맛있습니다!완전강추합니다!!,2026년 6월 6일 토요일,음식이 맛있어요_재료가 신선해요_특별한 메뉴가 있어요_
1687072934,안녕안냥안녕,맛있어요!크림리조또추천!,2026년 6월 5일 금요일,음식이 맛있어요_재료가 신선해요_가성비가 좋아요_
1687072934,오칠이집사,리뷰엄청많길래점심먹으러왔어요!양식많이좋아하는편아닌데너무맛있게잘먹었고라자냐는오래따듯할수있게접시가엄청뎁혀나오더라구요!아래에나무로된받침대도귀엽구ㅋㅋ개인적으로뉴뉴리조또진짜맛있었어요!밥알이보리밥재질이라꼬돌꼬돌하니식감있는데소화도잘될거같고닭다리살도너무맛있구요ㅎㅎ그리고세트메뉴로시켜서감자튀김받으시는거추천드려요!!감자튀김도바로튀겨주셔서엄청따듯하다못해뜨거운데오일이랑후추소금을적당히잘뿌려주셔서케찹없이먹어도엄청맛있었어요!가성비는좋은느낌은아니고양식값에적당한양인거같아요!기본으로주는프레첼도너무맛있네요다음에또올게요!,2026년 6월 5일 금요일,음식이 맛있어요_재료가 신선해요_메뉴 구성이 알차요_인테리어가 멋져요_아늑해요_
1687072934,sih****,식기랑식탁이예쁘고음식도맛있어요추천해요,2026년 6월 5일 금요일,음식이 맛있어요_인테리어가 멋져요_
1687072934,qkr****,뉴뉴키친맛집이라구들었는데역쉬넘맛있어요>_<,2026년 6월 5일 금요일,음식이 맛있어요_재료가 신선해요_특별한 메뉴가 있어요_
1687072934,실버스타95,들기름파스타랑라자냐시켰는데음식이너무맛있어요!재방문의사있는데살짝아쉬웠던건직원분이친절하진않은것같아서아쉽네요!음식은맛있습니다~,2026년 6월 5일 금요일,인테리어가 멋져요_음식이 맛있어요_매장이 청결해요_
1687072934,데굴데굴데굴이,항상올때마다기본으로주시는과자도맛있고메뉴도다맛있어요!인테리어도예뻐요~데이트하기딱좋음!,2026년 6월 5일 금요일,음식이 맛있어요_인테리어가 멋져요_
1687072934,이나영6,맛ㅇ잇고분위기도좋아용파스타땡길때방문하면최고~다음에또올게요!!,2026년 6월 5일 금요일,음식이 맛있어요_특별한 메뉴가 있어요_재료가 신선해요_메뉴 구성이 알차요_비싼 만큼 가치있어요_
1687072934,공은언제나둥글다,맛있어요ㅎㅎ,2026년 6월 5일 금요일,음식이 맛있어요_특별한 메뉴가 있어요_인테리어가 멋져요_친절해요_
1687072934,육지민91,너무느좋이에요너무맛있어요너무최고에요,2026년 6월 5일 금요일,음식이 맛있어요_인테리어가 멋져요_
1687072934,키오스크피규어,메뉴도다양한데맛도너무짜거나달지않고간이딱맞아서좋아요!,2026년 6월 5일 금요일,음식이 맛있어요_인테리어가 멋져요_음악이 좋아요_친절해요_매장이 청결해요_
1687072934,원진솔56,처음와봤는데너무맛있었습니다!다음에또오고싶어요!,2026년 6월 5일 금요일,음식이 맛있어요_메뉴 구성이 알차요_
1687072934,ans****,음식이맛있어요!매장도깨끗하고좋아요!,2026년 6월 5일 금요일,음식이 맛있어요_재료가 신선해요_
1687072934,yun****,맛있어요,2026년 6월 4일 목요일,음식이 맛있어요_인테리어가 멋져요_
1687072934,suz****,맛있습니당아아아아아ㅏㅇ자주생각나서와용,2026년 6월 4일 목요일,음식이 맛있어요_
1687072934,이수만수르548,뉴뉴치킨은너무맛잇어요라쟈나너무궁금햇는데드디아먹어보네여!!여기진짜고급지고너무맛잇어요다들여기와서라자냐랑파스타먹어봣음좋겟네여!,2026년 6월 4일 목요일,재료가 신선해요_음식이 맛있어요_특별한 메뉴가 있어요_인테리어가 멋져요_
1687072934,yug****,너무맛있어요...,2026년 6월 3일 수요일,음식이 맛있어요_
1687072934,댕6114,마싯어용~,2026년 6월 3일 수요일,음식이 맛있어요_
1687072934,송연주16,마싯어용~,2026년 6월 3일 수요일,음식이 맛있어요_대화하기 좋아요_아늑해요_친절해요_매장이 청결해요_
1687072934,woojun,맛있어요다음에또방문할께요,2026년 6월 3일 수요일,음식이 맛있어요_재료가 신선해요_특별한 메뉴가 있어요_가성비가 좋아요_메뉴 구성이 알차요_
1687072934,kk90,분위기가좋아요~~!!,2026년 6월 3일 수요일,인테리어가 멋져요_사진이 잘 나와요_
1687072934,pyu****,분위기가좋아요~~!!,2026년 6월 3일 수요일,음식이 맛있어요_가성비가 좋아요_재료가 신선해요_
1687072934,eongong,매장이청결하고인테리어가예뻐요음식도맛있어요,2026년 6월 3일 수요일,음식이 맛있어요_특별한 메뉴가 있어요_인테리어가 멋져요_친절해요_매장이 청결해요_
1687072934,kj58,너무맛있고분위기도좋아요~~~,2026년 6월 2일 화요일,음식이 맛있어요_
1687072934,joe****,가격도착하고너무맛있습니다가족여행으로전주왔는데맛있게먹고가네요번창하세요,2026년 6월 2일 화요일,음식이 맛있어요_메뉴 구성이 알차요_
1687072934,ngi****,자극적이지않은건강한맛의양식!!,2026년 6월 2일 화요일,음식이 맛있어요_사진이 잘 나와요_
1687072934,아겁나더워,김치볶음밥이쫄깃탱탱합니다맛있어요명란파스타도맛있었습니다메뉴가전반적으로깔끔하고맛있었습니다항상올때마다굳입니다😍,2026년 6월 2일 화요일,음식이 맛있어요_특별한 메뉴가 있어요_아늑해요_친절해요_
1687072934,세종대왕007,전북대최고의양식집!!파스타도리조또도다맛있어용ㅎㅎ치킨도시켜드세용,2026년 6월 2일 화요일,음식이 맛있어요_인테리어가 멋져요_
1687072934,내 인생 닝겐,너무맛있어요🫶🫶,2026년 6월 1일 월요일,반찬이 잘 나와요_음식이 맛있어요_메뉴 구성이 알차요_인테리어가 멋져요_뷰가 좋아요_
1687072934,dhekrud0113,👍👍👍👍👍,2026년 6월 1일 월요일,음식이 맛있어요_재료가 신선해요_특별한 메뉴가 있어요_인테리어가 멋져요_대화하기 좋아요_
1687072934,옴뇸뇸맛있다,맛있어요!!,2026년 6월 1일 월요일,음식이 맛있어요_가성비가 좋아요_
1687072934,메이39,느좋….너무맛잇게먹엇어용,2026년 6월 1일 월요일,음식이 맛있어요_재료가 신선해요_인테리어가 멋져요_
1687072934,vanellophui,너무이뻐요,2026년 6월 1일 월요일,음식이 맛있어요_재료가 신선해요_인테리어가 멋져요_
1687072934,여긴어디957,전북대양식집으로유명하다해서와봤어요~메뉴구성도알차고매장도아기자기해서데이트식당으로강추합니다~~🎂❤️,2026년 6월 1일 월요일,메뉴 구성이 알차요_음식이 맛있어요_인테리어가 멋져요_친절해요_매장이 청결해요_
1687072934,유정92,친구추천으로처음와보는데분위기가좋고맛있어서다음에또오고싶어요!들기름파스타먹어보고싶었는데품절이라아쉬웠어요.다음에오면꼭먹어보려구요!굿굿!,2026년 6월 1일 월요일,음식이 맛있어요_인테리어가 멋져요_대화하기 좋아요_매장이 청결해요_친절해요_
1687072934,코몽91,좋은분위기맛있는음식에힐링하고가요!!🍳카페입구보니좋은나눔도하시는것같던데정말멋진매장이네요!!!다음에또방문할의사x1000000완전있어요💖🩷서비스로주신디저트도완전맛있어서놀랐어요!!감사합니다ㅎㅎㅎㅎ,2026년 6월 1일 월요일,음식이 맛있어요_재료가 신선해요_특별한 메뉴가 있어요_디저트가 맛있어요_인테리어가 멋져요_
1687072934,애7585,뉴뉴키친처음와봤는데분위기도너무너무좋고음식도맛있었어요!데이트코스로강추합니다!,2026년 5월 31일 일요일,음식이 맛있어요_인테리어가 멋져요_
1687072934,hakang,맛있어요!친구들과또왔습니다~,2026년 5월 31일 일요일,음식이 맛있어요_친절해요_매장이 청결해요_대화하기 좋아요_
1687072934,최은서123,맛있어요~!!분위기최공,2026년 5월 30일 토요일,음식이 맛있어요_인테리어가 멋져요_
1687072934,jeo****,처음와봤는데다맛있고매장분위기가좋아요,2026년 5월 30일 토요일,음식이 맛있어요_재료가 신선해요_메뉴 구성이 알차요_인테리어가 멋져요_매장이 청결해요_
1687072934,짜짠면,전주여행와서제일가고싶었던곳중하나였는데치킨너무맛있습니다!ㅠㅠ...친절하구다시또올게용,2026년 5월 30일 토요일,음식이 맛있어요_특별한 메뉴가 있어요_가성비가 좋아요_인테리어가 멋져요_사진이 잘 나와요_
1687072934,윤지화아안,너무맛있어요전북대양식최고맛집이에요^..^,2026년 5월 30일 토요일,음식이 맛있어요_재료가 신선해요_인테리어가 멋져요_뷰가 좋아요_사진이 잘 나와요_
1687072934,미미치45,예약후들어와서세트메뉴로뉴뉴포크랑명란리조토먹었어요~!!양이많고전체적으로다너무맛있었어요!!잘먹고갑니다🤣,2026년 5월 30일 토요일,음식이 맛있어요_양이 많아요_메뉴 구성이 알차요_인테리어가 멋져요_
1687072934,PKTeacher,예약없이왔는데너무좋아요~:)음식도맛있습니다~뉴뉴키친좋아요~~~~,2026년 5월 30일 토요일,음식이 맛있어요_특별한 메뉴가 있어요_가성비가 좋아요_뷰가 좋아요_사진이 잘 나와요_
1687072934,rrr7773,너무맛있었어요...분위기도좋고저는여자랑갔지만남자랑가면진쩌좋을듯ㅎㅎ북대에서데이트장소는무조건요기!!!!음식두넘맛나구친절하셔용!!,2026년 5월 29일 금요일,음식이 맛있어요_인테리어가 멋져요_친절해요_
1687072934,cha****,맛있는음식잘먹었습니다~~,2026년 5월 29일 금요일,음식이 맛있어요_특별한 메뉴가 있어요_메뉴 구성이 알차요_인테리어가 멋져요_친절해요_
1687072934,sk000506,세트로먹으니까둘이먹기딱좋은거같아요!다너무맛있으니까꼭와보세요~,2026년 5월 29일 금요일,음식이 맛있어요_특별한 메뉴가 있어요_메뉴 구성이 알차요_재료가 신선해요_
1687072934,san****,맛있어요!직원분도친절하시고요~,2026년 5월 29일 금요일,메뉴 구성이 알차요_친절해요_매장이 청결해요_
1687072934,챠빵빵,뉴뉴키친파스타먹고싶을때마다오는데너무맛있어요🤩메뉴도다양해서질리지않고좋아요!!,2026년 5월 29일 금요일,음식이 맛있어요_인테리어가 멋져요_친절해요_매장이 청결해요_
1687072934,본드남,깔끔하고맛있습니다~!,2026년 5월 29일 금요일,음식이 맛있어요_재료가 신선해요_특별한 메뉴가 있어요_메뉴 구성이 알차요_
13163796,이뭉돌,전주소바집은제개인적으로원탑은태평집이라고생각합니다.소바곱빼기시켜서먹다가콩국따로시켜서콩국수로도먹을수있어서좋아요소바국물이랑콩국다맛있어서가끔생각나면방문합니다웨이팅이있긴하지만금방금방순환돼요주차장이있긴하지만협소합니다.반찬으로나오는김치들다맛있어요!!,2026년 6월 13일 토요일,음식이 맛있어요_반찬이 잘 나와요_매장이 넓어요_
13163796,도인데,여름에꼭!!!한번은오는콩국수맛집이에요사진은먹다중간에찍었네요저는달달한게좋아서설탕을왕창부어먹었어요물릴만할때깍두기싹먹어주면진짜...최고에요일주일동안콩국수먹방가능해요...,2026년 6월 7일 일요일,음식이 맛있어요_양이 많아요_매장이 넓어요_매장이 청결해요_
13163796,이심전심 역지사지,근10년만에간태평집입니다.그사이에리모델링해서주차장도널찍해졌네요.11시쯤도착해서바로착석했는데그직후손님들대기줄이생기더군요.콩국수의맛은변함없이진하고걸쭉하하여고소하고맛있습니다.소바면도밀가루면보다먹는데편안하게먹을수있는게마음에듭니다.콩국물까지폭풍흡입하니시간이금방가네요.조만간재방문예정입니다.,2026년 6월 6일 토요일,음식이 맛있어요_재료가 신선해요_양이 많아요_특별한 메뉴가 있어요_
13163796,엔돌핀1783,근10년만에간태평집입니다.그사이에리모델링해서주차장도널찍해졌네요.11시쯤도착해서바로착석했는데그직후손님들대기줄이생기더군요.콩국수의맛은변함없이진하고걸쭉하하여고소하고맛있습니다.소바면도밀가루면보다먹는데편안하게먹을수있는게마음에듭니다.콩국물까지폭풍흡입하니시간이금방가네요.조만간재방문예정입니다.,2026년 6월 3일 수요일,특별한 메뉴가 있어요_
13163796,맛있으면 미친듯이 울리는 사이렌,에에에에엥에에에에엥에에에에엥에에에에엥에에에에엥에에에에엥에에에에엥에에에에엥에에에에엥에에에에엥에에에에엥에에에에엥에에에에엥에에에에엥에에에에엥에에에에엥에에에에엥에에에에엥에에에에엥에에에에엥에에에에엥에에에에엥에에에에엥에에에에엥에에에에엥에에에에에에에에에에에에엥에에에에엥에에에에에에에에엥에에에에엥에에에에엥에에에에엥에에에에엥에에에에엥에에에에엥에에에에엥에에에에엥에에에에엥에에에에엥에에에에엥에에에에에에에에엥에에에에엥에에에에엥에에에에엥에에에에엥에에에에엥에에에에엥에에에에에에에에에에에에엥에에에에엥에에에에엥에에에에엥에에에에엥에에에에엥에에에에엥에에에에엥에에에에엥에에에에엥에에에에에에에에에에에에엥에에에에엥에에에에에에에에엥에에에에엥에에에에엥에에에에엥에에에에엥에에에에엥에에에에엥에에에에엥에에에에엥에에에에엥에에에에엥에에에에엥에에에에엥에에에에엥에에에에,2026년 5월 30일 토요일,음식이 맛있어요_
13163796,생생지기,전주태평집에소바를먹으러다녀왔는데소바국물이깔끔하면서도감칠맛이좋아끝까지맛있게먹었어요.너무짜지않고시원한맛이라면이랑잘어울렸고더운날씨에도부담없이즐기기좋았습니다.,2026년 5월 26일 화요일,음식이 맛있어요_특별한 메뉴가 있어요_주차하기 편해요_
13163796,fre****,전주에서소바와콩국수로유명한오래된맛집이에요.특히시원한살얼음육수의소바와진한콩국수가인기라서여름이면웨이팅이있을정도로손님이많은곳이예요.,2026년 5월 26일 화요일,특별한 메뉴가 있어요_음식이 맛있어요_주차하기 편해요_
13163796,yeonijoa,매년여름마다와서먹는집ㅋ언제가부터단맛이강하다는느낌이...작년에도좀달아졌네...생각했는데...올해는더달아진느낌?!ㅠㅠ매년단맛이업그레이드?ㅎㅎㅎ그래도매년습관적으로한번은오는집ㅋ,2026년 5월 24일 일요일,양이 많아요_매장이 넓어요_
13163796,없다7012,20분만늦게왔으면콩국수품절되서못먹을뻔했네요올해첫콩국수~맛있게잘먹고왔습니다~너무맛있어요ㅜㅜ,2026년 5월 17일 일요일,음식이 맛있어요_재료가 신선해요_매장이 넓어요_친절해요_매장이 청결해요_
13163796,뽀아너,입에걸리는것하나없이부드럽고세상진득했던콩국수(콩물)가언제부턴가물탄것마냥연해지고입속에콩이남는게느껴지면서발길을끊었다.오래만에다시먹어보니그때보단나아졌지만그래도아쉬움이남는퀄리티다.소바육수도농도가옅어졌지만오히려먹기편하고맛있었다.아직도줄서서먹는맛집이지만예전만못한게아쉬울따름이다.,2026년 5월 17일 일요일,친절해요_
34006669,예은508,남자친구랑피자먹고싶어서전부터와보고싶었던가마에들렀어요!!인테리어분위기두차분하구특히노래도좋아서데이트하기에좋습니다ㅎㅎ농푸피자마르게리따+치즈퐁듀추가해서먹었어요!!피자가금방나와서좋았구너무짜고자극적인피자는금방질려서불호인데가마피자는감칠맛있으면서전혀자극적이지않아서질리지않게맛있게먹었어요!!!특히농부피자는+치즈퐁듀무조건추천드립니다!!!직원분들도다들친절하셔서다음에재방문하려구용!그래서쿠폰도받았어요~도장도모아볼게용👍🏻(글구매장분위기노래도데이트하기에좋습니다!),2026년 6월 14일 일요일,음식이 맛있어요_메뉴 구성이 알차요_인테리어가 멋져요_차분한 분위기예요_친절해요_
34006669,1월18일,필라프맛집이에요.피자는말할것도없구요👍🏻,2026년 6월 14일 일요일,음식이 맛있어요_재료가 신선해요_가성비가 좋아요_뷰가 좋아요_친절해요_
34006669,서준영5385,부모님모시고왔는데화덕피자향도너무좋고가격도좋아요클래식피자랑명란파스타가조합이좋더라구요강추합니다!,2026년 6월 14일 일요일,음식이 맛있어요_인테리어가 멋져요_친절해요_
34006669,Luli14,맛좋네요사랑하는사람과도분위기좋게먹을수있어요노래도좋아요잔잔,2026년 6월 14일 일요일,음식이 맛있어요_재료가 신선해요_가성비가 좋아요_인테리어가 멋져요_뷰가 좋아요_
34006669,nao****,화덕피자의기본을보여주는곳,2026년 6월 14일 일요일,음식이 맛있어요_재료가 신선해요_인테리어가 멋져요_친절해요_
34006669,kid****,가마피자맛있어요!,2026년 6월 14일 일요일,음식이 맛있어요_특별한 메뉴가 있어요_가성비가 좋아요_차분한 분위기예요_
34006669,ks****,아이들과전주나들이올때항상방문하는곳입니다매년두번씩올때마다음식이맛있어요불가마로바로구운피자맛있어요명란스파게티도맛있어요아이들도좋아해요^^,2026년 6월 14일 일요일,음식이 맛있어요_특별한 메뉴가 있어요_매장이 넓어요_음악이 좋아요_친절해요_
34006669,초심1797,신선하고맛있어요그런데전체적으로살짝간간합니다^^,2026년 6월 13일 토요일,음식이 맛있어요_재료가 신선해요_가성비가 좋아요_현지 맛에 가까워요_단체모임 하기 좋아요_
34006669,백잼,📍가마•베스트세트메뉴4.5•마르게리타1.7•시저샐러드1.3전주에서화덕피자먹고싶으면꼭오는곳!진짜넘맛있고담백하니겉바속쫀한게너무맛있음라임청에이드도넘맛있고특히화덕빵진짜굿!!,2026년 6월 13일 토요일,음식이 맛있어요_재료가 신선해요_특별한 메뉴가 있어요_건강한 맛이에요_인테리어가 멋져요_
34006669,pw3****,잘먹었어요~맛있어요,2026년 6월 13일 토요일,음식이 맛있어요_재료가 신선해요_특별한 메뉴가 있어요_
34006669,HM337,가족이랑피자를먹으려고왔다.마르게리따새우필라포고르곤졸라를먹었다.,2026년 6월 13일 토요일,음식이 맛있어요_가성비가 좋아요_양이 많아요_친절해요_매장이 넓어요_
34006669,sha****,음식이너무맛있고직원들이친절해요~명란파스타너무맛있어요!!,2026년 6월 13일 토요일,음식이 맛있어요_재료가 신선해요_인테리어가 멋져요_친절해요_
34006669,호탁70,신선한재료가듬뿍들어간샐러드와치즈풍미가득한피자조합이최고입니다.🥗🍕데이트코스로방문했는데분위기부터맛까지모두만족스러웠어요.💖✨재료가신선한게입안에서그대로느껴져서아주맛있게먹었습니다.😋👍조만간기분좋은식사를하러또방문할예정입니다!😊🍴,2026년 6월 13일 토요일,음식이 맛있어요_재료가 신선해요_건강한 맛이에요_친절해요_매장이 청결해요_
34006669,듀녕이,와이프의추천으로온가마맛있어요!!,2026년 6월 13일 토요일,음식이 맛있어요_재료가 신선해요_특별한 메뉴가 있어요_가성비가 좋아요_현지 맛에 가까워요_
34006669,jyl****,오늘첨와봤는데맛있네요.화덕피자라정말담백하네요.,2026년 6월 12일 금요일,음식이 맛있어요_
34006669,김판돌38,꼬릿꼬릿한치즈좋아용,2026년 6월 12일 금요일,음식이 맛있어요_재료가 신선해요_특별한 메뉴가 있어요_가성비가 좋아요_
34006669,Hyohyo96,명란로제랑가마클래식시켰는데너무맛있네요엄마랑같이왔는데엄마도만족하시면서식사하셨습니다또올게요!,2026년 6월 12일 금요일,음식이 맛있어요_재료가 신선해요_
34006669,mel****,배우자하고왔습니다음식맛있고가마피자감바스파스타새우명란마요파스타먹었습니다분위기좋아요추천합니다,2026년 6월 11일 목요일,음식이 맛있어요_인테리어가 멋져요_친절해요_
34006669,지하38,맛있어요,2026년 6월 11일 목요일,음식이 맛있어요_친절해요_
34006669,나는야오동통,가성비좋고메뉴도빨리나와요!마싯어요🥰🥰,2026년 6월 11일 목요일,매장이 넓어요_친절해요_매장이 청결해요_음식이 빨리 나와요_음식이 맛있어요_
34006669,드림카카오72,2층이라뷰도좋고음식도너무맛있어요!아이랑왔는데너무맛있게먹고갑니다.,2026년 6월 11일 목요일,음식이 맛있어요_건강한 맛이에요_인테리어가 멋져요_뷰가 좋아요_친절해요_
34006669,121****,화덕피자생각날때마다오는데늘맛있네요ㅎㅎㅎ콰트로포르마지추천!!평일엔안밀려서좋아요ㅎㅎ,2026년 6월 10일 수요일,음식이 맛있어요_특별한 메뉴가 있어요_뷰가 좋아요_차분한 분위기예요_주차하기 편해요_
34006669,최준우61,화덕피자생각날때마다오는데늘맛있네요ㅎㅎㅎ콰트로포르마지추천!!평일엔안밀려서좋아요ㅎㅎ,2026년 6월 10일 수요일,현지 맛에 가까워요_가성비가 좋아요_특별한 메뉴가 있어요_재료가 신선해요_음식이 맛있어요_
34006669,조성빈4029,가마너무맛있어요.시내와서뭐먹을지고민헐때마다오는가마입니당,2026년 6월 10일 수요일,음식이 맛있어요_재료가 신선해요_특별한 메뉴가 있어요_가성비가 좋아요_현지 맛에 가까워요_
34006669,얄루979,전주여행둘째날점심!필라프시키면서스프사이드에빵추가시킬수있어서좋았어요피자도맛있고필라프도맛있어요스프단품보다빵찍어먹는게더맛있어요!!,2026년 6월 10일 수요일,음식이 맛있어요_가성비가 좋아요_인테리어가 멋져요_친절해요_매장이 청결해요_
34006669,호잇675,엄마랑점심맛있게먹었어요,2026년 6월 10일 수요일,음식이 맛있어요_재료가 신선해요_인테리어가 멋져요_차분한 분위기예요_친절해요_
34006669,you****,아이와방문했는데아이에맞게맵기조절도해주시고음식도빨리나와서좋았어요!맛있게먹고갑니다,2026년 6월 9일 화요일,음식이 맛있어요_재료가 신선해요_특별한 메뉴가 있어요_친절해요_
34006669,안녕하세요391,전주의오래된피자맛집가마!오랜만에들려서먹어도한결같이맛있네요😁,2026년 6월 9일 화요일,음식이 맛있어요_재료가 신선해요_인테리어가 멋져요_친절해요_
34006669,지안5795,넘맛잇어요~~~~,2026년 6월 9일 화요일,음식이 맛있어요_인테리어가 멋져요_매장이 넓어요_차분한 분위기예요_매장이 청결해요_
34006669,장ㅇ서66,피자가너무맛있야요!!!또오겠습미다~~~🔥🔥🔥🔥🔥🔥🔥🔥🔥🔥,2026년 6월 9일 화요일,음식이 맛있어요_재료가 신선해요_
34006669,선선2337,피자가넘맛있어요샐러드도맛있어요.전주오면다시올거같아요,2026년 6월 8일 월요일,음식이 맛있어요_재료가 신선해요_친절해요_인테리어가 멋져요_
34006669,참참깨,가족과함께방문했어요6살아들도레스토랑왔다고좋아하네요다맛있지만특히피자가제입맛에맞네요화덕에피자를굽는모습도재밌어요잘먹고갑니다,2026년 6월 7일 일요일,음식이 맛있어요_특별한 메뉴가 있어요_
34006669,말랑체리10,전주최애피자집.농부피자맛있어요,2026년 6월 7일 일요일,음식이 맛있어요_특별한 메뉴가 있어요_재료가 신선해요_대화하기 좋아요_차분한 분위기예요_
34006669,hye****,모든메뉴가다맛있고분위기도좋아서좋아요자주오게되는찐맛집😆,2026년 6월 7일 일요일,음식이 맛있어요_재료가 신선해요_특별한 메뉴가 있어요_차분한 분위기예요_친절해요_
34006669,sam****,모든메뉴가다맛있고분위기도좋아서좋아요자주오게되는찐맛집😆,2026년 6월 7일 일요일,음식이 맛있어요_음식이 빨리 나와요_
34006669,후라이드바삭,전주의화덕피자맛집가마!피자뿐만아니라파스타도너무맛있어서정신없이흡입했어요🤤❤️다음에는샐러드도같이먹으려구요~!!!👍,2026년 6월 7일 일요일,음식이 맛있어요_재료가 신선해요_뷰가 좋아요_음식이 빨리 나와요_
34006669,ins****,전주의화덕피자맛집가마!피자뿐만아니라파스타도너무맛있어서정신없이흡입했어요🤤❤️다음에는샐러드도같이먹으려구요~!!!👍,2026년 6월 7일 일요일,음식이 맛있어요_인테리어가 멋져요_뷰가 좋아요_친절해요_
34006669,먹보987,늘!!맛있어요!!,2026년 6월 7일 일요일,음식이 맛있어요_재료가 신선해요_메뉴 구성이 알차요_
34006669,범양68,화덕피자도정말맛있고파스타랑리조또도맛있어서잘먹었습니다,2026년 6월 6일 토요일,음식이 맛있어요_특별한 메뉴가 있어요_재료가 신선해요_차분한 분위기예요_인테리어가 멋져요_
34006669,오로라6329,피자치즈가굿이예요맛있어요,2026년 6월 6일 토요일,음식이 맛있어요_재료가 신선해요_특별한 메뉴가 있어요_가성비가 좋아요_
34006669,js0****,전주에서제일맛있는화덕피자집인것같아요.꽈뜨로포르마지뽈로주문했는데단짠맵의조화가잘어울려요.여러번재방문했는데항상맛있게잘먹고갑니다!다음에또올게요~~,2026년 6월 6일 토요일,음식이 맛있어요_재료가 신선해요_특별한 메뉴가 있어요_매장이 넓어요_친절해요_
34006669,해바라기88,전주살아서객사에서화덕피자먹고싶을때옵니다.맛있어요ㅎㅎ전주시민쿠폰도있어서좋아요.,2026년 6월 6일 토요일,음식이 맛있어요_사진이 잘 나와요_친절해요_매장이 청결해요_음식이 빨리 나와요_
34006669,고도옥한태조왕,굿맛!,2026년 6월 6일 토요일,음식이 맛있어요_매장이 넓어요_주차하기 편해요_
34006669,chltldud1235,정말옛날부터와보고싶었던가마!드디어친구랑방문했는데주차도4군데나지원되어서좋었어용ㅎㅎ특히명란새우파스타가진짜맛있아용~피자는클래식피자는치즈가거의없구치즈를베이스로조금만까는샐러드피자라고해요!치즈좋아하시면치즈베이스피자선택하셔야해용!!,2026년 6월 6일 토요일,음식이 맛있어요_가성비가 좋아요_차분한 분위기예요_뷰가 좋아요_친절해요_
34006669,오홍홍ㅎ,음식이맛있고직원이친절해요.,2026년 6월 6일 토요일,음식이 맛있어요_인테리어가 멋져요_대화하기 좋아요_매장이 청결해요_친절해요_
34006669,뮤온,리조또맛나요피자는가마피자도우가정말맛잇어요다른피자와는다릅니다!,2026년 6월 5일 금요일,음식이 맛있어요_재료가 신선해요_특별한 메뉴가 있어요_
34006669,뭉가뭉가,넓고깔끔해요메뉴도다양해서좋아요,2026년 6월 4일 목요일,매장이 청결해요_친절해요_매장이 넓어요_혼밥하기 좋아요_
34006669,정깽54,넓고깔끔해요메뉴도다양해서좋아요,2026년 6월 3일 수요일,음식이 맛있어요_
34006669,꿀토실,n번째맛집!!전주에서제일맛있늠화덕피자맛집이에요!!❤️❤️🥰🥰,2026년 6월 3일 수요일,음식이 맛있어요_뷰가 좋아요_차분한 분위기예요_음식이 빨리 나와요_
34006669,spr****,정말맛있어요^^,2026년 6월 3일 수요일,음식이 맛있어요_재료가 신선해요_특별한 메뉴가 있어요_
34006669,jwj****,화덕에직접구운빵이너무고소하고맛있구요~~스프도맛있고명란로제도강추입니다.화덕에갓구워낸피자는말할것도없구요~~정말맛있습니다....!!!^^♡,2026년 6월 1일 월요일,음식이 맛있어요_재료가 신선해요_가성비가 좋아요_차분한 분위기예요_음식이 빨리 나와요_
34006669,사과나무5425,맛있어요~치즈도쭉쭉늘어나고화덕으로구워서더맛있는거같아요👍,2026년 6월 1일 월요일,음식이 맛있어요_매장이 넓어요_인테리어가 멋져요_차분한 분위기예요_친절해요_
34006669,nyjs****,여동생이랑쉬는날점심으로대패필라프가맛있어요👍대패필라프추천해요,2026년 6월 1일 월요일,인테리어가 멋져요_뷰가 좋아요_
34006669,par****,너무맛있게잘먹고갑니다다음에또올게요,2026년 6월 1일 월요일,음식이 맛있어요_재료가 신선해요_
34006669,thr****,맛있습니다정말맛있습니다,2026년 6월 1일 월요일,음식이 맛있어요_재료가 신선해요_특별한 메뉴가 있어요_가성비가 좋아요_
34006669,kep****,분위기도좋고직원분들도정말친절하고담백한화덕피자에파스타소스절여먹는게행복이죠필라프도잘볶아져서존맛이구재료를아끼지않는객사맛집입니당(˃̶᷄‧̫˂̶᷅๑,2026년 5월 31일 일요일,음식이 맛있어요_특별한 메뉴가 있어요_양이 많아요_친절해요_
34006669,대학생50,전주한옥마을근처에서발견한숨은맛집'가마피자'를다녀왔어요.고르곤졸라피자가마클래식베이컨크림파스타주문했고세메뉴모두만족하며먹었습니다.,2026년 5월 31일 일요일,음식이 맛있어요_음식이 빨리 나와요_
34006669,h e a,전주객사맛집가마에서화덕피자먹고왔어요!!피자샐러드파스타메뉴들이다맛있고전주양식맛집중에서도분위기좋고친절하셔서가마에서인상깊고즐거운맛있게식사하고왔습니다!!,2026년 5월 31일 일요일,음식이 맛있어요_재료가 신선해요_특별한 메뉴가 있어요_인테리어가 멋져요_매장이 넓어요_
34006669,아로하634,​피자:화덕에서구워쫄깃한도우+치즈듬뿍!꿀찍어먹으면최고​파스타:소스가진하고꾸덕해서피자와궁합이너무좋음.​총평:스프랑에이드까지구성이알차고분위기도좋아서데이트나모임장소로강력추천합니다!,2026년 5월 30일 토요일,음식이 맛있어요_인테리어가 멋져요_친절해요_
34006669,lhm****,전주최고맛집입네요부모님모시고왔는데너무좋아하세요,2026년 5월 30일 토요일,음식이 맛있어요_재료가 신선해요_특별한 메뉴가 있어요_인테리어가 멋져요_매장이 넓어요_
34006669,언제나2931,전주에서화덕피자가장맛있어요아이들도좋아해요사이즈도너무크지않아서1일1피자가능합니다,2026년 5월 30일 토요일,음식이 맛있어요_재료가 신선해요_인테리어가 멋져요_아늑해요_친절해요_
34006669,여유64,피자가화덕피자라맛있어요!갈릭디핑추가하세요!,2026년 5월 30일 토요일,특별한 메뉴가 있어요_단체모임 하기 좋아요_매장이 넓어요_뷰가 좋아요_대화하기 좋아요_
34006669,050403,맛있어요!인스타보고처음으로방문해봤는데피자도갓구워져서나와서너무맛있더라구요파스타도시켜먹었는데명란로제추천해요!두개랑양송이스프도맛있게먹었답니다ㅎㅎ세트메뉴추천!👍,2026년 5월 30일 토요일,음식이 맛있어요_재료가 신선해요_가성비가 좋아요_매장이 넓어요_음식이 빨리 나와요_
34006669,정구가행보카자,맛있어요!!!전주피자맛집입니당~~~두번째방문이고세번째도올게요~!,2026년 5월 30일 토요일,음식이 맛있어요_양이 많아요_메뉴 구성이 알차요_비싼 만큼 가치있어요_혼밥하기 좋아요_
34006669,그라목손35,오늘도맛나게먹고갑니다전북유일정통가마피자최고,2026년 5월 30일 토요일,음식이 맛있어요_재료가 신선해요_특별한 메뉴가 있어요_가성비가 좋아요_현지 맛에 가까워요_
34006669,hr****,오늘도맛나게먹고갑니다전북유일정통가마피자최고,2026년 5월 30일 토요일,음식이 맛있어요_재료가 신선해요_친절해요_매장이 청결해요_음식이 빨리 나와요_
34006669,Lawliet,오랜만에재방문했어요!!전에왔을때는예약도하고줄서서먹었던적이있는데오늘은한산해서금방먹을수있었어요!리조또는진짜..GOAT...👍👍,2026년 5월 29일 금요일,음식이 맛있어요_인테리어가 멋져요_매장이 넓어요_친절해요_매장이 청결해요_
34006669,콩자0527,객리단길에가면꼭들르는애정맛집이에요!!화덕에서갓구워낸더블페퍼로니피자는쫄깃한도우와풍성한페퍼로니의짭짤한맛이정말매력적이에요.애들이젤좋아하는가마피자네요!화덕피자맛집을찾는다면여기강추에요!!!,2026년 5월 29일 금요일,음식이 맛있어요_재료가 신선해요_특별한 메뉴가 있어요_인테리어가 멋져요_차분한 분위기예요_
34006669,봄과벚꽃,제미나이가전주맛집으로여러번추천해줘서왔는데믿을만하네요.클래식피자혼자1판가능할것같아요.금요일점심웨이팅없이들어왔고혼밥해도좋은분위기에요~매장음악도내스타일ㅋ옆테이블에할머니들끼리와서드시는거보니로컬맛집으로도유명한가봅니다,2026년 5월 29일 금요일,음식이 맛있어요_재료가 신선해요_건강한 맛이에요_혼밥하기 좋아요_친절해요_
34006669,dfqrw,전주맛집이래서방문했는데기대하고먹어도맛있어요,2026년 5월 28일 목요일,음식이 맛있어요_특별한 메뉴가 있어요_인테리어가 멋져요_차분한 분위기예요_특별한 날 가기 좋아요_
11782597,yoo****,맛있게잘먹었습니다.,2026년 6월 11일 목요일,음식이 맛있어요_양이 많아요_차분한 분위기예요_인테리어가 멋져요_친절해요_
11782597,도영0216,맛있게잘먹었습니다.,2026년 6월 11일 목요일,음식이 맛있어요_재료가 신선해요_양이 많아요_가성비가 좋아요_비싼 만큼 가치있어요_
11782597,mse4****,정말맛있구친절하세요☺☺💕💕번창하세요💕,2026년 6월 10일 수요일,음식이 맛있어요_재료가 신선해요_친절해요_매장이 청결해요_
11782597,kaw****,정말맛있구친절하세요☺☺💕💕번창하세요💕,2026년 6월 8일 월요일,음식이 맛있어요_재료가 신선해요_양이 많아요_차분한 분위기예요_매장이 넓어요_
11782597,홍가네떡집,아이들과예약없이방문했습니다.입구부터분위기가너무좋았습니다.어른2초5여아2선으로주문했는데..맛과양너무만족스러웠습니다.특히저희는싱겁게먹는편인데.간이쎄지않아더맛있게먹었습니다.전주방문4번째인데..모처럼일찍도착해서.양반가에서맛있는저녁먹고갑니다~다음에전주오면또오겠습니다~^^,2026년 6월 8일 월요일,음식이 맛있어요_재료가 신선해요_양이 많아요_가성비가 좋아요_반찬이 잘 나와요_
11782597,edf****,가게입장부터압도적인조경가게입구들어오기전에는도시같은느낌이있는데가게에입장하면분위기가확달라집니다정말조선시대로돌아간것같은느낌복잡한도시속에서평온한마음과잠깐머리속을식혀쥴수있는그런장소인거같습니다친구가족연인여행꼭한번씩드렸다가보시는걸추천합니다이상시골청년이였습니다,2026년 6월 7일 일요일,음식이 맛있어요_재료가 신선해요_비싼 만큼 가치있어요_양이 많아요_뷰가 좋아요_
11782597,지후홀릭,양가부모님모시고온식당인데정말탁월한선택이었습니다음식도맛있고사장님도엄청친절하셨어요,2026년 6월 3일 수요일,음식이 맛있어요_차분한 분위기예요_친절해요_
11782597,참살이8,푸짐하지만가성비를중시하면의견이갈릴수도..,2026년 5월 29일 금요일,차분한 분위기예요_
11782597,수이00,가족들이랑왔는데분위기도좋고넘맛있어요~!!사장님도친절하십니다!!☺️👍👍,2026년 5월 29일 금요일,음식이 맛있어요_재료가 신선해요_양이 많아요_메뉴 구성이 알차요_인테리어가 멋져요_
11782597,5월은44,가게외부가멋있어요들어오자마자기분좋아지는..전주현지인이라한옥마을에서밥은잘안먹는데건강하게한끼먹고갑니다달고짠거싫어하는우리엄마데려오고싶은맛집이에요,2026년 5월 28일 목요일,재료가 신선해요_비싼 만큼 가치있어요_건강한 맛이에요_인테리어가 멋져요_친절해요_
2052033549,hee****,친절하시고고기도맛있어요!!!,2026년 6월 12일 금요일,음식이 맛있어요_매장이 넓어요_
2052033549,yur****,가족과오기도친구와연인과오기에도분위기좋고맛도좋아서정말괜찮은것같아요.다음에전주한옥마을온다면여기서다시또먹을것같아요!퓨전한식이라신선하고아는맛이지만신선한맛인그느낌덕분에새로운경험을한것같아정말좋았어요!,2026년 6월 12일 금요일,음식이 맛있어요_특별한 메뉴가 있어요_재료가 신선해요_매장이 청결해요_인테리어가 멋져요_
2052033549,unfailing35,퓨전이라그런지메뉴들이색다르네요.맛도좋아요!분위기도좋고깔끔해요~,2026년 6월 12일 금요일,음식이 맛있어요_특별한 메뉴가 있어요_인테리어가 멋져요_매장이 넓어요_뷰가 좋아요_
2052033549,zinos,여자친구랑왔는데너무잘먹고갑니다!분위기도좋고매장이깔끔합니다.다음에또올것같아요!,2026년 6월 12일 금요일,음식이 맛있어요_특별한 메뉴가 있어요_인테리어가 멋져요_음악이 좋아요_특별한 날 가기 좋아요_
2052033549,9822d08,아주맛있게먹었음.특히감태타르타르맛남,2026년 6월 12일 금요일,음식이 맛있어요_재료가 신선해요_매장이 청결해요_
2052033549,오로브랑코,너무좋아요.3면전망이모두훌륭.메뉴도신선하고짱인듯,2026년 6월 12일 금요일,인테리어가 멋져요_매장이 넓어요_친절해요_매장이 청결해요_화장실이 깨끗해요_
2052033549,하하하662,독특한메뉴인데넘맛있고속이편해요특히감태타르타르짱맛!!!👍🏻,2026년 6월 12일 금요일,음식이 맛있어요_재료가 신선해요_특별한 메뉴가 있어요_친절해요_매장이 청결해요_
2052033549,곰돌이네,소개받고왔는데특별한메뉴가있어서좋았어요~음식도깔끔하고너무맛있는거같아요,2026년 6월 12일 금요일,음식이 맛있어요_재료가 신선해요_특별한 메뉴가 있어요_뷰가 좋아요_차분한 분위기예요_
2052033549,마담밍,맛있어요만족스러워요!특히고사리크림수제비가입맛에맞네요!,2026년 6월 12일 금요일,음식이 맛있어요_특별한 메뉴가 있어요_
2052033549,너만의엔돌핀,너무맛있어요~사진도군침돌게하죠?전주가최고!!!정희씨도최고!!!,2026년 6월 12일 금요일,음식이 맛있어요_가성비가 좋아요_음악이 좋아요_뷰가 좋아요_매장이 청결해요_
2052033549,bakjuh325,아기랑방문했어요색다른전주식당을찾으시면추천합니다!!감자새우전도맛있어요!👍🏻아기랑오시면감자새우전위에김치시즈닝빼달라고하셔야해요.,2026년 6월 12일 금요일,음식이 맛있어요_인테리어가 멋져요_친절해요_화장실이 깨끗해요_
2052033549,푸른누리직녀,오랜만에맛있는식사시간이였어요.,2026년 6월 12일 금요일,음식이 맛있어요_매장이 넓어요_매장이 청결해요_
2052033549,sky****,인스타보고왓는데너무맛잇어요!!,2026년 6월 11일 목요일,음식이 맛있어요_매장이 넓어요_
2052033549,세라피나66,와...근처가게직원분께추천받아들어온식당인데음식이진짜맛있어요...!!!소고기지짐밥새우감자전고사리크림수제비이렇게먹었는데소고기지짐밥도일반적인김치볶음밥이아닌좀더맛있는무언가새우감자전☆매우바삭☆고사리크림수제비도부드럽고밑반찬이랑잘어울렸어요.잘먹었습니다~,2026년 6월 11일 목요일,특별한 메뉴가 있어요_음식이 맛있어요_
2052033549,as****,음식이맛있고직원분이친절해요!인테리어도멋져요.다시올거예요!,2026년 6월 11일 목요일,음식이 맛있어요_특별한 메뉴가 있어요_인테리어가 멋져요_매장이 청결해요_
2052033549,qhits,다맛있어요~!!메뉴도장깨기추천합니다👍🏻,2026년 6월 11일 목요일,음식이 맛있어요_재료가 신선해요_
2052033549,ykm****,생각한것보다너무휼룡합니다전주다시방문하면또오고싶네요,2026년 6월 10일 수요일,음식이 맛있어요_재료가 신선해요_인테리어가 멋져요_
2052033549,plu****,분위기도좋고강된장케일쌈밥맛있어요~,2026년 6월 10일 수요일,음식이 맛있어요_재료가 신선해요_인테리어가 멋져요_뷰가 좋아요_아늑해요_
2052033549,kkk1578,퓨전한식이라들어왔어요메뉴깔끔하고음식도맛이좋아요매장도깔끔하고다시재방문할래요,2026년 6월 10일 수요일,음식이 맛있어요_특별한 메뉴가 있어요_
2052033549,lovablezu,고사리크림수제비가특이해서찾아왔는데너무맛있더라구요!수제비뿐만아니라강된장케일쌈밥도너무맛있어서너무맛있게잘먹고갑니다💚💚,2026년 6월 9일 화요일,음식이 맛있어요_특별한 메뉴가 있어요_메뉴 구성이 알차요_인테리어가 멋져요_뷰가 좋아요_
2052033549,오후님,새우감자전과육회감태주먹밥은타르타르에찍어먹도록제공되는데먹다보니독특하고괜찮았어요.저는육회주먹밥이나눠먹기좋아서다음에또시킬것같아요봉골레바지락칼국수는자작할줄알았는데봉골레보다는바지락에가깝고국물도버터가들어가서녹진하지만매콤한맛도함께있어서어른들도좋아할거같습니다!,2026년 6월 9일 화요일,아늑해요_건강한 맛이에요_매장이 청결해요_
2052033549,doh****,한옥뷰가너무좋아요!음식도너무예쁘게나오는데맛도정말맛있어서좋았어요,2026년 6월 9일 화요일,뷰가 좋아요_아늑해요_특별한 메뉴가 있어요_
2052033549,win****,밥도맛있고인테리어도예뻐요❤️내돈내산입니다!,2026년 6월 5일 금요일,음식이 맛있어요_양이 많아요_인테리어가 멋져요_매장이 넓어요_
2052033549,042****,전주여행중아이들과방문했어요막내가카레를안먹어서어린아이는먹을것이별로없었지만저희는좀독특하고맛있게잘먹었어요육개장도참맛있네요추천합니다^^,2026년 6월 5일 금요일,음식이 맛있어요_재료가 신선해요_특별한 메뉴가 있어요_차분한 분위기예요_
2052033549,상어10,부모님이랑전주여행와서어디맛집이맛있을까?찾다가발견한곳이예요!저희아버지께서느끼한거를잘못드시는데이거는전혀느끼함이없어서너무마음에들었어요!새우감자채전도고소해서짱맛이예요!얼큰칼국수도얼큰해서딱이였어요~다음에도전주오면먹고싶어요!😆,2026년 6월 5일 금요일,음식이 맛있어요_재료가 신선해요_메뉴 구성이 알차요_뷰가 좋아요_인테리어가 멋져요_
2052033549,seodo,음식이하나하나다너무신선하고가벼워서먹는내내너무좋았어요!!퓨전한식집으로너무추천해요.전주첫끼로성공했어요!!,2026년 6월 5일 금요일,음식이 맛있어요_특별한 메뉴가 있어요_인테리어가 멋져요_뷰가 좋아요_
2052033549,5ohyun1012,주문한메뉴가다맛있어요!!전주여행오시면추천합니다~!,2026년 6월 4일 목요일,음식이 맛있어요_특별한 메뉴가 있어요_인테리어가 멋져요_매장이 넓어요_대화하기 좋아요_
2052033549,율2512,한옥마을을구경하며지나가다우연히발견하고들어오게되었는데부모님과함께방문한터라퓨전한식이라는점이더욱마음에들었습니다!내부도깔끔하고분위기도너무좋았고음식들도대부분정말맛있어서만족스러운식사했어요😊부모님을모시고오시는분들께도정말잘어울리는곳인것같아요!다음에전주에오게된다면또방문하고싶어요!ㅎㅎ,2026년 6월 4일 목요일,음식이 맛있어요_재료가 신선해요_양이 많아요_인테리어가 멋져요_
2052033549,효보26,넘분위기에취하고음식에도취하고넘훌륭한식당입니다♡,2026년 6월 4일 목요일,음식이 맛있어요_재료가 신선해요_양이 많아요_특별한 메뉴가 있어요_가성비가 좋아요_
2052033549,sj****,넘분위기에취하고음식에도취하고넘훌륭한식당입니다♡,2026년 6월 4일 목요일,음식이 맛있어요_인테리어가 멋져요_친절해요_
2052033549,양은이31,퓨전한식메뉴인데부모님도좋아하셨어요^^,2026년 6월 4일 목요일,음식이 맛있어요_재료가 신선해요_특별한 메뉴가 있어요_
2052033549,나갱25195,가족들하고전주한옥마을놀러와서밥먹으러왔는데정희한상플래터하고고사리크림수제비강된정케일쌈밥먹었어요~플래터는소고기돼지고기새우를또띠아에싸먹는데고기도부드럽고소스도여러가지여서다양하게먹어볼수있어서맛있었어요또띠아도무료료1회추가가능해서양이많았어요쌈밥도맛있었고특히수제비가국물이?진하고고소하고너무맛있게먹었습니다~,2026년 6월 4일 목요일,인테리어가 멋져요_음식이 맛있어요_재료가 신선해요_특별한 메뉴가 있어요_친절해요_
2052033549,힘내시구리,맛있게먹었습니더소고기지짐밥굿,2026년 6월 3일 수요일,특별한 메뉴가 있어요_재료가 신선해요_음식이 맛있어요_인테리어가 멋져요_매장이 넓어요_
2052033549,김예진62,한식을너무좋아해서와보고싶었는데웨이팅없이들어오게되어서너무좋았습니다.육개장칼국수국물너무맛있고소고기지짐밥도깍뚜기맛이너무좋고맛있었습니다,2026년 6월 3일 수요일,음식이 맛있어요_가성비가 좋아요_인테리어가 멋져요_매장이 넓어요_
2052033549,djp****,Amazingfood!Asapersonwhousuallybelievethatorthodoxfoodisgenuineandmoredeliciousthisplacetotallyupsidedownofmyusualopinion.Irecommendyoutocomeandtrythisplaceyouwon’tregretit.,2026년 6월 3일 수요일,음식이 맛있어요_인테리어가 멋져요_
2052033549,ghk****,한옥마을안에있습니다!맛도맛잇고모양도이쁘네요ㅎㅎ데이트할때도오기좋습니다!,2026년 6월 3일 수요일,음식이 맛있어요_인테리어가 멋져요_매장이 넓어요_
2052033549,violet66,독특한메뉴이면서맛도훌륭해서만족스러웠습니다.,2026년 6월 3일 수요일,음식이 맛있어요_특별한 메뉴가 있어요_가성비가 좋아요_뷰가 좋아요_인테리어가 멋져요_
2052033549,Im927,수제비진짜꼭꼭꼭먹어보세요정말너무맛있어서좀늦게나왔는데도화전혀안나오고오히려소스하나까지다핥아먹으려다참았습니다,2026년 6월 3일 수요일,음식이 맛있어요_특별한 메뉴가 있어요_인테리어가 멋져요_
2052033549,chrisca,퓨전한식한옥마을맛집이네요,2026년 6월 3일 수요일,음식이 맛있어요_재료가 신선해요_인테리어가 멋져요_
2052033549,문쌤80,친한지인과전주여행여행왔다가건물이너무예뻐서검색해보니맛집이더리구요!!특별한메뉴들이너무맛있어보여서다양하게시켜봤는데메뉴들이다맛있고인상적이었어요.특히새우감자전은소스와전이너무잘어울러서맛있었고매콤들기름메밀면은또생각이날정도로특별하고기억에오래남을맛이었습니다.~~^^전주가는지인들에게적극추천!!!다음에또와야겠어요.,2026년 6월 3일 수요일,인테리어가 멋져요_뷰가 좋아요_야외공간이 멋져요_음식이 맛있어요_특별한 메뉴가 있어요_
2052033549,소민2144,맛있어요♥︎잘먹었습니다,2026년 6월 3일 수요일,음식이 맛있어요_재료가 신선해요_특별한 메뉴가 있어요_인테리어가 멋져요_
2052033549,coc****,맛있어요♥︎잘먹었습니다,2026년 6월 3일 수요일,음식이 맛있어요_특별한 메뉴가 있어요_메뉴 구성이 알차요_매장이 넓어요_매장이 청결해요_
2052033549,수내동 포비,너무예뻐서급하게찍고입으로보냈습니다~내속이다고와지는기분이드네요ㅋㅋ사정상이번엔함께못했지만담번엔블루베리막걸리랑꼭한번만나고싶어다시오려고요~잘먹고갑니다!!♥,2026년 6월 3일 수요일,인테리어가 멋져요_재료가 신선해요_매장이 청결해요_
2052033549,달과소나티네,편안하고깔끔한분위기좋아요음식도퓨전이라특별하고맛있어요,2026년 6월 2일 화요일,음식이 맛있어요_재료가 신선해요_특별한 메뉴가 있어요_인테리어가 멋져요_매장이 넓어요_
2052033549,psh****,너무맛있게잘먹었습니다.대화하기넘좋아요~~,2026년 6월 2일 화요일,음식이 맛있어요_재료가 신선해요_특별한 메뉴가 있어요_술이 다양해요_차분한 분위기예요_
2052033549,vooe908721,전주에서먹었던것중에가장맛있었습니다.,2026년 6월 2일 화요일,음식이 맛있어요_재료가 신선해요_인테리어가 멋져요_
2052033549,stella96,고사리크림수제비랑새우감자전진짜맛있어요ㅋㅋ여기진짜너무너무맛있어서다음에전주여행또오려구요👍👍ㅋㅋㅋㅋㅋ,2026년 6월 2일 화요일,음식이 맛있어요_재료가 신선해요_특별한 메뉴가 있어요_건강한 맛이에요_인테리어가 멋져요_
2052033549,주식회사썬템,처음먹어보는음식이어서맛있게먹었습니다.또오려구요아직못먹은메뉴가있어서,2026년 6월 2일 화요일,음식이 맛있어요_재료가 신선해요_친절해요_
2052033549,빠뀨,인테리어도너무좋고음식맛도너무좋아요😊감성적인걸원하신다면추천합니다!!!,2026년 6월 2일 화요일,음식이 맛있어요_재료가 신선해요_인테리어가 멋져요_매장이 넓어요_뷰가 좋아요_
2052033549,Asas,음식도맛있고친절하고매장도깔끔해서기분좋게먹고갑니다!고등어밥이특히맛나네여추천합니다!,2026년 6월 2일 화요일,음식이 맛있어요_매장이 넓어요_친절해요_매장이 청결해요_
2052033549,딸기엄마1,써치로찾은멋의식당~~정갈한음식이트렌디한퓨전~~또와보고싶네요,2026년 6월 2일 화요일,인테리어가 멋져요_매장이 넓어요_뷰가 좋아요_친절해요_
2052033549,11w****,퓨전음식이라새롭고맛있어요!가족연인동료누구랑와도어울리는곳이에요!벌써3번째방문입니다ㅎㅎ추천!!👍🏻,2026년 6월 2일 화요일,음식이 맛있어요_재료가 신선해요_특별한 메뉴가 있어요_인테리어가 멋져요_매장이 청결해요_
2052033549,sungwoo8080,전주여행와서맛집검색해서찾아왔는데생각보다더좋네요!!다음에도전주오면재방문하려합니다!!^^,2026년 6월 1일 월요일,음식이 맛있어요_재료가 신선해요_인테리어가 멋져요_친절해요_매장이 청결해요_
2052033549,lee****,아이랑방문하였는데아기의자도있고아이전용메뉴도있어서너무편했습니다~음식들도다른곳에서못먹어본새로운메뉴인데다성공이에요너무맛있었습니다!특히새우감자전강추합니다,2026년 6월 1일 월요일,음식이 맛있어요_특별한 메뉴가 있어요_인테리어가 멋져요_친절해요_
2052033549,러블린39,인테리어도너무예쁘고음식도너무정갈하니맛있었습니다.다음에또오게된다면다시방문하고싶네요!!,2026년 6월 1일 월요일,음식이 맛있어요_재료가 신선해요_특별한 메뉴가 있어요_인테리어가 멋져요_뷰가 좋아요_
2052033549,sung210,퓨전한식이라특별한전주마지막밤이네요음식너무맛나요,2026년 6월 1일 월요일,음식이 맛있어요_재료가 신선해요_특별한 메뉴가 있어요_인테리어가 멋져요_매장이 넓어요_
2052033549,전국맛집러에요,가게너무깨끗하고인테리어예쁩니다!!음식도정갈하니너무맛나요❤️강추해요!!,2026년 6월 1일 월요일,음식이 맛있어요_재료가 신선해요_인테리어가 멋져요_매장이 넓어요_
2052033549,예진아씨에요,비주얼보고바로반해버린곳🤍한접시에고기새우풀드포크까지다양하게즐길수있어서먹는내내행복했어요🥹또띠아에취향대로싸먹는재미도있고꾸덕한크림파스타는치즈풍미가득해서계속손이가는맛…🍝특히노른자톡터뜨려비벼먹는순간이진짜최고였어요✨분위기까지감성적이라데이트나친구랑방문하기딱좋은곳!다음엔다른메뉴도도장깨기하러가고싶어요🤎,2026년 5월 29일 금요일,고기 질이 좋아요_가성비가 좋아요_인테리어가 멋져요_매장이 넓어요_혼밥하기 좋아요_
2052033549,nau****,친구들과함께우연하게오게된정희!퓨전한정식이조금낯설었는데.너무정갈하고정성껏나온메뉴가눈을먼저즐겁게하고맛도좋네요.금요일오후의한가함을정희에서잘보내다가네요!,2026년 5월 29일 금요일,음식이 맛있어요_인테리어가 멋져요_매장이 청결해요_
2052033549,Sweetrain61,정희가정말맛있다고강추해서와봤는데퓨전한식집답게너무깔끔하고맛있게나와요!단지많이먹는성인이먹기엔양이좀작을수있어요4명오면메뉴5개는시켜야배가좀찹니다~~,2026년 5월 29일 금요일,음식이 맛있어요_화장실이 깨끗해요_친절해요_매장이 청결해요_
19545775,일리9913,특색있는메뉴라서맛있게잘먹었습니다.다음에또오고싶어요.,2026년 6월 15일 월요일,음식이 맛있어요_재료가 신선해요_양이 많아요_매장이 넓어요_혼밥하기 좋아요_
19545775,rini5159,면종류만두다맛있고반찬류도맛있어요!웨이팅없이바로들어와서좋았습니다ㅎㅎ,2026년 6월 15일 월요일,음식이 맛있어요_매장이 넓어요_
19545775,흘러가는강물7,맛있어요메뉴도엄청나요,2026년 6월 15일 월요일,음식이 맛있어요_
19545775,ear****,꼭먹어보고싶어서현대옥먹고2차로왔는데콩국수진짜맛있어요👍👍👍이거먹으러전주여행또올거에요!!!,2026년 6월 15일 월요일,음식이 맛있어요_재료가 신선해요_양이 많아요_특별한 메뉴가 있어요_
19545775,뭐야뭐야40,40년단골입니다~^^좋~~~~습니다~^^,2026년 6월 15일 월요일,건강한 맛이에요_혼밥하기 좋아요_샐러드바가 잘 되어있어요_
19545775,1f****,기대했던맛정말맜있어요~,2026년 6월 15일 월요일,음식이 맛있어요_메뉴 구성이 알차요_건강한 맛이에요_반찬이 잘 나와요_매장이 청결해요_
19545775,우찌리77,그유명한메르밀진미집을웨이팅없이이용!!소바짱맛탱구리입니다!!,2026년 6월 15일 월요일,음식이 맛있어요_특별한 메뉴가 있어요_매장이 넓어요_매장이 청결해요_
19545775,aingkk,맛있고시원해서여름에더좋아요,2026년 6월 15일 월요일,음식이 맛있어요_매장이 넓어요_
19545775,행복한 아내33,맛있는단짠!!!꼭드시러오세요~단맛이별로이신분들은그냥콩국수드세요^^,2026년 6월 14일 일요일,음식이 맛있어요_혼밥하기 좋아요_
19545775,함초롬치과36,주문하고먼저나온만두부터먹는데쫄깃한전분피에맛있는만두네요.소바랑콩국수들기름메밀도최고네요!,2026년 6월 14일 일요일,음식이 맛있어요_
19545775,suh****,인스타에서우연히보고너무오고싶었는데전주오게되가지고바로왔어요🤤너무맛있어보여요!!주말에는웨이팅있어요!,2026년 6월 14일 일요일,음식이 맛있어요_재료가 신선해요_양이 많아요_
19545775,박예진8814,진한국물의콩국수에넘시원한냉모밀맛있게먹었어요!,2026년 6월 14일 일요일,음식이 맛있어요_가성비가 좋아요_매장이 넓어요_
19545775,혜순이1,작년에먹어보고너무맛있어서가족들이랑같이왔어요~~웨이팅이있었지만줄이금방빠져서오래기다리지않아요!!,2026년 6월 14일 일요일,음식이 맛있어요_재료가 신선해요_친절해요_매장이 청결해요_
19545775,aga****,맛있어요~~^^,2026년 6월 14일 일요일,음식이 맛있어요_재료가 신선해요_양이 많아요_가성비가 좋아요_건강한 맛이에요_
19545775,핑크노을유키,이달의신메뉴자색고구마콩국수먹었는데맛있어요!!온소바는매번먹는메뉴이고~웨이팅해서먹어도굿입니당,2026년 6월 14일 일요일,음식이 맛있어요_재료가 신선해요_특별한 메뉴가 있어요_현지 맛에 가까워요_반찬이 잘 나와요_
19545775,지야47,여행의시작은메르밀진미집이예요요즘같은날씨에딱인메뉴와웨이팅하고들어와서기대가됩니당^^!,2026년 6월 14일 일요일,재료가 신선해요_혼밥하기 좋아요_주차하기 편해요_매장이 청결해요_친절해요_
19545775,goo****,이래서메르밀징미집진미집하는구나꼭!!!!렛츠기릿,2026년 6월 14일 일요일,음식이 맛있어요_매장이 넓어요_친절해요_
19545775,msh****,냉메밀면을조금덜어두고맛보기콩물에비벼먹으면콩국수가됩니다.맛있어요!!,2026년 6월 14일 일요일,음식이 맛있어요_양이 많아요_
19545775,Woswos007,소바랑콩국수먹엇는데진짜맛잇어요콩국수는까끌거림없이정말부드러워요,2026년 6월 14일 일요일,음식이 맛있어요_재료가 신선해요_양이 많아요_특별한 메뉴가 있어요_인테리어가 멋져요_
19545775,PrimePace1,콩국수맛집인정!!!!사람많은이유가있네요😎😎😎👍🏼,2026년 6월 14일 일요일,양이 많아요_음식이 맛있어요_혼밥하기 좋아요_
19545775,11g****,자색고구마콩국수+기본콩국수먹으러왓습니다~,2026년 6월 14일 일요일,음식이 맛있어요_특별한 메뉴가 있어요_매장이 넓어요_
19545775,dbsgy22,맛있어요.비빔소바도적당히매워서추천합니당,2026년 6월 14일 일요일,음식이 맛있어요_매장이 넓어요_매장이 청결해요_
19545775,jian48,메뉴말리나오고웨이팅없고낄끔해요,2026년 6월 14일 일요일,음식이 맛있어요_재료가 신선해요_양이 많아요_특별한 메뉴가 있어요_매장이 넓어요_
19545775,단미루이,1년만에재방문했어요ㅎㅎ작년에먹고나서계속생각나던땡초메밀😋🩷맛도리...다먹고이달의메뉴자색고구마콩물국수도노려보려고했는데...보시다시피...양이미쳤거든요...ㅠㅠ여럿이서오면나눠먹으면좋을것같아요!메뉴가다양하구전부맛있거든요🫠만두는필수입니다~!!잘먹었습니당🩷,2026년 6월 14일 일요일,음식이 맛있어요_재료가 신선해요_양이 많아요_특별한 메뉴가 있어요_매장이 넓어요_
19545775,dot****,처음왔는데콩국물에소바담가먹는게독특하게재미난맛이고만두도맛나요~~자주올게요,2026년 6월 14일 일요일,인테리어가 멋져요_매장이 넓어요_매장이 청결해요_음식이 맛있어요_재료가 신선해요_
19545775,색종이4,아이메뉴로치즈돈까스괜찮습니다.나머지메뉴는당연히맛있구요,2026년 6월 14일 일요일,재료가 신선해요_음식이 맛있어요_
19545775,쿠아24,콩물도엄청진하고!맛있어서자주올것같아요,2026년 6월 14일 일요일,음식이 맛있어요_
19545775,qwea4243,너무맛있고국물이넘진하구맛있어요!!,2026년 6월 14일 일요일,음식이 맛있어요_양이 많아요_
19545775,깐쪼,더운날한옥마을구경후시원한메밀소바먹으니더위싹~~😀메밀면쫀득하고기본에충실한메밀면👍🏻👍🏻👍🏻👍🏻👍🏻키오스크각테이블마다있어주문편하고🚘매장옆전용주차장있어주차하기편함!!,2026년 6월 14일 일요일,음식이 맛있어요_양이 많아요_건강한 맛이에요_매장이 청결해요_주차하기 편해요_
19545775,ihw****,여름에쵝오맛있어요,2026년 6월 14일 일요일,음식이 맛있어요_재료가 신선해요_특별한 메뉴가 있어요_
19545775,moodl4173,아이들도만족할메뉴와시원한여름에생각나는냉소바맛있어요여행오면또방문하고싶어요~,2026년 6월 14일 일요일,음식이 맛있어요_재료가 신선해요_양이 많아요_특별한 메뉴가 있어요_
19545775,ohs****,기대를했지만서비스가안좋음우리가주문을먼저했는데우리보다늦게주문한사람들이먼저먹네요말안하고기다렸으면못억을듯꼭주문하고꼭재확인이필요함더위먹고지쳐야멉을수있는소바집,2026년 6월 14일 일요일,음식이 맛있어요_재료가 신선해요_양이 많아요_특별한 메뉴가 있어요_
19545775,lwh4350,가끔씩오는데항상맛있습니다,2026년 6월 13일 토요일,음식이 맛있어요_재료가 신선해요_양이 많아요_가성비가 좋아요_
19545775,조름,쑥떡콩국수는처음먹어보는데맛있어요~~~!땡초소바두맛있게먹었습니당,2026년 6월 13일 토요일,음식이 맛있어요_특별한 메뉴가 있어요_
19545775,뾰롱뾰롱뾰로로롱,돈까스랑비빔소바맛있어요기본소바는음잘모르겠어요제스타일이아니라서비빔소바에다추가해서맛있게먹었어요,2026년 6월 13일 토요일,음식이 맛있어요_양이 많아요_음식이 빨리 나와요_
19545775,qqkfrksvps26,최고의메밀맛집!!메르밀진미집!!언제나만족스러워요,2026년 6월 13일 토요일,음식이 맛있어요_재료가 신선해요_특별한 메뉴가 있어요_가성비가 좋아요_건강한 맛이에요_
19545775,투윤4025,음식이빠르게나오고콩물이진하고맛있어요^^!!다음에또오고싶어요,2026년 6월 13일 토요일,음식이 맛있어요_특별한 메뉴가 있어요_양이 많아요_메뉴 구성이 알차요_매장이 넓어요_
19545775,시작3,전주여행왔다가검색해서왔는데맛있네요.양도진짜많아서가성비도좋고아이가먹은치즈돈가스는제스타일이라배터질뻔했네요,2026년 6월 13일 토요일,음식이 맛있어요_양이 많아요_가성비가 좋아요_매장이 넓어요_
19545775,in****,전주진미집소바정말맛있어요.한옥마을여행후먹는소바맛최고입니당!!!역시진미집떡상드가자!!!!다음에또방문드가자!!!사람들은맛있다고했어요!!!!,2026년 6월 13일 토요일,음식이 맛있어요_
19545775,048****,가족과전주여행금강산도식후경,2026년 6월 13일 토요일,음식이 맛있어요_매장이 넓어요_매장이 청결해요_
19545775,sup****,콩국수소바너무맛있어용,2026년 6월 13일 토요일,음식이 맛있어요_재료가 신선해요_건강한 맛이에요_
19545775,으캬컁25,일년만에왔네요여전히맛있다!!!!,2026년 6월 13일 토요일,음식이 맛있어요_재료가 신선해요_양이 많아요_친절해요_매장이 청결해요_
19545775,bini8423,빠르고맛있어요추천합니다~,2026년 6월 13일 토요일,음식이 맛있어요_재료가 신선해요_
19545775,반짝반짝아이둘,전주여행첫끼로잘선택했네요~하나씩먹었는데다맛있어요~!,2026년 6월 13일 토요일,음식이 맛있어요_재료가 신선해요_건강한 맛이에요_
19545775,Yuzinnne,유명하다해서와본건데면이엄청쫄깃하고육수도진해서너무맛있어요!!특히땡초소바가매콤시원하고완전별미에요💗,2026년 6월 13일 토요일,음식이 맛있어요_재료가 신선해요_양이 많아요_
19545775,love112ki,초등학생유치원아이들도잘먹네요👍👍👍메뉴선정잘한것같아요,2026년 6월 13일 토요일,음식이 맛있어요_
19545775,nam****,양도많고시원하네요.땡초넣은소바는처음인데얼큰해서좋았습니다.전주오면또와야지!,2026년 6월 13일 토요일,음식이 맛있어요_매장이 넓어요_
19545775,이상한삶,오랫만에방문지인과함께잘먹었습니다.,2026년 6월 13일 토요일,음식이 맛있어요_재료가 신선해요_가성비가 좋아요_매장이 넓어요_
19545775,dud****,와데프콘맛집이라고왔는데진짜찐맛집이에요ㅠㅠ면도엄청쫀쫀하고육수가와...진짜너무시원하고맛있네요ㅠㅠㅠ전주오면무조건입니다!!!,2026년 6월 13일 토요일,음식이 맛있어요_양이 많아요_매장이 넓어요_
19545775,소비자위샘감시원,다양한메밀맛이랑특별한메뉴가있다해서찾아가서웨이팅까지했는데흑임자러버로써흑임자가없어서아쉽메밀양은엄청많고적당히매콤,2026년 6월 13일 토요일,음식이 맛있어요_특별한 메뉴가 있어요_건강한 맛이에요_
19545775,goa****,더운날땡초소바먹으니더위가싹가시네요~~이런날씨에딱좋습니다추운날은온소바도있어서좋아용잘먹었습니다,2026년 6월 12일 금요일,음식이 맛있어요_혼밥하기 좋아요_음식이 빨리 나와요_
19545775,ala****,유튜브보고찾아왔어요!소바제일맛있었습니다~!,2026년 6월 12일 금요일,음식이 맛있어요_매장이 넓어요_매장이 청결해요_
19545775,나9857,15개월아가와함께전주맛집방문!전주사는데도처음갔는데왜그렇게유명한지바로알겠더라구요!소바육수가👍👍👍아기의자도있어서아가랑함께해도좋았어요!,2026년 6월 12일 금요일,음식이 맛있어요_재료가 신선해요_양이 많아요_매장이 넓어요_
19545775,Vanguard뱅,빠르고주차편하고맛이좋아요리뷰이벤트도넘좋습니다~,2026년 6월 12일 금요일,양이 많아요_매장이 넓어요_친절해요_
19545775,didalwls334,전주에서진미집콩국수모르는사람은없을걸요??매년여름첫콩국수는진미집으로와야죠!!자색고구마콩국수가신메뉴로나왔는데국물에서진짜로고구마향이나네요~쫀득한찰떡고물도올라가있어서좋네요~오리지널콩국수는좀달아요.단맛은그닥즐기시지않는다면설탕안들어있는콩국수로주문하세요.언제먹어도찐한콩물이최고인진미집이라좋네요.올여름몇번이나더올까요~,2026년 6월 12일 금요일,음식이 맛있어요_재료가 신선해요_매장이 넓어요_단체모임 하기 좋아요_친절해요_
19545775,박혜원2921,콩국수를좋아하는편인데쑥떡콩국수가진짜맛있다고전주로컬지인에게소개받고왔어요.쑥떡도실하고국물까지싹싹먹었어요.너무맛있어서또생각날것같네요!,2026년 6월 12일 금요일,음식이 맛있어요_재료가 신선해요_특별한 메뉴가 있어요_
19545775,msy****,바로음식나오고좌석도넓어서빠르게먹을수있었어요~너무맛있네요!!,2026년 6월 12일 금요일,음식이 맛있어요_재료가 신선해요_
19545775,그레이41,맛있어요!!,2026년 6월 12일 금요일,음식이 맛있어요_
19545775,쑤279,땡초소바맛있어요!👍👍,2026년 6월 11일 목요일,음식이 맛있어요_재료가 신선해요_양이 많아요_가성비가 좋아요_친절해요_
19545775,김세희5333,맛있어요재방문의사있어요,2026년 6월 11일 목요일,음식이 맛있어요_
19545775,jin****,전주올때마다오는곳입니다굿굿!!현지인맛집이에용강추!!,2026년 6월 11일 목요일,음식이 맛있어요_재료가 신선해요_가성비가 좋아요_주차하기 편해요_친절해요_
19545775,최영준67,전주하면진미집이죠꼭오셔서더운날힐링하세요!,2026년 6월 11일 목요일,음식이 맛있어요_양이 많아요_인테리어가 멋져요_매장이 넓어요_
19545775,young90722,유명한곳이라서멀리서먹으러왔어요진짜맛있네요👍👍여름에맨날먹고싶어요!,2026년 6월 10일 수요일,음식이 맛있어요_매장이 넓어요_매장이 청결해요_반려동물과 가기 좋아요_음식이 빨리 나와요_
19545775,히서쓰,면이쫄깃하면서너무맛있었던메르밀진미집은기대했던것처럼찐맛집이더라고요!!들기름메밀은고소한맛이강하다면소바는시원한육수가너무맛있더라구요!!회전율이빨라서자리도금방나더라구요!직원들의친절한안내도만족스러웠던곳이에요ㅎㅎ,2026년 6월 10일 수요일,음식이 맛있어요_특별한 메뉴가 있어요_매장이 넓어요_매장이 청결해요_
19545775,jh****,처음와본곳인데맛있고전주맛집이네요~^와보고싶었는데만족입니다!!,2026년 6월 10일 수요일,음식이 맛있어요_재료가 신선해요_매장이 넓어요_주차하기 편해요_
19545775,jgd101,맛있어요.,2026년 6월 10일 수요일,양이 많아요_가성비가 좋아요_
19545775,newiksan,항상잘먹고갑니다.,2026년 6월 10일 수요일,음식이 맛있어요_
19545775,70094,면이엄청쫄깃하고메밀향이진해요!냉소바되게시원해서맛있어요쑥떡콩국수는예상할수있는맛이아닌데생각보다괜찮았어요진짜단맛쏙빠진쑥라떼마시는느낌?특이한메뉴좋아하면괜찮을거같아요ㅎㅎ,2026년 6월 10일 수요일,음식이 맛있어요_양이 많아요_특별한 메뉴가 있어요_매장이 넓어요_
19545775,qud****,여름이라너무더워서소바를시켰는데와대박입니다사람많은이유가있어요!!너무쫄깃하고맛있었어요ㅎㅎ만두도피는쫄깃한데속은부드러워서잘시켰네요ㅎㅎ배부르게잘먹고갑니다감사합니다😀,2026년 6월 10일 수요일,음식이 맛있어요_재료가 신선해요_양이 많아요_인테리어가 멋져요_매장이 넓어요_
19545775,188v214,만두가엄청쫄깃하고맛있어요~~~,2026년 6월 10일 수요일,음식이 맛있어요_재료가 신선해요_특별한 메뉴가 있어요_
19545775,살랑살랑몽구씨,돈까스와소바조합이좋아요!!!,2026년 6월 9일 화요일,음식이 맛있어요_매장이 넓어요_
19545775,honaetho,진미집역시최고입니다초등생때부터늘다녔던곳이고한결같은맛보장.먹고나서도속이편안하고넘넘맛도좋구요또그리고자주옵니다,2026년 6월 9일 화요일,음식이 맛있어요_재료가 신선해요_
19545775,흐흐하호호,고향에올때마다늘먹는맛있는소바잘먹고갑니다!!,2026년 6월 9일 화요일,음식이 맛있어요_재료가 신선해요_양이 많아요_인테리어가 멋져요_
19545775,김제니92,메르밀진미집너무맛있어요~|~다음에또올게요,2026년 6월 9일 화요일,음식이 맛있어요_특별한 메뉴가 있어요_인테리어가 멋져요_
19545775,YJ87,날씨가더웠는데시원한콩국수랑소바가너무맛있어요~~~,2026년 6월 9일 화요일,음식이 맛있어요_양이 많아요_재료가 신선해요_매장이 넓어요_
19545775,iee5196,전주살면서처음왔는데너무맛있었어요원래소바잘안시켜먹는데여기소바맛있어서또먹으러와야겠어요!,2026년 6월 9일 화요일,음식이 맛있어요_매장이 넓어요_친절해요_매장이 청결해요_음식이 빨리 나와요_
19545775,난나라규,콩국수찐하고땡초메밀소바칼칼하니맛있어요.한옥마을여행왔다먹기에좋아요.꼭드셔보세요,2026년 6월 9일 화요일,음식이 맛있어요_양이 많아요_
19545775,미소속에비친그녀,여름엔역시진미집콩국수만한게없죠!!,2026년 6월 9일 화요일,음식이 맛있어요_매장이 넓어요_주차하기 편해요_
19545775,송정현23,여자친구와왔는데맛있게먹고갑니다~!직원분들도친절하시고맛집입니다~,2026년 6월 9일 화요일,음식이 맛있어요_재료가 신선해요_양이 많아요_특별한 메뉴가 있어요_매장이 넓어요_
19545775,ㅁㅈ1,달지않고은은하게쑥향이좋아요국물먹을수록맛있네요,2026년 6월 9일 화요일,음식이 맛있어요_특별한 메뉴가 있어요_
19545775,FREEMAN85,달지않고은은하게쑥향이좋아요국물먹을수록맛있네요,2026년 6월 9일 화요일,혼밥하기 좋아요_매장이 청결해요_음식이 맛있어요_
19545775,친절한지앵이,메밀육수맛잇어용!!,2026년 6월 8일 월요일,음식이 맛있어요_매장이 넓어요_대화하기 좋아요_주차하기 편해요_
19545775,wls****,최고에요!!!!,2026년 6월 8일 월요일,음식이 맛있어요_특별한 메뉴가 있어요_매장이 넓어요_
19545775,하하마마33,유니크한맛이고소바는감칠맛이좋네요먹어본소바중제일맛있네요맛있게먹었습니다,2026년 6월 8일 월요일,특별한 메뉴가 있어요_
19545775,초록창 둥글이,만두가맛있어요메뉴가진짜다양해요,2026년 6월 8일 월요일,음식이 맛있어요_매장이 넓어요_매장이 청결해요_
19545775,파란6945,어머님모시고왔는데맛나게잘먹었어요,2026년 6월 8일 월요일,음식이 맛있어요_매장이 넓어요_친절해요_
19545775,a1****,여행왔다가들렸어요유명한만큼맛있고양도많았습니다!!,2026년 6월 8일 월요일,음식이 맛있어요_특별한 메뉴가 있어요_매장이 넓어요_매장이 청결해요_
19545775,빵8747,더운날시원하게먹기좋아요,2026년 6월 8일 월요일,음식이 맛있어요_재료가 신선해요_매장이 넓어요_혼밥하기 좋아요_
19545775,oyaa125,만두는속이꽉차고담백해서소바랑같이먹기딱좋았고소바는시원하고깔끔한국물맛이인상적이었어요.콩국수는진한콩향이살아있고고소해서여름에생각나는맛이네요.세메뉴모두부담없이즐기기좋아서다음에도또방문하고싶어요.,2026년 6월 8일 월요일,양이 많아요_음식이 맛있어요_특별한 메뉴가 있어요_건강한 맛이에요_음식이 빨리 나와요_
19545775,현이86,브레이크타임이없어좋아요.건강한맛집으로잘먹을수없는음식~맛있게먹었어요,2026년 6월 8일 월요일,음식이 맛있어요_재료가 신선해요_매장이 청결해요_
19545775,Dadaim,새로운콩국수가나왔길래먹으러왔어요!!역시오랜만에먹어도맛있네요또방문하겠습니다💓,2026년 6월 8일 월요일,음식이 맛있어요_재료가 신선해요_양이 많아요_특별한 메뉴가 있어요_
19545775,is****,면이쫀쫀하고국물이찐해서맛있어요,2026년 6월 8일 월요일,음식이 맛있어요_재료가 신선해요_양이 많아요_
19545775,모라고이노마,쏘쏘함,2026년 6월 8일 월요일,음식이 맛있어요_재료가 신선해요_양이 많아요_
19545775,vf****,맛있어요,2026년 6월 7일 일요일,음식이 맛있어요_재료가 신선해요_양이 많아요_매장이 넓어요_혼밥하기 좋아요_
19545775,종이비행기1556,너무맛맀게잘먹었습니다!!!,2026년 6월 7일 일요일,음식이 맛있어요_재료가 신선해요_특별한 메뉴가 있어요_
19545775,Captain202,부모님과함께왔는데역시맛있습니다.더운날콩국수최고예요!,2026년 6월 7일 일요일,음식이 맛있어요_재료가 신선해요_매장이 넓어요_
19545775,Longn9ng,웨이팅이있긴하지만회전율이좋아서금방들어왔어요~메밀면탱글탱글하고맛있습니다다음에또방문하고싶어요~,2026년 6월 7일 일요일,음식이 맛있어요_재료가 신선해요_양이 많아요_친절해요_매장이 넓어요_
19545775,향기롭게,메밀소바맛있어서면추가햇고콩국수는걸죽하니굿잘먹었습니다,2026년 6월 7일 일요일,음식이 맛있어요_재료가 신선해요_친절해요_
19545775,최은옥86,오랜만에와서맛있게먹고가요,2026년 6월 7일 일요일,음식이 맛있어요_인테리어가 멋져요_친절해요_
19545775,mun****,맛있게잘먹었습니다,2026년 6월 7일 일요일,음식이 맛있어요_재료가 신선해요_매장이 넓어요_
1152003157,tori1,쾌적하고커피와케이크도맛있습니다:)b,2026년 6월 15일 월요일,인테리어가 멋져요_대화하기 좋아요_커피가 맛있어요_디저트가 맛있어요_음료가 맛있어요_
1152003157,공감 능력자,커피에진심인자매둘이우연히방문한로스팅카페~!!커피너~무맛잇어요스콘도유기농밀가루라더맛잇는거같고분위기와뷰~도근사하네요~^^,2026년 6월 15일 월요일,커피가 맛있어요_디저트가 맛있어요_인테리어가 멋져요_사진이 잘 나와요_뷰가 좋아요_
1152003157,김소영3174,인테리어가멋지고커피빙수가진짜맛있어요!!,2026년 6월 15일 월요일,커피가 맛있어요_디저트가 맛있어요_인테리어가 멋져요_
1152003157,호이후이호이호,음료가다양하고맛있어요~밀크쉐이크도맛도리!케이크도다양해서디저트랑커피즐기기좋습니다!카페위치도굿ㅎㅎ,2026년 6월 14일 일요일,커피가 맛있어요_음료가 맛있어요_매장이 넓어요_매장이 청결해요_오래 머무르기 좋아요_
1152003157,min****,음료가다양하고맛있어요~밀크쉐이크도맛도리!케이크도다양해서디저트랑커피즐기기좋습니다!카페위치도굿ㅎㅎ,2026년 6월 14일 일요일,인테리어가 멋져요_
1152003157,Sso1,더위에시원한음료마시러들어왔는데생수박쥬스엄청시원하고커피도고소해요!,2026년 6월 14일 일요일,커피가 맛있어요_음료가 맛있어요_화장실이 깨끗해요_
1152003157,ㅎㅎ6576,커피맛좋아요~~아기랑같이왔는데자리도넓고좋네용🤗,2026년 6월 14일 일요일,커피가 맛있어요_대화하기 좋아요_
1152003157,msr****,부모님이전주여행중찾은카페~분위기커피맛좋아요~,2026년 6월 14일 일요일,커피가 맛있어요_음료가 맛있어요_대화하기 좋아요_매장이 청결해요_
1152003157,wjs****,2박3일가족여행마무리로방문해서아이들좋아하는옛날팥빙수남편이좋아하는수박쥬스맛있어요.여유있게편안한시간보내고아쉽게떠납니다.,2026년 6월 14일 일요일,커피가 맛있어요_음료가 맛있어요_인테리어가 멋져요_사진이 잘 나와요_아이와 가기 좋아요_
1152003157,yull29,시원하고인테리어도이쁘고맛도좋아요,2026년 6월 14일 일요일,커피가 맛있어요_디저트가 맛있어요_
1152003157,오상은69,국산팥!진짜팥!팥빙수넘마시써용,2026년 6월 14일 일요일,디저트가 맛있어요_커피가 맛있어요_특별한 메뉴가 있어요_인테리어가 멋져요_대화하기 좋아요_
1152003157,김띤또,뷰가사기적으로예쁩니다..!!아이스아메리카노도고소하고시원해요수박진짜달고맛있어요!살짝더시원하면좋을거같아요,2026년 6월 14일 일요일,커피가 맛있어요_음료가 맛있어요_인테리어가 멋져요_사진이 잘 나와요_뷰가 좋아요_
1152003157,칸타빌,너무시원하고가족과함께쉬어가기너무좋은곳이에여,2026년 6월 14일 일요일,커피가 맛있어요_디저트가 맛있어요_음료가 맛있어요_특별한 메뉴가 있어요_
1152003157,옐로썬,전주한옥마을여행왔다가더워서들렀늘데커피도맛있고매장도시원해서좋았어요,2026년 6월 14일 일요일,커피가 맛있어요_인테리어가 멋져요_친절해요_매장이 청결해요_좌석이 편해요_
1152003157,땡글이61,팥이달지않고고소해서끝까지맛있게먹었어요우유얼음도정말부드럽네요!!재료본연의맛이살아있어정말맛있어요다음에재방문할게요^^,2026년 6월 14일 일요일,대화하기 좋아요_뷰가 좋아요_매장이 넓어요_친절해요_매장이 청결해요_
1152003157,dms****,팥이달지않고고소해서끝까지맛있게먹었어요우유얼음도정말부드럽네요!!재료본연의맛이살아있어정말맛있어요다음에재방문할게요^^,2026년 6월 14일 일요일,매장이 청결해요_
1152003157,2jinmom,아침10시도되기전우연히들어갔는데매장도넓고감각적인조각상이눈길을끌더라구요.넓은창으로주변에한옥뷰도너무좋았어요.산미많지않은커피맛도괜찮고스콘도맛있었습니다!,2026년 6월 14일 일요일,커피가 맛있어요_디저트가 맛있어요_음료가 맛있어요_대화하기 좋아요_뷰가 좋아요_
1152003157,사라24,딸기빙수맛있네요,2026년 6월 13일 토요일,디저트가 맛있어요_커피가 맛있어요_음료가 맛있어요_
1152003157,scleea68,산책겸한옥마을데이트중걷다가너무더워서들어와서수박쥬스와커피한잔~시원하고맛있어용ㅎㅎㅎ,2026년 6월 13일 토요일,커피가 맛있어요_음료가 맛있어요_사진이 잘 나와요_매장이 넓어요_
1152003157,하망a88,수박쥬스에수박이꼽혀있는신박함ㅋㅋ숲속의열매라는신기한티까지맛도있고색도예쁘고시원해서쉬기도좋고한옥마을걷다다리아퍼서급들어왔는데마음에쏙드네요다음에는평일에와봐야겠어요,2026년 6월 13일 토요일,음료가 맛있어요_친절해요_매장이 청결해요_
1152003157,트윙클J,가족들과한옥마을놀러왔다가너무더워서들렀는데커피가너무맛있어서깜짝놀랐어요💛분위기도좋고친절하게응대해주셔서기분좋은시간이었습니다!,2026년 6월 13일 토요일,커피가 맛있어요_인테리어가 멋져요_뷰가 좋아요_친절해요_매장이 청결해요_
1152003157,결부지,무더위한옥마을에서가뭄에단비같은음료.여름철할머니집에서숟가락으로퍼먹던수박의맛이라아이들먹기에도제격입니다.,2026년 6월 13일 토요일,특별한 메뉴가 있어요_매장이 넓어요_
1152003157,영준7669,한옥마을디저트맛집이네요빙수와크로플너무맛있어요,2026년 6월 13일 토요일,디저트가 맛있어요_
1152003157,꼬미6291,수박주스진짜달고신선해요.땅콩라떼진짜고소하고달아요.매장이현대식건물에넓고쾌적하고시원해요.전주에오시면꼭들러보세요♡,2026년 6월 13일 토요일,커피가 맛있어요_음료가 맛있어요_인테리어가 멋져요_대화하기 좋아요_매장이 청결해요_
1152003157,유유자적,카페뷰가너무이쁘고가게도청결하고세련되어잘쉬다갑니다♡,2026년 6월 13일 토요일,인테리어가 멋져요_사진이 잘 나와요_대화하기 좋아요_매장이 청결해요_
1152003157,염색피해자,전주효자동골목에있는포스트빈은진짜커피좋아하는사람이라면꼭한번가볼만한곳이에요.문열고들어가자마자매장에서직접원두를볶는고소한향이확풍기는데인스타감성뿜뿜하는화려한카페는아니지만우드톤인테리어에초록초록한식물들이군데군데있어서엄청아늑하고차분한느낌을줍니다.시끄러운메인거리에서살짝벗어나있어서그런지혼자책읽거나노트북하기도좋고친구랑조용히수다떨기에도딱이에요.여기가시면무조건핸드드립커피나필터커피를드셔보시는걸추천하는데원두종류도다양하고바리스타분이내공있게내려주셔서커피본연의깔끔하고깊은맛을제대로느낄수있거든요.게다가까눌레나휘낭시에같은구움과자디저트도겉바속촉하니커피랑궁합이기가막힙니다.,2026년 6월 13일 토요일,커피가 맛있어요_디저트가 맛있어요_인테리어가 멋져요_사진이 잘 나와요_
1152003157,hye****,한옥뷰카페로창문이많아답답하지않고너무좋아요!2층규모의넓은카페라많이북적이지않고여유롭게쉴수있는분위기에요.,2026년 6월 13일 토요일,뷰가 좋아요_매장이 넓어요_음악이 좋아요_음료가 맛있어요_
1152003157,여지니22,아이랑데이트겸나왔다가덥다고해서보이는데로바로들어왔는데빙수진짜맛있어요!!팥이찐이에요👍🏻담엔부모님도모시고와야겠어요☺️,2026년 6월 13일 토요일,디저트가 맛있어요_사진이 잘 나와요_친절해요_
1152003157,den****,날너무더웠는데음료진짜개꿀맛,2026년 6월 12일 금요일,뷰가 좋아요_차분한 분위기예요_매장이 넓어요_커피가 맛있어요_음료가 맛있어요_
1152003157,이 준 헌,너무맛있게먹었습니다!분위기도너무좋았어요!!,2026년 6월 12일 금요일,커피가 맛있어요_디저트가 맛있어요_음료가 맛있어요_특별한 메뉴가 있어요_
1152003157,복뎅이맘,너무맛있게먹었습니다!분위기도너무좋았어요!!,2026년 6월 11일 목요일,인테리어가 멋져요_뷰가 좋아요_
1152003157,edms,날씨가넘더워서아무곳이나들어왔는데생각지도못한음료맛집발견!!아이스티엄청달지도엄청싱겁지도않아서맛나고딸기스무디도넘부드럽게넘어가서맛있어요!!,2026년 6월 11일 목요일,음료가 맛있어요_인테리어가 멋져요_사진이 잘 나와요_친절해요_좌석이 편해요_
1152003157,ao****,맛있어요~뜨거운햇빛피해서들어간카페인데우연히맛집으로♡음료맛나요~파인애플음료도아이스코코아도시원하아메는더맛납니다,2026년 6월 11일 목요일,디저트가 맛있어요_음료가 맛있어요_뷰가 좋아요_
1152003157,iaeaei,뷰가너무예쁘고커피가맛있어요한옥마을카페많은데여기추천입니다너무좋아요☺️,2026년 6월 11일 목요일,커피가 맛있어요_인테리어가 멋져요_사진이 잘 나와요_대화하기 좋아요_뷰가 좋아요_
1152003157,Helii,뷰가너무좋고직접만든수제팥이너무맛있어요!!!!직원분도친절하세요✨,2026년 6월 11일 목요일,특별한 메뉴가 있어요_인테리어가 멋져요_사진이 잘 나와요_뷰가 좋아요_친절해요_
1152003157,Portman,맛있게먹고갑니다~평일이라서한적해서좋은데주말에는북적일거같아요.빙수가양이많지않아요!,2026년 6월 11일 목요일,디저트가 맛있어요_뷰가 좋아요_매장이 청결해요_
1152003157,Ooe8,팥빙수가먹고싶어서왔어요!메뉴도다양하고카페내부가넓어서좋았어요.,2026년 6월 11일 목요일,디저트가 맛있어요_
1152003157,jj****,평일오후친구와같이좋아요~^^,2026년 6월 11일 목요일,커피가 맛있어요_
1152003157,toysori1025,커피와빙수가맛있어요,2026년 6월 11일 목요일,사진이 잘 나와요_인테리어가 멋져요_커피가 맛있어요_
1152003157,ctsw7265,커피와빙수가맛있어요,2026년 6월 11일 목요일,커피가 맛있어요_음료가 맛있어요_인테리어가 멋져요_사진이 잘 나와요_대화하기 좋아요_
1152003157,Milk피치,국내산팥으로만든팥빙수맛있어요팥이달달하구우유빙수가부드러워요😃🩷,2026년 6월 10일 수요일,디저트가 맛있어요_특별한 메뉴가 있어요_인테리어가 멋져요_친절해요_매장이 청결해요_
1152003157,봉자언니98,지나가는길에더워잠시피신:)커피가맛있어요,2026년 6월 10일 수요일,커피가 맛있어요_매장이 청결해요_
1152003157,아하하핫63,간만에찾아간한옥마을시원하고느낌있는카페친절하고맛있는커피,2026년 6월 10일 수요일,커피가 맛있어요_특별한 메뉴가 있어요_인테리어가 멋져요_대화하기 좋아요_매장이 청결해요_
1152003157,빡진35,음료맛있고좋네요,2026년 6월 10일 수요일,음료가 맛있어요_
1152003157,김지연52,커피가맛있어요,2026년 6월 9일 화요일,커피가 맛있어요_디저트가 맛있어요_음료가 맛있어요_특별한 메뉴가 있어요_
1152003157,지닝83,커피가맛있어요,2026년 6월 9일 화요일,커피가 맛있어요_디저트가 맛있어요_음료가 맛있어요_특별한 메뉴가 있어요_
1152003157,maeng1236,지나가다들렀는데인테리어가멋지고커피도맛나요,2026년 6월 9일 화요일,커피가 맛있어요_디저트가 맛있어요_음료가 맛있어요_인테리어가 멋져요_매장이 청결해요_
1152003157,이현하25,🍧과일빙수랑팥빙수둘다먹어봤는데양도푸짐하고맛도좋았어요.과일빙수는딸기키위파인애플망고가듬뿍올라가있어서상큼하고시원했고과일도신선해서만족했습니다.팥빙수는팥이정말넉넉하게올라가있고인절미떡과아몬드까지들어가서고소한맛이좋았어요.얼음도부드러워서입안에서사르르녹네요.더운날씨에가족들과맛있게잘먹고왔습니다.👍,2026년 6월 9일 화요일,사진이 잘 나와요_뷰가 좋아요_음료가 맛있어요_음식이 맛있어요_재료가 신선해요_
1152003157,li****,전주여행때마다꼭오는곳이예요음료맛있어요홍시스무디아이가좋아하는데여기는특히더맛있대요,2026년 6월 9일 화요일,커피가 맛있어요_디저트가 맛있어요_음료가 맛있어요_대화하기 좋아요_
1152003157,김경호931,땅콩크림라떼가너무맛있어요!분위기도좋고데이트장소로추천!,2026년 6월 9일 화요일,커피가 맛있어요_디저트가 맛있어요_인테리어가 멋져요_사진이 잘 나와요_매장이 청결해요_
1152003157,jji****,얼음이아닌우유를갈았더라구요^^너무맛있어요!분위기도음악도평안하게앉아서쉬면서먹기넘좋은장소네요~👍다음엔가족들과오겠어요^^,2026년 6월 9일 화요일,디저트가 맛있어요_인테리어가 멋져요_뷰가 좋아요_친절해요_매장이 청결해요_
1152003157,마린파크,유리에써있듯이특별한커피는아님충전기는저속충전,2026년 6월 9일 화요일,커피가 맛있어요_
1152003157,MimiBranko,커피가정말맛있어요!^^특별한코피메뉴가있어서좋네요.,2026년 6월 9일 화요일,커피가 맛있어요_메뉴 구성이 알차요_인테리어가 멋져요_대화하기 좋아요_매장이 청결해요_
1152003157,리리영43,커피가정말맛있어요!^^특별한코피메뉴가있어서좋네요.,2026년 6월 9일 화요일,뷰가 좋아요_
1152003157,Sunnyside,지나가다가예뻐들린곳입니다수박주스마시러꼭와야하는곳:)커피도꼬소그자체!,2026년 6월 9일 화요일,커피가 맛있어요_인테리어가 멋져요_사진이 잘 나와요_뷰가 좋아요_
1152003157,cameo4,편안한분위기에서커피랑팥빙수를먹을수있었습니다.팥빙수짱맛!구경하다가잠시쉬었다가시길추천드려요~!,2026년 6월 9일 화요일,커피가 맛있어요_디저트가 맛있어요_사진이 잘 나와요_
1152003157,세아이맘31,딸과여행중잠시쉬러들어왔는데수박쥬스와커피너무맛있네요~진짜커피한목음마시고하~감탄~전주한옥마을여행중이시면꼭들려맛난커피도드시고쉬었다가세요~^^,2026년 6월 9일 화요일,커피가 맛있어요_음료가 맛있어요_사진이 잘 나와요_매장이 넓어요_매장이 청결해요_
1152003157,dan****,딸기빙수너무예쁘고맛있어요깜짝놀랄맛이예요~~,2026년 6월 8일 월요일,디저트가 맛있어요_
1152003157,kim****,빙수우유가맛잇어여,2026년 6월 8일 월요일,디저트가 맛있어요_
1152003157,bby****,날이은근더워시원한빙수가생각나들어오게됐어요~에어컨시원하고한옥뷰를보며맛있게즐길수있는곳이에요.팥빙수와커피도맛있네요~다음에또오겠습니다~,2026년 6월 7일 일요일,커피가 맛있어요_디저트가 맛있어요_특별한 메뉴가 있어요_재료가 신선해요_매장이 넓어요_
1152003157,피주먹92,가게도넓고쾌적하니좋아요!땅콩크림라떼는묵직한맛의땅콩크림이킥이구요.수박주스는진짜찐!수박만들어간주스같애욤!!넘넘맛있어요!!!,2026년 6월 7일 일요일,음료가 맛있어요_뷰가 좋아요_인테리어가 멋져요_음악이 좋아요_매장이 넓어요_
1152003157,DK Lussty,아이스아메리카노랑팥빙수시켰오호불호크게없을맛의커피에아주극호의빙수입니다.달지않은데아주단맛의맛있는팥빙수네요.만족하고갑니다.위치도좋고매장도예쁘고좋아요!맞은편한옥집대문뷰도너무좋고뒷면돌담뷰고훌륭해요!,2026년 6월 7일 일요일,커피가 맛있어요_디저트가 맛있어요_재료가 신선해요_인테리어가 멋져요_단체모임 하기 좋아요_
1152003157,dda****,카페도넓고음료종류도많아요!!맛도맛있어요ㅎㅎ,2026년 6월 7일 일요일,대화하기 좋아요_매장이 청결해요_커피가 맛있어요_음료가 맛있어요_
1152003157,씨넬8,아이들이랑같이방문했어요!케익도맛있고음료도맛있어요~,2026년 6월 7일 일요일,디저트가 맛있어요_음료가 맛있어요_인테리어가 멋져요_친절해요_매장이 청결해요_
1152003157,뚜기67,너무더웠는데고궁수랏간에서식사후10프로쿠폰을주셔서왔어용.넘조용하고분위기있어서기분이좋아지네요.수박주스도맛있고커피도맛있어요.,2026년 6월 7일 일요일,커피가 맛있어요_특별한 메뉴가 있어요_뷰가 좋아요_매장이 청결해요_친절해요_
1152003157,맹찌,매장도깔끔하고음료도다맛있어요,2026년 6월 7일 일요일,커피가 맛있어요_디저트가 맛있어요_
1152003157,uysp68,매장이넓고빙수가너무맛있어요!:),2026년 6월 7일 일요일,커피가 맛있어요_인테리어가 멋져요_친절해요_
1152003157,Victory95,분위기..뷰...커피맛..다좋아요..^^매장도크고좋아요~❤️,2026년 6월 7일 일요일,커피가 맛있어요_음료가 맛있어요_뷰가 좋아요_인테리어가 멋져요_친절해요_
1152003157,snfl0711,음료종류다양하고매장도쾌적해서좋아요디저트종류도많아서아이들데리고오기도좋은거같아요,2026년 6월 7일 일요일,커피가 맛있어요_종류가 다양해요_매장이 넓어요_뷰가 좋아요_
1152003157,dlg****,디저트가다양하고음료가맛있어요!,2026년 6월 7일 일요일,디저트가 맛있어요_커피가 맛있어요_음료가 맛있어요_
1152003157,재돌99,인테리어도깔끔하고메뉴도다양해서아이들과같이방문하기좋았어요~무엇보다커피가맛있어요~👍🏻,2026년 6월 7일 일요일,커피가 맛있어요_디저트가 맛있어요_종류가 다양해요_뷰가 좋아요_인테리어가 멋져요_
1152003157,슈숭뚜밥,더워서가까운카페로들어왔는데에어컨빵빵하고직원분들도너무친절하셔요ㅎㅎ분위기도좋고죄석도편해서기차타기전에시간잘보내고갑니다ㅎ,2026년 6월 7일 일요일,커피가 맛있어요_음료가 맛있어요_대화하기 좋아요_인테리어가 멋져요_친절해요_
1152003157,minimim,맛잇고친절해요^^,2026년 6월 7일 일요일,커피가 맛있어요_음료가 맛있어요_대화하기 좋아요_
1152003157,스펀지11,맛잇고친절해요^^,2026년 6월 7일 일요일,커피가 맛있어요_매장이 넓어요_차분한 분위기예요_뷰가 좋아요_
1152003157,WouldUliketo,한옥뷰서정적인분위기의카페에요.넓고쾌적해서좋아요.아침산책을하다로스팅기계를보고들어왔는데커피도맛있고쉐이크와수박주스도맛있네요.역사박물관근처라함께방문하기에좋아요,2026년 6월 7일 일요일,커피가 맛있어요_음료가 맛있어요_뷰가 좋아요_차분한 분위기예요_
1152003157,kdhasy,한옥마을여름에시원하네요,2026년 6월 6일 토요일,인테리어가 멋져요_
1152003157,까칠잉70,오랜만에온전주한옥마을인데갑자기옛날팥빙수가땡겨서들어왔는데너무깨끗하고맛있어요~사람들이너무많아서늦게나오는거조금빼고좋습니당!ㅋ담에는조용히와서커피마셔야겠어요~,2026년 6월 6일 토요일,커피가 맛있어요_디저트가 맛있어요_음료가 맛있어요_인테리어가 멋져요_매장이 청결해요_
1152003157,dbw****,맛있습니당💗💗💗💗,2026년 6월 6일 토요일,커피가 맛있어요_디저트가 맛있어요_음료가 맛있어요_특별한 메뉴가 있어요_아늑해요_
1152003157,서희아빠16,분위기도좋고커피랑팥빙수도맛있어요~,2026년 6월 6일 토요일,커피가 맛있어요_인테리어가 멋져요_화장실이 깨끗해요_
1152003157,아주매미,한옥마을에빙수먹으러체인점갔다가자리가없어서여기로왔는데자리도넉넉하고뷰도너무좋아요:),2026년 6월 6일 토요일,커피가 맛있어요_음료가 맛있어요_
1152003157,psm9375,어머니고향인한옥마을을어머니와가족들과함께거닐다시원해보이는커피숍을찾아들어오니시원도하고베스트커피인카페아돌체른시켰는데넘맛있고만족합니다.와서한번드셔보세요~^^,2026년 6월 6일 토요일,커피가 맛있어요_대화하기 좋아요_매장이 청결해요_
1152003157,패쓰트레인,빙수종류도다양하고맛있습니다.여름이라수박쥬스도맛나네요.2층도있어서자리도많고좋아요^^,2026년 6월 6일 토요일,커피가 맛있어요_디저트가 맛있어요_인테리어가 멋져요_대화하기 좋아요_집중하기 좋아요_
1152003157,곰s,더운날시원하게여유를즐길수있어서좋았네요,2026년 6월 6일 토요일,인테리어가 멋져요_친절해요_매장이 청결해요_음료가 맛있어요_
1152003157,sei****,직원들이친절하고인테리어도깔끔해요~빙수ㆍ커피맛도좋아요!,2026년 6월 6일 토요일,커피가 맛있어요_인테리어가 멋져요_대화하기 좋아요_친절해요_
1152003157,ksr****,더운날씨에수박쥬스최고!분위기도좋아요,2026년 6월 6일 토요일,음료가 맛있어요_
1152003157,토토누나26,빙수달달하고맛있어요~~인테리어랑분위기도예쁘고좋아요~!!,2026년 6월 6일 토요일,커피가 맛있어요_음료가 맛있어요_
1152003157,강호823,빙수달달하고맛있어요~~인테리어랑분위기도예쁘고좋아요~!!,2026년 6월 6일 토요일,디저트가 맛있어요_인테리어가 멋져요_매장이 청결해요_
1152003157,Peter59,카체분위기도너무좋고맛도너무좋은거같아요.또방문하고싶습니다💞,2026년 6월 6일 토요일,커피가 맛있어요_음료가 맛있어요_인테리어가 멋져요_대화하기 좋아요_집중하기 좋아요_
1152003157,wjddnjs64,한옥마을지나다가들어왔는데2층뷰가좋아요!!테라스좌석에서아기랑잘쉬다갑니다.커피도맛있어요!,2026년 6월 6일 토요일,커피가 맛있어요_디저트가 맛있어요_음료가 맛있어요_인테리어가 멋져요_
1152003157,윤선경47,팥빙수팥이많이안달고너무맛있어요.,2026년 6월 6일 토요일,인테리어가 멋져요_뷰가 좋아요_매장이 청결해요_친절해요_커피가 맛있어요_
1152003157,제이9457,딸기라떼와딸기빙수여름에딱이에용~시원하구장소도넓고특히창으로보이는풍경이👍👍👍,2026년 6월 6일 토요일,사진이 잘 나와요_뷰가 좋아요_매장이 넓어요_아이와 가기 좋아요_
1152003157,krl****,음료가맛있고위치가좋아요한옥마을내부에위치해있어접근성이좋습니다!,2026년 6월 6일 토요일,커피가 맛있어요_인테리어가 멋져요_친절해요_
1152003157,이은경85,전주한옥마을나들길에잠시쉬며맛있는커피한잔하기좋네요날씨도좋고창가쪽뷰도좋고카페아돌체맛도좋네요,2026년 6월 6일 토요일,인테리어가 멋져요_친절해요_커피가 맛있어요_
1152003157,pre****,팥빙수가수제팥이라달지않고맛있어요~~~!!,2026년 6월 5일 금요일,인테리어가 멋져요_매장이 넓어요_
1152003157,이미혜734,너무예쁘고맛있어요!통창에서보는풍경도좋아요!,2026년 6월 5일 금요일,디저트가 맛있어요_
1152003157,크림빵72,수박주스와파인애플주스.분위기도좋고노래도좋고더운날시원합니다.한옥마을여행중쉬다가기좋아요,2026년 6월 5일 금요일,커피가 맛있어요_음료가 맛있어요_디저트가 맛있어요_
1152003157,설탕을만난후추,한옥마을걷다가힘들어서들어왔어요모두주스로피로회복하세요👍😂❤️,2026년 6월 5일 금요일,음료가 맛있어요_아늑해요_인테리어가 멋져요_
1152003157,kkoma0607,커피마시러들어왔는데직접팥앙금을쑨다고해서빙수를주문했어요.사이즈는생각보다작았지만우유빙수에달콤한팥앙금이맛있었어요.한옥느낌의인테리어랑잘어울리네요.,2026년 6월 5일 금요일,특별한 메뉴가 있어요_비싼 만큼 가치있어요_인테리어가 멋져요_대화하기 좋아요_매장이 넓어요_
1152003157,SU35,전주와서돌아다니다가우연히들어오게된카페너무예쁜분위기속에서힐링하다가요👍🏻👍🏻음료랑디저트도다너무맛있어요,2026년 6월 5일 금요일,커피가 맛있어요_디저트가 맛있어요_차분한 분위기예요_인테리어가 멋져요_대화하기 좋아요_
1152003157,수달4531,빙수시원하고맛있어요!!,2026년 6월 5일 금요일,디저트가 맛있어요_대화하기 좋아요_인테리어가 멋져요_매장이 청결해요_
1317484628,유의미711,전주여행중우연히만난카페!외관이너무멋져서들어와봤어요ㅎㅎ안은더고풍스럽고멋지네요~커피맛도좋구밀크티는완전취향저격!!!여행중좋은곳만나서기분좋네요,2026년 6월 15일 월요일,커피가 맛있어요_인테리어가 멋져요_사진이 잘 나와요_
1317484628,JuzerJuzer,밀크테맛집으로소문나서찾아왔는데건물도멋있고밀크티도맛있어요!!!,2026년 6월 15일 월요일,음료가 맛있어요_인테리어가 멋져요_사진이 잘 나와요_
1317484628,lea****,밀크티맛있어요:)분위기도좋고친절해서또오고싶습니다.,2026년 6월 15일 월요일,커피가 맛있어요_특별한 메뉴가 있어요_인테리어가 멋져요_친절해요_
1317484628,와꾸나,전주한옥마을여행길에들어왔는데분위기도너무좋구인테리어도좋았어요밀크티와커피도굳굳,2026년 6월 15일 월요일,인테리어가 멋져요_사진이 잘 나와요_대화하기 좋아요_차분한 분위기예요_특별한 메뉴가 있어요_
1317484628,소뉴안,밀크티진짜맛있어요,2026년 6월 14일 일요일,커피가 맛있어요_인테리어가 멋져요_
1317484628,mj****,전주한옥마을올때마다들리는까페.인테리어도멋지고특유의감각이감탄스러워요보리를못보고가서아쉽^^;;;;시그니처커피넘맛있어요,2026년 6월 14일 일요일,커피가 맛있어요_인테리어가 멋져요_사진이 잘 나와요_대화하기 좋아요_친절해요_
1317484628,hm****,특별한디저트시그니처음료가너무맛있어서좋았어요!한옥마을들러서꼭와보길추천합니다!,2026년 6월 14일 일요일,커피가 맛있어요_디저트가 맛있어요_음료가 맛있어요_특별한 메뉴가 있어요_대화하기 좋아요_
1317484628,tae****,전주여행와서아침에노래가좋아들렸습니다.분위기가좋네요,2026년 6월 14일 일요일,커피가 맛있어요_인테리어가 멋져요_사진이 잘 나와요_대화하기 좋아요_집중하기 좋아요_
1317484628,엘레ㅋ,전주에서제일맛있는카페입니다.밀크티브라우니+아이스키림그리고스크램블에그추천!카페인테리어엄청예뻐요!,2026년 6월 14일 일요일,디저트가 맛있어요_음료가 맛있어요_비싼 만큼 가치있어요_음식이 맛있어요_인테리어가 멋져요_
1317484628,원4716,가게외관부터남달랐어용분위기도좋고디저트도다양하고맛도좋아요!!전주여행와서잘있다가갑니다~!,2026년 6월 14일 일요일,커피가 맛있어요_디저트가 맛있어요_음료가 맛있어요_인테리어가 멋져요_사진이 잘 나와요_
1317484628,yuw****,밀크티너무맛있어요~같이.먹은휘낭시에도최고였습니다^^분위기도좋고~직원분들도모두친절하셔서기분좋게차마시고갑니다~^^,2026년 6월 14일 일요일,디저트가 맛있어요_음료가 맛있어요_인테리어가 멋져요_사진이 잘 나와요_친절해요_
1317484628,필쏘굿24,분위기좋고뷰도이뻐요좋아용,2026년 6월 14일 일요일,커피가 맛있어요_음료가 맛있어요_특별한 메뉴가 있어요_가성비가 좋아요_뷰가 좋아요_
1317484628,풍년뚜부75,병채사가고싶었는데병은매장용이라네요좀아쉽밀크티가유명하대서구입해봤어요,2026년 6월 14일 일요일,커피가 맛있어요_비싼 만큼 가치있어요_아늑해요_매장이 넓어요_오래 머무르기 좋아요_
1317484628,kyu****,지나가다우연히들린곳인데카페분위기도좋고커피도맛있어요.다음에방문한다면브런치도먹어보고싶네요.,2026년 6월 14일 일요일,커피가 맛있어요_인테리어가 멋져요_친절해요_
1317484628,꼬물이195,분위기깡패빈티지느낌물씬나는까페에요.브런치먹으러왔는데가격대는좀있지만가끔들르기엔손색없어요.너무가구가많아서쫌산만하긴함ㅋㅋㅋ맛있었어요전주여행오시면한옥마을근처이니꼭한번은들러봐야할곳입니다,2026년 6월 14일 일요일,특별한 메뉴가 있어요_건강한 맛이에요_인테리어가 멋져요_컨셉이 독특해요_매장이 청결해요_
1317484628,하리2965,아침식사후일찍오픈하는카페찾아왓어요메누도맛잇고좋아요,2026년 6월 14일 일요일,커피가 맛있어요_사진이 잘 나와요_대화하기 좋아요_집중하기 좋아요_
1317484628,양혜령9,분위기좋고예쁜카페입니다.가족과함께여행중방문했습니다.밀크티라떼맛있어요.,2026년 6월 14일 일요일,커피가 맛있어요_인테리어가 멋져요_친절해요_매장이 청결해요_
1317484628,bor****,분위기좋고예쁜카페입니다.가족과함께여행중방문했습니다.밀크티라떼맛있어요.,2026년 6월 14일 일요일,커피가 맛있어요_음료가 맛있어요_인테리어가 멋져요_친절해요_
1317484628,달상큼이42,비와서급하게들어왔는데너무너무예뻐요!아이랑열심히사진찍었어요!,2026년 6월 14일 일요일,인테리어가 멋져요_사진이 잘 나와요_매장이 청결해요_
1317484628,아미9897,한옥마을안에있는제일예쁜건물카페에용전주여행을더즐겁게해주는곳입니다🫶,2026년 6월 14일 일요일,커피가 맛있어요_디저트가 맛있어요_음료가 맛있어요_인테리어가 멋져요_사진이 잘 나와요_
1317484628,kmkyoung75,옛날빙수가너무맛있어요~전주여행와서빈티지카페에서옛날빙수먹을수있어서너무좋았어요~👍,2026년 6월 13일 토요일,디저트가 맛있어요_음료가 맛있어요_인테리어가 멋져요_
1317484628,han****,아이들과함께왔는데정신차려보니이미다먹어버렸네요.떡갈비로제수제비꼭드셔요!!,2026년 6월 13일 토요일,디저트가 맛있어요_특별한 메뉴가 있어요_사진이 잘 나와요_인테리어가 멋져요_대화하기 좋아요_
1317484628,굴러기,아이들사진을찍고항상들르는곳입니다.맛있는떡갈비로제수제비는둘이먹다가하나가죽어도모를맛입니다.강추합니다.,2026년 6월 13일 토요일,특별한 메뉴가 있어요_디저트가 맛있어요_인테리어가 멋져요_집중하기 좋아요_사진이 잘 나와요_
1317484628,sj****,아이들사진을찍고항상들르는곳입니다.맛있는떡갈비로제수제비는둘이먹다가하나가죽어도모를맛입니다.강추합니다.,2026년 6월 13일 토요일,커피가 맛있어요_음료가 맛있어요_인테리어가 멋져요_사진이 잘 나와요_매장이 청결해요_
1317484628,Guana8,아주감성적인전주한옥마을카페고풍적임인테리어가마음에듭니다,2026년 6월 13일 토요일,커피가 맛있어요_특별한 메뉴가 있어요_
1317484628,또리야루,밀크티가맛있다고해서밀크티먹엇는데정말맛있어요남자친구가정말좋아해요,2026년 6월 13일 토요일,음료가 맛있어요_인테리어가 멋져요_사진이 잘 나와요_뷰가 좋아요_친절해요_
1317484628,수호천사8069,엔틱한가구와옛날감성이물씬나는카페와음악이조화롭게흘러나오네요.2층도올라가면더욱인테리어가좋아요~,2026년 6월 13일 토요일,커피가 맛있어요_특별한 메뉴가 있어요_아늑해요_인테리어가 멋져요_친절해요_
1317484628,이지해삐,전주여행왔는데~!분위기너무예쁜카페발견했어요!!엔틱하고너무예쁘네용💝,2026년 6월 13일 토요일,커피가 맛있어요_디저트가 맛있어요_음료가 맛있어요_인테리어가 멋져요_사진이 잘 나와요_
1317484628,웃지용30,냐미~맛있고분위기도굳굳이네영,2026년 6월 13일 토요일,인테리어가 멋져요_대화하기 좋아요_디저트가 맛있어요_음료가 맛있어요_특별한 메뉴가 있어요_
1317484628,이맹구62,분위기좋아서친구랑즐거운시간이었습니다,2026년 6월 13일 토요일,디저트가 맛있어요_음료가 맛있어요_
1317484628,twee84,분위기좋아서친구랑즐거운시간이었습니다,2026년 6월 13일 토요일,인테리어가 멋져요_사진이 잘 나와요_커피가 맛있어요_음료가 맛있어요_특별한 메뉴가 있어요_
1317484628,문스터,커피랑휘낭시에가너무맛있어요☺️💗,2026년 6월 13일 토요일,커피가 맛있어요_대화하기 좋아요_매장이 청결해요_
1317484628,lio****,인테리어도멋지고처음방문인데좋네요!!커피도맛있어요,2026년 6월 13일 토요일,인테리어가 멋져요_
1317484628,경1744,인테리어예쁘고빙수너무많이안달고너무맛있음😭,2026년 6월 13일 토요일,디저트가 맛있어요_인테리어가 멋져요_사진이 잘 나와요_
1317484628,홈런30,친절하고맛있어요,2026년 6월 12일 금요일,커피가 맛있어요_음료가 맛있어요_
1317484628,찐찐217,친절하고맛있어요,2026년 6월 12일 금요일,인테리어가 멋져요_
1317484628,기쁨맨,친절하고맛있어요,2026년 6월 12일 금요일,커피가 맛있어요_인테리어가 멋져요_사진이 잘 나와요_대화하기 좋아요_친절해요_
1317484628,옴욤욤36,지나가다우연히들린카페인데너무마음에들어요건물도멋스럽고안에들어오니분위기도좋아요!!커피랑브라우니도맛있어요!다음엔프토먹구싶어용,2026년 6월 12일 금요일,인테리어가 멋져요_친절해요_매장이 청결해요_커피가 맛있어요_디저트가 맛있어요_
1317484628,ljs****,인테리어가멋지고커피가맛있어요^^,2026년 6월 12일 금요일,커피가 맛있어요_인테리어가 멋져요_매장이 청결해요_
1317484628,zcx****,너무예쁘고분위기가좋습니다,2026년 6월 12일 금요일,커피가 맛있어요_인테리어가 멋져요_사진이 잘 나와요_
1317484628,doob6354,분위기좋은전주카페👍👍👍,2026년 6월 12일 금요일,커피가 맛있어요_디저트가 맛있어요_음료가 맛있어요_인테리어가 멋져요_사진이 잘 나와요_
1317484628,정상용,맛나요가족여행와서숙소근쳐이쁜카페있어들어오니커피도맛나고분위기도좋네요,2026년 6월 12일 금요일,커피가 맛있어요_디저트가 맛있어요_음료가 맛있어요_
1317484628,joy****,분위기가완전취향저격이었어요!밀크티도진하고맛있었어요ㅎㅎ,2026년 6월 12일 금요일,음료가 맛있어요_인테리어가 멋져요_사진이 잘 나와요_
1317484628,예콩쮸,밀크티원탑마싯어염ㅎㅎ,2026년 6월 12일 금요일,커피가 맛있어요_음료가 맛있어요_매장이 청결해요_
1317484628,귤띠니,한옥마을근처카페를찾아보다가우연히왔는데요!밀크티고적당히달달하니맛있고케이크도부드러워요!넓고분위기도좋아서자주올것같아요!,2026년 6월 12일 금요일,음료가 맛있어요_커피가 맛있어요_디저트가 맛있어요_
1317484628,pp18,왔다감,2026년 6월 12일 금요일,커피가 맛있어요_
1317484628,zm****,전주처음와서첫카페에요시그니처메뉴크림라떼크림쫀쫀하고맛있어요휘낭시에도진짜맛있습니다카페분위기도좋고시원하게잘쉬다갑니다~,2026년 6월 12일 금요일,커피가 맛있어요_디저트가 맛있어요_
1317484628,이 준 헌,휘낭시에가진짜맛있어요ㅠㅠ,2026년 6월 12일 금요일,커피가 맛있어요_디저트가 맛있어요_음료가 맛있어요_
1317484628,gkfnsl777,분위기도좋고매장이넓어서좋아여ㅎ^^,2026년 6월 12일 금요일,커피가 맛있어요_디저트가 맛있어요_음료가 맛있어요_특별한 메뉴가 있어요_가성비가 좋아요_
1317484628,엉뿔,오랜만에방문한한옥마을에서너무맛있는팥빙수!!너무맛있었어요.또방문할께요~~~,2026년 6월 12일 금요일,디저트가 맛있어요_인테리어가 멋져요_사진이 잘 나와요_대화하기 좋아요_집중하기 좋아요_
1317484628,김태연826,건물도이쁘고한옥마을이랑가까워서위치도좋아요ㅎㅎ커피도맛있습니당ㅎㅎ,2026년 6월 12일 금요일,커피가 맛있어요_음료가 맛있어요_특별한 메뉴가 있어요_인테리어가 멋져요_사진이 잘 나와요_
1317484628,Hunjiji,어머니랑여행왔어요~너무예쁜카페네요부모님과오시능거강추합니당💕💕💕,2026년 6월 12일 금요일,커피가 맛있어요_인테리어가 멋져요_사진이 잘 나와요_대화하기 좋아요_매장이 청결해요_
1317484628,ch2582,전주에놀러왔다들어온카페인데분위기너무이쁘고커피가맛있어요👍,2026년 6월 12일 금요일,커피가 맛있어요_사진이 잘 나와요_인테리어가 멋져요_
1317484628,망아지36,프렌치토스트너무맛있고커피도맛있었어요!매장분위기가아늑하고평온한데다평일이라조용하게시간보내기좋았습니다.인테리어때문에어디를찍어도예뻐요.잘쉬다가갑니다🙂,2026년 6월 11일 목요일,인테리어가 멋져요_사진이 잘 나와요_컨셉이 독특해요_친절해요_디저트가 맛있어요_
1317484628,dea****,분위기맛.모두조아요,2026년 6월 11일 목요일,인테리어가 멋져요_
1317484628,소자매맘41,분위기맛.모두조아요,2026년 6월 11일 목요일,커피가 맛있어요_음료가 맛있어요_인테리어가 멋져요_대화하기 좋아요_친절해요_
1317484628,마고미야,동료들이랑출장겸왔는데분위기도좋고디저트도너무맛있어용😁밀크티너무맛있어요!왕왕추천합니다~,2026년 6월 11일 목요일,커피가 맛있어요_디저트가 맛있어요_인테리어가 멋져요_대화하기 좋아요_
1317484628,yyu****,동료들이랑출장겸왔는데분위기도좋고디저트도너무맛있어용😁밀크티너무맛있어요!왕왕추천합니다~,2026년 6월 11일 목요일,디저트가 맛있어요_사진이 잘 나와요_매장이 청결해요_좌석이 편해요_
1317484628,ililililililil62,밀크티가맛있어요샷추가해도맛있네뇨~!,2026년 6월 11일 목요일,음료가 맛있어요_
1317484628,hye****,밀크티너무맛있어요!전주오면들러야할맛집!,2026년 6월 11일 목요일,커피가 맛있어요_
1317484628,free9305,분위기너무좋고친절해요꼭전주오면들려주세요,2026년 6월 10일 수요일,커피가 맛있어요_
1317484628,cwc57,분위기너무좋고친절해요꼭전주오면들려주세요,2026년 6월 10일 수요일,커피가 맛있어요_특별한 메뉴가 있어요_메뉴 구성이 알차요_인테리어가 멋져요_사진이 잘 나와요_
1317484628,봉s52,시그니처크림라떼달콤함이커피를다마실때까지이어지며맛있어요.크림과커피비율이완벽!평일낮시간2층한가했어요.,2026년 6월 10일 수요일,커피가 맛있어요_특별한 메뉴가 있어요_인테리어가 멋져요_대화하기 좋아요_
1317484628,입맛다지는사람,직원들너뮤친절하시고입장하자마자느껴지는향과분위기너무좋아요!!!,2026년 6월 10일 수요일,커피가 맛있어요_디저트가 맛있어요_음료가 맛있어요_특별한 메뉴가 있어요_인테리어가 멋져요_
1317484628,카페리뷰하죠,직원분들너무친절하시고맛있었어요분위기가너무좋네요..!!,2026년 6월 10일 수요일,커피가 맛있어요_디저트가 맛있어요_음료가 맛있어요_특별한 메뉴가 있어요_
1317484628,쑤2856,1938크림라떼완전추천해요!!정말맛있어요!!소금라떼도정말맛있고에그타르트도방금나온건지폭신폭신하고맛있었어요맛집하나추가하고갑니다🩷,2026년 6월 10일 수요일,커피가 맛있어요_디저트가 맛있어요_인테리어가 멋져요_대화하기 좋아요_아늑해요_
1317484628,팅이9753,분위기좋고사진찍기좋고음료도다양하고맛있어요!여행왔을때필수코스!,2026년 6월 10일 수요일,인테리어가 멋져요_사진이 잘 나와요_대화하기 좋아요_커피가 맛있어요_디저트가 맛있어요_
1317484628,s9827s,분위기도좋고맛있게잘먹었습니다〰️,2026년 6월 10일 수요일,인테리어가 멋져요_대화하기 좋아요_매장이 넓어요_친절해요_매장이 청결해요_
1317484628,이햄돌,주변에서밥먹고자주오는카페입니다!인테리어가예쁘고잔잔한노래덕분에대화나누기좋아요~늘커피마시다가밀크티주문해봤는데밀크티도맛있습니다ㅎㅎ특히밤에분위기가좋아서추천합니다!!,2026년 6월 10일 수요일,커피가 맛있어요_인테리어가 멋져요_대화하기 좋아요_음악이 좋아요_친절해요_
1317484628,유미유미21,팥도많고너무달지도않고양도은근많아서너무좋았어요.가게도너무이쁩니다,2026년 6월 10일 수요일,커피가 맛있어요_
1317484628,kk****,팥도많고너무달지도않고양도은근많아서너무좋았어요.가게도너무이쁩니다,2026년 6월 10일 수요일,커피가 맛있어요_인테리어가 멋져요_친절해요_
1317484628,먀아아아아오옹,반려동물동반가능한식당카페들중안내와달리막상가면kg제한이나다른제약이있어서그냥돌아갈때가많았는데안내가정확하게되어있어서너무좋았습니다!1층온실테라스이용가능하다고써져있어서더우면어쩌나했는데너무시원하고밀크티도너무맛있어요!사장님이랑직원분들도모두너무친절하게응대해주셔서기분이좋았습니다🥰,2026년 6월 10일 수요일,인테리어가 멋져요_사진이 잘 나와요_음료가 맛있어요_디저트가 맛있어요_특별한 메뉴가 있어요_
1317484628,lhe****,카페분위기자체가빈티지하고인테리어가예쁘게잘되어있어서사진찍기좋습니다완전추천이에용,2026년 6월 10일 수요일,음료가 맛있어요_인테리어가 멋져요_사진이 잘 나와요_대화하기 좋아요_친절해요_
1317484628,172****,너무아기자기해서들어와봤는데너무감각적으로잘꾸며져있어서한참구경했어요ㅎㅎ사진도이쁘게나오고음료도너무맛있었습니다직원분도너무친절해서기분좋게있었습니다다음에근처오면꼭또들릴려고요🫶🏻🫶🏻,2026년 6월 10일 수요일,커피가 맛있어요_음료가 맛있어요_인테리어가 멋져요_대화하기 좋아요_사진이 잘 나와요_
1317484628,lyrical58,밀크티랑카페라떼너무맛있어요😆,2026년 6월 9일 화요일,커피가 맛있어요_음료가 맛있어요_아늑해요_대화하기 좋아요_친절해요_
1317484628,대왕개복치,말돈소금라떼진짜귀엽고달고맛있어요강추합니다꼭드세요카페분위기도좋아요!,2026년 6월 9일 화요일,특별한 메뉴가 있어요_커피가 맛있어요_인테리어가 멋져요_컨셉이 독특해요_친절해요_
1317484628,맛두리,안에인테리어아늑하고포근하고...아기자기하고..여자라면좋아할수밖에없는장소라고생각함아메리카노는산미있는편!,2026년 6월 9일 화요일,커피가 맛있어요_인테리어가 멋져요_사진이 잘 나와요_대화하기 좋아요_아늑해요_
1317484628,duck7510,너무이쁜곳이라사진찍다가왔어요~꼭한번오세요^^♧♧♧,2026년 6월 9일 화요일,인테리어가 멋져요_사진이 잘 나와요_친절해요_매장이 청결해요_음료가 맛있어요_
1317484628,SOROtravel,아침으로뭘먹을까하다가1938에서브런치를먹기로결정했어요!속이편한스크램블에그좋아하는뱅쇼에이드를주문했습니다.생각보다양이많아서꽤배부릅니다.카운터로가자마자친절하게맞아주셔서아주기분이좋았고가격이있는만큼정성들인음식이라는걸알수있습니다.그린빈베이컨짭짤한소시지와담백한빵당근라페와구운옥수수를곁들인부드러운스크램블에그가아주잘어울립니다.뱅쇼에이드는수제의맛이났습니다.2층은조금더웠지만창문이열려있고바람도불어서나쁘지않았어요.인테리어는고풍스럽고엔틱하면서도귀여운소품들이있어보는즐거움이있습니다.전주에올때가끔들르는곳인데이번에도만족해서아주좋네요.,2026년 6월 9일 화요일,특별한 메뉴가 있어요_비싼 만큼 가치있어요_뷰가 좋아요_혼밥하기 좋아요_친절해요_
1317484628,임주비,테이크아웃해가는게아쉬울정도로매장도너무잘되어있고밀크티너무맛있어요!,2026년 6월 9일 화요일,음료가 맛있어요_인테리어가 멋져요_사진이 잘 나와요_대화하기 좋아요_친절해요_
1317484628,나비1013,전주여행마지막날올라가기전에방문했어요!!!옛날에멘션으로사용했던곳이라고했는데안에인테리어너무예뻐서사진찍기너무좋아요!!2층에도자리많고1층도엔틱한분위기에데이트하기좋습니다!애견동반가능한카페로강아지데리고와서시간보내도좋을것같아요~!디저트는프렌치토스트시켰는데오늘먹은음식중에가장맛있었어요ㅜㅠㅜ강추!!!!,2026년 6월 8일 월요일,디저트가 맛있어요_인테리어가 멋져요_사진이 잘 나와요_반려동물과 가기 좋아요_친절해요_
1317484628,iknow2358,건물도너무멋진곳이고인테리어도너무예쁩니다.간단히식사할수있는메뉴가있어서좋습니다.,2026년 6월 8일 월요일,특별한 메뉴가 있어요_인테리어가 멋져요_사진이 잘 나와요_음악이 좋아요_친절해요_
1317484628,yshin43,커피가맛있고인테리어가아주예쁜카페입니다!한옥마을근처카페라서위치도좋고전주여행오면들리기좋은곳입니다!,2026년 6월 8일 월요일,커피가 맛있어요_디저트가 맛있어요_아늑해요_매장이 넓어요_인테리어가 멋져요_
1317484628,졸려어41,인테리어너무예쁘고커피가맛있어요!!!진짜시그니처크림라떼고소하고프렌치토스트는부드럽고!!!카페잘골랐네용,2026년 6월 8일 월요일,커피가 맛있어요_디저트가 맛있어요_인테리어가 멋져요_사진이 잘 나와요_친절해요_
1317484628,iamkwon,지나가다너무예뻐서들어왔어요.매장분위기도너무따뜻하고디저트류도많아서선택의폭이넓더라구요.아이는밀크티마시면서연신맛있다하구요~저는시크니쳐라떼먹는데너무부드럽고맛있네요.마지막전주의마무리커피로딱입니다^^,2026년 6월 8일 월요일,커피가 맛있어요_디저트가 맛있어요_사진이 잘 나와요_인테리어가 멋져요_친절해요_
1317484628,윤수달10,맛잇어요~~,2026년 6월 8일 월요일,커피가 맛있어요_디저트가 맛있어요_음료가 맛있어요_
1317484628,yun****,사람들많은곳으로갔는데분위기도좋고밀크티도맛있어요,2026년 6월 8일 월요일,커피가 맛있어요_디저트가 맛있어요_음료가 맛있어요_특별한 메뉴가 있어요_인테리어가 멋져요_
1317484628,애기나무,소문듣고왔어요.역시맛있네오.분위기도너무좋아요!고풍스러움이한옥마을하곤다른분위기인데노래도인테리어도다마음에들어요!씨유어겐🫡,2026년 6월 8일 월요일,커피가 맛있어요_음료가 맛있어요_인테리어가 멋져요_사진이 잘 나와요_친절해요_
1317484628,냠냠181818,카페외관부터내부까지너무예쁘고1층2층다사진찍을곳도많고자리도넓어요!!,2026년 6월 8일 월요일,커피가 맛있어요_디저트가 맛있어요_음료가 맛있어요_
1317484628,남하연92,음료랑디저트맛있고분위기도좋아용,2026년 6월 8일 월요일,디저트가 맛있어요_음료가 맛있어요_
1317484628,산책가는 길,직원이친절하고맛있고사진도잘나와요~,2026년 6월 8일 월요일,커피가 맛있어요_디저트가 맛있어요_특별한 메뉴가 있어요_가성비가 좋아요_사진이 잘 나와요_
1317484628,새로운출발29,한번꼬옥와보고싶었던카페인데오길잘했어요밀크티도맛있고아기자기한소품도너무이뻐요~~♡,2026년 6월 8일 월요일,인테리어가 멋져요_대화하기 좋아요_특별한 메뉴가 있어요_친절해요_매장이 청결해요_
1317484628,몬나니46,밀크티맛집입니다.너무맛있어서다시구입해서선물하려구요,2026년 6월 7일 일요일,친절해요_특별한 메뉴가 있어요_
1317484628,지니블리15,밀크티맛집입니다.너무맛있어서다시구입해서선물하려구요,2026년 6월 7일 일요일,음료가 맛있어요_인테리어가 멋져요_사진이 잘 나와요_대화하기 좋아요_친절해요_
1317484628,Wldm,분위기가너무좋은카페에요~카페가커서편하게이용해ㅆ어요!,2026년 6월 7일 일요일,커피가 맛있어요_디저트가 맛있어요_인테리어가 멋져요_사진이 잘 나와요_
1317484628,저거나이거나,커피가맛있어요.분위기가너무좋아요,2026년 6월 7일 일요일,커피가 맛있어요_음료가 맛있어요_인테리어가 멋져요_차분한 분위기예요_매장이 청결해요_
1317484628,ryoulcha020347,전주한옥마을카페1938!!전주최초에지어진맨션을예쁜인테리어카페로~~~실내가너무이쁘고특별한브런치밀크티가있어서너무좋아요.전주한옥마을여행가시면꼭가보세요~~~,2026년 6월 7일 일요일,인테리어가 멋져요_사진이 잘 나와요_디저트가 맛있어요_특별한 메뉴가 있어요_커피가 맛있어요_
1317484628,초코하임22,최고에용밀크티맛집,2026년 6월 7일 일요일,커피가 맛있어요_음료가 맛있어요_사진이 잘 나와요_대화하기 좋아요_인테리어가 멋져요_
1317484628,Mayday4855,적당한복잡거림과음료선택을다양하게할수있어서좋아요한옥거리에서는여기카페가제일이쁜것같아요,2026년 6월 7일 일요일,커피가 맛있어요_음료가 맛있어요_특별한 메뉴가 있어요_
1317484628,ly****,인테리어도멋있고다맛있어요,2026년 6월 7일 일요일,커피가 맛있어요_디저트가 맛있어요_음료가 맛있어요_인테리어가 멋져요_친절해요_
1111317495,민지39,데이트로왔는데분위기좋고가게가너무예뻐요~~다음번에도방문하겠습니다!,2026년 6월 15일 월요일,디저트가 맛있어요_커피가 맛있어요_사진이 잘 나와요_인테리어가 멋져요_
1111317495,배가마이불러32,전주에서제일좋아요,2026년 6월 15일 월요일,디저트가 맛있어요_특별한 메뉴가 있어요_인테리어가 멋져요_사진이 잘 나와요_
1111317495,skrud9292650,자주옵니다.마당이있어아이들과오기좋아요,2026년 6월 14일 일요일,커피가 맛있어요_디저트가 맛있어요_인테리어가 멋져요_매장이 청결해요_
1111317495,헤롱임,친구랑전주한옥마을놀러왔다가들렀어요~~너무시원하고음료도맛있게잘먹었어요!잘먹고쉬다가요~~,2026년 6월 14일 일요일,음료가 맛있어요_
1111317495,nug****,딸기크로플아이스아메리카노시켰는데맛있어요.또오고싶어요,2026년 6월 14일 일요일,커피가 맛있어요_디저트가 맛있어요_음료가 맛있어요_인테리어가 멋져요_사진이 잘 나와요_
1111317495,san****,자리도넓고한복대여점에서준쿠폰으로할인도받아서좋아요,2026년 6월 14일 일요일,커피가 맛있어요_인테리어가 멋져요_친절해요_매장이 청결해요_
1111317495,dns****,포토스팟이여러군데있고또자리도좌식이있어서아기랑가기너무좋아요!내부공간이나눠져있고생각보다넓어서사람이많았는데도자리가많았어요단체로앉을자리도많아서가족여행와서도여유롭게앉을수있을거같아요케이크랑커피도맛있습니당,2026년 6월 14일 일요일,뷰가 좋아요_야외공간이 멋져요_아이와 가기 좋아요_디저트가 맛있어요_
1111317495,남딧,망고빙수에서홍시맛나요ㅜ,2026년 6월 14일 일요일,인테리어가 멋져요_
1111317495,judge0328,망고빙수에서홍시맛나요ㅜ,2026년 6월 14일 일요일,인테리어가 멋져요_사진이 잘 나와요_뷰가 좋아요_
1111317495,mat****,아이랑같이여행왔는데전통스러운분위기도좋고디저트도다양해서좋네요^^,2026년 6월 14일 일요일,디저트가 맛있어요_인테리어가 멋져요_사진이 잘 나와요_친절해요_좌석이 편해요_
1111317495,pams,전주한옥마을에있는아르리카페방문~~친구들과점심먹고아르리한옥카페에방문했는데디저트특이하고커피도맛있어요~강추입니다.~^^,2026년 6월 14일 일요일,디저트가 맛있어요_특별한 메뉴가 있어요_대화하기 좋아요_매장이 청결해요_친절해요_
1111317495,wng****,사진찍기좋고한옥마을특유의분위기가멋진곳이네요빙수도맛있고커피도산미없이고소해서맛있어요,2026년 6월 14일 일요일,디저트가 맛있어요_커피가 맛있어요_인테리어가 멋져요_사진이 잘 나와요_친절해요_
1111317495,cd****,너무갬성적이고맛도좋고시원하다,2026년 6월 14일 일요일,커피가 맛있어요_디저트가 맛있어요_음료가 맛있어요_
1111317495,손님은 월급주시는 분,블루베리빙수맛있어요~~~~강추입니다,2026년 6월 14일 일요일,친절해요_인테리어가 멋져요_커피가 맛있어요_디저트가 맛있어요_음료가 맛있어요_
1111317495,갬성나그네,전주한옥마을여행왔다가들렀는데망고빙수너무맛있어요.또들를께요^^,2026년 6월 14일 일요일,디저트가 맛있어요_인테리어가 멋져요_매장이 넓어요_
1111317495,줌줌줌48,인테리어가너무멋있고시원하고잘쉬다갑니다,2026년 6월 14일 일요일,커피가 맛있어요_디저트가 맛있어요_사진이 잘 나와요_대화하기 좋아요_집중하기 좋아요_
1111317495,zhe****,매우맛있게생겼고쾌적합니다!자주방문하고싶네요,2026년 6월 14일 일요일,매장이 청결해요_좌석이 편해요_룸이 잘 되어있어요_아늑해요_야외공간이 멋져요_
1111317495,연두1220,친구들끼리한옥마을왔다가왔는데분위기도좋고커피도맛있어요^^,2026년 6월 14일 일요일,커피가 맛있어요_디저트가 맛있어요_인테리어가 멋져요_뷰가 좋아요_
1111317495,yid****,가족끼리와서편히쉴수있어좋아요,2026년 6월 14일 일요일,특별한 메뉴가 있어요_대화하기 좋아요_화장실이 깨끗해요_좌석이 편해요_
1111317495,컨트롤러1,한옥마을에서팥빙수맛있게먹고갑니다!분위기너무좋고맛있어요,2026년 6월 14일 일요일,디저트가 맛있어요_특별한 메뉴가 있어요_가성비가 좋아요_인테리어가 멋져요_사진이 잘 나와요_
1111317495,깔깔맘78,우연히들어간한옥카페넘멋집니다전통음료대추쌍화도있어요,2026년 6월 14일 일요일,커피가 맛있어요_디저트가 맛있어요_음료가 맛있어요_특별한 메뉴가 있어요_인테리어가 멋져요_
1111317495,min****,우연히들른여행길에만난또다른전주여행의풍경이네요카페안으로들어서면아름다운풍경과맛있는디저트들이있어요!!다음에또번주오면재방문의사있습니다.,2026년 6월 14일 일요일,커피가 맛있어요_디저트가 맛있어요_음료가 맛있어요_특별한 메뉴가 있어요_
1111317495,찐빵89,잘먹고가요커피도먓있고분위기가너무좋아요~^^,2026년 6월 13일 토요일,커피가 맛있어요_디저트가 맛있어요_음료가 맛있어요_특별한 메뉴가 있어요_인테리어가 멋져요_
1111317495,Juun0328,매장분위기가이쁘고넓어요친절하세요,2026년 6월 13일 토요일,인테리어가 멋져요_사진이 잘 나와요_디저트가 맛있어요_음료가 맛있어요_커피가 맛있어요_
1111317495,bae****,빙수가신선하고너무맛있어요..,2026년 6월 13일 토요일,디저트가 맛있어요_음료가 맛있어요_특별한 메뉴가 있어요_사진이 잘 나와요_인테리어가 멋져요_
1111317495,coolme00,한복체험에서추처해준한복카페인데방마다깔끔하게시원한방에서시원한팥빙수먹으니땀이쏙들어가네요잘쉬다가요~,2026년 6월 13일 토요일,커피가 맛있어요_인테리어가 멋져요_친절해요_
1111317495,18194,직원분들도친절하시고분위기도좋아요☺️💕,2026년 6월 13일 토요일,커피가 맛있어요_디저트가 맛있어요_
1111317495,deux8585,이쁘고독방좋아요,2026년 6월 13일 토요일,커피가 맛있어요_
1111317495,지상최강80,첫방문인데인테리어예쁘고분위기가너무좋아요^^,2026년 6월 13일 토요일,인테리어가 멋져요_디저트가 맛있어요_
1111317495,hayun95,아늑하고분위기너무좋아요!빙수도맛있어요ㅎㅎ,2026년 6월 13일 토요일,인테리어가 멋져요_디저트가 맛있어요_
1111317495,히야히얏,좌식테이블너무편하고인테리어도너무멋져요👍🏻,2026년 6월 13일 토요일,컨셉이 독특해요_매장이 넓어요_야외공간이 멋져요_
1111317495,gus****,사람이정말많은데디저트가맛있고공간이넓어요~!!,2026년 6월 13일 토요일,디저트가 맛있어요_특별한 메뉴가 있어요_뷰가 좋아요_매장이 넓어요_
1111317495,양현지4477,맛있아용!!,2026년 6월 13일 토요일,음료가 맛있어요_특별한 메뉴가 있어요_디저트가 맛있어요_커피가 맛있어요_
1111317495,sg0613,맛있아용!!,2026년 6월 13일 토요일,뷰가 좋아요_인테리어가 멋져요_커피가 맛있어요_
1111317495,dis****,커피도맛있고인테리어멋져요,2026년 6월 13일 토요일,커피가 맛있어요_인테리어가 멋져요_친절해요_매장이 청결해요_화장실이 깨끗해요_
1111317495,Restart,너무너무맛있어요재방문의사완전많아요,2026년 6월 13일 토요일,야외공간이 멋져요_디저트가 맛있어요_
1111317495,혀나꼬7,분위기좋은곳이에요한옥분위기라너무이쁩니다디저트망고빙수맛있어요완전만족이에요^^,2026년 6월 13일 토요일,디저트가 맛있어요_음료가 맛있어요_인테리어가 멋져요_
1111317495,hye****,공간도너무예쁘고음료도너무맛있어요!,2026년 6월 13일 토요일,커피가 맛있어요_디저트가 맛있어요_음료가 맛있어요_
1111317495,요요미28,처음와봤는데진-짜크고좋아요여행자있음무조건추천할곳이에요,2026년 6월 13일 토요일,커피가 맛있어요_
1111317495,아하하,한옥마을오면이르리꼭가세요!!!너무좋아요^^,2026년 6월 13일 토요일,디저트가 맛있어요_음료가 맛있어요_인테리어가 멋져요_사진이 잘 나와요_
1111317495,화제집중,망고빙수먹으러왔어요.뒤쪽으로도자리가많이있었네요한옥느낌으로너무예뻐요~~,2026년 6월 13일 토요일,디저트가 맛있어요_커피가 맛있어요_음료가 맛있어요_특별한 메뉴가 있어요_인테리어가 멋져요_
1111317495,gi****,가게분위기도좋고음식도맛있어요!,2026년 6월 13일 토요일,커피가 맛있어요_디저트가 맛있어요_음료가 맛있어요_인테리어가 멋져요_뷰가 좋아요_
1111317495,동글동글짱,한옥마을와서방문하게된까페넘넘멋스럽고좋아요적극추천합니다,2026년 6월 13일 토요일,커피가 맛있어요_음료가 맛있어요_특별한 메뉴가 있어요_가성비가 좋아요_인테리어가 멋져요_
1111317495,jiduuu,뷰가좋아요좌식이있어서아기랑있기도좋아요~~!실타래케이크맛있어요(가격대는있는편이에요ㅎㅎ),2026년 6월 13일 토요일,뷰가 좋아요_아늑해요_
1111317495,bright9683,전주한옥마을카페이르리👍실타래아이스크림맛있어요‼️,2026년 6월 13일 토요일,커피가 맛있어요_특별한 메뉴가 있어요_인테리어가 멋져요_사진이 잘 나와요_친절해요_
1111317495,woofysun,전주와서처음으로방문한카페인데무료제공하는헛개차까지정말시원하고맛있어요~밀크빙수도빈ㄸㅁ없이토핑이꽉차게너무만족스러워요~커피도진하고고소하니원두넘좋네요~다음에도또방문할게요~^^,2026년 6월 13일 토요일,커피가 맛있어요_음료가 맛있어요_대화하기 좋아요_매장이 청결해요_친절해요_
1111317495,June2948,가족들과오기에쾌적하고한옥마을컨셉에맞는공간이라더욱좋았습니다~~!,2026년 6월 13일 토요일,특별한 메뉴가 있어요_메뉴 구성이 알차요_종류가 다양해요_매장이 넓어요_컨셉이 독특해요_
1111317495,땡글이2262,커피가진하고맛있어요~안쪽에좌식앉는곳이많이있어요.좌식이라아이데리고와도괜찮을거같아요~더운데시원하게맛있는커피잘먹었어요~,2026년 6월 13일 토요일,커피가 맛있어요_좌석이 편해요_사진이 잘 나와요_매장이 넓어요_
1111317495,까미56,분위기넘조쿠오늘의에이드있어서먹어봤는데자몽오렌지에이드얐어요ㅎㅎㅎ짱맛~~~,2026년 6월 13일 토요일,음료가 맛있어요_커피가 맛있어요_
1111317495,200****,팥빙수도맛있고노래도잔잔해서대화하기좋습니다카페자체가예뻐서좋았어요🥰🥰,2026년 6월 13일 토요일,인테리어가 멋져요_음악이 좋아요_차분한 분위기예요_대화하기 좋아요_디저트가 맛있어요_
1111317495,bor****,전주한옥마을놀러와서이틀내내들렸어요:)애들도너무좋아하고메뉴도너무맛있고사진도너무잘나온답니다ㅎㅎ또오고싶을거같아요:)!추천해요!!,2026년 6월 13일 토요일,디저트가 맛있어요_음료가 맛있어요_특별한 메뉴가 있어요_사진이 잘 나와요_뷰가 좋아요_
1111317495,jsk****,언니랑우연히들른카페너무이쁘곳발견~~~너무좋아요,2026년 6월 13일 토요일,커피가 맛있어요_디저트가 맛있어요_특별한 메뉴가 있어요_대화하기 좋아요_사진이 잘 나와요_
1111317495,유먀뇽,빙수도맛있고음료도맛있어요.분위기도좋아서사진찍기좋아요,2026년 6월 13일 토요일,커피가 맛있어요_디저트가 맛있어요_대화하기 좋아요_사진이 잘 나와요_
1111317495,hap****,블루베리팥빙수굿굿,2026년 6월 13일 토요일,대화하기 좋아요_뷰가 좋아요_친절해요_
1111317495,라벤더색컴퓨터,한옥분위기가너무좋고음료도너무맛있어요.재방문의사있습니다.,2026년 6월 13일 토요일,커피가 맛있어요_음료가 맛있어요_
1111317495,bor****,가족여행와서방문했는데사진도너무예쁘게잘나오고맛도너무좋아요><디저트가너무예쁘게나와서먹기아까울정도네요아이가내일또오자고합니다:)추천합니다^^,2026년 6월 12일 금요일,디저트가 맛있어요_특별한 메뉴가 있어요_사진이 잘 나와요_인테리어가 멋져요_매장이 청결해요_
1111317495,송천동미식가77,카페가너무예쁘고직원분들이친절해요^^,2026년 6월 12일 금요일,디저트가 맛있어요_인테리어가 멋져요_대화하기 좋아요_사진이 잘 나와요_매장이 청결해요_
1111317495,Unida,너무좋아요넓고한옥마을에이런곳이있다니처음알았는데인테리어가너무이뻐요,2026년 6월 12일 금요일,커피가 맛있어요_디저트가 맛있어요_인테리어가 멋져요_사진이 잘 나와요_
1111317495,ksm****,전주한옥마을에서잠시쉬어가기좋은카페를찾다가방문한카페이르리☕한옥마을중심에위치해접근성이좋고생각보다규모가커서놀랐어요.고즈넉한한옥분위기와넓은중정곳곳의포토존덕분에전주여행의여유를제대로느낄수있었습니다.전주한옥마을을걷다가잠시쉬어가고싶다면추천!😊,2026년 6월 12일 금요일,인테리어가 멋져요_사진이 잘 나와요_컨셉이 독특해요_특별한 메뉴가 있어요_음식이 맛있어요_
1111317495,쫑이6324,인테리어너무이쁘고공간도넓어요일찍왔더니사랑채독채로사용해서가족끼리편하게쉴수있었습니다.,2026년 6월 12일 금요일,커피가 맛있어요_디저트가 맛있어요_인테리어가 멋져요_사진이 잘 나와요_
1111317495,brst370,전주한옥마을놀러와서방문했습니다.카페안쪽이넓고한옥인테리어가너무이뻐서좋습니다.,2026년 6월 11일 목요일,커피가 맛있어요_디저트가 맛있어요_음료가 맛있어요_인테리어가 멋져요_단체모임 하기 좋아요_
1111317495,초코언니밍미리밍,카페이르리다녀왔습니다😊메뉴는밀크팥빙수산딸기크로플실카래케이크아이스한옥캉스라떼(휘핑추가)패션후르츠에이드주문했어요~🤗여기모든곳이포토존이네요~🤩한옥마을카페몇군데가봤지만여기가최고인거같아요~카페안에정자까지있는곳은첨봤네융😆디저트류도정말다양하고음료도다양해서너무좋았습니다더우니깐밀크팥빙수꼭주문이요진짜푸짐허고부드러운게너무맛있어욬크로플에케잌까지디저트타임제대로입니다저는달달한커피를좋아해서한옥캉스라떼주문해봤는데라떼컬러가닉값제대로하네용패션후르츠도상큼해서더위싸악뮬리쳐줍니다타지에서오신분들에게한옥마을카페는여기강추하고싶네요🥰,2026년 6월 11일 목요일,커피가 맛있어요_디저트가 맛있어요_음료가 맛있어요_특별한 메뉴가 있어요_야외공간이 멋져요_
1111317495,바쁜엄마94,남편과전주여행중너무예쁜한옥카페가있어서방문했어요.지치고피곤했는데위안을주는곳이네요.,2026년 6월 11일 목요일,디저트가 맛있어요_음료가 맛있어요_특별한 메뉴가 있어요_인테리어가 멋져요_사진이 잘 나와요_
1111317495,쫜늘,매장입구만보고작을거라고생각했는데…안에매장진짜넓고쾌적하고한옥느낌넘조아요🩷,2026년 6월 11일 목요일,야외공간이 멋져요_매장이 넓어요_단체모임 하기 좋아요_뷰가 좋아요_룸이 잘 되어있어요_
1111317495,하람 예승,분위기가좋고친절해요,2026년 6월 11일 목요일,디저트가 맛있어요_사진이 잘 나와요_인테리어가 멋져요_뷰가 좋아요_
1111317495,ha****,분위기가정말좋아요오길잘했어요여기저기분위기도좋고시원하네요음식도맛있구요,2026년 6월 11일 목요일,커피가 맛있어요_인테리어가 멋져요_사진이 잘 나와요_
1111317495,hap****,카페위치도좋고분위기좋습니다!,2026년 6월 11일 목요일,인테리어가 멋져요_대화하기 좋아요_집중하기 좋아요_
1111317495,김애농,인테리어도멋있고메뉴도다양해서좋아요!!다음에또오고싶네요~,2026년 6월 11일 목요일,커피가 맛있어요_디저트가 맛있어요_음료가 맛있어요_특별한 메뉴가 있어요_인테리어가 멋져요_
1111317495,dld****,고즈넉하게이야기하기좋은까페에요.망고빙수도맛있고좌석도많아서자주오는곳이에요,2026년 6월 10일 수요일,커피가 맛있어요_디저트가 맛있어요_
1111317495,runa56,사장님이친절하시고맛있어서좋아요~다음에도오면방문할예정입니다,2026년 6월 10일 수요일,커피가 맛있어요_인테리어가 멋져요_친절해요_
1111317495,kimmiye77,전통한옥카페로사진도예쁘게나오고디저트도너무맛있어요,2026년 6월 10일 수요일,커피가 맛있어요_디저트가 맛있어요_사진이 잘 나와요_매장이 청결해요_친절해요_
1111317495,조아름56,뷰가이뻐서들어왔는데음식들도커피듀맛있어용,2026년 6월 10일 수요일,커피가 맛있어요_디저트가 맛있어요_대화하기 좋아요_뷰가 좋아요_
1111317495,뚠개55,빙수가맛있어요,2026년 6월 10일 수요일,디저트가 맛있어요_특별한 메뉴가 있어요_인테리어가 멋져요_
1111317495,RuEsilia,여러공간이마련되어있어서좋았어요!디저트도너무만족스러웠습니당,2026년 6월 10일 수요일,특별한 메뉴가 있어요_재료가 신선해요_뷰가 좋아요_아늑해요_인테리어가 멋져요_
1111317495,긍정31,분위기도한옥그대로느낌좋은카페전주여행에서기억에남는한곳이네요또올께요~^^,2026년 6월 10일 수요일,커피가 맛있어요_디저트가 맛있어요_
1111317495,bul****,친구들과방문했어요디저트도맛있고분위기도좋아요,2026년 6월 10일 수요일,커피가 맛있어요_디저트가 맛있어요_친절해요_매장이 청결해요_인테리어가 멋져요_
1111317495,ehd****,전주여행의마무리는이카페입니다.디저트맛집최고!,2026년 6월 10일 수요일,커피가 맛있어요_디저트가 맛있어요_음료가 맛있어요_
1111317495,10048069,한옥분위기뿜뿜이고룸이잇는데룸에에어컨두잇어서너무좋아요🤍,2026년 6월 9일 화요일,특별한 메뉴가 있어요_대화하기 좋아요_친절해요_매장이 청결해요_화장실이 깨끗해요_
1111317495,mer****,편안한게쉬다갑니다,2026년 6월 9일 화요일,디저트가 맛있어요_대화하기 좋아요_
1111317495,다솔4051,다양한메뉴가많고맛있어요!내부인테리어가멋있어서가족들과즐거운시간보내다갑니다^^ㅎㅎ,2026년 6월 9일 화요일,디저트가 맛있어요_친절해요_인테리어가 멋져요_
1111317495,꿀꿀이7381,한옥마을을구경하다가외관이예뻐서우연히들어왔는데기대이상이었어요.음료도맛있고한옥마을과잘어울리는카페분위기가정말좋았습니다.창밖풍경을보며여유롭게쉬기좋았고여행중잠시쉬어가기딱좋은곳이었어요.😊👍✨,2026년 6월 8일 월요일,음료가 맛있어요_인테리어가 멋져요_대화하기 좋아요_아늑해요_차분한 분위기예요_
1111317495,하봉봉0,분위기너무좋고커피도맛있어요~~^^,2026년 6월 8일 월요일,커피가 맛있어요_인테리어가 멋져요_친절해요_
1111317495,kms****,분위기좋고재방문의사잇어요오,2026년 6월 8일 월요일,커피가 맛있어요_
1111317495,귤규링링,까다로운울엄마입맛인데카페라떼진짜맛있다고하셨어욘대형카페고숨겨진방(외부시선막힌)도많아요,2026년 6월 8일 월요일,특별한 메뉴가 있어요_메뉴 구성이 알차요_단체모임 하기 좋아요_인테리어가 멋져요_룸이 잘 되어있어요_
1111317495,Pangpangpang,분위기가멋스럽고예뻐요,2026년 6월 8일 월요일,인테리어가 멋져요_
1111317495,안녕대히,매장이넓고시원해요,2026년 6월 7일 일요일,인테리어가 멋져요_뷰가 좋아요_매장이 넓어요_
1111317495,ali****,분위기좋은카페찾다가들어왔는데너무괜찮더라구요!!음료도맛있고맥주가아주죽이네요😆,2026년 6월 7일 일요일,커피가 맛있어요_인테리어가 멋져요_대화하기 좋아요_친절해요_매장이 청결해요_
1111317495,cho****,분위기도좋고맛도좋아요👍,2026년 6월 7일 일요일,인테리어가 멋져요_디저트가 맛있어요_
1111317495,나콩잉,매장관리도안되어있고(바닥오염커텐오염테이블정리등등)음식파는곳인데파리도날라다녀서파리쫓으면서크로플먹기너무힘들었어요.메뉴도상당히비싼편인데메뉴나온거보고잉??스러웠어요.,2026년 6월 7일 일요일,인테리어가 멋져요_디저트가 맛있어요_
1111317495,북극에서 온 솜사탕,두번째방문인데어린아이들과같이와도너무좋아요,2026년 6월 7일 일요일,종류가 다양해요_매장이 넓어요_아늑해요_인테리어가 멋져요_좌석이 편해요_
1111317495,미즈하나75,더운여름아주멋진카페에서쉬어갑니다중정에배롱나무한그루가너무예쁘네요:),2026년 6월 7일 일요일,디저트가 맛있어요_인테리어가 멋져요_사진이 잘 나와요_뷰가 좋아요_매장이 청결해요_
1111317495,배 은혜67,빙수맛집입니당ㅎㅎ🌸힐링입니당,2026년 6월 7일 일요일,커피가 맛있어요_디저트가 맛있어요_음료가 맛있어요_
1111317495,써리원x2예,유니크한케이크가있어서너무좋고신발벗고들어갈수있는방이있어서아이랑오기좋습니다.밖에서보는것보다안으로들어가면많이넓어서답답함도없고좋아요,2026년 6월 7일 일요일,커피가 맛있어요_특별한 메뉴가 있어요_인테리어가 멋져요_사진이 잘 나와요_대화하기 좋아요_
1111317495,뱃살공주156,유니크한케이크가있어서너무좋고신발벗고들어갈수있는방이있어서아이랑오기좋습니다.밖에서보는것보다안으로들어가면많이넓어서답답함도없고좋아요,2026년 6월 7일 일요일,인테리어가 멋져요_사진이 잘 나와요_특별한 메뉴가 있어요_음료가 맛있어요_매장이 청결해요_
1111317495,블리블리129,이르리1인1메뉴,2026년 6월 7일 일요일,인테리어가 멋져요_
1111317495,냉정과열정사이91,한복체험하고너무더워서왔는데석류에이드밀크빙수넘맛있구요한옥캉스라떼진짜강추입니다전카페인이약해서연하게막었는데당충전에쵝오입니다,2026년 6월 7일 일요일,커피가 맛있어요_음료가 맛있어요_사진이 잘 나와요_친절해요_
1111317495,흰둥이9251,빙수맛있어요❤️,2026년 6월 7일 일요일,커피가 맛있어요_디저트가 맛있어요_사진이 잘 나와요_좌석이 편해요_매장이 청결해요_
1111317495,등린이에여,한옥마을놀러왔는데뷰좋아서잘즐겼습니다~!오늘의에이드맛있어요!!,2026년 6월 7일 일요일,커피가 맛있어요_인테리어가 멋져요_대화하기 좋아요_뷰가 좋아요_
1111317495,its****,한옥마을내대형카페로분위기도좋고실내도운치있네요,2026년 6월 7일 일요일,인테리어가 멋져요_아늑해요_뷰가 좋아요_친절해요_매장이 청결해요_
1111317495,비행소녀58,인테리어가너무멋져요,2026년 6월 7일 일요일,인테리어가 멋져요_야외공간이 멋져요_사진이 잘 나와요_
16784383,lukeskywalker,인테리어가너무멋져요,2026년 6월 15일 월요일,빵이 맛있어요_친절해요_
16784383,BORA50,전주필수방문코스수제초코파이본점와서가족들선물사가요^^맛도다양해서보는재미먹는재미즐거운시간보내고갑니다~,2026년 6월 15일 월요일,빵이 맛있어요_특별한 메뉴가 있어요_인테리어가 멋져요_매장이 청결해요_
16784383,단호박시츄,오랜만에방문해도변함없이전주최고오리지널초코파이^^다양한빵이있어구경도재미있어요^^,2026년 6월 15일 월요일,특별한 메뉴가 있어요_종류가 다양해요_친절해요_
16784383,youandi0511,너무맛잇고좋아요~또왕창사러왔어요^^,2026년 6월 13일 토요일,빵이 맛있어요_인테리어가 멋져요_
16784383,블랑쉬1,전주여행와서두번째구입했어요.아이가좋아합니다😀,2026년 6월 13일 토요일,빵이 맛있어요_특별한 메뉴가 있어요_친절해요_
16784383,aaaa0914,피스타치오초코파이사러또왔어요!!담에전주오면또올게요:),2026년 6월 13일 토요일,빵이 맛있어요_커피가 맛있어요_음료가 맛있어요_특별한 메뉴가 있어요_
16784383,yumyum018,전주여행오면꼭들러서사가는초코파이!!💓,2026년 6월 12일 금요일,종류가 다양해요_디저트가 맛있어요_매장이 청결해요_
16784383,이지연92,전주올때마다방문하는곳이에여.초코파이맛있어요!,2026년 6월 12일 금요일,빵이 맛있어요_특별한 메뉴가 있어요_가성비가 좋아요_양이 많아요_인테리어가 멋져요_
16784383,오렌지껍질,초코파이너무맛있어요ㅎㅎ사먹으러전주왔어요,2026년 6월 12일 금요일,빵이 맛있어요_특별한 메뉴가 있어요_가성비가 좋아요_
16784383,aaaa0914,피스타치오초코파이...!내일은이거사먹으러또올거예요,2026년 6월 12일 금요일,빵이 맛있어요_특별한 메뉴가 있어요_음료가 맛있어요_커피가 맛있어요_
16784383,tl dms,전주놀러올때마다들러요초코파이도전주에서파는것중에제일맛있지만땅콩센베가정말맛있어요~,2026년 6월 12일 금요일,빵이 맛있어요_가성비가 좋아요_친절해요_매장이 청결해요_
16784383,asa****,10년만에방문했는데여전히너무맛있는초코파이ㅠ맛도더다양해져서좋아요!,2026년 6월 12일 금요일,빵이 맛있어요_친절해요_매장이 청결해요_주차하기 편해요_
16784383,에이미르93,전주에오면늘방문하는곳입니다필수코스죠,2026년 6월 12일 금요일,빵이 맛있어요_인테리어가 멋져요_친절해요_매장이 청결해요_주차하기 편해요_
16784383,마크8485,완전대박맛집항상찾아서오는곳입니다초코파이원조는pnb,2026년 6월 11일 목요일,인테리어가 멋져요_사진이 잘 나와요_대화하기 좋아요_화장실이 깨끗해요_매장이 청결해요_
16784383,as853940915,맛있어서전주사는데찾아와요굿,2026년 6월 11일 목요일,빵이 맛있어요_커피가 맛있어요_음료가 맛있어요_특별한 메뉴가 있어요_인테리어가 멋져요_
16784383,이자영5090,전주와서초코파이사러왔어요!초코파이말고도다양한빵종류도많아서좋았어요!,2026년 6월 11일 목요일,빵이 맛있어요_디저트가 맛있어요_매장이 청결해요_
16784383,새하얀여우56,전주최고쵸코파이맛집^^여기쵸코파이가진리!!!여긴다른빵도너무맛있습니다,2026년 6월 10일 수요일,빵이 맛있어요_음료가 맛있어요_특별한 메뉴가 있어요_
16784383,초이Choi,1층엔먹음직스런빵들이있고2층은먹을수있게널찍한공간이있고음료도판매하고있네요혼자먹다가가기좋았습니다😆❤️,2026년 6월 9일 화요일,빵이 맛있어요_특별한 메뉴가 있어요_좌석이 편해요_매장이 청결해요_매장이 넓어요_
16784383,아아1잔,초코파이맛집입니다,2026년 6월 9일 화요일,빵이 맛있어요_
16784383,hit****,본점으로왔는데역시다르네요맛있는빵종류가진짜많아요선물하려고초코파이포장도했습니다❤,2026년 6월 9일 화요일,인테리어가 멋져요_매장이 넓어요_친절해요_빵이 맛있어요_특별한 메뉴가 있어요_
16784383,롤로링,전주올때마다항상들려요!!초코파이원조존맛~!ㅡ,2026년 6월 8일 월요일,빵이 맛있어요_가성비가 좋아요_메뉴 구성이 알차요_디저트가 맛있어요_인테리어가 멋져요_
16784383,아아1잔,맛있어요,2026년 6월 8일 월요일,빵이 맛있어요_
16784383,언더24,와~꼭방문해보세요재방문무조건합니다,2026년 6월 8일 월요일,빵이 맛있어요_
16784383,Dkdkgi,선물하려고방문했다가제가먹을거더사가네요!너무맛있습니다!!,2026년 6월 8일 월요일,빵이 맛있어요_특별한 메뉴가 있어요_재료가 신선해요_음식이 맛있어요_종류가 다양해요_
16784383,VictoryKite,전주오며누꼭사가야하는거아시죠?초코파이맛도오리지날부터다크화이트초코등으로다양하고미니초코파이도있어서달지않게먹을수있어서너무좋아요!전주오면기념품으로선물하기도너무좋은거같아요!,2026년 6월 8일 월요일,빵이 맛있어요_커피가 맛있어요_음료가 맛있어요_특별한 메뉴가 있어요_
16784383,리미8944,전주오면유명하다는pnb풍년제과왔는데매장도넓고선물용으로사기좋은것같아요,2026년 6월 7일 일요일,빵이 맛있어요_커피가 맛있어요_음료가 맛있어요_인테리어가 멋져요_사진이 잘 나와요_
16784383,대인배당,초코파이와빵들도너무맛있네요!!전주의자랑입니다!!,2026년 6월 7일 일요일,빵이 맛있어요_커피가 맛있어요_특별한 메뉴가 있어요_가성비가 좋아요_인테리어가 멋져요_
16784383,vHappinessv,전개인적으로다른것보다요쇼콜라쿠키가너무맛있어서또구매해갑니다~^^보관이2주정도라고하네요근데이미그전에끝나요온라인에서주문하고싶은데안팔더라구요해서왔을때사갑니다.지난번엔정동점?인가그옆어서샀는데종류가확실히더많네요가려면본점으로가야겠어요,2026년 6월 6일 토요일,특별한 메뉴가 있어요_종류가 다양해요_친절해요_
16784383,김수민1919,전주올때마다항상들르는곳이에요!초코초코파이진짜맛도리입니당~~,2026년 6월 6일 토요일,빵이 맛있어요_커피가 맛있어요_
16784383,별고미요미,맛있고친절하세요~이벤트로아이들빼빼로도하나씩주시네요!,2026년 6월 6일 토요일,빵이 맛있어요_
16784383,김진선32,선물용구입하며여러개빵도샀어요맛있습니다.,2026년 6월 6일 토요일,빵이 맛있어요_특별한 메뉴가 있어요_
16784383,dlt****,선물용으로항상잘사가용감사합니다~~,2026년 6월 6일 토요일,빵이 맛있어요_특별한 메뉴가 있어요_비싼 만큼 가치있어요_
16784383,CharlesSam,전주여행에만꼭방문하는지점입니다.이번에도잘사먹을게요.,2026년 6월 5일 금요일,빵이 맛있어요_특별한 메뉴가 있어요_친절해요_매장이 청결해요_
16784383,04****,PNB본점에서만구매합니다더맛있는것같아요초코파이땅콩센베굿굿,2026년 6월 5일 금요일,빵이 맛있어요_특별한 메뉴가 있어요_매장이 청결해요_
16784383,임동,초코파이원조라서일부러찾아왔어요맛있어용!,2026년 6월 5일 금요일,빵이 맛있어요_특별한 메뉴가 있어요_가성비가 좋아요_종류가 다양해요_
16784383,오즈8935,👏👏👏👏👏전주여행기념품으로구매했어요.받아본분즐이다맛있다고좋아했습니다.,2026년 6월 5일 금요일,특별한 메뉴가 있어요_
16784383,아쭈s,전라북도전주시완산구경원동에있는PNB풍년제과본점.1951년부터영업을시작한원조.초코파이와센베가유명함.전국택배가가능해서선물용으로구매하기에도좋음.,2026년 6월 4일 목요일,빵이 맛있어요_특별한 메뉴가 있어요_비싼 만큼 가치있어요_친절해요_매장이 청결해요_
16784383,강파팡ㅇ,유명한풍년제과방문했어요너무기대되네요맛있는초코파이도최고,2026년 6월 4일 목요일,빵이 맛있어요_인테리어가 멋져요_
16784383,안타레스5,올해75년기념인풍년제과본점입니다!3대가이어오는진짜전주초코파이를드시려면여기서드셔야해요!!다른빵도많고2층에넓은자리도있으니꼭방문해보세요!!,2026년 6월 4일 목요일,빵이 맛있어요_특별한 메뉴가 있어요_종류가 다양해요_디저트가 맛있어요_친절해요_
16784383,아름다운초저녁달,오면늘들리는곳입니다.저는붓세가좋아늘삽니다.맛있는빵먹어보세요♡,2026년 6월 4일 목요일,빵이 맛있어요_특별한 메뉴가 있어요_메뉴 구성이 알차요_친절해요_매장이 청결해요_
16784383,iym****,전주올때마다들리는곳이에요빵도많고초코파이도너무맛있어요다음에또방문할게요,2026년 6월 4일 목요일,빵이 맛있어요_특별한 메뉴가 있어요_가성비가 좋아요_매장이 넓어요_
16784383,ljhkorea11,오랜만에전주와서맛있는초코파이구매했어요부모님과나누어먹으려구요♡♡,2026년 6월 3일 수요일,빵이 맛있어요_친절해요_매장이 청결해요_
16784383,sp2****,붓세도엄청맛있어여~~,2026년 6월 3일 수요일,빵이 맛있어요_
16784383,정기적,베이비슈생크림으로만만드는곳많은데여긴아니어서바로담기..💓사장님친절하시고1N년만에왔더니종류도엄청다양해졌어요!전주오면꼭들러야하는선물랜드마크...😌,2026년 6월 3일 수요일,특별한 메뉴가 있어요_종류가 다양해요_디저트가 맛있어요_친절해요_
16784383,토푸90,종류가다양하고역사와전통이깃든본점풍년제과좋아요!,2026년 6월 3일 수요일,빵이 맛있어요_특별한 메뉴가 있어요_건강한 맛이에요_종류가 다양해요_
16784383,숭이3382,유명한풍년제과본점ㅎㅎㅎ남치니랑가득사갑니다오래해주세용!❤️❤️,2026년 6월 3일 수요일,빵이 맛있어요_특별한 메뉴가 있어요_건강한 맛이에요_종류가 다양해요_메뉴 구성이 알차요_
16784383,젤리데이95,초코파이붓세센베가진짜맛있어요,2026년 6월 3일 수요일,빵이 맛있어요_특별한 메뉴가 있어요_친절해요_
16784383,abcdefghijklmnog,넘마싯어영,2026년 6월 3일 수요일,빵이 맛있어요_음료가 맛있어요_특별한 메뉴가 있어요_인테리어가 멋져요_사진이 잘 나와요_
16784383,가시공주71,빵종류가다양하고매장에빵냄새가많이나서좋았습니다.시식용빵이있어서좋았어요!,2026년 6월 3일 수요일,빵이 맛있어요_친절해요_매장이 청결해요_아늑해요_
16784383,yho****,사람많을줄알았는데쉽게들어와서구매했어요~다양한빵들많네요그래도근본초코파이구매!,2026년 6월 3일 수요일,특별한 메뉴가 있어요_
16784383,tjd****,선물하기좋아요,2026년 6월 3일 수요일,빵이 맛있어요_특별한 메뉴가 있어요_가성비가 좋아요_종류가 다양해요_재료가 신선해요_
16784383,라라따따뚜뚜이이,정말빵이많고맛있어보여서쓸어담았습니다..회사사람들꺼도다사고가족꺼랑초코파이안좋아하는데여기껀먹어요❤️,2026년 6월 3일 수요일,빵이 맛있어요_특별한 메뉴가 있어요_가성비가 좋아요_종류가 다양해요_
16784383,you****,전주여행중에방문했어요!초코파이종류가엄청많아요~~~크기도커서든든할것같아요♡,2026년 6월 3일 수요일,빵이 맛있어요_특별한 메뉴가 있어요_
16784383,세계최고미녀,올만에본점왔어요근일년만전주들리면꼭와요초코파이대존맛녹차화이트젤존맛,2026년 6월 2일 화요일,빵이 맛있어요_
16784383,cha****,맛있어요!!,2026년 6월 2일 화요일,음료가 맛있어요_특별한 메뉴가 있어요_가성비가 좋아요_양이 많아요_디저트가 맛있어요_
16784383,냠냠마시따용,오랜만에전주놀러와서초코파이랑빵들샀어용!맛있고다음에도또오고싶어용~~😆😆,2026년 6월 2일 화요일,빵이 맛있어요_특별한 메뉴가 있어요_종류가 다양해요_가성비가 좋아요_음식이 맛있어요_
16784383,휴 디,친구랑전주여행왔는데풍년제가PNB본점에와서빵쇼핑하고가요!오래된만큼가치있고맛있는빵이종류별로많아서좋은거같아요너무맛있을거같아서기대됩니당ㅎㅎ앗참고로이본점만이매장내에서직접만든걸판매한다고해요다들참고하시길✨✨,2026년 6월 2일 화요일,빵이 맛있어요_메뉴 구성이 알차요_종류가 다양해요_사진이 잘 나와요_매장이 넓어요_
16784383,Asas,초코파이구매후2층에서바로먹을수있어서좋았습니다.더위를식히면서커피와함께맛볼수있어서좋았어요.매장화장실도깨끗하고커피도맛있어요~~~,2026년 5월 30일 토요일,커피가 맛있어요_친절해요_
16784383,김모이사,선물하기딱좋은피엔비!!사랑합니다💕,2026년 5월 29일 금요일,빵이 맛있어요_커피가 맛있어요_특별한 메뉴가 있어요_
16784383,하이킥3,초코파이메뉴가정말많고빵도너무맛있다고해서기대가되요ㅎㅎ초코소라빵도초코가가득묻어있어서진짜짱존맛탱ㅎㅎ,2026년 5월 29일 금요일,빵이 맛있어요_특별한 메뉴가 있어요_인테리어가 멋져요_매장이 청결해요_주차하기 편해요_
1142633504,018383,카페라떼가진짜너무맛있어요!!제가먹어본전주카페중에서1등입니다..적당히고소하고풍미있고..너무맛있어요ㅜㅜ!!!그리고인테리어도예쁘고분위기도좋습니당힐링하기좋아요,2026년 6월 15일 월요일,커피가 맛있어요_가성비가 좋아요_인테리어가 멋져요_
1142633504,서나정원,친구들이랑전주놀러가서들어갔는데커피도맛있고디저트도맛있었어요ㅎ분위기도좋구요ㅎ근처살면매일가고싶은데아쉽네요ㅎ,2026년 6월 14일 일요일,커피가 맛있어요_디저트가 맛있어요_인테리어가 멋져요_친절해요_매장이 청결해요_
1142633504,이쥬51,분위기가좋고맛있는디저트가많아요:)카공/카블하기좋은카페같아요쾌적하고넘좋네요!,2026년 6월 12일 금요일,커피가 맛있어요_디저트가 맛있어요_특별한 메뉴가 있어요_인테리어가 멋져요_집중하기 좋아요_
1142633504,in****,카페분위기좋아요집중하러오기좋아요밀크티존맛!,2026년 6월 10일 수요일,커피가 맛있어요_음료가 맛있어요_디저트가 맛있어요_집중하기 좋아요_
1142633504,한세연50,공부하거나작업하러오기정말좋네요!밀크티는얼그레이시켰는데페퍼민트향이좀나네요참고하세용,2026년 6월 9일 화요일,커피가 맛있어요_특별한 메뉴가 있어요_
1142633504,작가,공간이멋지고직원분도친절하세요!,2026년 6월 6일 토요일,인테리어가 멋져요_
1142633504,praise91,차를좋아하는사람들에게강추합니다!제가본차관련카페중당연최고아할수있으며공부를하거나업무를하기에도좋습니다!,2026년 6월 6일 토요일,특별한 메뉴가 있어요_차가 맛있어요_집중하기 좋아요_매장이 넓어요_아늑해요_
1142633504,dpf****,카공하기딱좋은카페항상집에서하다가집중안되면여기로오는데좋아요,2026년 6월 6일 토요일,커피가 맛있어요_디저트가 맛있어요_집중하기 좋아요_차분한 분위기예요_매장이 청결해요_
1142633504,lee****,분위기가차분하면서도쳐지지않고기분좋은분위기에요!🤍,2026년 6월 4일 목요일,인테리어가 멋져요_집중하기 좋아요_차분한 분위기예요_음악이 좋아요_
1142633504,박성현16,커피도너무맛있고분위기도너무좋아공부도잘돼서자주이용할것같아요!!,2026년 6월 3일 수요일,커피가 맛있어요_디저트가 맛있어요_
1142633504,un4832,두번째방문이예요~!!!일하시는분들이너무친절하고너무쾌적하고너무좋아요!!!!,2026년 5월 31일 일요일,커피가 맛있어요_대화하기 좋아요_매장이 청결해요_
1142633504,bsy524,더운날들어와서작업하기좋아요☺️봄한정인티두상큼하게맛있어요🌱,2026년 5월 30일 토요일,인테리어가 멋져요_집중하기 좋아요_음료가 맛있어요_
1142633504,ada****,넘맛잇고좋아요!분위기진짜좋습니당...,2026년 5월 29일 금요일,커피가 맛있어요_디저트가 맛있어요_
1142633504,Yenny27,인테리어분위기좋고밀크티향도진해서너무좋아요!😉,2026년 5월 27일 수요일,특별한 메뉴가 있어요_음료가 맛있어요_
1142633504,엥9728,시험기간이라카공하러왔는데너무만족스러워요!!인테리어는약간어둡고차분한데채광이좋아서딱집중이잘돼요!!의자나테이블도편하고테이블이넓어서아이패드랑노트북펴놓기에도좋습니다💕💗자주올것같아요,2026년 5월 25일 월요일,인테리어가 멋져요_집중하기 좋아요_차분한 분위기예요_매장이 넓어요_친절해요_
1142633504,지승연43,분위기좋은카페알아가서좋네요다음엔매장에서마시고싶어요감사합니다^^,2026년 5월 23일 토요일,커피가 맛있어요_인테리어가 멋져요_친절해요_
1142633504,쏭719,옆에공연장과가까워서들렸는데너무시원하고이뿌고빵도맛있어보여요ㅠㅠ라떼랑시그니처티시켰는데너무맛있고❤️좋습니다강추~~,2026년 5월 23일 토요일,커피가 맛있어요_디저트가 맛있어요_인테리어가 멋져요_사진이 잘 나와요_매장이 청결해요_
1142633504,als****,이쪽에일찍여는카페많지않은데주말아침집중해서작업하기딱이에요!!,2026년 5월 23일 토요일,커피가 맛있어요_집중하기 좋아요_대화하기 좋아요_
1142633504,har****,티종류가무척맛있었어요!소금빵도일품이었네요.다만빵의수량이적어서이르게가야지많이먹을수있을것같아요.오후2시쯤갔을때플랫소세지와플랫바질토마토가하나뿐이었어요🥹전반적으로맛있어서매우만족스러웠습니다.,2026년 5월 18일 월요일,커피가 맛있어요_디저트가 맛있어요_차가 맛있어요_음료가 맛있어요_집중하기 좋아요_
1142633504,진서콩,분위기도조용하고카공하기너무좋아요,2026년 5월 17일 일요일,인테리어가 멋져요_사진이 잘 나와요_집중하기 좋아요_차분한 분위기예요_
33277058,용용333333,전주한옥마을안에만있는풍년제과만가봤는데본점은처음인데엄청넓고쾌적해서좋았습니당👍초코파이만있는줄알았는데빵도엄청많고전주토박이의추천인초코소라빵진짜맛있습니다❤️갈때도초코파이두손가득나가는곳ㅎㅎ,2026년 6월 15일 월요일,커피가 맛있어요_특별한 메뉴가 있어요_디저트가 맛있어요_빵이 맛있어요_인테리어가 멋져요_
33277058,gravity1258,유명한전주초코파이맛있어요,2026년 6월 14일 일요일,빵이 맛있어요_
33277058,동글동글짱,전주유영한풍년제과전주방문시꼭구매합니다맛은늘인점적극추천합니다,2026년 6월 14일 일요일,빵이 맛있어요_특별한 메뉴가 있어요_인테리어가 멋져요_사진이 잘 나와요_대화하기 좋아요_
33277058,pks****,전주유영한풍년제과전주방문시꼭구매합니다맛은늘인점적극추천합니다,2026년 6월 14일 일요일,빵이 맛있어요_특별한 메뉴가 있어요_인테리어가 멋져요_친절해요_매장이 청결해요_
33277058,라니미니맘,전주유영한풍년제과전주방문시꼭구매합니다맛은늘인점적극추천합니다,2026년 6월 14일 일요일,빵이 맛있어요_가성비가 좋아요_인테리어가 멋져요_친절해요_매장이 청결해요_
33277058,jyj****,전주유영한풍년제과전주방문시꼭구매합니다맛은늘인점적극추천합니다,2026년 6월 14일 일요일,빵이 맛있어요_인테리어가 멋져요_친절해요_매장이 청결해요_
33277058,Juun0328,초코파이뿐만아니라빵종류가많아요맛있어요,2026년 6월 14일 일요일,빵이 맛있어요_음료가 맛있어요_특별한 메뉴가 있어요_인테리어가 멋져요_대화하기 좋아요_
33277058,늘봄이여라,가격부담다운!!먹고갈수있는장소있고빵종류다양해요,2026년 6월 14일 일요일,빵이 맛있어요_특별한 메뉴가 있어요_가성비가 좋아요_디저트가 맛있어요_대화하기 좋아요_
33277058,꽁마 5429,커피도맛있고샌드위치도맛있네요.다좋아요,2026년 6월 14일 일요일,빵이 맛있어요_친절해요_
33277058,예비맘5521,빵종류가많아서고르기힘드네요~~버터떡이랑소금빵치즈감자빵골라서먹고미숫가루진짜달고맛나요^^쾌적하고시원한자리에서빵이랑음료잘먹었습니다!!,2026년 6월 14일 일요일,빵이 맛있어요_음료가 맛있어요_인테리어가 멋져요_매장이 넓어요_매장이 청결해요_
33277058,아름다운 오렌지,쾌적하고좋아요!사람들도없고넓네요~~!빵도다양해요!!,2026년 6월 14일 일요일,인테리어가 멋져요_대화하기 좋아요_
33277058,seo****,매장이넓고빵종류도많고맛있어요!,2026년 6월 13일 토요일,음료가 맛있어요_빵이 맛있어요_커피가 맛있어요_인테리어가 멋져요_친절해요_
33277058,Juun0328,매장이넓고쾌적해요초코파이맛있어요,2026년 6월 13일 토요일,인테리어가 멋져요_사진이 잘 나와요_대화하기 좋아요_음료가 맛있어요_빵이 맛있어요_
33277058,준5058,빵이다양하고맛있어요!!,2026년 6월 13일 토요일,빵이 맛있어요_음료가 맛있어요_가성비가 좋아요_디저트가 맛있어요_종류가 다양해요_
33277058,최미령68,전주오면꼭들려야하는필수코스풍년제과본점에왔는데두바이소라빵.두바이소금빵~~제가젤좋아하는카타이프로만든빵들너무기대됩니다~,2026년 6월 13일 토요일,특별한 메뉴가 있어요_메뉴 구성이 알차요_컨셉이 독특해요_매장이 넓어요_매장이 청결해요_
33277058,add****,친구들과여행왔다가전주초코파이풍년제과유명하다해서풍년제과본점방문했는데매장넓고깨끗하고시원해요,2026년 6월 13일 토요일,빵이 맛있어요_인테리어가 멋져요_사진이 잘 나와요_친절해요_매장이 청결해요_
33277058,아름2951,오늘아이와함께처음체험해봤습니다아이들이정말좋아하고선생님이차근차근차분하게알려주시니집중도잘하고매우즐거운시간이였습니다자신이만든건자기가직접들고가겠다고혼자들고갈정도로매우좋은시간보냈습니다~,2026년 6월 13일 토요일,집중하기 좋아요_친절해요_아이와 가기 좋아요_
33277058,herenow82,재미있는체험이었습니다!,2026년 6월 13일 토요일,친절해요_
33277058,lap****,아이들과함께하기정말좋은체험,2026년 6월 13일 토요일,아이와 가기 좋아요_
33277058,jhn****,아이와너무재미있습니다ㅎ전주가서갈만한곳,2026년 6월 13일 토요일,친절해요_매장이 청결해요_아이와 가기 좋아요_빵이 맛있어요_
33277058,Lee9998,무더운날매장들어오자마자쾌적함에놀라고수많은빵들에또놀랐네요오래동안사랑받는이유가있어보여요!너무맛있게잘먹었습니다,2026년 6월 13일 토요일,빵이 맛있어요_매장이 넓어요_매장이 청결해요_주차하기 편해요_
33277058,밤비정,전주풍년제과본점방문했는데엄청크고빵도많고직원도친절해요>_</지인들줄선물도잔뜩샀어요!풍년제과좋아용!,2026년 6월 13일 토요일,빵이 맛있어요_커피가 맛있어요_특별한 메뉴가 있어요_친절해요_매장이 청결해요_
33277058,안녕4326,전주에서유명한초코파이라고왔고맛있게먹었어요선물하기도좋아요~,2026년 6월 13일 토요일,음료가 맛있어요_빵이 맛있어요_인테리어가 멋져요_사진이 잘 나와요_친절해요_
33277058,tor****,빵도엄청나게많고전주명물인초코파이도당연히잇고붓세도있고요정말정말살게많아요정신없이담다보니벌써종이봉투가꽉찼어요한복입고데이트오시는분들도많으니꼭오세요,2026년 6월 13일 토요일,빵이 맛있어요_특별한 메뉴가 있어요_건강한 맛이에요_디저트가 맛있어요_종류가 다양해요_
33277058,콩돌2애미,전주방문하면꼭들랴요초코파이말고도빵종류도많아서젛아용,2026년 6월 13일 토요일,빵이 맛있어요_커피가 맛있어요_음료가 맛있어요_특별한 메뉴가 있어요_인테리어가 멋져요_
33277058,제이와이67,아이들과즐겁게시간보내기좋아요~^^진행해주시늠분도너무친절하시고아이들이재미있게했어요~,2026년 6월 13일 토요일,특별한 메뉴가 있어요_비싼 만큼 가치있어요_아이와 가기 좋아요_
33277058,사랑해269151,아이가초코파이만들기체험재미있게했어요.즐거운시간이었어요,2026년 6월 13일 토요일,빵이 맛있어요_인테리어가 멋져요_친절해요_아이와 가기 좋아요_
33277058,하늘사랑8181,아이가재미있어했어요.좋은추억이되었습니다.,2026년 6월 13일 토요일,빵이 맛있어요_친절해요_아이와 가기 좋아요_
33277058,shfhfl,체험이자유롭고아이가하기좋아요,2026년 6월 13일 토요일,빵이 맛있어요_커피가 맛있어요_특별한 메뉴가 있어요_
33277058,뾰로로로옹,선생님께서아이들의눈높이에맞게친절하게설명해주셔서쉽게따라했어요좋은추억만들고갑니다!,2026년 6월 13일 토요일,친절해요_아이와 가기 좋아요_
33277058,봉송45,아이와방문하엮는데재미난체험이였습니다🩷,2026년 6월 13일 토요일,디저트가 맛있어요_집중하기 좋아요_매장이 넓어요_아이와 가기 좋아요_친절해요_
33277058,유투맘블리,예약없이방문드렸는데바로셋팅도해주시고강사님께서아이들눈높이에맞춰설명해주셔서엄마가따로도움주지않아도완성하였어요!감사합니다😁,2026년 6월 13일 토요일,집중하기 좋아요_친절해요_매장이 청결해요_
33277058,이태훈39,초코파이엄청맛나요,2026년 6월 13일 토요일,음료가 맛있어요_빵이 맛있어요_커피가 맛있어요_특별한 메뉴가 있어요_가성비가 좋아요_
33277058,사이먼52,빵종류가다양하고선물세트구성이알차요^^주차도편해서좋았습니다~,2026년 6월 13일 토요일,빵이 맛있어요_종류가 다양해요_매장이 청결해요_친절해요_주차하기 편해요_
33277058,soooo2548,어제먹고너무맛있어서재방문했어요!!!초코좋아하심초코소라빵대강추....코팅두툼하고끝부분까지초코필링가득!!!!오늘은추가로다른빵들이랑퀸아망사러왔어용ㅋㅋㅋㅋ아침에오니빵이더다양하게많아용!!!!초코파이도맛있지만다른빵들두전주오신다면꼭🤍🤍,2026년 6월 13일 토요일,빵이 맛있어요_특별한 메뉴가 있어요_가성비가 좋아요_인테리어가 멋져요_친절해요_
33277058,manul0000,빵이다양하고맛있어요.좌석도많고주차도편해서좋아요,2026년 6월 13일 토요일,빵이 맛있어요_특별한 메뉴가 있어요_인테리어가 멋져요_주차하기 편해요_
33277058,벚꽃이 내린다,너무너무유명한풍년제과드디어왔어요빵너무너무맛있게먹었어요초코파이도많이사왔어요재방문할예정입니다감사합니다,2026년 6월 12일 금요일,빵이 맛있어요_가성비가 좋아요_인테리어가 멋져요_친절해요_
33277058,maum****,초코파이로유명한풍년제과본점에다녀왔어요.주차장도따로있고매장도넓어서먹고가기도좋은곳이네요.,2026년 6월 12일 금요일,빵이 맛있어요_디저트가 맛있어요_인테리어가 멋져요_대화하기 좋아요_화장실이 깨끗해요_
33277058,JH양,여행중본점을찾아방문했어요~!지인에게선물받아먹어보고직접찾아방문은처음이네요!전주여행중이라면꼭방문해봐야할곳!여행오면또올게요~^^,2026년 6월 11일 목요일,빵이 맛있어요_특별한 메뉴가 있어요_디저트가 맛있어요_재료가 신선해요_친절해요_
33277058,목향23,빵종류가이렇게다양한줄몰랐어요.전주여행.아침일찍부모님과아이랑식사겸왔는데.조용하고.깨끗하고.친절해요^^다음에도또오겠어요!,2026년 6월 11일 목요일,빵이 맛있어요_커피가 맛있어요_매장이 청결해요_친절해요_특별한 날 가기 좋아요_
33277058,ri****,이틀연속왔어요초코파이먹어보고선물로주려고구매하러들렀어요.매장청결하고포토존도있고!빵종류도많아서좋았어요😊,2026년 6월 9일 화요일,빵이 맛있어요_커피가 맛있어요_인테리어가 멋져요_친절해요_매장이 청결해요_
33277058,민팡86,와이프와추억을만들고싶어자주와요.풍년빠중년부부^^,2026년 6월 8일 월요일,빵이 맛있어요_특별한 메뉴가 있어요_매장이 넓어요_친절해요_주차하기 편해요_
33277058,ri****,2층넓고쾌적합니다!2층의존재를너무늦게알았어요🥺,2026년 6월 8일 월요일,빵이 맛있어요_커피가 맛있어요_음료가 맛있어요_가성비가 좋아요_대화하기 좋아요_
33277058,토모코31,유명하다고해서전주여행와서들렀는데빵종류도많고맛있어보이네요직원분들도친절하시구요,2026년 6월 8일 월요일,친절해요_매장이 청결해요_
33277058,아아1잔,가성비맛집!,2026년 6월 8일 월요일,빵이 맛있어요_가성비가 좋아요_인테리어가 멋져요_매장이 청결해요_주차하기 편해요_
33277058,아네모냐,맛난전주수제초코파이👍,2026년 6월 8일 월요일,빵이 맛있어요_커피가 맛있어요_음료가 맛있어요_특별한 메뉴가 있어요_가성비가 좋아요_
33277058,우999,빵종류도많고본점에서기념품으로초코파이양갱등사서들고갔어요!!너무맛있습니다>_<,2026년 6월 7일 일요일,빵이 맛있어요_특별한 메뉴가 있어요_음식이 맛있어요_매장이 청결해요_화장실이 깨끗해요_
33277058,jih****,전주올때마다오는곳!!너무맛있어요ㅠㅠ,2026년 6월 7일 일요일,빵이 맛있어요_가성비가 좋아요_대화하기 좋아요_
33277058,gimgimly,매장이본점이라크고넓고제품도많고잔뜩쟁였어요!!,2026년 6월 7일 일요일,빵이 맛있어요_특별한 메뉴가 있어요_디저트가 맛있어요_인테리어가 멋져요_대화하기 좋아요_
33277058,미리미링,매장이본점이라크고넓고제품도많고잔뜩쟁였어요!!,2026년 6월 7일 일요일,빵이 맛있어요_커피가 맛있어요_음료가 맛있어요_특별한 메뉴가 있어요_
33277058,멋찐남성미,너무만족스럽습니다,2026년 6월 7일 일요일,빵이 맛있어요_대화하기 좋아요_집중하기 좋아요_친절해요_
33277058,dbf****,너무재밌었어요~,2026년 6월 7일 일요일,빵이 맛있어요_
33277058,cay****,아이들과체험하러방문했어요.꼼꼼하게설명해줘서어렵지않게만들었어요.아이들이재밌어하네요.다음재방문의사있을정도로좋았어요,2026년 6월 7일 일요일,매장이 넓어요_디저트가 맛있어요_음식이 맛있어요_
33277058,절세미녀6554,풍년제과본점드디어방문너무맛있어요,2026년 6월 7일 일요일,빵이 맛있어요_인테리어가 멋져요_사진이 잘 나와요_대화하기 좋아요_친절해요_
33277058,겨l라니,전주여행왔다가들렸는데매장도넓고쾌적하며대기없이이용할수있었습니다,2026년 6월 7일 일요일,특별한 메뉴가 있어요_가성비가 좋아요_메뉴 구성이 알차요_인테리어가 멋져요_매장이 청결해요_
33277058,illeee,풍년제과본점은처음와봤어요초코파이외애도빵종류도많고다양하네요넓고커피도맛나요,2026년 6월 7일 일요일,커피가 맛있어요_빵이 맛있어요_특별한 메뉴가 있어요_
33277058,ckd****,올때마다너무좋아용👍🏼👍🏼,2026년 6월 7일 일요일,인테리어가 멋져요_사진이 잘 나와요_빵이 맛있어요_커피가 맛있어요_음료가 맛있어요_
33277058,jbj****,빵종류가다양해서좋습니다,2026년 6월 7일 일요일,빵이 맛있어요_종류가 다양해요_매장이 넓어요_친절해요_매장이 청결해요_
33277058,gae****,맛있게잘먹을게요~^^,2026년 6월 7일 일요일,매장이 청결해요_친절해요_인테리어가 멋져요_사진이 잘 나와요_빵이 맛있어요_
33277058,wjddms26,우연히본점왔는데먹고싶은빵이많네요!!!전주여행시꼭들려야할곳이에요ㅎ,2026년 6월 7일 일요일,빵이 맛있어요_특별한 메뉴가 있어요_디저트가 맛있어요_매장이 넓어요_
33277058,genie67,매장이무지넓고메뉴가다양해요#전주#풍년제과#수제초코파이#디저트맛집,2026년 6월 6일 토요일,빵이 맛있어요_커피가 맛있어요_종류가 다양해요_인테리어가 멋져요_매장이 넓어요_
33277058,다크쉬나이더,원조풍년제과본점에들러서전주를대표하는초코파이전병을한손가득구입했습니다.늦은시간임에도사람들이많았습니다.전주여행올때마다항상풍년제과들러서초코파이전병을사가는데아이들도잘먹어요~,2026년 6월 6일 토요일,빵이 맛있어요_
33277058,rlatnwjd94,초코소라빵이맛있어서사러왔어요!!!다른지점에비해초코파이위생적으로포장되어있어서좋어요!!!!!,2026년 6월 6일 토요일,빵이 맛있어요_특별한 메뉴가 있어요_인테리어가 멋져요_친절해요_매장이 청결해요_
33277058,후디후디빅또리,전주의맛집풍년제과너무많은빵들과제과가있어요!전주오면꼭방문할핫플!,2026년 6월 6일 토요일,인테리어가 멋져요_집중하기 좋아요_사진이 잘 나와요_화장실이 깨끗해요_음료가 맛있어요_
33277058,맛있는거야,전주오면무조건이죠!!!초코파이다양해옹~~,2026년 6월 6일 토요일,빵이 맛있어요_커피가 맛있어요_음료가 맛있어요_특별한 메뉴가 있어요_인테리어가 멋져요_
33277058,레모세모나,매장도크고깔끔하고유명한초코파이외에다른빵들도많고맛있어요!,2026년 6월 6일 토요일,빵이 맛있어요_특별한 메뉴가 있어요_인테리어가 멋져요_사진이 잘 나와요_매장이 청결해요_
33277058,wka****,매장도넓고쾌적하서즐겁게쇼핑하고갑니다.10년전에맛있게먹고갔는데여전히맛있네요:-),2026년 6월 6일 토요일,종류가 다양해요_메뉴 구성이 알차요_친절해요_매장이 청결해요_매장이 넓어요_
33277058,one****,전주오면꼭오는코스!,2026년 6월 6일 토요일,빵이 맛있어요_특별한 메뉴가 있어요_인테리어가 멋져요_사진이 잘 나와요_
33277058,진주귀고리소녀9,더웠는데시원해서좋았고샌드위치가짱맛입니다!!!!!,2026년 6월 6일 토요일,빵이 맛있어요_인테리어가 멋져요_친절해요_매장이 청결해요_화장실이 깨끗해요_
33277058,48minjung,전주여행와서들렀어요.전주초코파이는풍년제과지요^^너무맛있네요~,2026년 6월 6일 토요일,빵이 맛있어요_인테리어가 멋져요_친절해요_매장이 청결해요_
33277058,조콩이55,아이외여행와서체험했는데너무좋아해요.선생님도친절하게잘설명해주십니다~,2026년 6월 6일 토요일,아이와 가기 좋아요_친절해요_디저트가 맛있어요_
33277058,lmy****,아이가너무좋아햇슴니다ㅎㅎ재방문의사도잇어요선생님도친절하시고쾌적합니다ㅎㅎ,2026년 6월 6일 토요일,특별한 메뉴가 있어요_대화하기 좋아요_사진이 잘 나와요_
33277058,ps910429,전주가족여행오는길에검색하다알게되어급예약후방문했어요!아이가재밌어했고사먹지않고체험통해만든걸먹을수있으니좋아요!진행해주시는선생님이친절하시고설명도잘해주셨어요!ㅎㅎ감사합니당!,2026년 6월 6일 토요일,매장이 청결해요_친절해요_특별한 메뉴가 있어요_매장이 넓어요_
33277058,오이여,평상시에초코파이안사주는데전주왔으니사주고싶었고의미있게직접만드는체험을했어요🤗8살아이도어른이도움이필요해서초등학생들도충분히재밌게할수있는것같습니다.만족스럽습니다👍🏻,2026년 6월 6일 토요일,특별한 메뉴가 있어요_디저트가 맛있어요_아이와 가기 좋아요_
33277058,봄여름가을겨울밤,아이들과전주여행계획중에체험했어요너무즐거운추억맛있는쵸코파이만들었습니다^^,2026년 6월 6일 토요일,재료가 신선해요_메뉴 구성이 알차요_매장이 넓어요_친절해요_
33277058,쩡이28,아이와전주여행을계획하면서초코파이체험을예약했어요.아이가전주에서제일기억에남았다고해요.어린연령부터초등학생성인까지체험연령이다양하네요.전주여행의추억을만든것같아추천해요!!,2026년 6월 6일 토요일,디저트가 맛있어요_특별한 메뉴가 있어요_빵이 맛있어요_
33277058,치즈치즈뱅뱅,전주하면풍년제과초코파이아닌가요?!!!!!예전여행와서먹어보기만했던걸아이랑같이만들기할수있어서좋고선생님설명도친절히잘해주시고아이도너무좋아해요❤️아이랑온다면추천!!!👍🏻,2026년 6월 6일 토요일,빵이 맛있어요_메뉴 구성이 알차요_가성비가 좋아요_컨셉이 독특해요_매장이 넓어요_
33277058,ljw****,전주하면풍년제과초코파이아닌가요?!!!!!예전여행와서먹어보기만했던걸아이랑같이만들기할수있어서좋고선생님설명도친절히잘해주시고아이도너무좋아해요❤️아이랑온다면추천!!!👍🏻,2026년 6월 6일 토요일,빵이 맛있어요_특별한 메뉴가 있어요_집중하기 좋아요_매장이 청결해요_친절해요_
33277058,y0l****,전주놀러와서유명한초코파이오랜만에먹으러왔는데매장이엄청크고빵도초코파이종류도다양해요!2층에카페도있는데공간이너무잘되어있어서만족했어요!,2026년 6월 6일 토요일,빵이 맛있어요_커피가 맛있어요_음료가 맛있어요_특별한 메뉴가 있어요_대화하기 좋아요_
33277058,yeji9610,빵종류도다양라고너무맛있어요!여행첫날방문했는데돌아가는날도들리겠습니다!!,2026년 6월 6일 토요일,빵이 맛있어요_특별한 메뉴가 있어요_디저트가 맛있어요_매장이 넓어요_사진이 잘 나와요_
33277058,여비돌,너무재미있게진행했습니다.감사합니다.,2026년 6월 6일 토요일,빵이 맛있어요_
33277058,해오르미30,아이들과방문하기좋은거같아요!!ㅎㅎ즐겁게체험했습니다,2026년 6월 6일 토요일,집중하기 좋아요_친절해요_
33277058,koc****,전주풍년제과체험아이가너무즐거워하네요,2026년 6월 6일 토요일,빵이 맛있어요_인테리어가 멋져요_친절해요_
33277058,jsj****,아이랑전주여행와서체험하고왔어요♡전주에서제일유명한풍년제과초코파이만들기를아이랑같이해보니너무즐겁고유익한시간이었습니다.결과물도너무맘에드네요맛있어요~!,2026년 6월 6일 토요일,빵이 맛있어요_특별한 메뉴가 있어요_종류가 다양해요_메뉴 구성이 알차요_
33277058,지니11,전주여행와서초코파이먹어야죠!!올때마다맛있는수제초코파이먹고잔뜩사서집으로가요정말너무맛있어요!!!최고!!!!,2026년 6월 6일 토요일,빵이 맛있어요_커피가 맛있어요_음식이 맛있어요_디저트가 맛있어요_인테리어가 멋져요_
33277058,ABCD뽕짝뽕짝,아이가전주하면초코파이라고하면서풍년제과를꼭들르고싶다고하더라고요.초코파이종류가이렇게다양한줄몰랐네요.여러가지빵도다양해서골라먹는재미가있고맛있네요~.맛있는빵먹으면서잘쉬고갑니다~♡,2026년 6월 6일 토요일,빵이 맛있어요_디저트가 맛있어요_매장이 넓어요_매장이 청결해요_화장실이 깨끗해요_
33277058,j1****,매장이크고청결해서좋아요~빵도맛있고아이가좋아해서더맛있게먹고갑니다!,2026년 6월 6일 토요일,빵이 맛있어요_인테리어가 멋져요_대화하기 좋아요_매장이 청결해요_
33277058,임동,매장이넓고메뉴가짱많아요빵들다맛나보여요!!,2026년 6월 5일 금요일,빵이 맛있어요_특별한 메뉴가 있어요_종류가 다양해요_
33277058,Lindsey6112,부산에서오자마자들렀어요!빵들이다맛있고가성비넘쳐서내일도또오려구용!유명한초코파이기념품도사가려구합니당,2026년 6월 5일 금요일,빵이 맛있어요_커피가 맛있어요_특별한 메뉴가 있어요_음료가 맛있어요_가성비가 좋아요_
33277058,tjs****,전주오면항상기념품사러들르는풍년제과입니다.배송보다는직접사는맛으로♡,2026년 6월 5일 금요일,빵이 맛있어요_친절해요_매장이 청결해요_화장실이 깨끗해요_
33277058,유리6177,유니크하고맛있어보이는빵이엄청많아요산빵다맛있었어요2층에자리가널널하고자리마다콘센트가있어서좋았어요,2026년 6월 5일 금요일,빵이 맛있어요_특별한 메뉴가 있어요_메뉴 구성이 알차요_디저트가 맛있어요_매장이 넓어요_
33277058,소금빵먹는멍이,버터떡은내취향아니다멍!🐾미니초코파이가있어서봐줬다멍!,2026년 6월 5일 금요일,종류가 다양해요_메뉴 구성이 알차요_
33277058,1월18일,간식떨어져서왔어요.쫀득쿠키생강전병계피과자슈크림,2026년 6월 3일 수요일,특별한 메뉴가 있어요_빵이 맛있어요_친절해요_주차하기 편해요_뷰가 좋아요_
33277058,안타레스5,전주의자부심풍년제과본점입니다.다양한전주초코파이와빵이너무많아서행복해요!!전주에오시면꼭들러보세요~,2026년 6월 3일 수요일,특별한 메뉴가 있어요_종류가 다양해요_빵이 맛있어요_디저트가 맛있어요_매장이 청결해요_
33277058,솔리나파,풍년제과가전주맛집이라수제초코파이사러왔어요.종류도다양하고여러가지구매했어요,2026년 6월 3일 수요일,커피가 맛있어요_빵이 맛있어요_사진이 잘 나와요_
33277058,주연2,초코파이종류가다양하고기타다른빵종류도많고맛있네요:)전주여행오시면꼭들러보세요😄,2026년 6월 2일 화요일,빵이 맛있어요_특별한 메뉴가 있어요_인테리어가 멋져요_친절해요_매장이 청결해요_
33277058,scy****,전주풍년제과초코파이먹어봤는데빵이촉촉하고부드러워서맛있었습니다.안에들어있는딸기잼과크림이잘어울려달콤한맛이좋았습니다.시중초코파이보다훨씬고급스럽고묵직한느낌이었습니다.커피나우유와함께먹으니더맛있게즐길수있었습니다.전주에가면다시구매하고싶은만족스러운제품입니다💗💗,2026년 6월 2일 화요일,빵이 맛있어요_커피가 맛있어요_가성비가 좋아요_인테리어가 멋져요_친절해요_
33277058,아하79,가족들이랑전주여행와서한옥마을바로옆이라방문했는데빵종류도많고맛있어요!!,2026년 6월 2일 화요일,빵이 맛있어요_특별한 메뉴가 있어요_디저트가 맛있어요_음료가 맛있어요_종류가 다양해요_
33277058,nos****,포장따로해달라고햇는데잘해주셨어여대응친절하고좋습니다!!연유빵너무맛있어요재방문의사1000🥰🥰🥰!!,2026년 6월 1일 월요일,빵이 맛있어요_커피가 맛있어요_인테리어가 멋져요_사진이 잘 나와요_
33277058,다크루인,전주풍년제과본점방문후기:가족과함께한달콤한시간​이번전주방문길에가족들과함께풍년제과본점에다녀왔습니다.오랜전통을자랑하는곳이라기대가컸는데그만큼만족스러운시간을보내고왔습니다.​🥖맛과분위기​입안가득행복한맛:이곳의대표메뉴인수제초코파이는역시명불허전이었습니다.부드러운빵과적당한단맛의조화가일품이었고다른종류의빵들도재료를아끼지않은듯깊은풍미가느껴졌습니다.남녀노소누구나좋아할만한맛이라빵을고르는내내즐거웠네요.​가족과함께하기좋은공간:매장분위기가따뜻하고편안해서가족들과오손도손앉아갓구운빵을나눠먹기에더할나위없었습니다.맛있는음식을공유하며이야기를나누니여행의피로도싹가시는기분이었습니다.,2026년 6월 1일 월요일,빵이 맛있어요_커피가 맛있어요_음료가 맛있어요_특별한 메뉴가 있어요_좌석이 편해요_
1694616852,허니우니,아것저것먹으려고왔어여분위기도좋고맛있어요~~,2026년 6월 14일 일요일,음식이 맛있어요_재료가 신선해요_인테리어가 멋져요_친절해요_
1694616852,베네치아94,주사위굴리기로술게임재밌네요:),2026년 6월 13일 토요일,특별한 메뉴가 있어요_인테리어가 멋져요_
1694616852,99ku,좋아요,2026년 6월 9일 화요일,특별한 메뉴가 있어요_인테리어가 멋져요_
1694616852,California78,육전맛있어요한옥마을중심에있어서찾기쉽습니다,2026년 6월 7일 일요일,음식이 맛있어요_가성비가 좋아요_뷰가 좋아요_
1694616852,밀 ㅎ,팔에문신있는직원싸가지레전드다른직원들은친절함냉면맛없음살얼음1도없는미지근한냉면물도미지근탄산음료도미지근,2026년 6월 6일 토요일,음식이 맛있어요_가성비가 좋아요_뷰가 좋아요_
1694616852,gpq****,다른소비자분들의선택에도움을드리고자솔직한후기남깁니다.총12만원지불했습니다.음식맛:냉면은미지근하고면이딱딱했으며비빔밥에는찬밥이나왔습니다.김치전과김밥역시간이맞지않고밍밍했습니다.가격대비맛의만족도가현저히떨어집니다.서비스:주문한음식을다먹을때쯤다음음식이하나씩나와식사흐름이끊겼습니다.기본찬구성도김치뿐매우단조롭습니다.위생:양념통(식초)관리가제대로되지않아겉면이찐득거리는등위생상태개선이필요해보입니다.그어느하나돈값하는것이없습니다,2026년 6월 6일 토요일,음식이 맛있어요_가성비가 좋아요_뷰가 좋아요_
1694616852,다담다 디저트,나홀로전주기차여행보석육회김밥비쥬얼독특해서꼭먹어보고싶어오픈시간에입장해서시켰답니다.넘이쁘네요.김밥이도톰해서다시마인줄알았어요.보석김밥위에육회얹어먹으니맛있네요.혼자먹기많은량인데다먹어버렸어요.좀아쉬운게있다면...가벼운국물이있었으면싶더라구요.잘다녀갑니다,2026년 6월 6일 토요일,특별한 메뉴가 있어요_건강한 맛이에요_매장이 넓어요_친절해요_
1694616852,김가은7,목소리좋으시고친절하고멋진사장님덕분에맛있게먹을수있었어요~!음식도너무정갈하고맛있네요가게인테리어도좋아서전주여행하면서낭만을즐기려면필수로와야할곳입니다!전주비빔밥도가성비가좋고맛있어서필수로먹어야됩니다!,2026년 6월 5일 금요일,음식이 맛있어요_재료가 신선해요_양이 많아요_특별한 메뉴가 있어요_인테리어가 멋져요_
1694616852,again summer,점심한끼해결하러헤매이다빈창(?)뷰룰발견식당이였어요일행이6세아이와단둘이라시그니처인보석비빔밥은못시키고야채비빔밥과육전을시켰어요관광지라육전이조금나올거라지레짐작하고맛보기아닌보통을시켰는데….양이어마무시해서1차놀람바로부쳐나온육전은너무보드랍고고소하고따뜻해서2차놀람그런데깜빡잊고고추장빼달란말씀을못드려비빔밥에고추장이ㅠ..새로시켜야하는판인데사장님께서극구돈안받으신다고새로해주시고고추장든건애기엄마먹으라고ㅠㅠ…정말너무감사한마음으로식사했어요이렇게마음너그럽고친절한분이번창하셨으면하는바람을가져봅니다감사히잘먹었습니다^^,2026년 6월 4일 목요일,혼밥하기 좋아요_뷰가 좋아요_친절해요_음식이 맛있어요_양이 많아요_
1694616852,미나킴52,찌는더위였는데쾌적하게전에모주한잔하니너무좋더라구요!바로구워주시는거여서인지시간은조금걸렸어용밥먹고간거라전만먹었지만특색있는메뉴가있어서담에는밥먹으러오고싶네요,2026년 6월 3일 수요일,음식이 맛있어요_인테리어가 멋져요_매장이 넓어요_
1694616852,마돌55,전주비빔밥입니다.먹기전비벼만놓은상태.이게뭔가요?밥이1/4만들어간건지밥알세어가며먹었습니다.고추장이들어는간건지한참이나모자라직원을불렀더니밥들어갔고고추장들어갔다며틱틱거리는태도가거참여기가뜨내기손님잡는곳이구나-싶더군요.사람많고리뷰가많아맛집인지착각한우리가문제다하며억지로먹고나왔습니다.떡국은죄다사진처럼붙어나오고만두는쥐콩만하고가게에똥파리가날아다니고한명이라도구해(?)보겠다는생각에적습니다.리뷰쓸려고1층직원에게영수증달라하니이거하고준다며틱틱거리는걸보니그냥여기수준이란생각이굳어졌습니다.경기전앞이라대충해도사람많고관광객이고뜨내기라만만한가본데꼭망하길기도합니다.,2026년 5월 25일 월요일,매장이 넓어요_
1694616852,luv mac,육전사진은없지만육전너무질겨서먹지도못했고직원불친절해서여행와서첫집이였는데기분망쳤어요기다린보람없었어요,2026년 5월 25일 월요일,매장이 넓어요_
1694616852,it****,작년에애들이랑만전주에와서못먹어봤는데드디어가서먹었습니다.전부터나왔는데7살아이한테뭐가맛있냐니까물이젤맛있데서당황했어요.그러다가김밥이제일맛있는걸로바뀌었어요ㅎㅎ초딩아이는파전을맛있다고했고어른들은저양파절임에육전이요ㅎㅎ저는김밥접시랑비쥬얼을기대했는데배?도없고ㅎㅎ조금바뀐비쥬얼에실망했어요.자리마다분위기가완전다른곳이라구석에앉은저는생각보다평범하게나와서현수막과광고에나오는것보다약한비쥬얼이아쉽네요.한번쯤육회김밥은재미로먹어보면좋을것같습니다.해물파전은새우랑오징어가많이들어갑니다.육전도괜찮았어요!,2026년 5월 24일 일요일,특별한 메뉴가 있어요_매장이 넓어요_친절해요_매장이 청결해요_
1694616852,별이콩,맛집검색하다가찾은맛집입니다😄육회김밥육전이인기가많은거같아요~육회김밥너무이쁘고맛도좋았어요!대동여지도주는한잔씩다양한술은맛볼수있어서좋았어요~입도눈도즐거운곳이였어요💛,2026년 5월 24일 일요일,음식이 맛있어요_친절해요_특별한 날 가기 좋아요_
1694616852,멋쟁이9660,메뉴당20분이상기다려야하네요...잔형적인관광지고가격비낮은가성비,2026년 5월 24일 일요일,음식이 맛있어요_친절해요_특별한 날 가기 좋아요_
1694616852,한세41,한옥마을와서맛집으로떠서왔는데좋아요,2026년 5월 23일 토요일,음식이 맛있어요_특별한 메뉴가 있어요_인테리어가 멋져요_뷰가 좋아요_특별한 날 가기 좋아요_
1694616852,체크인 트래블로그,전주한옥마을경기전앞에위치해있어서관광접근성이매우좋았습니다.전주비빔밥이랑육전세트먹었는데육전이부드럽고금방구워서맛있었어요.전주비빔밥은정통비빔밥스타일이아니라퓨전비빔밥으로외국인들도좋아할맛이에요,2026년 5월 23일 토요일,음식이 맛있어요_특별한 메뉴가 있어요_인테리어가 멋져요_컨셉이 독특해요_
1694616852,camping9s,전주는전주♡전주한옥마을맛있게먹고갑니다.,2026년 5월 23일 토요일,음식이 맛있어요_재료가 신선해요_뷰가 좋아요_매장이 넓어요_
1694616852,아르웬99,🤗,2026년 5월 23일 토요일,음식이 맛있어요_
1694616852,timon117,리뷰도많고평점이좋아서방문했는데전갖다주면서간장도안갖다주더니모주시키니모주만댕강갖다주고잔은셀프바에서갖다먹으라함.육전이랑대동여지도세트시켰는데개인그릇도알아서갖다먹어야됨;;먹는데날파리몇마리가계속날라다녀서진짜화가났음.호출벨도없고금액에비해만족도떨어짐;;;,2026년 5월 18일 월요일,인테리어가 멋져요_매장이 넓어요_사진이 잘 나와요_
1246677842,pch****,불친절칼국수메뉴받는사람은쇼미찍나쳐다만보고있노불친절칼국수이제안녕ㅂㅂ,2026년 6월 14일 일요일,인테리어가 멋져요_매장이 넓어요_사진이 잘 나와요_
1246677842,러브람,거의10년만에먹으러온거같은데너무그리운맛이었습니다.여전히맛있네요!!만족하고갑니다.,2026년 6월 14일 일요일,음식이 맛있어요_양이 많아요_특별한 메뉴가 있어요_가성비가 좋아요_매장이 청결해요_
1246677842,레인메이커4620,거의10년만에먹으러온거같은데너무그리운맛이었습니다.여전히맛있네요!!만족하고갑니다.,2026년 6월 14일 일요일,음식이 맛있어요_특별한 메뉴가 있어요_
1246677842,레이나CK,양도많고맛있어요~~만두도완전취저!한옥마을구경왔다든든하게먹고갑니다~~,2026년 6월 13일 토요일,음식이 맛있어요_양이 많아요_주차하기 편해요_친절해요_
1246677842,hsj****,칼국수가맛있어요~^^,2026년 6월 12일 금요일,음식이 맛있어요_재료가 신선해요_양이 많아요_매장이 넓어요_친절해요_
1246677842,땡전백원,서비스개쓰레기직원들상태가이모양인데관리는되는건지...,2026년 6월 11일 목요일,음식이 맛있어요_재료가 신선해요_양이 많아요_매장이 넓어요_친절해요_
1246677842,본리본,굿,2026년 6월 11일 목요일,음식이 맛있어요_재료가 신선해요_양이 많아요_매장이 넓어요_친절해요_
1246677842,yuc****,굿,2026년 6월 11일 목요일,음식이 맛있어요_
1246677842,마린파크,만두가반반이가능하다면메뉴판에써놓을것아는사람만반반가능한가,2026년 6월 9일 화요일,음식이 맛있어요_
1246677842,ws****,하하하하웃음이나와요하하하하하,2026년 6월 7일 일요일,음식이 맛있어요_
1848527934,jwz****,시그니쳐메뉴인수비드문어명란오일파스타먹어봤는데진짜입에서살살녹아요🤯진짜맛있어요,2026년 6월 15일 월요일,음식이 맛있어요_특별한 메뉴가 있어요_인테리어가 멋져요_사진이 잘 나와요_
1848527934,혠265,음식이너무맛있어요..!!전주여행마지막날들렸는데너무좋은마무리였어요..!또오게되면좋겠어요🥹,2026년 6월 15일 월요일,음식이 맛있어요_재료가 신선해요_특별한 메뉴가 있어요_인테리어가 멋져요_
1848527934,오은서78,음식하나하나모두맛잇었어요!,2026년 6월 15일 월요일,음식이 맛있어요_재료가 신선해요_사진이 잘 나와요_인테리어가 멋져요_
1848527934,cho****,오랜만에분위기좋은곳에서브런치먹고싶어서방문했어요오픈시간맞춰서들어오니한산하고메뉴도빨리나와서좋네요맛있게먹었습니다^^,2026년 6월 15일 월요일,음식이 맛있어요_인테리어가 멋져요_매장이 청결해요_
1848527934,Specialist362,분위기도너무좋고명란문어파스타너무맛있어요!바질토마토에이드처음먹어봤는데맛있었어요.다음번에는리조또도먹어보려고합니다:),2026년 6월 15일 월요일,음식이 맛있어요_특별한 메뉴가 있어요_사진이 잘 나와요_인테리어가 멋져요_친절해요_
1848527934,떡볶이국물에순대찍먹,저번에방문했다가맛있어서또왔어용!메뉴도다양하고강추합니당,2026년 6월 14일 일요일,음식이 맛있어요_재료가 신선해요_특별한 메뉴가 있어요_사진이 잘 나와요_
1848527934,쥐혜콩,남편과신혼여행으류스페인다녀와서결혼기념일기념으로스페인요리먹으러왔는데요기가스페인인지한국인지모를정도로현지음식제대롭니더~~~!!너무맛있어용ㅎㅎ,2026년 6월 14일 일요일,음식이 맛있어요_재료가 신선해요_특별한 메뉴가 있어요_사진이 잘 나와요_인테리어가 멋져요_
1848527934,손뚱땡이61,맛있게먹었습니다,2026년 6월 14일 일요일,음식이 맛있어요_인테리어가 멋져요_
1848527934,하트뿅뿅736,직원분들도친철하고음식도맛있습니다!!테라스뷰가너무좋아요!!,2026년 6월 14일 일요일,음식이 맛있어요_재료가 신선해요_야외공간이 멋져요_친절해요_매장이 청결해요_
1848527934,마이구규밍,가게분위기가좋고뽈뽀부드럽고맛나요!,2026년 6월 14일 일요일,음식이 맛있어요_
1848527934,wvwww,특별한메뉴가많아용,2026년 6월 14일 일요일,음식이 맛있어요_인테리어가 멋져요_친절해요_
1848527934,고은비59,전주에오면꼭와야한다고하는브런치맛집!다른곳은없는특별한메뉴와맛도너무맛있었습니다!수비드닭가슴살스테이크랑명란오일파스타강추입니다ㅎㅎ,2026년 6월 14일 일요일,음식이 맛있어요_재료가 신선해요_특별한 메뉴가 있어요_인테리어가 멋져요_
1848527934,ykm626,와숙소사장님추천통해서왔어요수비드문어명란파스타정말맛있습니다.부드럽고감칠맛좋습니다,2026년 6월 14일 일요일,음식이 맛있어요_아늑해요_매장이 청결해요_
1848527934,아아아아아99,완전맛있어요!다음에또올게용😊,2026년 6월 13일 토요일,음식이 맛있어요_재료가 신선해요_특별한 메뉴가 있어요_건강한 맛이에요_인테리어가 멋져요_
1848527934,큐튼비,몇년전부터힝상즐겨오던곳인데오랜만에가족들이랑왔는데여전히분위기도좋고음식도넘맛있어요!!,2026년 6월 13일 토요일,음식이 맛있어요_재료가 신선해요_건강한 맛이에요_
1848527934,민이55,시킨메뉴다전체적으로질리지않고맛있었어요❤️아기의자도있어서편하게잘먹었어요>_<,2026년 6월 13일 토요일,음식이 맛있어요_재료가 신선해요_특별한 메뉴가 있어요_
1848527934,yjh****,늘오는곳인데부모님ㅁ모시고왔어요!늘맛있어요~~,2026년 6월 13일 토요일,음식이 맛있어요_특별한 메뉴가 있어요_인테리어가 멋져요_
1848527934,ㅇㅇ2037,음식이정말맛있고분위기도너무좋았어요✨재료도신선하고직원분들도친절하셔서만족했습니다😊전주오면또방문하고싶은맛집이에요,2026년 6월 13일 토요일,음식이 맛있어요_재료가 신선해요_인테리어가 멋져요_사진이 잘 나와요_친절해요_
1848527934,김영경2341,프레시한맛에분위기도좋아요해산물폭탄토마토파스타&탱글한새우가득쉬림프필라프​토마토파스타는조개가한가득이라국물(?)까지맛있었고쉬림프필라프는새우가진짜커서식감이최고!🍤​플레이팅도깔끔하고예뻐서사진찍을맛나네요.(저기창가자리라채광도좋아요!)다음에또다른메뉴도먹어보고싶어요.잘먹었습니다!,2026년 6월 13일 토요일,음식이 맛있어요_재료가 신선해요_건강한 맛이에요_대화하기 좋아요_매장이 청결해요_
1848527934,hye****,소문으로만들었던구프오프에왔어요:)인테리어도차분하고예쁘고분위기가너무좋았어요.그리고파스타진짜맛있네요ㅎ.ㅎ다음에도다른메뉴먹으로또오겠습니다~,2026년 6월 13일 토요일,음식이 맛있어요_메뉴 구성이 알차요_인테리어가 멋져요_사진이 잘 나와요_대화하기 좋아요_
1848527934,민주7,구프오프바질로유명하다길래부모님모시고와봤어요ㅎㅎ쉬림프갈릭필라프랑파스타가정말맛있어요!,2026년 6월 12일 금요일,음식이 맛있어요_재료가 신선해요_특별한 메뉴가 있어요_인테리어가 멋져요_대화하기 좋아요_
1848527934,스폰지밥5850,항상맛있어요~^^,2026년 6월 12일 금요일,음식이 맛있어요_인테리어가 멋져요_
1848527934,lee****,남자친구랑저번에방문하고2번째방문입니당!음식이맛있어서두명이서도많이먹을수있어요!직원분들이엄청친절하시고신경많이써주십니다!!^^음식이진짜맛있어용~~,2026년 6월 11일 목요일,음식이 맛있어요_특별한 메뉴가 있어요_인테리어가 멋져요_차분한 분위기예요_친절해요_
1848527934,tlqkfwrkxsp,여자친구와데이트하기참좋은곳이예요!음식도맛있어요~,2026년 6월 11일 목요일,음식이 맛있어요_재료가 신선해요_특별한 메뉴가 있어요_인테리어가 멋져요_사진이 잘 나와요_
1848527934,느좋girl,풍기리조또너무맛있어요...와서꼭먹어보세요!!,2026년 6월 11일 목요일,음식이 맛있어요_재료가 신선해요_특별한 메뉴가 있어요_사진이 잘 나와요_대화하기 좋아요_
1848527934,cheers19,이제야오게됐네요.갑오징어너무맛있어요!,2026년 6월 11일 목요일,음식이 맛있어요_
1848527934,희망이5924,샹그리아신선해요!바질페스토도진하고갑오징어강추요!,2026년 6월 11일 목요일,재료가 신선해요_특별한 메뉴가 있어요_음식이 맛있어요_
1848527934,밀키제이,친절하고맛있었어요!👍🏻,2026년 6월 11일 목요일,음식이 맛있어요_
1848527934,김형은33,가족이랑같이오기좋은장소입니다~분위기도좋고음식도맛있어요~!!,2026년 6월 11일 목요일,인테리어가 멋져요_대화하기 좋아요_아늑해요_차분한 분위기예요_음식이 맛있어요_
1848527934,tdg****,연인이랑데이트하기정말좋은곳인거같아요!!너무맛있습니다!,2026년 6월 11일 목요일,음식이 맛있어요_재료가 신선해요_메뉴 구성이 알차요_인테리어가 멋져요_음악이 좋아요_
1848527934,hbr0221,분위기도너무좋고음식도너무깔끔하고맛있어요!!데이트로너무좋습니다,2026년 6월 11일 목요일,음식이 맛있어요_특별한 메뉴가 있어요_인테리어가 멋져요_대화하기 좋아요_
1848527934,바람먹고 구름똥24,맛있어용용지금네번째방문이에요율때마다새로운거시키고이ㅛ즌데다맛있어요,2026년 6월 11일 목요일,음식이 맛있어요_
1848527934,예스아이캔두잇1004,가게분위기도너무좋고음식도맛잇어요!!,2026년 6월 11일 목요일,음식이 맛있어요_재료가 신선해요_특별한 메뉴가 있어요_사진이 잘 나와요_대화하기 좋아요_
1848527934,가은 쥬,전주여행와서처음으로온브런치카페에요!인테리어도너무예쁘고파스타진짜너무맛이써요🥹✨다들추천한이유를알것같아요ㅎ,2026년 6월 11일 목요일,사진이 잘 나와요_인테리어가 멋져요_특별한 날 가기 좋아요_음식이 맛있어요_
1848527934,소영이 33,우선너무예쁨ㅠㅠㅠㅠㅠ인스타감성낭낭한브런치집ㅎㅎㅎ아전주일박이일여행와서제일먼저온곳인데너무잘선택한듯!!!!파스타진짜맛있어요ㅜㅜㅜㅜㄱㄱㄱㄱ강추,2026년 6월 11일 목요일,인테리어가 멋져요_사진이 잘 나와요_대화하기 좋아요_음식이 맛있어요_재료가 신선해요_
1848527934,도로시6130,유명한맛집이라서첫방문해보았는데일단메뉴가다양하고맛도말해뭐해입니다ㅠㅠㅠ🥰너무맛있게먹었습니다!특히풍기리조또너무맛잇네용ㅜㅜㅜ😭🫶인테리어도너무감각적이고친절하셔서추천합니당!!,2026년 6월 11일 목요일,음식이 맛있어요_재료가 신선해요_특별한 메뉴가 있어요_
1848527934,dam****,너무너무맛있어요!!최고👍,2026년 6월 11일 목요일,음식이 맛있어요_인테리어가 멋져요_
1848527934,도됴리링,가족모임하러왔는데너무좋네요!하우스와인너무맛있어용,2026년 6월 9일 화요일,음식이 맛있어요_재료가 신선해요_인테리어가 멋져요_사진이 잘 나와요_특별한 날 가기 좋아요_
1848527934,eu****,와이프가좋아해서긴민에제이트하러왔어요.맛있는음식에쾌적한실내가기분좋게만들어줍니다!!서학동추천맛집이에요!!,2026년 6월 9일 화요일,음식이 맛있어요_재료가 신선해요_특별한 메뉴가 있어요_메뉴 구성이 알차요_인테리어가 멋져요_
1848527934,아따거그라고도라브러,인테리어가너무멋져요~결혼전에데이트할때도자주왔었는데여전히예쁘고청결해요.항상기분좋게먹고갑니다~!!!,2026년 6월 9일 화요일,음식이 맛있어요_재료가 신선해요_인테리어가 멋져요_대화하기 좋아요_친절해요_
1848527934,enw****,너무맛있게잘먹었어요,2026년 6월 9일 화요일,음식이 맛있어요_재료가 신선해요_인테리어가 멋져요_친절해요_
1848527934,훈딘,예전부터자주오던곳이고분위기맛모두만족을주는곳입니다오래오래하시면좋겠습니다,2026년 6월 9일 화요일,음식이 맛있어요_재료가 신선해요_건강한 맛이에요_커피가 맛있어요_친절해요_
1848527934,dus****,오랜만에방문했는데변함없이맛있어요!특히항상시키는할라피뇨봉골레파스타최고에여🤍,2026년 6월 9일 화요일,음식이 맛있어요_재료가 신선해요_메뉴 구성이 알차요_커피가 맛있어요_
1848527934,dvdtwe,분위기도좋고음식도맛있어요👍,2026년 6월 8일 월요일,음식이 맛있어요_재료가 신선해요_특별한 메뉴가 있어요_건강한 맛이에요_
1848527934,man****,음식이너무맛있고분위기도좋네요👍,2026년 6월 7일 일요일,음식이 맛있어요_특별한 메뉴가 있어요_인테리어가 멋져요_친절해요_음식이 빨리 나와요_
1848527934,쁘니쁘니girl,가족들과함께와서맛있는식사했어요♥분위기도맛도굳이에요:)강력추천해유,2026년 6월 7일 일요일,음식이 맛있어요_재료가 신선해요_메뉴 구성이 알차요_인테리어가 멋져요_아늑해요_
1848527934,0102876,음식맛도좋고분위기도좋고너무좋은맛집이에요!,2026년 6월 7일 일요일,음식이 맛있어요_재료가 신선해요_특별한 메뉴가 있어요_친절해요_아이와 가기 좋아요_
1848527934,구투더구,전주살면서여기왜지금와봤지?!할정도록너무맛있고아이랑함께오기좋은곳이에요ㅎㅎㅎ,2026년 6월 7일 일요일,음식이 맛있어요_재료가 신선해요_특별한 메뉴가 있어요_친절해요_아이와 가기 좋아요_
1848527934,디잉딩딩,분위기도너무좋고맛있어요!와보고싶던곳인데오길잘했다는생각이계속들었답니다ㅎㅎㅎ,2026년 6월 7일 일요일,음식이 맛있어요_재료가 신선해요_고기 질이 좋아요_인테리어가 멋져요_사진이 잘 나와요_
1848527934,cyh759,전주처음와봅니다너무멋진가게에서가족들과친구들과좋은시간보내고맛있는음식먹고갑니다.다음에오면또들리고싶어요분위기맛안빠지는게없습니다!,2026년 6월 6일 토요일,음식이 맛있어요_특별한 메뉴가 있어요_인테리어가 멋져요_친절해요_특별한 날 가기 좋아요_
1848527934,헝션40,완전밧있는구스오프!!!너무맛있엉퓨단골이에용ㅎㅎ!!!누구든와서반할곳!,2026년 6월 6일 토요일,음식이 맛있어요_재료가 신선해요_특별한 메뉴가 있어요_건강한 맛이에요_
1848527934,aro****,스테이크맛있고친절하셔요,2026년 6월 6일 토요일,음식이 맛있어요_
1848527934,기아 타이거,예전에전주교대다닐땐없던매장인데새로생겨서와봤어요엄청매장도깔끔하고음식도너무맛있어서다음에도또올예정이예요!,2026년 6월 6일 토요일,음식이 맛있어요_인테리어가 멋져요_사진이 잘 나와요_매장이 청결해요_
1848527934,희희5812,음식이너무맛있고매장분위기도좋아요~~추천합니다!,2026년 6월 6일 토요일,음식이 맛있어요_인테리어가 멋져요_대화하기 좋아요_매장이 청결해요_
1848527934,sce****,닭다리스테이크맛있어요!매장너무예뻐요전즈오면또올것같아요,2026년 6월 6일 토요일,음식이 맛있어요_사진이 잘 나와요_인테리어가 멋져요_친절해요_특별한 날 가기 좋아요_
1848527934,온유하게,몇년전방문하고친구들한테추천하기위해재방문했는데요여전히맛있고!메뉴가다양해져서좋네요ㅋ.ㅋ담엔남편이랑아기랑재방문하려규요,2026년 6월 6일 토요일,음식이 맛있어요_재료가 신선해요_특별한 메뉴가 있어요_건강한 맛이에요_
1848527934,Ssong96,가게가너무이뻐요음식도너무너무맛있구요또방문할게요!,2026년 6월 6일 토요일,음식이 맛있어요_특별한 메뉴가 있어요_대화하기 좋아요_
1848527934,크이키,여자친구랑왔는데분위기도좋고음식도맛있어요!,2026년 6월 5일 금요일,음식이 맛있어요_특별한 메뉴가 있어요_인테리어가 멋져요_사진이 잘 나와요_
1848527934,wnd****,내관외관분위기너무좋구음식들도맛있어요다음전주올때또오고싶어요🍀,2026년 6월 5일 금요일,음식이 맛있어요_재료가 신선해요_야외공간이 멋져요_인테리어가 멋져요_사진이 잘 나와요_
1848527934,우우아아이이오,메뉴가전부맛있고분위기가너무좋아요.ᐟ바람솔솔부는날씨에야외에서먹는거강추드립니다,2026년 6월 5일 금요일,음식이 맛있어요_재료가 신선해요_특별한 메뉴가 있어요_인테리어가 멋져요_사진이 잘 나와요_
1848527934,민정9321,브런치맛집👍🏻우연히알게되어와봤는데음식도맛있고인테리어도너무이뻐서만족합니다다음에또오고싶어요🫶🏻🫶🏻🫶🏻🫶🏻,2026년 6월 3일 수요일,음식이 맛있어요_메뉴 구성이 알차요_인테리어가 멋져요_매장이 청결해요_음식이 빨리 나와요_
1848527934,빠그잼,전주에서만먹을수있는브런치카페메뉴하나하나다특색있고인공적인맛이아닌자연의맛이라더욱더맛있오요강추합니다👍,2026년 6월 3일 수요일,음식이 맛있어요_재료가 신선해요_특별한 메뉴가 있어요_인테리어가 멋져요_사진이 잘 나와요_
1848527934,토토로476,음식도맛있고분위기도좋아요,2026년 6월 3일 수요일,음식이 맛있어요_재료가 신선해요_특별한 메뉴가 있어요_건강한 맛이에요_인테리어가 멋져요_
1848527934,JJeansH,매장분위기너무좋아요음식도맛있어요,2026년 6월 3일 수요일,음식이 맛있어요_인테리어가 멋져요_친절해요_
1848527934,돌돌이114,날이좋아서아이들과함께왔는데너무맛있어요얼마전이탈리아에서먹었던파스타맛집맛이.나서이탈리아다시온것같다고아이들이애기하네요분위기도좋고요즘인스타좋아하는큰아이가정신없이사진찍어요,2026년 6월 3일 수요일,음식이 맛있어요_인테리어가 멋져요_아이와 가기 좋아요_매장이 청결해요_
1848527934,듀비웅니,전주가처음이고퇴근하고혼자여행왔는데동생이꼭먹어보래서마감10분남기고성공했어요..!밥알이꼬돌꼬돌맛있고보통맛인데도그닥안매워요!다음에또온다면수비드치킨먹고싶어요,2026년 6월 2일 화요일,음식이 맛있어요_비싼 만큼 가치있어요_아늑해요_인테리어가 멋져요_사진이 잘 나와요_
1848527934,삶53,구프오프소개팅하기딱좋은공간이에요!거기에맛도있고!,2026년 6월 2일 화요일,음식이 맛있어요_재료가 신선해요_특별한 메뉴가 있어요_건강한 맛이에요_야외공간이 멋져요_
1848527934,Jeesu,믿고먹는구프오프!재료도신선하고분위기도정말좋아용..♥,2026년 6월 2일 화요일,음식이 맛있어요_재료가 신선해요_인테리어가 멋져요_사진이 잘 나와요_
1848527934,Ououn,아이랑방문했는데식기도아기의자도구비되있고맛도너무맛있어요!!,2026년 6월 2일 화요일,음식이 맛있어요_특별한 메뉴가 있어요_인테리어가 멋져요_아이와 가기 좋아요_매장이 청결해요_
1848527934,ohe****,처음와봤는데음식도맛있고인테리어도멋있어요!,2026년 6월 1일 월요일,음식이 맛있어요_재료가 신선해요_인테리어가 멋져요_
1848527934,믕딩,콜드파스타먹고싶어서또방문했어요별관이생겨서대기없이바로먹을수있어서좋았네요,2026년 5월 31일 일요일,음식이 맛있어요_특별한 메뉴가 있어요_인테리어가 멋져요_사진이 잘 나와요_대화하기 좋아요_
1848527934,하비비빠라디,너무맛있어요.수비드문어명란오일파스타!,2026년 5월 31일 일요일,음식이 맛있어요_재료가 신선해요_특별한 메뉴가 있어요_
1848527934,ij****,자주찾는곳이예요봉골레파스타맛있어요,2026년 5월 31일 일요일,음식이 맛있어요_재료가 신선해요_
1848527934,지구592,여기사시는부모님이좋아하시는곳이라왔는데분위기너무좋고음식도맛있어요!다음에또올게요~~!!🩷,2026년 5월 31일 일요일,음식이 맛있어요_재료가 신선해요_특별한 메뉴가 있어요_건강한 맛이에요_인테리어가 멋져요_
1848527934,gsu****,내부분위기는유럽감성에맛또한평범함을넘어훌륭.꼭다시오고싶어요,2026년 5월 31일 일요일,음식이 맛있어요_재료가 신선해요_메뉴 구성이 알차요_야외공간이 멋져요_친절해요_
1848527934,인생은아름다워89,특별한음식이많도친절해요!!주기적으로방문라고싶은곳이에요!,2026년 5월 31일 일요일,음식이 맛있어요_특별한 메뉴가 있어요_인테리어가 멋져요_친절해요_
1848527934,즐거운오후79,친절하고음식다맛있습니다.와인과페어링굿!,2026년 5월 31일 일요일,음식이 맛있어요_메뉴 구성이 알차요_인테리어가 멋져요_친절해요_
1848527934,미나리나미,오랜만에가족들과함께주말에방문했는데요!역시유명한이유가있어요..특히바질은찐입니다..!다음은남자친구와같이올게요!,2026년 5월 31일 일요일,음식이 맛있어요_재료가 신선해요_특별한 메뉴가 있어요_건강한 맛이에요_사진이 잘 나와요_
1848527934,밝은눈73,전주는물론전국적으로도탑티어음식들입니다.언제나너무맛나요~~와이프가제일사랑하는집입니다!!,2026년 5월 31일 일요일,음식이 맛있어요_재료가 신선해요_인테리어가 멋져요_사진이 잘 나와요_친절해요_
1848527934,갓 스피드71,면익힘좋은데살짝짠맛치즈좋음맛5점만점3.4점가격살짝높음평균2만원대근처온다면다시방문,2026년 5월 30일 토요일,음식이 맛있어요_인테리어가 멋져요_차분한 분위기예요_음악이 좋아요_사진이 잘 나와요_
1848527934,칡칡,음식너무맛있고요분위기도좋아요!,2026년 5월 30일 토요일,음식이 맛있어요_인테리어가 멋져요_사진이 잘 나와요_아이와 가기 좋아요_매장이 청결해요_
1848527934,abc9556,친구들이랑방문했는데분위기도너무좋고음식도맛있어요.여기만의메뉴가있어서다음에또오고싶어요.,2026년 5월 30일 토요일,음식이 맛있어요_특별한 메뉴가 있어요_사진이 잘 나와요_대화하기 좋아요_친절해요_
1848527934,jiy****,양식먹고싶어서검색해서오게되었어요맛있게먹겠습니다,2026년 5월 30일 토요일,음식이 맛있어요_메뉴 구성이 알차요_사진이 잘 나와요_대화하기 좋아요_
1848527934,파란43,야외테이블분위기넘좋고메뉴도다맛있어요~,2026년 5월 30일 토요일,음식이 맛있어요_재료가 신선해요_특별한 메뉴가 있어요_
1848527934,여기33,아이랑오기좋고직원분들이친절하고음식이맛있어요*,2026년 5월 30일 토요일,음식이 맛있어요_재료가 신선해요_매장이 청결해요_아이와 가기 좋아요_야외공간이 멋져요_
1848527934,riiiv8,주말점심대기없이바로들어갔습니다.테이블에서바로결제가돼서편했고마리네이드토마토가정말맛있었어요!,2026년 5월 30일 토요일,음식이 맛있어요_재료가 신선해요_특별한 메뉴가 있어요_음악이 좋아요_인테리어가 멋져요_
1848527934,par****,분위기좋고음식도맛있어요!!!,2026년 5월 30일 토요일,음식이 맛있어요_인테리어가 멋져요_친절해요_
1848527934,noo****,음식이다맛있고분위기기좋고친절해요,2026년 5월 29일 금요일,음식이 맛있어요_재료가 신선해요_특별한 메뉴가 있어요_건강한 맛이에요_
1848527934,emily1515,전주에서분위기좋은브런치찾다가방문한구프오프🤍사진보고끌려서갔는데음식비주얼이진짜기대이상이었어요.문어가올라간오일파스타는불향이은은하게나면서매콤한감칠맛이좋았고면익힘도딱적당해서계속손이가더라고요.특히통통한문어가질기지않고부드러워서만족!같이주문한오픈샌드위치는바삭한빵위에햄치즈루꼴라가푸짐하게올라가있어서브런치감성제대로였어요.비주얼도예쁘고짭짤하면서고소한조합이라와인이랑도잘어울릴것같았어요🍷매장분위기도깔끔하고채광이좋아서사진찍기좋고친구랑수다떨거나데이트하기에도괜찮은공간이었어요.,2026년 5월 29일 금요일,음식이 맛있어요_특별한 메뉴가 있어요_인테리어가 멋져요_친절해요_
1848527934,Youdin,맛있습니다~전체적으로짜지않게간도잘되어있어요!,2026년 5월 28일 목요일,음식이 맛있어요_재료가 신선해요_
1857315164,djatjssu,우와치즈돈까스진짜맛있어요!!!완전진짜치즈입니닷소스도자극적이지않구최고였어용다음에또먹으로올거에요,2026년 6월 14일 일요일,음식이 맛있어요_재료가 신선해요_양이 많아요_특별한 메뉴가 있어요_가성비가 좋아요_
1857315164,jeo****,오가다보기만하다들어왔는데맛도좋고옛날다락방에온듯한기분이예요ㅎ,2026년 6월 11일 목요일,음식이 맛있어요_양이 많아요_
1857315164,말하는대로226,맛있고친절해요^^아이랑함께라서소스따로요청드렸는데친절하게해주셔서정말감사했어요!다음에놀러왔을때또와야겠어요.,2026년 6월 10일 수요일,음식이 맛있어요_대화하기 좋아요_아이와 가기 좋아요_
1857315164,je****,맛있어요!!배달도되서가끔시켜먹는데여기돈까스진짜맛있어요,2026년 6월 5일 금요일,음식이 맛있어요_친절해요_샐러드바가 잘 되어있어요_
1857315164,항항항56,아기랑같이왔어요~,2026년 6월 2일 화요일,음식이 맛있어요_재료가 신선해요_매장이 넓어요_
1857315164,newhaha,한옥마을올때마다와보고싶었는데드디어왔네요맛있습니다,2026년 6월 2일 화요일,음식이 맛있어요_재료가 신선해요_
1857315164,ErE,너무나맛있겠어서그만!!사진은먹다가찍은거에요!!!너무너무너무맛있어요!!!대만족입니다❤️❤️❤️세트소스도너무너무너무좋아요,2026년 5월 31일 일요일,음식이 맛있어요_재료가 신선해요_양이 많아요_친절해요_뷰가 좋아요_
1857315164,sy_****,주차장은근처한옥마을제3주차장이용(소정의주차비지원해주심)치즈돈까스👍👍단품으로주문했는데맛있었어요추가반찬은셀프바이용~입가심야쿠르트한병~~아이랑오기좋아요~~,2026년 5월 26일 화요일,음식이 맛있어요_재료가 신선해요_혼밥하기 좋아요_친절해요_
1857315164,도비이즈프리v,한옥마을맛집으로소문나서방문했어요양도많고맛있어요!!,2026년 5월 24일 일요일,음식이 맛있어요_매장이 넓어요_친절해요_매장이 청결해요_
1857315164,블루마린5278,한옥마을맛집으로소문나서방문했어요양도많고맛있어요!!,2026년 5월 23일 토요일,음식이 맛있어요_
16792504,유혜린2264,너무맛있어요>_<,2026년 6월 15일 월요일,음식이 맛있어요_고기 질이 좋아요_양이 많아요_
16792504,정망고,맛집이라고해서방문했어요!오전에방문하니웨이팅없네용🕺💃물갈비라니신기해용맛있게먹고갑니둥!!!!,2026년 6월 15일 월요일,음식이 맛있어요_반찬이 잘 나와요_매장이 넓어요_친절해요_매장이 청결해요_
16792504,ㅁ미밈미미미,완전맛있어요전주놀러오면강추,2026년 6월 14일 일요일,고기 질이 좋아요_인테리어가 멋져요_
16792504,하멜18,가족과함께왔는데맛있어요,2026년 6월 14일 일요일,음식이 맛있어요_
16792504,dayomy,다행히웨이팅없이이용했어요매장도청결하고갈비양도많고양념도넘맛있고별미에요!!당면사리기본으로주는데넘맛있어서더추가해서드세용!!,2026년 6월 14일 일요일,음식이 맛있어요_고기 질이 좋아요_양이 많아요_가성비가 좋아요_매장이 청결해요_
16792504,jinyeab2,전주한옥마을숙박집에서추천해서왔는데소문대로매콤한고기맛이일품이고순살아귀튀김도짱,2026년 6월 14일 일요일,음식이 맛있어요_고기 질이 좋아요_가성비가 좋아요_매장이 넓어요_친절해요_
16792504,ioi****,맛집이네요주변지인에게추천할께요,2026년 6월 14일 일요일,음식이 맛있어요_고기 질이 좋아요_인테리어가 멋져요_친절해요_매장이 청결해요_
16792504,zer****,맛있게잘먹다갑니다,2026년 6월 14일 일요일,매장이 넓어요_화장실이 깨끗해요_반찬이 잘 나와요_
16792504,리우82,물갈비처음먹어보는데특색있고맵찔이라순한맛주문했는데꽤칼칼했어요!단맵단맵~~맛있어용👍🏻,2026년 6월 14일 일요일,음식이 맛있어요_특별한 메뉴가 있어요_매장이 넓어요_매장이 청결해요_
16792504,또리야루,물갈비를태어나서처음먹어봤는데너무맛있어요!!당면이랑콩나물이랑갈비랑쌈싸먹으니까넘맛있어요!오픈10분전에가서바로들어올수있었어요헷부추볶음밥까지꼭먹어야해요!,2026년 6월 13일 토요일,음식이 맛있어요_고기 질이 좋아요_특별한 메뉴가 있어요_매장이 넓어요_친절해요_
16792504,moony0327,전주여행에서빠질수없는물갈비전골당면에콩나물까지있어서다채로워좋구요맛있어요,2026년 6월 13일 토요일,음식이 맛있어요_
16792504,냠냠쩜,친구들과전주여행차왔는데물갈비먹으러왔어요너무맛있어요!!!!!볶음밥필수,2026년 6월 13일 토요일,음식이 맛있어요_고기 질이 좋아요_양이 많아요_특별한 메뉴가 있어요_
16792504,혀니7027,처음방문했는데너무맛있어서전주방문하면무조건또옵니당!!!!,2026년 6월 13일 토요일,음식이 맛있어요_매장이 청결해요_매장이 넓어요_
16792504,shk****,사장님친절하시고밑반찬도맛나용,2026년 6월 13일 토요일,음식이 맛있어요_고기 질이 좋아요_양이 많아요_매장이 넓어요_단체모임 하기 좋아요_
16792504,민후맘86,전주한옥마을오기전부터알아보고꼭오려고했던곳이예요!!직원분들도친절하시고회전율이빠른지대기9팀있었는데도금방들어왔어요ㅎ아이들떡갈비도있고아귀튀김도있고ㅎㅎ너무만족합니다!!,2026년 6월 13일 토요일,음식이 맛있어요_특별한 메뉴가 있어요_매장이 넓어요_친절해요_매장이 청결해요_
16792504,bd****,맛있습니다.잘먹었어요,2026년 6월 13일 토요일,음식이 맛있어요_단체모임 하기 좋아요_
16792504,졔4150,5년전에전주에서너무맛있게먹었던기억이있어서이거먹으러전주왔어요근데입구카운터에있는직원분이불친절하시네요,2026년 6월 13일 토요일,음식이 맛있어요_고기 질이 좋아요_매장이 넓어요_매장이 청결해요_
16792504,땃지냥,너무맛있어요!!!다음에또방문하고싶른곳오픈30분전쯤가서테이블링하고카페에서기다리면딱입니다:),2026년 6월 13일 토요일,음식이 맛있어요_고기 질이 좋아요_건강한 맛이에요_반찬이 잘 나와요_재료가 신선해요_
16792504,유940,브레이크타임끝나는시각30분전에웨이팅걸어두었는데바로입장가능했습니다!보통맛으로주문했는데물갈비처음먹어보았는데너무맛있었어요!전주여행끝나도물갈비가계속생각날것같아요☺️,2026년 6월 13일 토요일,음식이 맛있어요_반찬이 잘 나와요_친절해요_매장이 청결해요_
16792504,여언미,추천을엄청받은집이라왔는데맛있고좋았어요~!웨이팅회전률도빠릅니다!!,2026년 6월 13일 토요일,음식이 맛있어요_매장이 넓어요_친절해요_특별한 날 가기 좋아요_음식이 빨리 나와요_
16792504,이맹구62,친구랑놀러와서먹으러왔는데맛있어요!!,2026년 6월 13일 토요일,음식이 맛있어요_양이 많아요_
16792504,sta****,맛있어요!!!즐거워요!,2026년 6월 13일 토요일,음식이 맛있어요_고기 질이 좋아요_특별한 메뉴가 있어요_친절해요_매장이 넓어요_
16792504,까뷰ing,국물도시원하고맛있어요!!오기잘했어요~~~!!,2026년 6월 13일 토요일,음식이 맛있어요_고기 질이 좋아요_특별한 메뉴가 있어요_
16792504,Eileen12,맛있어요~~~유명한이유가있네요사람도많구~~,2026년 6월 12일 금요일,음식이 맛있어요_고기 질이 좋아요_매장이 넓어요_매장이 청결해요_
16792504,푸리뿌리,​음식이자극적이지않고입맛에딱맞아서정말맛있게먹었어요!직원분들도너무친절하게응대해주셔서먹는내내기분이좋았습니다.전주올때마다생각날것같은숨은맛집이네요.조만간또갈게요!😊,2026년 6월 12일 금요일,음식이 맛있어요_고기 질이 좋아요_양이 많아요_특별한 메뉴가 있어요_가성비가 좋아요_
16792504,샤론3130,맛있어요~굿^^,2026년 6월 12일 금요일,음식이 맛있어요_고기 질이 좋아요_인테리어가 멋져요_
16792504,Jin1121,고기양도많고너무너무너무맛있습니당💗💗다음에또방문하고싶을정도로맛집이에오!!매징도청결하구빈찬도잘나옵니당ㅎㅎ,2026년 6월 12일 금요일,음식이 맛있어요_고기 질이 좋아요_양이 많아요_특별한 메뉴가 있어요_매장이 청결해요_
16792504,깍깍49,맛있어요깔끔하고고기질도좋아요,2026년 6월 11일 목요일,음식이 맛있어요_고기 질이 좋아요_양이 많아요_특별한 메뉴가 있어요_인테리어가 멋져요_
16792504,tl dms,작년에친구들이랑전주와서먹고너무맛있어서이번엔부모님모시고왔습니다.부모님이정말좋아하셔서다음에또방문할거같아요~,2026년 6월 11일 목요일,음식이 맛있어요_친절해요_매장이 청결해요_화장실이 깨끗해요_음식이 빨리 나와요_
16792504,90g****,전주와서비빔밥먹었으니물갈비먹어야죠!!웨이팅했지만금방들어왔어요막걸리랑완전잘어울리고물갈비처음인데넘맛있어용!!!,2026년 6월 11일 목요일,음식이 맛있어요_고기 질이 좋아요_양이 많아요_특별한 메뉴가 있어요_
16792504,왠만하면하자56,소문대로너무너무맛있네요ㅎㅎ멀어서자주오진못하지만전주올때마다먹고싶은맛이네요😊너무잘먹고갑니다~!,2026년 6월 11일 목요일,음식이 맛있어요_고기 질이 좋아요_매장이 넓어요_
16792504,wld****,전주에처음놀러와서오자마자칼국수먹으려다틀어서이리왔는데오길잘햇네요!웨이팅있어서주변제일제과구경하시면좋을거같습니다!반찬도잘나오고국물이진짜지립니다,2026년 6월 11일 목요일,매장이 넓어요_양이 많아요_반찬이 잘 나와요_메뉴 구성이 알차요_음식이 맛있어요_
16792504,맛냐맛냐,맛있어용~!!전주여행오면한번씩들러보길추천합니다,2026년 6월 11일 목요일,음식이 맛있어요_고기 질이 좋아요_매장이 넓어요_
16792504,으니잉이,전주여행와서첫식사로방문한자매갈비전골!😊물갈비는처음먹어봤는데기대이상으로정말맛있었어요.국물은칼칼하면서도깊은맛이나고고기는부드러워서계속손이가더라고요.저는중간맛으로주문했는데맵기부담없이맛있게즐길수있어서강력추천합니다!기본반찬들도하나하나정갈하고깔끔하게나와서식사하는내내만족스러웠어요.매장도쾌적하고분위기가좋아가족외식은물론데이트친구들과모임장소로도딱인것같습니다.여사장님도친절해서더욱기분좋게식사했네요.전주에도착하자마자먹은첫음식이었는데덕분에여행의시작을아주기분좋게할수있었습니다.전주물갈비맛집찾으신다면자매갈비전골추천드려요!👍🏻🍲✨,2026년 6월 11일 목요일,고기 질이 좋아요_가성비가 좋아요_반찬이 잘 나와요_매장이 넓어요_친절해요_
16792504,웃자7083,고기질이너무좋고갈비전골양념이진짜맛있어요!👍부드럽고육즙가득해서계속들어가네요ㅎㅎ반찬도깔끔하게잘나오고맛있어요도토리묵진짜..맛잇어용직원분들도친절해서기분좋게식사했습니다:)매장도깨끗하고분위기도좋아서재방문의사100%입니다!맛있게잘먹고갑니다❤️추천해요!,2026년 6월 11일 목요일,음식이 맛있어요_고기 질이 좋아요_양이 많아요_매장이 넓어요_친절해요_
16792504,홋쯔아,전주하면물갈비...전주최고의맛집아침부터기다려왔는데11시30분에오니다행히바로입장ㅠㅠㅠ쥰마탱구리,2026년 6월 11일 목요일,음식이 맛있어요_고기 질이 좋아요_양이 많아요_
16792504,식신찌니,발품팔아서지나가다우연히들어왔는데매장전체도깔끔하고직원분들도친절하고무엇보다물갈비가너무맛있어요다음에전주다시온다면꼭다시들르고싶은맛집이네요,2026년 6월 11일 목요일,음식이 맛있어요_특별한 메뉴가 있어요_인테리어가 멋져요_매장이 넓어요_매장이 청결해요_
16792504,min****,맛있어요!!,2026년 6월 11일 목요일,음식이 맛있어요_양이 많아요_매장이 넓어요_
16792504,zino03,순한맛도조금매웠지만대애애태애박맛있어요단골할래요,2026년 6월 11일 목요일,음식이 맛있어요_고기 질이 좋아요_양이 많아요_
16792504,하핫7783,전주를떠나서도그리운맛!,2026년 6월 11일 목요일,음식이 맛있어요_고기 질이 좋아요_특별한 메뉴가 있어요_
16792504,pde****,전주에서는첨먹는물갈비인데맛있어요!가격대는조금있긴하지만그만큼양도넉넉해요ㅎㅎ,2026년 6월 11일 목요일,음식이 맛있어요_고기 질이 좋아요_매장이 넓어요_매장이 청결해요_환기가 잘 돼요_
16792504,Loke24,맛있고양이많고쾌적하고친절하셨어요,2026년 6월 11일 목요일,음식이 맛있어요_양이 많아요_아늑해요_
16792504,inw****,오랜만에먹는물갈비입니다!전주왔으니먹어줘야죠~~맛납니다,2026년 6월 11일 목요일,음식이 맛있어요_양이 많아요_
16792504,chldpwl9849,최고최고!!!넘맛있아여~~~,2026년 6월 11일 목요일,음식이 맛있어요_고기 질이 좋아요_양이 많아요_특별한 메뉴가 있어요_
16792504,thdcodms,한옥마을이랑접근성도좋고맛있게잘먹었습니다👍👍,2026년 6월 11일 목요일,음식이 맛있어요_고기 질이 좋아요_매장이 넓어요_친절해요_매장이 청결해요_
16792504,안녕하시잉잉,맛있어요그리고양이생각보다많아요저는추천드립니다그리고웨이팅없이바로들어갔어요😝,2026년 6월 11일 목요일,음식이 맛있어요_고기 질이 좋아요_양이 많아요_
16792504,아리즈웰,음식이맛있고분위기가좋아여직원도친절해요,2026년 6월 11일 목요일,음식이 맛있어요_고기 질이 좋아요_인테리어가 멋져요_매장이 넓어요_
16792504,phy****,전주오면항상들리는자매갈비전골!항상별관에서먹다가드디어본관에서먹어보네용!얼큰하고너무맛있어요ㅠㅠ7월에또올게요!,2026년 6월 11일 목요일,음식이 맛있어요_특별한 메뉴가 있어요_
16792504,응디93,너무맛있어요익산에서이거먹우려고왓눈데웨이팅도없이이맛잇는걸먹어서좋아요!!!,2026년 6월 11일 목요일,음식이 맛있어요_비싼 만큼 가치있어요_
16792504,knuasy,역시명불허전느므맛있어요~~^^,2026년 6월 11일 목요일,음식이 맛있어요_고기 질이 좋아요_인테리어가 멋져요_
16792504,by-****,맛있네여~~~,2026년 6월 10일 수요일,음식이 맛있어요_
16792504,냅킨주세요,볶음밥은양념많이더넣어서볶아드세요!갈비는생으로나와서팔팔끓여먹어야됨!!빨리나와서좋음👍👍,2026년 6월 10일 수요일,음식이 맛있어요_건강한 맛이에요_음식이 빨리 나와요_
16792504,자두포도사과조아,갈비가부드럽고맛있어요!중간맛시켰는데처음엔좀맵나?했지만먹을수록안매웠어요ㅎ볶음밥맛있어요!!,2026년 6월 10일 수요일,음식이 맛있어요_고기 질이 좋아요_양이 많아요_비싼 만큼 가치있어요_
16792504,ccvvddff123,전주에서친구추천으로방문했네요~맛있게잘먹고전주여행마무리합니다:),2026년 6월 10일 수요일,음식이 맛있어요_친절해요_
16792504,건우이모2,너무너무맛있어서또왔어요~,2026년 6월 8일 월요일,음식이 맛있어요_고기 질이 좋아요_양이 많아요_매장이 넓어요_친절해요_
16792504,삐뽀쌈보,전주물갈비맛집!달큰하면서도칼칼한국물이매력적이고갈비도부드러워서맛있게먹었어요.,2026년 6월 8일 월요일,음식이 맛있어요_
16792504,이다영16,아주맛있게잘먹었습니다아기의자도있어서좋았어요~~,2026년 6월 8일 월요일,음식이 맛있어요_고기 질이 좋아요_메뉴 구성이 알차요_
16792504,2rhie,양도많고너무맛있어요!고기도연하고국물도맵기정도조절이가능해서만족합니다!,2026년 6월 8일 월요일,음식이 맛있어요_고기 질이 좋아요_양이 많아요_특별한 메뉴가 있어요_
16792504,므느으르19,전주여행첫끼대성공입니다:)양도넉넉하고볶음밥도맛있어요!,2026년 6월 8일 월요일,음식이 맛있어요_고기 질이 좋아요_메뉴 구성이 알차요_재료가 신선해요_특별한 메뉴가 있어요_
16792504,수학쌤20,와이프랑장모님모시고왔어요매운거좋아하는데딱알맞고맛있게맵다하시네요ㅎㅎ잘먹고갑니다,2026년 6월 8일 월요일,음식이 맛있어요_고기 질이 좋아요_양이 많아요_특별한 메뉴가 있어요_가성비가 좋아요_
16792504,과자사중,오랜만에가족여행와서맛있는물갈비있다고해서자매갈비전골먹으로왔어요.맛도괜찮고직원들이친철해서서비스도좋았습니다,2026년 6월 8일 월요일,음식이 맛있어요_양이 많아요_잡내가 적어요_고기 질이 좋아요_단체모임 하기 좋아요_
16792504,솔탱55,물갈비먹어보고싶어서왔는데맛있어요!매콤하고고기도부드러워요최고,2026년 6월 8일 월요일,음식이 맛있어요_양이 많아요_매장이 넓어요_단체모임 하기 좋아요_친절해요_
16792504,oom****,여수에서전주놀러오면서동기에게전해들은맛집이래서왔는데너무맛있어요첫끼를여기서먹기너무잘한거같아요덕분에잘먹었습니다다음에또올게요~,2026년 6월 8일 월요일,음식이 맛있어요_고기 질이 좋아요_매장이 청결해요_친절해요_
16792504,갓동3014,주말은겁나서평일에웨이팅없이먹으려고왔어요.믿고먹는자매갈비.홀에여사님친절하셔서기분좋아요.,2026년 6월 8일 월요일,음식이 맛있어요_매장이 넓어요_매장이 청결해요_아이와 가기 좋아요_
16792504,흿소,고기도많고맛있어요!자주오는단골입니당ㅎ,2026년 6월 8일 월요일,음식이 맛있어요_고기 질이 좋아요_단체모임 하기 좋아요_
16792504,kih****,오랫만에왔는데맛있게먹고있어요,2026년 6월 8일 월요일,음식이 맛있어요_매장이 넓어요_
16792504,hit****,한옥마을왔는데지인이물갈비추천해줘서방문했습니다:)처음먹어보는데맛있네요👍🏻,2026년 6월 8일 월요일,매장이 넓어요_친절해요_고기 질이 좋아요_음식이 맛있어요_특별한 메뉴가 있어요_
16792504,뚱이 99,너무맛있어요👍👍👍담에또올게요🍀,2026년 6월 8일 월요일,음식이 맛있어요_특별한 메뉴가 있어요_양이 많아요_고기 질이 좋아요_
16792504,카페리뷰하죠,너무맛있게잘먹었어요!다음에또올게요~,2026년 6월 8일 월요일,고기 질이 좋아요_음식이 맛있어요_매장이 넓어요_
16792504,키위블리,맛있어서몇번방문한자매갈비!계속먹어도생각나는맛이에요!너무맛있어요💙💙,2026년 6월 8일 월요일,음식이 맛있어요_특별한 메뉴가 있어요_
16792504,kms****,맛잇어요오,2026년 6월 8일 월요일,음식이 맛있어요_
16792504,어리벙벙85,전주여행와서마지막으로저녘을먹었어요!너무맛있어서볶음밥까지싹싹긁어먹었네요ㅎㅎ또오고싶어요강추입니다.,2026년 6월 7일 일요일,음식이 맛있어요_고기 질이 좋아요_양이 많아요_인테리어가 멋져요_매장이 넓어요_
16792504,호상소미,갈비전골너무맛있어요~배부르게잘먹었습니다^^다음에또방문예약~~,2026년 6월 7일 일요일,음식이 맛있어요_매장이 넓어요_인테리어가 멋져요_좌석이 편해요_음식이 빨리 나와요_
16792504,ske****,맛있고양은상대적으로적어요아구찜은명태전생선맛요카운터불친절하고아줌마직원들이말을잘못알아먹어요리뷰쓰려고영수증달라고하니까7일전꺼주는데인증이안되고자꾸등록불가떠서다시달라니까안줌..내돈으로계산해서시킨콜라는이미리뷰로받은거아니냐주장함한국인이신데말귀가넘안통해요ㅠㅠ,2026년 6월 7일 일요일,음식이 맛있어요_고기 질이 좋아요_
16792504,gks****,전주여행오면서남편이맛집같아보인다고방문했는데맛있게잘먹었어요~ㅎㅎ담에포장해가고싶어요,2026년 6월 7일 일요일,음식이 맛있어요_고기 질이 좋아요_특별한 메뉴가 있어요_음식이 빨리 나와요_
16792504,얼룩먕,2월에방문했다가계속생각나서또왔어요ㅠㅠ너무맛있어요,2026년 6월 7일 일요일,음식이 맛있어요_고기 질이 좋아요_친절해요_
16792504,sah****,전주여행와서너무맛있게먹었어요!매운거잘못드시는분들은순한맛으로시켜서먹으면잘먹을거같아요,2026년 6월 7일 일요일,음식이 맛있어요_고기 질이 좋아요_양이 많아요_
16792504,YunHo,음식도엄청빨리나오고캐치테이블테블릿주문이라엄청편했어요음식도맛있고강추합니다.재방문의사있음!!:),2026년 6월 7일 일요일,음식이 맛있어요_고기 질이 좋아요_매장이 넓어요_친절해요_음식이 빨리 나와요_
16792504,sap****,맛도좋고사람엄청많아요맛집입니다,2026년 6월 7일 일요일,음식이 맛있어요_고기 질이 좋아요_특별한 메뉴가 있어요_
16792504,깡철이0,항상물갈비는여기로와요막납니다냠냠,2026년 6월 7일 일요일,음식이 맛있어요_인테리어가 멋져요_친절해요_
16792504,미소16,맛있어요고기양도많고반찬도깔끔하고다른사람에게도추천할거같아요,2026년 6월 7일 일요일,음식이 맛있어요_양이 많아요_고기 질이 좋아요_잡내가 적어요_반찬이 잘 나와요_
16792504,뚱인데요57,전주오면꼭먹고가는자매물갈비!!반찬도깔끔하고너뮤맛잇어용ㅋㅋㅋㅋ,2026년 6월 7일 일요일,음식이 맛있어요_양이 많아요_고기 질이 좋아요_특별한 메뉴가 있어요_
16792504,김도은4286,매장도쾌적하고잘먹고갑니다~,2026년 6월 7일 일요일,음식이 맛있어요_매장이 넓어요_
16792504,dbsrude,2층까지있어서매장크고넓어요매운맛땡겨서매운걸로했는데캡사이신맛아니구청양고추매운맛이라딱좋습니다ㅎㅎ잘먹고갑니다~!!,2026년 6월 7일 일요일,음식이 맛있어요_고기 질이 좋아요_양이 많아요_매장이 넓어요_
16792504,연주1675,여행와서처음방문한곳이에요양도많고맛있어서또올거같아요!!!!,2026년 6월 7일 일요일,음식이 맛있어요_양이 많아요_매장이 넓어요_
16792504,주바리59,택시기사님소개로왔어요!!좋아요,2026년 6월 7일 일요일,특별한 메뉴가 있어요_매장이 넓어요_친절해요_
16792504,써니2171,자매물갈비남편과함께두번째방문입니다서울에서전주근처로와서들렸어요너무맛있어요또오겠습니다,2026년 6월 7일 일요일,음식이 맛있어요_고기 질이 좋아요_친절해요_매장이 청결해요_
16792504,바부9338,양이많고전주에서만먹을수있는특별한음식같아요순한맛도적당히맵고맛있어요,2026년 6월 7일 일요일,음식이 맛있어요_양이 많아요_특별한 메뉴가 있어요_매장이 넓어요_인테리어가 멋져요_
16792504,wer****,맛있어요!!!,2026년 6월 7일 일요일,음식이 맛있어요_매장이 넓어요_친절해요_
16792504,tig****,역시맛집사람도많고냄새도좋아용,2026년 6월 7일 일요일,음식이 맛있어요_고기 질이 좋아요_양이 많아요_특별한 메뉴가 있어요_매장이 넓어요_
16792504,yes****,너무맛있게잘먹었습니당~~~~전주사람이어도자주오게되네요!,2026년 6월 7일 일요일,음식이 맛있어요_매장이 넓어요_매장이 청결해요_
16792504,gus****,오랜만에한옥마을온김에왔는데여전히너무맛있어요!!추천드려요!!,2026년 6월 7일 일요일,고기 질이 좋아요_양이 많아요_음식이 맛있어요_특별한 메뉴가 있어요_매장이 넓어요_
16792504,아짐24,친절해요,2026년 6월 7일 일요일,특별한 메뉴가 있어요_뷰가 좋아요_
16792504,sup****,다들웨이팅도많이하고유명한집이길래왔습니다.역시사람들이많이오는이유가있어요.2층이라웨이팅이있어도대기가금방줄어들고음식의맛과양모두너무만족입니다!!광주와서뭐먹지고민하시지말고여기부터오세요!,2026년 6월 7일 일요일,음식이 맛있어요_고기 질이 좋아요_친절해요_매장이 청결해요_
16792504,선우3215,맛있게잘먹었습니당:),2026년 6월 7일 일요일,음식이 맛있어요_
16792504,fbt****,아이랑갔는데아이가아구순살튀김이특히맛있다히네요!!!,2026년 6월 7일 일요일,음식이 맛있어요_매장이 넓어요_매장이 청결해요_음식이 빨리 나와요_
16792504,pks****,맛있습니다,2026년 6월 7일 일요일,음식이 맛있어요_
16792504,올라아몬드,물갈비냄새안나고너무맛있어요!다음에전주에들르면또갈예정입니다🥰,2026년 6월 7일 일요일,음식이 맛있어요_친절해요_매장이 청결해요_음식이 빨리 나와요_
16792504,잠만보1105,전주여행와서왔어요.전에여행에서너무맛있게먹은기억이있어서전주오자마자첫메뉴로픽했네요ㅎ여전히맛있었습니다,2026년 6월 7일 일요일,음식이 맛있어요_양이 많아요_특별한 메뉴가 있어요_
16792504,데자뷰60,전주여행오면필수코스라는자매물갈비전골~!여행와서먹을만하고맛있어요.사람이많네요~!,2026년 6월 7일 일요일,음식이 맛있어요_
1595618342,짤랑잉12,소금빵유명하다해서먹어봤는데너무맛있네요ㅎㅎ시간이없어서빵만포장했지만오트커피가맛있다고해서다음에는커피마시러올게요ㅎㅎ,2026년 6월 15일 월요일,빵이 맛있어요_커피가 맛있어요_친절해요_매장이 청결해요_
1595618342,장원석1140,못생긴딸에게강탈당했음것도5개나...딸은못이겨요.이번이.4번째...,2026년 6월 14일 일요일,빵이 맛있어요_친절해요_아이와 가기 좋아요_
1595618342,hj lee,소금빵구입하러왔어요!!오후5시쯤왔더니베이커리종류가많이없어요ㅠ인기베이커리는일찍와야하는이유!!그래두벌꿀소금빵구입해서좋아요,2026년 6월 14일 일요일,빵이 맛있어요_디저트가 맛있어요_
1595618342,pure****,한옥마을왔다가방문했는데뷰도좋고인테리어깔끔해서좋았습니다.벌꿀소금빵유명한이유가있네요역시ㅎㅎ겉바속촉에커피랑곁들여먹으니넘맛있었어요.,2026년 6월 14일 일요일,빵이 맛있어요_커피가 맛있어요_음료가 맛있어요_종류가 다양해요_
1595618342,소더미,한옥마을근처대형카페가있다고해서방문했는데진짜맛있네요내부도넓어서단체모임하기딱좋아요!,2026년 6월 14일 일요일,빵이 맛있어요_커피가 맛있어요_음료가 맛있어요_종류가 다양해요_
1595618342,소연3845,빵종류도많고너무맛있어요.자리가많아서가족들과오기좋아요.🫶🏻🫰🏻🫰🏻🥖🥐,2026년 6월 14일 일요일,빵이 맛있어요_커피가 맛있어요_음료가 맛있어요_인테리어가 멋져요_매장이 넓어요_
1595618342,닉넴뭐하지73,뷰도좋고빵도맛있어용ㅎㅎ,2026년 6월 14일 일요일,빵이 맛있어요_커피가 맛있어요_
1595618342,JESS91,소금빵유명하다해서왔어요!늦게오니거의떨어졌네요..!역시맛집..!,2026년 6월 14일 일요일,빵이 맛있어요_인테리어가 멋져요_친절해요_
1595618342,wiky****,뷰미쳤어요ㅎㅎㅎ넓고깨끗해요대형카페자주가봤지만제일제과가힐링그자체네요🩷빵도커피도다맛있어요,2026년 6월 14일 일요일,빵이 맛있어요_커피가 맛있어요_음료가 맛있어요_
1595618342,ygv1440,한옥마을구경하다가잠깐쉬어가려고들렀는데생각보다너무좋았어요빵종류도다양하고커피도깔끔해서편하게쉬다갑니다창밖뷰도좋아서여유롭게시간보내기딱이네요ㅎㅎ,2026년 6월 13일 토요일,빵이 맛있어요_커피가 맛있어요_재료가 신선해요_인테리어가 멋져요_뷰가 좋아요_
1595618342,레이나CK,한옥마을놀러왔다가들렀어요.음료도맛있고빵도맛있어요~~한옥마을내려다보며한참시간보내다돌아왔네요.,2026년 6월 13일 토요일,빵이 맛있어요_커피가 맛있어요_음료가 맛있어요_인테리어가 멋져요_
1595618342,뚜잉31,창밖풍경이좋아서전주올때마다꼭오는곳이에요담에또올게요👏,2026년 6월 13일 토요일,빵이 맛있어요_커피가 맛있어요_인테리어가 멋져요_집중하기 좋아요_대화하기 좋아요_
1595618342,byu****,빵이전체적으로담백하고맛있었어요과하게달지않아서커피랑같이먹기좋았고매장도넓고쾌적해서편하게이용했습니다🫶,2026년 6월 13일 토요일,빵이 맛있어요_커피가 맛있어요_음료가 맛있어요_뷰가 좋아요_인테리어가 멋져요_
1595618342,누구니7364,인테리도좋고커피도맛있고소금빵도맛있고휴식하기도좋아요~,2026년 6월 13일 토요일,빵이 맛있어요_인테리어가 멋져요_대화하기 좋아요_
1595618342,꾸이짱66,전주여행에뷰좋은카페찾다가왔는데기대이상이네요!!,2026년 6월 13일 토요일,커피가 맛있어요_인테리어가 멋져요_매장이 청결해요_
1595618342,tops****,전주한옥마을오면한번쯤들러볼만한곳같아요분위기도좋고직원분들도친절하셔서기분좋게있다가왔네요다음에는소금빵도꼭먹어보려고요ㅎㅎ,2026년 6월 13일 토요일,빵이 맛있어요_커피가 맛있어요_음료가 맛있어요_인테리어가 멋져요_뷰가 좋아요_
1595618342,cjs****,소금빵너무맛있어요!,2026년 6월 12일 금요일,빵이 맛있어요_
1595618342,sim****,빵맛집인가요커피맛집인가요알수가없네요환장할노릇이에요너뮤너무맛있어요ㅜㅜㅜ헝헝포장도한가득해가는데또생각나…,2026년 6월 12일 금요일,인테리어가 멋져요_사진이 잘 나와요_대화하기 좋아요_집중하기 좋아요_커피가 맛있어요_
1595618342,별이빛나는망토,분위기좋은곳에서커피와맛난빵을먹으니기분전환이제대로되네요베이커리종류가다양해서여자들이너무좋아할만한곳이에요>_<,2026년 6월 12일 금요일,빵이 맛있어요_커피가 맛있어요_음료가 맛있어요_인테리어가 멋져요_사진이 잘 나와요_
1595618342,soo****,직원분들도친절하고매장분위기좋고뷰좋은곳이라기분좋게향긋한커피와빵먹고옴요ㅋㅎㅋㅎㅋㅎ,2026년 6월 12일 금요일,빵이 맛있어요_커피가 맛있어요_음료가 맛있어요_특별한 메뉴가 있어요_인테리어가 멋져요_
1595618342,띠유띠유마미,빵종류많고건강한맛이라커피랑도너무잘어울려요자주찾는집인데맛집이에요ㅎ,2026년 6월 11일 목요일,빵이 맛있어요_커피가 맛있어요_음료가 맛있어요_인테리어가 멋져요_대화하기 좋아요_
1595618342,pig****,전주여러번왔는데제일제과처음알게되서오게됬어요!!다음에도찾아올것같아요소금빵종류가다양하네요^^,2026년 6월 11일 목요일,빵이 맛있어요_특별한 메뉴가 있어요_인테리어가 멋져요_사진이 잘 나와요_뷰가 좋아요_
1595618342,jjr6****,커피맛집뷰맛집빵맛집ㅋ존맛임요여행와서힐링제대로하는중이요ㅋ유명한빵집이라더니역시맛남요ㅋ,2026년 6월 11일 목요일,빵이 맛있어요_커피가 맛있어요_음료가 맛있어요_인테리어가 멋져요_집중하기 좋아요_
1595618342,sisi****,음료디져트도맛있고카페분위기가좋아서데이트코스로딱인거가타요>_<빵순이라빵가득포장해갑니다넘맛있어욥!!!,2026년 6월 11일 목요일,빵이 맛있어요_커피가 맛있어요_특별한 메뉴가 있어요_인테리어가 멋져요_사진이 잘 나와요_
1595618342,쪼미222,부모님아이와함께방문했는데빵도맛있고분위기도좋았어요.가족끼리편하게쉬다가기좋은곳이라만족했습니다!재방문하고싶습니다!,2026년 6월 10일 수요일,빵이 맛있어요_사진이 잘 나와요_매장이 청결해요_친절해요_
1595618342,까칠한깽,소금빵먹으러왔어요!,2026년 6월 10일 수요일,빵이 맛있어요_커피가 맛있어요_음료가 맛있어요_특별한 메뉴가 있어요_인테리어가 멋져요_
1595618342,쩡이9372,소금빵종류두많구흑임자라떼있어서좋아요친절하고매장넓어좋아요저녁에또다른분위기일거같아서와보고싶어요,2026년 6월 10일 수요일,빵이 맛있어요_커피가 맛있어요_특별한 메뉴가 있어요_친절해요_사진이 잘 나와요_
1595618342,이형주72,지인들과여행중예약없이들른제일제과모든빵들이너무맛있네요~다음에도꼭방문하고싶네요,2026년 6월 9일 화요일,빵이 맛있어요_인테리어가 멋져요_친절해요_
1595618342,나자나23,전주여행중소금빵유명해서들러맛있게먹고포장해서가요,2026년 6월 9일 화요일,빵이 맛있어요_커피가 맛있어요_특별한 메뉴가 있어요_사진이 잘 나와요_친절해요_
1595618342,lee****,큰외관만큼자리도넖고전망대에서한옥마을도바라보고얘기하며시간보내기좋아요.,2026년 6월 8일 월요일,커피가 맛있어요_음료가 맛있어요_빵이 맛있어요_
1595618342,초록색사용자,빵이랑커피가너무맛있어요!!,2026년 6월 8일 월요일,빵이 맛있어요_커피가 맛있어요_대화하기 좋아요_
1595618342,112****,소금빵종류도많고분위기좋아요~,2026년 6월 8일 월요일,빵이 맛있어요_커피가 맛있어요_인테리어가 멋져요_뷰가 좋아요_매장이 청결해요_
1595618342,ghf****,전주여행와서들렸다가알바인지직원인지모르겠는데여성분이메뉴주문받을때부터말투도공격적이고건성건성띠껍게대답하고남자분은집안에안좋은일이있었는지표정부터불만이그득해가함싸우잔건지몰겄네예직원교육이시급합니다기분재려브렀노ㅋㅋ,2026년 6월 7일 일요일,아늑해요_
1595618342,짼이,전주한옥마을여행와서들려보았어요~전날은11시에빵품절이라오면서걱정했는데다행히있었네요^^꿀소금빵카스테라소금빵티슈빵을사보았는데다너무맛있었고흑임자라떼강추입니다♡,2026년 6월 7일 일요일,빵이 맛있어요_인테리어가 멋져요_특별한 날 가기 좋아요_
1595618342,꽃 구 름,3층에삥이더많아요~~^^뷰멋지고맛있네요~,2026년 6월 7일 일요일,빵이 맛있어요_커피가 맛있어요_인테리어가 멋져요_사진이 잘 나와요_매장이 청결해요_
1595618342,suchul,카페인테리어너무이쁘고빵도맛있어요전주에이런카페가생겨서좋아요,2026년 6월 6일 토요일,빵이 맛있어요_커피가 맛있어요_특별한 메뉴가 있어요_음료가 맛있어요_
1595618342,byeolme,주차가힘들어서테이크아웃했는데분위기좋아여:),2026년 6월 6일 토요일,빵이 맛있어요_커피가 맛있어요_인테리어가 멋져요_
1595618342,tjd****,너무맛있어요~~~~~~~소금빵종류도많고조아요,2026년 6월 6일 토요일,음료가 맛있어요_커피가 맛있어요_
1595618342,wiky****,벌꿀버터소금빵맛집이라기에다녀왔어요☺️진짜맛있네용빵순이라면무조건들리세요,2026년 6월 6일 토요일,빵이 맛있어요_커피가 맛있어요_인테리어가 멋져요_
1595618342,그린스마일80,소금빵많고맛있어요!!!,2026년 6월 6일 토요일,빵이 맛있어요_
1595618342,vg****,가족들이랑와서먹었는데분위기도좋고넓어요!!전주오시먼추천드려요,2026년 6월 6일 토요일,빵이 맛있어요_
1595618342,alsals0303,별10개드리고싶어요!진짜힐링제대로하고갑니다ㅠ빵커피다맛있고내부도넓고깨끗해서정말힐링제대로하고가는카페같아요감성카페맞네요,2026년 6월 6일 토요일,빵이 맛있어요_커피가 맛있어요_사진이 잘 나와요_
1595618342,고사리3884,전주한옥마을에이런카페가있었다니!좋아요!,2026년 6월 6일 토요일,인테리어가 멋져요_차분한 분위기예요_매장이 청결해요_
1595618342,le****,윗층으로올라가면올라갈수록건물앞에가리는게하나도없어서한옥마을전체를내다볼수있어서너무좋네요!커피마시러와서힐링고갑니다,2026년 6월 6일 토요일,커피가 맛있어요_빵이 맛있어요_
1595618342,ghj****,무작정지도찾아서왔는데엄청좋았어요!인테리어도좋고뷰도좋아서너무찬성입니다!커피랑빵은좋은뷰가더해져서너무맛있었어요.다음애또전주놀러오면올생각입니다.강추에요완전!,2026년 6월 6일 토요일,빵이 맛있어요_커피가 맛있어요_음료가 맛있어요_인테리어가 멋져요_사진이 잘 나와요_
1595618342,wonwon0,전주한옥마을가시면무조건제일제과가보세요빵쟁이들취향저격잊니다ㅎㅎ빵도맛있고내부도진짜너무예뻐요👍🩷,2026년 6월 5일 금요일,빵이 맛있어요_커피가 맛있어요_인테리어가 멋져요_사진이 잘 나와요_
1595618342,tjd****,소금빵종류도많고엄청넓고조아요,2026년 6월 5일 금요일,빵이 맛있어요_
1595618342,GM리본79,감성카페를찾고계신다면전주제일제과에서꼭커피드셔보세요~~우드톤인테리어라서분위기도따뜻하고사진도잘나오는감성카페입니다ㅎㅎㅎ빵도맛있고커피도괜찮네요~!,2026년 6월 5일 금요일,빵이 맛있어요_커피가 맛있어요_사진이 잘 나와요_
1595618342,leel9587,와진짜대형카페가이런카페죠정말크고넓고쾌적합니다뷰미쳤어요~~빵도진짜다맛있고ㅠㅠㅠ또가고싶은곳이에요전주놀러가면또갈게요!!,2026년 6월 5일 금요일,빵이 맛있어요_커피가 맛있어요_인테리어가 멋져요_사진이 잘 나와요_
1595618342,tlackstn95,체다할라피뇨소금빵먹었는데치즈의고소함이랑할라피뇨의은은한매콤함이잘어울렸어요~!!빵종류가다양해서여러개포장해가기에도좋았고전체적으로만족스러운방문이었습니다♥️,2026년 6월 4일 목요일,빵이 맛있어요_커피가 맛있어요_음료가 맛있어요_특별한 메뉴가 있어요_인테리어가 멋져요_
1595618342,jiy****,소금빵이종류별로많아서골라먹는재미가있어요ㅎㅎ공간인테리어도너무멋지고뻥뷰라커피마시기딱좋은장소네요,2026년 6월 4일 목요일,빵이 맛있어요_커피가 맛있어요_특별한 메뉴가 있어요_사진이 잘 나와요_인테리어가 멋져요_
1595618342,younchim,빵종류도많고테이블간간격도넓어서대화하면서힐링하기넘좋아요.커피도딱제가좋아하는맛이에요.전주에서카페인테리어는젤예쁜거같아요,2026년 6월 4일 목요일,빵이 맛있어요_커피가 맛있어요_뷰가 좋아요_집중하기 좋아요_대화하기 좋아요_
1595618342,김해피35,갈릭버터소금빵주문했는데버터향이진해서정말맛있게먹었어요^_^빵결도부드럽고따뜻할때먹으니더좋더라고요다음에는다른소금빵종류도먹어보려고요,2026년 6월 3일 수요일,빵이 맛있어요_커피가 맛있어요_음료가 맛있어요_특별한 메뉴가 있어요_인테리어가 멋져요_
1595618342,58개띠2,명란소금빵먹어봤는데짭조름한맛이은근중독적이더라고요ㅎㅎ아메리카노랑같이먹으니딱좋았습니다빵이전반적으로신선하고매장도깔끔해서만족했어요👍🏻,2026년 6월 3일 수요일,빵이 맛있어요_커피가 맛있어요_음료가 맛있어요_특별한 메뉴가 있어요_인테리어가 멋져요_
1595618342,lookingwife,전주한옥마을구경하고아이스아메리카노한잔마시러들렀어요더운날씨에에어컨시원하게나와서맛난거먹고힐링하고왔네요소금빵맞집이라고하는데배불러서패스했어요담엔가족들과함께오고싶네요강추합니다~~^^,2026년 6월 2일 화요일,커피가 맛있어요_인테리어가 멋져요_뷰가 좋아요_차분한 분위기예요_매장이 청결해요_
1595618342,맘마미28,현미크림커피마셔봤는데크림이부드럽고커피랑잘어울려서만족했어요♥️빵종류도다양해서고르는재미가있었고직원분들도친절하게응대해주셔서기분좋게다녀왔네요,2026년 6월 2일 화요일,빵이 맛있어요_커피가 맛있어요_음료가 맛있어요_특별한 메뉴가 있어요_인테리어가 멋져요_
1595618342,su1125su,흑임자라떼가궁금해서방문했는데고소한맛이정말진하더라고요ㅎㅎ달지않아서더좋았고벌꿀소금빵이랑같이먹으니조합이최고였어요매장분위기도차분해서여유롭게쉬다왔습니다^^,2026년 6월 2일 화요일,빵이 맛있어요_커피가 맛있어요_인테리어가 멋져요_대화하기 좋아요_
1595618342,전북익산CA프로월드콘,맛있어요,2026년 6월 1일 월요일,빵이 맛있어요_음료가 맛있어요_커피가 맛있어요_
1595618342,spa****,매우조아요매우조아요,2026년 6월 1일 월요일,빵이 맛있어요_
1595618342,햄토리75,소금빵맛나다고해서왔어요😋,2026년 6월 1일 월요일,빵이 맛있어요_인테리어가 멋져요_집중하기 좋아요_아늑해요_친절해요_
1595618342,godjk6,하..진짜소금빵너무맛있고현미크림라떼도적당히달고고소해서맛있어요~~~다음에또생각날것같아요,2026년 5월 31일 일요일,빵이 맛있어요_커피가 맛있어요_음료가 맛있어요_
1595618342,테클라42,너무멋지고좋어요,2026년 5월 31일 일요일,빵이 맛있어요_인테리어가 멋져요_매장이 청결해요_
1595618342,노란카라434,빵이종류가많고맛있어보여요다음에도이용할것같아요,2026년 5월 31일 일요일,빵이 맛있어요_인테리어가 멋져요_친절해요_매장이 청결해요_
1595618342,드림4326,아이들과함께방문했습니다.6층조용히커피마시러오기너무좋을것같습니다.인테리어도깨끗하고화장실도매우깔끔하고좋아요.맛있는빵사서갑니다.,2026년 5월 31일 일요일,인테리어가 멋져요_사진이 잘 나와요_집중하기 좋아요_화장실이 깨끗해요_
1595618342,LuvCherry,전주여행온김에제주제과를왔습니다.널찍하고공간이커서너무좋아요.다양한빵들이있어서좋습니다.큐브빵정말귀여워요👍,2026년 5월 31일 일요일,빵이 맛있어요_사진이 잘 나와요_매장이 청결해요_화장실이 깨끗해요_
1595618342,루시9296,빵이많아요,2026년 5월 31일 일요일,빵이 맛있어요_인테리어가 멋져요_대화하기 좋아요_
1595618342,캐미컬X,맛있고전주가면꼭들러야할곳입니다,2026년 5월 31일 일요일,빵이 맛있어요_커피가 맛있어요_
1595618342,무어슬머글까,전망좋은카페네요~^^여행와서들렀어요한참놀다가게요,2026년 5월 30일 토요일,뷰가 좋아요_차분한 분위기예요_매장이 넓어요_
1595618342,점점주탱,제일제과처음방문했는데왜인기있는지알겠어요!!!빵종류도다양하고음료까지맛있어서만족도엄청높았어요ㅎㅎㅎ다음에는다른소금빵종류도도전해보려구요🩵,2026년 5월 30일 토요일,빵이 맛있어요_커피가 맛있어요_특별한 메뉴가 있어요_음료가 맛있어요_인테리어가 멋져요_
1595618342,haringha,공간넓고뷰도좋고빵도맛나요친구들과왔는데좋은아점ㅋㅋ이됐네요,2026년 5월 30일 토요일,빵이 맛있어요_인테리어가 멋져요_매장이 청결해요_
1595618342,happyday,친구들과전주여행~빵맛집이에요,2026년 5월 30일 토요일,빵이 맛있어요_커피가 맛있어요_
1595618342,58제주2,마블큐브비주얼귀여워서골랐는데맛도좋았어요ㅎㅎㅎ초코풍미진하고결도살아있어서씹는식감이좋더라구요달달한디저트땡길때또먹고싶어요💕,2026년 5월 30일 토요일,빵이 맛있어요_커피가 맛있어요_인테리어가 멋져요_친절해요_
1595618342,안전히,예약없이쾌적한장소에서있을수있어서좋아요~바깥에뷰가너무맛집입니다!!한옥마을와서넓고높은뷰보러오시면강추천드려요!,2026년 5월 29일 금요일,양이 많아요_재료가 신선해요_코스요_리가 알차요_음식이 맛있어요_디저트가 맛있어요_
1595618342,YjJ,소금빵이종류도많고다맛있어요!조용해서아늑하게즐기다가기좋은카페입니다~,2026년 5월 29일 금요일,빵이 맛있어요_커피가 맛있어요_인테리어가 멋져요_사진이 잘 나와요_대화하기 좋아요_
1595618342,lis5887,빵종류가많고인테리어가너무예뻐요!,2026년 5월 29일 금요일,빵이 맛있어요_음료가 맛있어요_커피가 맛있어요_매장이 청결해요_뷰가 좋아요_
1595618342,엄마미1005,생크림소금빵기대안했는데진짜맛있었어요!!!크림이느끼하지않고빵도엄청부드러워서순식간에먹어버렸네요하나만산거후회될정도였어요~,2026년 5월 29일 금요일,빵이 맛있어요_커피가 맛있어요_음료가 맛있어요_특별한 메뉴가 있어요_인테리어가 멋져요_
1595618342,꼬dh,아메리카노산미가강하지않아서빵이랑먹기너무좋았어요ㅎㅎㅎ매장안햇살도예쁘게들어와서분위기까지완벽했음~~조용하게커피마시기좋은곳찾는분들추천해요👍🏻,2026년 5월 29일 금요일,빵이 맛있어요_커피가 맛있어요_음료가 맛있어요_특별한 메뉴가 있어요_인테리어가 멋져요_
1595618342,토두비사랑해,몽블랑좋아해서주문했는데버터풍미가진짜좋았어요!!!겉은바삭하고안은촉촉해서식감도좋고달달한맛도딱적당했어요>_<디저트좋아하면추천하고싶은곳이에요,2026년 5월 29일 금요일,빵이 맛있어요_음료가 맛있어요_커피가 맛있어요_특별한 메뉴가 있어요_인테리어가 멋져요_
1595618342,가짜천사44,몽블랑좋아해서주문했는데버터풍미가진짜좋았어요!!!겉은바삭하고안은촉촉해서식감도좋고달달한맛도딱적당했어요>_<디저트좋아하면추천하고싶은곳이에요,2026년 5월 27일 수요일,빵이 맛있어요_커피가 맛있어요_인테리어가 멋져요_사진이 잘 나와요_대화하기 좋아요_
1595618342,rkwn,소금빵종류가진짜많아서빵좋아하는사람들은무조건좋아할듯해요ㅎㅎㅎ하나하나다먹어보고싶을정도로비주얼도너무좋았고특히명란소금빵은짭짤한맛이중독성있어서계속생각나요>_<커피랑같이먹으니까조합도최고였어요💕,2026년 5월 27일 수요일,빵이 맛있어요_커피가 맛있어요_음료가 맛있어요_특별한 메뉴가 있어요_인테리어가 멋져요_
33342797,소비자위샘감시원,계획에없던콩나물국밥집인데아칩에부지런히간보람이있었음:)처음먹어보는수란+김+오징어조합!전날술안먹어서해장느낌은내지못했지만아침에깔끔하게먹기굿!밖에나와보니웨이팅도생기고별관에도웨이팅일찍와서먹는걸추천~,2026년 6월 14일 일요일,음식이 맛있어요_매장이 넓어요_주차하기 편해요_
33342797,그녀의 맛집냥,성인2아이2.방문.콩나물국밥2어린이국밥1주문했는데수란과김을인원수에맞춰주셨습니다.갬동.어른이먹는국밥은매웠지만든든히속을채울수있었습니다.👍,2026년 6월 13일 토요일,음식이 맛있어요_재료가 신선해요_특별한 메뉴가 있어요_매장이 넓어요_친절해요_
33342797,박아롱77,아침부터가도웨이팅이장난이아니네용!택시기사님이추천해주신곳은다맛난거같아요깔끔한데깊은맛!전주의마지막날아침을든든히먹어서넘좋았어요,2026년 6월 7일 일요일,음식이 맛있어요_
33342797,윤스11,콩나물국밥이맛있어봤자라고생각하고간곳인데너무맛있게잘먹었다.기본반찬도뭐하나맛없는게없었다.국물이맑은데맛이또미쳤다.이집은찐인정.타지역가서감동받긴처음임.전주가면무조건고할곳.,2026년 6월 6일 토요일,음식이 맛있어요_재료가 신선해요_
33342797,JWnJM,전주여행오면아침으로꼭오는곳~^!!,2026년 6월 4일 목요일,음식이 맛있어요_양이 많아요_가성비가 좋아요_매장이 넓어요_친절해요_
33342797,Hun42,전주에가면항상방문하는맛집,2026년 6월 3일 수요일,음식이 맛있어요_재료가 신선해요_양이 많아요_특별한 메뉴가 있어요_가성비가 좋아요_
33342797,라틴의간지,김치가너무맛있고신선하다.감동적인국내산이다.직원분들이너무깔끔하고친절하시다.예상치못한최고의맛집!,2026년 6월 2일 화요일,음식이 맛있어요_재료가 신선해요_건강한 맛이에요_혼밥하기 좋아요_매장이 넓어요_
33342797,Asas,너무맛있어요~~~칼칼한국물에잘익은김치!달달한모주한잔!환상의조합입니당,2026년 5월 30일 토요일,음식이 맛있어요_
33342797,부브68,맛있는거야워낙유명한데다른전주콩나물국밥집보다오징어양이많아서만족스러웠습니다!게다가직원분들이너무친절하고살뜰히챙겨주셔서감동이었습니다.아이를동반한식사였는데이것저것서비스로챙겨주셔서감사했어요.물론한가한시간이어서이런서비스가가능한것이었을수도있기에바쁜시간에방문하시면저와같은서비스는못받으실수도있겠어요.참고하셔요~덕분에전주여행에서좋은기억남기고갑니다^^,2026년 5월 24일 일요일,음식이 맛있어요_양이 많아요_친절해요_
33342797,par****,맛있는거야워낙유명한데다른전주콩나물국밥집보다오징어양이많아서만족스러웠습니다!게다가직원분들이너무친절하고살뜰히챙겨주셔서감동이었습니다.아이를동반한식사였는데이것저것서비스로챙겨주셔서감사했어요.물론한가한시간이어서이런서비스가가능한것이었을수도있기에바쁜시간에방문하시면저와같은서비스는못받으실수도있겠어요.참고하셔요~덕분에전주여행에서좋은기억남기고갑니다^^,2026년 5월 24일 일요일,반찬이 잘 나와요_매장이 넓어요_주차하기 편해요_
1457865014,깐쪼,매장깨끗하고직원분들친절하세요◡̈◡̈!!,2026년 6월 14일 일요일,커피가 맛있어요_음료가 맛있어요_특별한 메뉴가 있어요_가성비가 좋아요_친절해요_
1457865014,토돌1,음료가맛있고친절하셔서기분이좋네요.패쓰오더로주문이되면좋겠습니다.,2026년 6월 7일 일요일,커피가 맛있어요_
1457865014,샤크나이트,굿,2026년 5월 25일 월요일,가성비가 좋아요_커피가 맛있어요_
1457865014,소근소은,메가리카노주문앉아서마실테이블은없다,2026년 5월 24일 일요일,가성비가 좋아요_
1457865014,God bless you 365,좁아도너무유용했던메가!,2026년 5월 2일 토요일,음료가 맛있어요_친절해요_매장이 청결해요_
1457865014,톨스로이,.,2026년 4월 26일 일요일,음료가 맛있어요_친절해요_매장이 청결해요_
1457865014,kli****,맛있어요,2026년 4월 25일 토요일,커피가 맛있어요_
1457865014,별지킴이17,굿,2026년 4월 24일 금요일,음료가 맛있어요_
1457865014,마룽55,굿,2026년 4월 22일 수요일,가성비가 좋아요_
1457865014,ISIISS99,맛있어요,2026년 4월 13일 월요일,커피가 맛있어요_
36668406,워니시코,맛있어요,2026년 6월 15일 월요일,커피가 맛있어요_
36668406,oli****,음식이간이잘맞고맛있어요매장도깔끔하고넓어서좋아요👍👍,2026년 6월 15일 월요일,음식이 맛있어요_양이 많아요_매장이 넓어요_
36668406,다86,매운거못먹는아이들과같이방문했어요ㅎ떡갈비정식3인분시켰구요고등어떡갈비미역국나물들로밥3번씩먹네요^^어른도아이도잘먹었습니다,2026년 6월 14일 일요일,음식이 맛있어요_양이 많아요_가성비가 좋아요_반찬이 잘 나와요_메뉴 구성이 알차요_
36668406,lvo****,음식이너무맛있습니다.한옥마을근처맛집다찾아보고왔지만이곳을선택하기를잘한거같아요.부모님도참좋다고만족하시네요~강력추천합니다,2026년 6월 14일 일요일,음식이 맛있어요_재료가 신선해요_양이 많아요_인테리어가 멋져요_매장이 넓어요_
36668406,진정한리뷰,잘먹었습니다.맛있어요!,2026년 6월 14일 일요일,음식이 맛있어요_재료가 신선해요_친절해요_화장실이 깨끗해요_
36668406,규엉새,백반이먹고싶어서검색하다가들려봤어요!반찬도대체적으로간도적당하구맛있었어요!!백반하나만시켜도제육이랑고등어구이미역국된장찌개가나오니까괜찮은가격에배불리먹고갑니다ㅎㅎ,2026년 6월 14일 일요일,음식이 맛있어요_재료가 신선해요_메뉴 구성이 알차요_건강한 맛이에요_가성비가 좋아요_
36668406,marsnana95,전주한옥마을여행떡갈비제육정식넘맛있어요.아이랑오기좋아요.반찬도넘많이나오네요.,2026년 6월 14일 일요일,음식이 맛있어요_양이 많아요_가성비가 좋아요_매장이 넓어요_친절해요_
36668406,hyeoni8,떡갈비도크고달달하니맛있고다른반찬들도다맛있었어요!특히무침류들이정말맛있었어요!!추천받아서왔는데넘잘먹었습니다!,2026년 6월 14일 일요일,음식이 맛있어요_재료가 신선해요_양이 많아요_매장이 넓어요_차분한 분위기예요_
36668406,반짝반짝205,가족모임하기에너무좋은장소였습니다.메뉴어느것하나빠지는것없이좋았고주차장도구비되어있어서편했고강아지동반도(가방은필수)가능해서뭐하나부족함이없었던곳입니다.다음에또전주에서가족모임을한다면또방문하고싶은곳입니다.,2026년 6월 14일 일요일,음식이 맛있어요_재료가 신선해요_메뉴 구성이 알차요_반찬이 잘 나와요_단체모임 하기 좋아요_
36668406,톰포드22,아기랑같이밥먹기편했엉ㅅ,2026년 6월 14일 일요일,매장이 넓어요_매장이 청결해요_친절해요_음식이 맛있어요_
16795216,totoya69,검색후부모님모시고갔어요육회는1cm단위로채썰어진느낌입니다고추장범벅이고육회맛이전혀느꺼지지않아요돌솥비빔밥은김밥천국맛입니다육회비빔밥은그나마나았어요육전은달걀지단에.고기얹어서달갈물덮은듯하네요전혀한식분위기가아닙니다밑반찬6개나왔는데5가지가사제품이고미나리나물한가지만식당에서한것같습니다김치.콩자반.오징어무말랭이.옥수수.고추장아찌(?)미나리나물정말최악에식사네요전주를대표하는음식비빔밥이좀더성의있는음식으로대접됐으면좋겠습니다,2026년 6월 11일 목요일,주차하기 편해요_
16795216,윤스11,진짜흔한비빔밥.굳이비빔밥먹으러전주갈일은없을듯.곁들임반찬은남기면다버릴텐데기본양이많음.조금씩담아도될텐데..비빔밥도양이많음.화려한리뷰에비해아쉽,2026년 6월 6일 토요일,양이 많아요_
16795216,별내율무,맛굿친절해요,2026년 6월 1일 월요일,음식이 맛있어요_재료가 신선해요_특별한 메뉴가 있어요_인테리어가 멋져요_친절해요_
16795216,아롱아사랑해1,육회비빔밥너무맛있었어요밑반찬들도정갈하고맛났네요~다음에전주에들린다면또들리고싶어서저장해놓았어요~~,2026년 5월 31일 일요일,음식이 맛있어요_재료가 신선해요_특별한 메뉴가 있어요_친절해요_주차하기 편해요_
16795216,maxbasic,전주한옥마을에있지않았다면직작에망하고도남을곳비빔밥은그냥평타불고기는절반이질긴고무같은비계덩어리이며그냥조미료맛투성이외국인관광객뜨내기손님만으로돌아가는곳직원들의불친절함은세계최고주문해도들은척만척주차는18한시간만여러분들뭘시키든한시간안에드셔애합니다아니면주차요금폭탖맞아요,2026년 5월 30일 토요일,음식이 빨리 나와요_
16795216,란레스,해외에서오는70명정도안내했는데고속도로오다가휴게소에서불가피하게시간이늦어져서12시예약에못와서10분에1대25분에1대늦게입장저라고휴게소에서일이생길줄알았나요..이거이후로안내도별로고70명앉혀놨는데안내차량1대주차시간물어보니2시간지나면주차비내고가야한다고요?????????전화로확인전화할땐12시확답주셨잖아요라고하실거면휴게소일은그확답후한참뒤에일어났습니다수고하세요있었던일은리뷰로남깁니다,2026년 5월 28일 목요일,반찬이 잘 나와요_
16795216,Dream8340,굳,2026년 5월 23일 토요일,음식이 맛있어요_매장이 넓어요_
16795216,Jen333,평일에도식사하시는분들이많네요역시전주비빔밥맛집입니다짜지않고육전도맛있었어요^^,2026년 5월 20일 수요일,음식이 맛있어요_재료가 신선해요_양이 많아요_특별한 메뉴가 있어요_뷰가 좋아요_
16795216,얼음마녀40,평일에도식사하시는분들이많네요역시전주비빔밥맛집입니다짜지않고육전도맛있었어요^^,2026년 5월 16일 토요일,음식이 맛있어요_매장이 넓어요_
16795216,마실다니는주리,백화점위한국집이랑다른본점의위엄외국인관광객들이많더라구요주차장도옆이라편하고맛있어요,2026년 5월 6일 수요일,음식이 맛있어요_
11540579,김소탕,블루리본받은식당이라전주여행첫끼로바로방문하게된곳.한창점심시간이었는데도손님이많지않고적당히한산해서창가자리쪽앉아가족끼리편하게식사했습니다.개인적으로는그냥맛있는비빔밥맛(아는맛)이었고같이먹은떡갈비도무난하니맛있었습니다.실패없는식사였어서어디서식사할지고민하신다면여기서드시는것도괜찮을것같습니다.잘먹고갑니다!,2026년 5월 30일 토요일,대화하기 좋아요_음식이 빨리 나와요_
11540579,샤크나이트,굿,2026년 5월 24일 일요일,음식이 맛있어요_
11540579,썬058,전주비빔밥담백하게잘먹었어요.콩나물국이랑기본반찬맛있어요!^^,2026년 5월 1일 금요일,음식이 맛있어요_반찬이 잘 나와요_
11540579,lovely girl77,전동성당가까이있어요맛있어요,2026년 4월 11일 토요일,음식이 맛있어요_
11540579,릴리로즈37,시래기국밥떡갈비육회비빔밥모두맛있어요.반찬도슴슴해서좋아요조금비싸긴했지만만족,2026년 3월 6일 금요일,음식이 맛있어요_재료가 신선해요_인테리어가 멋져요_매장이 넓어요_친절해요_
11540579,갑222,대기가있었지만회전률빨라서많은거치고는금방들어감맛있음!!근데떡갈비가조금슴슴했음!,2026년 3월 1일 일요일,음식이 맛있어요_재료가 신선해요_건강한 맛이에요_반찬이 잘 나와요_가성비가 좋아요_
11540579,yuy****,45년전통이라해서들렸어요.그래도전주오면비빔밥은기본이죠ㅎㅎ평일아침(년말)이라사람많지않았고친절해요.다만떡갈비에잡내가났는데4명중저한사람만그랬어요.입맛다르니까....잘묵었습니다,2025년 12월 31일 수요일,음식이 맛있어요_양이 많아요_건강한 맛이에요_매장이 넓어요_친절해요_
11540579,리응디,45년전통이라해서들렸어요.그래도전주오면비빔밥은기본이죠ㅎㅎ평일아침(년말)이라사람많지않았고친절해요.다만떡갈비에잡내가났는데4명중저한사람만그랬어요.입맛다르니까....잘묵었습니다,2025년 12월 7일 일요일,음식이 맛있어요_매장이 넓어요_매장이 청결해요_
11540579,무엇이든원하는대로,전주는떡갈비&비빔밥🎀🎶,2025년 11월 8일 토요일,화장실이 깨끗해요_음식이 맛있어요_
11540579,즐거운알,전주살면서비빔밥집가는일은거의없는데…ㅋ타지에사시는지인께서놀러오셔서전주에놀러왔으니비빔밥을드셔야겠다는말씀에수많은비빔밥집들중종로회관을선택했어요선택에후회없습니다.일단친절!!!블루리본11개멋집니다👍🏻지인분들도맛있다고칭찬일색!!뿌듯했습니다아아아앙ㅋ타지에서또손님이비빔밥을찾으신다면그때도종로회관으로고고띵!!할래요,2025년 7월 10일 목요일,음식이 맛있어요_친절해요_매장이 청결해요_단체모임 하기 좋아요_
1705369488,즐123,좋아요,2026년 6월 13일 토요일,특별한 메뉴가 있어요_
1705369488,lovei1004you,전주한옥마을오면꼭들리는길거리야💖❤️바게트버거맛집최고!!계속생각나는맛🫶엄마도오늘처음드시고제일맛있는바게트버거래요😍또올게영,2026년 6월 11일 목요일,빵이 맛있어요_커피가 맛있어요_음료가 맛있어요_사진이 잘 나와요_친절해요_
1705369488,바닐라슈슈,👍,2026년 6월 6일 토요일,빵이 맛있어요_
1705369488,희히히주,A세트먹었어요.바게트버거맛있어요!,2026년 6월 6일 토요일,특별한 메뉴가 있어요_
1705369488,sazawang,여수바게트버거랑비슷해요.겉바속촉의정석임!,2026년 6월 3일 수요일,빵이 맛있어요_특별한 메뉴가 있어요_
1705369488,빠라빰뺨,약간매콤해서느끼함이덜했어요바게트조합이좋았어요,2026년 6월 2일 화요일,특별한 메뉴가 있어요_
1705369488,The Aid,25.05.25.일요일오후1시10분경방문했습니다.바게트버거1개(6000원)주문했고바로제공되었습니다.좀늦게먹어서그런건지입맛이변한건지모르겠지만맛은조금아쉬우면서도한옥마을올때마다먹던추억의맛이있었습니다.바게트는소스에젖어서그런지딱딱하지않은편이었습니다.,2026년 5월 25일 월요일,특별한 메뉴가 있어요_음식이 빨리 나와요_
1705369488,꽃내음전해진해,간단하게먹기에좋아요.반미느낌이나지만또다른바삭함이생각나네요.,2026년 5월 24일 일요일,빵이 맛있어요_커피가 맛있어요_음료가 맛있어요_가성비가 좋아요_특별한 메뉴가 있어요_
1705369488,욜로97,오랫만에먹었는데맛있어요망바도맛있어요,2026년 5월 18일 월요일,빵이 맛있어요_특별한 메뉴가 있어요_
1705369488,솔트오너,입천장다까지게바삭함~맛있음~!!한번쯤먹어야는길거리간식,2026년 5월 16일 토요일,빵이 맛있어요_특별한 메뉴가 있어요_
1196809444,가을봄79,전주한옥마을맛집정말맛있습니다!해장용으로도좋아요ㅎㅎ,2026년 6월 15일 월요일,음식이 맛있어요_재료가 신선해요_양이 많아요_특별한 메뉴가 있어요_가성비가 좋아요_
1196809444,whitbell,내장탕이맛있어요물갈비는그냥먹으면제육볶음국물같았는데들께후추를꼭넣어드세요막걸리도최고였어요#전주한옥마을#진할머니갈비국밥한옥마을산책운동겸이정도는걸어서오세요,2026년 6월 15일 월요일,매장이 넓어요_음식이 맛있어요_가성비가 좋아요_
1196809444,eunjeong25,여러군데알아보고숙소랑도가까워서갔습니다.친절하고보리밥도맛있고아이가먹을메뉴도있어서좋아요.물갈비양도많고맛있습니다👍🏻👍🏻👍🏻,2026년 6월 14일 일요일,음식이 맛있어요_양이 많아요_가성비가 좋아요_현지 맛에 가까워요_메뉴 구성이 알차요_
1196809444,깐쪼,얼큰하고깊은국물맛고기잡내없고부드럽고아침.점심식사로딱임👍🏻👍🏻👍🏻👍🏻👍🏻보리밥.쌀밥무한리필에셀프바반찬에서비빔밥즐길수있음!!🚘매장앞공영주차장있어주차하기편하고1시간제공,2026년 6월 14일 일요일,음식이 맛있어요_양이 많아요_특별한 메뉴가 있어요_가성비가 좋아요_주차하기 편해요_
1196809444,79g****,국물이시원하고맛있어요!!아이먹을거보고왔는데떡갈비육전도있어서아이도잘먹네여!!!맥주도저렴하고밥도무제한으로제공되어좋아요!!전주한옥마을맛집이네영!!,2026년 6월 14일 일요일,음식이 맛있어요_양이 많아요_특별한 메뉴가 있어요_아이와 가기 좋아요_음식이 빨리 나와요_
1196809444,예비맘5521,전주한옥마을여행와서근처맛집검색해서왔어요~매운거못먹는초등아이는순한맛물갈비해장국과육전떡갈비정식으로배불리잘먹었네요!!아이랑같이오기좋고비빔밥양념장이맛있어서정신없이비벼먹었네요ㅎㅎ,2026년 6월 13일 토요일,음식이 맛있어요_양이 많아요_메뉴 구성이 알차요_매장이 넓어요_친절해요_
1196809444,jkp****,맛있게먹고갑니다!!추천드려요!,2026년 6월 13일 토요일,음식이 맛있어요_양이 많아요_
1196809444,축복의 통로81,전주사람의현지인맛집찾기.이전부터유명한거알고있었는데주말아침뭐먹을까고민하다가왔어요.물갈비해장국깔끔칼칼하고돼지국밥국물진하네요.고기도맛있구요.무엇보다쌀밥보리밥무한리필이라니.강된장에생채콩나물넣어슥슥비벼먹으니꿀맛이네요.사장님진짜친절하셔요.,2026년 6월 12일 금요일,음식이 맛있어요_가성비가 좋아요_고기 질이 좋아요_친절해요_
1196809444,hoya2210,국물이끝내주세요친절하시고기분좋은식사됐어요,2026년 6월 11일 목요일,음식이 맛있어요_양이 많아요_인테리어가 멋져요_매장이 넓어요_친절해요_
1196809444,suman9880,음식이아주맛있어요~~^^,2026년 6월 10일 수요일,음식이 맛있어요_재료가 신선해요_양이 많아요_특별한 메뉴가 있어요_
1196809444,qwe6369,맛있게먹었어요,2026년 6월 8일 월요일,양이 많아요_가성비가 좋아요_음식이 맛있어요_
1196809444,llollr,물갈비해장국사진엔안담겼는데고기진짜많구맛있어요ㅋㅋㅋ부모님단골집인데드뎌저데려왔다고만족하시네요직접만들어먹는보리비빔밥도맛있습니다!!잘먹고갑니당,2026년 6월 7일 일요일,음식이 맛있어요_재료가 신선해요_가성비가 좋아요_친절해요_음식이 빨리 나와요_
1196809444,cha****,전주한옥마을에서가장맛있는국밥잘먹었습니다!,2026년 6월 7일 일요일,음식이 맛있어요_재료가 신선해요_양이 많아요_특별한 메뉴가 있어요_인테리어가 멋져요_
1196809444,별나8263,전주한옥마을구경하고갈비국밥유명하다해서왔어요1인1메뉴시키면밥무한리필이라네요,2026년 6월 7일 일요일,양이 많아요_혼밥하기 좋아요_
1196809444,네꿈30,맛있게먹고갑니다~,2026년 6월 7일 일요일,음식이 맛있어요_
1196809444,mino0807,마싯어용,2026년 6월 6일 토요일,음식이 맛있어요_재료가 신선해요_양이 많아요_특별한 메뉴가 있어요_
1196809444,장장군6983,음식이너무맛있어요!!,2026년 6월 5일 금요일,음식이 맛있어요_
1196809444,ysh****,맛있고친절합니다#전주한옥마을#맛집,2026년 6월 5일 금요일,음식이 맛있어요_매장이 넓어요_친절해요_
1196809444,가성비 포식자,처음먹어보는데익숙한맛같기도하고근데엄청맛있어요,2026년 6월 4일 목요일,음식이 맛있어요_양이 많아요_특별한 메뉴가 있어요_
1196809444,kms5872,고기양도많고보리밥도무한으로먹을수있어가성비짱입니다.,2026년 6월 4일 목요일,음식이 맛있어요_가성비가 좋아요_양이 많아요_
1196809444,서어희이,반찬도맛있고갈비도부드러워요!!,2026년 6월 3일 수요일,음식이 맛있어요_
1196809444,완산용두봉,맛있어요친절해요,2026년 6월 2일 화요일,음식이 맛있어요_양이 많아요_가성비가 좋아요_친절해요_
1196809444,째쑤52,.관광지말고현지식당와보고싶어서찾아방문했어요.전주에처음놀러와서처음먹어보는메뉴가있어만족스럽습니다ㅎㅎ,2026년 6월 2일 화요일,음식이 맛있어요_재료가 신선해요_특별한 메뉴가 있어요_가성비가 좋아요_
1196809444,초콜릿3504,갈비국밥너무맛있어요~매장도깔끔하고직원분들도친철해요~,2026년 6월 2일 화요일,음식이 맛있어요_양이 많아요_매장이 넓어요_친절해요_
1196809444,don****,물갈비국밥이맛있어요~,2026년 6월 1일 월요일,음식이 맛있어요_양이 많아요_가성비가 좋아요_주차하기 편해요_
1196809444,jhy****,역시국내산맛있어요,2026년 5월 30일 토요일,음식이 맛있어요_재료가 신선해요_매장이 넓어요_혼밥하기 좋아요_매장이 청결해요_
1196809444,이동훈8453,기가맥힙니더,2026년 5월 30일 토요일,재료가 신선해요_양이 많아요_특별한 메뉴가 있어요_음식이 맛있어요_
1196809444,띵이사랑74,전주.한옥마을근처물갈비해장국을처음먹었는데너무맛있게잘먹었어요~,2026년 5월 30일 토요일,음식이 맛있어요_재료가 신선해요_양이 많아요_
1196809444,SSL,얼큰하고아주맛좋습니다!!!,2026년 5월 30일 토요일,음식이 맛있어요_혼밥하기 좋아요_
1196809444,0123826,전주한옥마을들리고들렸는데너무맛있네요!!또올게요ㅎㅎ,2026년 5월 30일 토요일,음식이 맛있어요_양이 많아요_매장이 넓어요_매장이 청결해요_
1196809444,day****,갈비국밥에피순대까지메뉴도특이하고얼큰하게잘먹었습니다보리밥이무한리필되는것도너무좋았어요자주올게요~~~~,2026년 5월 29일 금요일,음식이 맛있어요_양이 많아요_매장이 넓어요_
1196809444,나B2,갈비해장국맛있어요👍고기도야들하고콩나물도두껍고아삭하고밥무한리필인것도좋은데비빔밥해먹게세팅되어있지만상추같은초록채소가없어서좀아쉬웠어요편육은피가덜빠져서좀더꼬수운맛이고쫄깃과딱딱사이의식감이단단해요테이블간격은좁은편이예요,2026년 5월 29일 금요일,음식이 맛있어요_
1196809444,Son동찬,진할머니갈비국밥진짜맛있습니다전주놀러오면물갈비해장국소내장탕꼭드셔보세요#전주한옥마을맛집,2026년 5월 29일 금요일,음식이 맛있어요_재료가 신선해요_특별한 메뉴가 있어요_가성비가 좋아요_혼밥하기 좋아요_
1196809444,jin9ho51,진할머니갈비국밥진짜맛있습니다전주놀러오면물갈비해장국소내장탕꼭드셔보세요#전주한옥마을맛집,2026년 5월 29일 금요일,음식이 맛있어요_재료가 신선해요_특별한 메뉴가 있어요_가성비가 좋아요_고기 질이 좋아요_
1196809444,오동통소금빵,한옥마을남부시장가성비맛집물갈비해장국건더기진짜많고고기도가득들어있어요간만에너무맛있게먹었어요!,2026년 5월 29일 금요일,음식이 맛있어요_가성비가 좋아요_고기 질이 좋아요_혼밥하기 좋아요_주차하기 편해요_
1196809444,모두부자되자,호텔맨이추천해서왔는데맛있다,2026년 5월 28일 목요일,음식이 맛있어요_
1196809444,보화야,인천에서물갈비전골먹고너무실망해서기대가없었는데진할머니갈비국밥물갈비해장국먹고물갈비정의가바꼈어용🫪🫪이게진정한물갈비…!!🥹🥹🥹청양고추넣어먹으니까얼큰하니완전존맛탱이에용👍🏻👍🏻쌀밥보리밥무한리필이라서해장국나오기전에보리밥한그릇뚝딱했는데이것두완전존맛탱😍😍이번전주여행에서먹은음식들중에1등이에용!!주차장도바로코앞이라서편하구좋았습니당❣️❣️,2026년 5월 28일 목요일,음식이 맛있어요_재료가 신선해요_특별한 메뉴가 있어요_주차하기 편해요_대화하기 좋아요_
1196809444,우리금암,얼큰하고시원해서너무맛있게잘먹었습니다!보리밥쌀밥무한제공에비빔밥도있고소주맥주도3천원이에용,2026년 5월 26일 화요일,음식이 맛있어요_재료가 신선해요_인테리어가 멋져요_매장이 넓어요_단체모임 하기 좋아요_
1196809444,xiaopangzi84,맛집이에요👍👍👍,2026년 5월 25일 월요일,음식이 맛있어요_재료가 신선해요_양이 많아요_가성비가 좋아요_
1196809444,다리우스82,전주한옥마을/전주남부시장맛집이에요!,2026년 5월 25일 월요일,음식이 맛있어요_친절해요_
1547379426,꽃다대,부모님모시고갔는데자극적이지않은양념이라어른들이편하게드심부드러운고기에진한감칠맛까지더해져서다들맛있다고연신칭찬하심정갈한나물반찬도한몫함,2026년 6월 14일 일요일,양이 많아요_재료가 신선해요_음식이 맛있어요_
1547379426,안영숙14,친구들이랑한옥마을놀러왔다가우연히발견한곳인데분위기가너무예뻐서다들사진찍느라바빴어요고급스러운한옥인테리어에포토존까지있어서사진맛집으로도손색없구요바싹불고기는진한불향에부드러운식감까지갖춰서한점먹자마자다들맛있다고난리였어요다음에또오자고벌써약속잡았어요,2026년 6월 13일 토요일,재료가 신선해요_가성비가 좋아요_
1547379426,k5y****,따끈한불고기한점이당겨서찾아갔어요입에넣자마자퍼지는불향에기분이확좋아졌어요,2026년 6월 13일 토요일,재료가 신선해요_가성비가 좋아요_음식이 맛있어요_양이 많아요_
1547379426,카라2132,한옥마을여행코스에넣어두면후회없을곳입니다입구의강아지부터손님을반겨주고내부는한옥특유의운치가살아있어분위기가좋습니다바싹불고기는불향이진하게배어한점만먹어도여운이길고고기가부드러워어른아이모두즐기기좋습니다나물반찬과냉면까지어느하나아쉬운게없어일행전원이만족했습니다,2026년 6월 12일 금요일,양이 많아요_재료가 신선해요_가성비가 좋아요_음식이 맛있어요_
1547379426,kjm****,손님이많아서살짝기다렸는데기다린보람이있었습니다불고기는고기누린내가전혀없고양념이깔끔해서자꾸손이갔습니다곁들여나온나물반찬구성도정성스러워서부모님모시기좋겠다싶었습니다,2026년 6월 12일 금요일,양이 많아요_재료가 신선해요_음식이 맛있어요_가성비가 좋아요_
1547379426,vv****,귀여운강아지덕분에들어가는길부터기분이좋았습니다진한불향에부드러운고기까지더해져밥을두공기나먹었습니다,2026년 6월 12일 금요일,가성비가 좋아요_양이 많아요_음식이 맛있어요_재료가 신선해요_
1547379426,들국화248,가족외식으로자주갈곳을찾고있었는데여기로정착할것같아요우선자리가넉넉하고분위기가차분해서어른들모시기좋았구요불고기는부드럽고간이슴슴해서어르신들도부담없이드시기좋았어요정갈하게깔린나물반찬도어머니가특히좋아하셔서다음에또모시고오기로했어요,2026년 6월 11일 목요일,재료가 신선해요_가성비가 좋아요_음식이 맛있어요_양이 많아요_
1547379426,사철가,처음온동네라어디갈지고민하다들어왔는데정답이었어요부드러운고기에진한불향이배어서한점먹자마자감탄했구요깔끔한나물반찬까지더해져서든든하게먹었어요,2026년 6월 11일 목요일,양이 많아요_가성비가 좋아요_재료가 신선해요_
1547379426,yyw****,작고귀여운강아지가반겨주는입구부터마음이몽글몽글했어요ㅎㅎ불고기한점에그기분이완성됐어요,2026년 6월 11일 목요일,음식이 맛있어요_재료가 신선해요_
1547379426,크어아이740,아기데리고갔는데사장님이의자도챙겨주시고너무편하게해주셨어요정신없는와중에도불고기가부드럽고맛있어서야무지게먹고왔구요배려해주신덕분에마음편하게식사한게제일감사했어요,2026년 6월 11일 목요일,재료가 신선해요_가성비가 좋아요_
1547379426,wov****,강아지가입구에서꼬리흔들며반겨주는데그냥무장해제됨불고기풍미도좋고반찬도알차서또오기로다짐함,2026년 6월 10일 수요일,양이 많아요_재료가 신선해요_
1547379426,민우규원사랑,고기좀먹어본사람입장에서보면여긴양념밸런스가진짜좋음단맛에의존하지않고감칠맛으로승부보는스타일이라자극적이지않아서좋았음바싹불고기불향도인위적이지않고자연스럽게배어서고급스럽게느껴짐냉면육수까지깔끔하게떨어져서마지막까지만족스러웠음,2026년 6월 10일 수요일,재료가 신선해요_양이 많아요_음식이 맛있어요_
1547379426,마이클011,분위기보고들어갔는데맛까지잡아서두배로만족함ㅋㅋ바싹불고기불향진하고반찬도정갈해서흠잡을데없었음,2026년 6월 10일 수요일,가성비가 좋아요_양이 많아요_재료가 신선해요_
1547379426,love****,한점집어먹는순간불향이확올라오는데입맛이확살아났어요너무맛있어서추가로한접시더시켜먹었어요,2026년 6월 9일 화요일,가성비가 좋아요_양이 많아요_
1547379426,boy****,와여기진짜숨은보석같은곳이에요한옥마을한복판에이런분위기좋은불고기집이있다는게신기했어요바싹불고기는진한불향에부드러운식감까지갖춰서한점먹자마자감탄이절로나왔어요정갈한나물반찬에시원한냉면까지곁들이니완벽한한상이라일행모두엄지척했어요,2026년 6월 9일 화요일,음식이 맛있어요_양이 많아요_
1547379426,yar****,기대안하고들어갔다가완전반전맛집만났어요바싹불고기가겉바속촉이라식감이재밌고양념이깔끔해서끝까지물리지가않더라구요밑반찬도알차서한끼든든하게챙겨먹었어요,2026년 6월 9일 화요일,음식이 맛있어요_재료가 신선해요_가성비가 좋아요_양이 많아요_
1547379426,jhc****,데이트코스로한옥마을돌다가들어왔는데분위기에먼저반했어요나무결이살아있는인테리어가차분하면서도고급스러워서사진이정말예쁘게나오더라구요불고기는양념이자극적이지않아고기본연의맛이살아있고시원한냉면까지곁들이니마무리가깔끔해서둘다대만족이었어요,2026년 6월 9일 화요일,재료가 신선해요_가성비가 좋아요_양이 많아요_
1547379426,거북 아버지는 이발사,작은강아지의환대에기분좋게시작함바싹불고기불향이진해서입맛이확살아나고밥까지싹비움,2026년 6월 8일 월요일,재료가 신선해요_양이 많아요_가성비가 좋아요_
1547379426,smw****,강아지보러들어갔다가불고기에정신팔려서강아지까먹을뻔함ㅋㅋ고기부드럽고감칠맛진해서정신없이흡입함반찬도알차서배부르게잘먹고나옴,2026년 6월 8일 월요일,양이 많아요_가성비가 좋아요_재료가 신선해요_
1547379426,먀웅466,자리에앉자마자나오는밑반찬부터기대를높였음나물종류가다양하고간이슴슴해서자극적이지않게입맛을돋웠음메인인바싹불고기는불향을제대로입혀서겉은바삭하고속은촉촉했고양념이과하지않아서고기맛을잘살렸음냉면육수까지깔끔해서처음부터끝까지빈틈이없었음,2026년 6월 8일 월요일,양이 많아요_재료가 신선해요_
1547379426,aud9963,한옥마을근처에서식사장소를찾던중우연히들른곳입니다들어서자마자정돈된한옥인테리어가눈에들어와기대가됐습니다바싹불고기는겉은바삭하고속은촉촉해서식감이살아있었고양념단맛을잘잡아물리지않았습니다직원분들도시종일관친절하셔서기분좋게식사를마쳤습니다,2026년 6월 8일 월요일,가성비가 좋아요_음식이 맛있어요_재료가 신선해요_양이 많아요_
1547379426,pkm****,평소불고기별로안좋아하는데여기와서생각이싹바뀌었어요고기가야들야들하고불향이배어서한점이두점되더라구요ㅎㅎ,2026년 6월 7일 일요일,재료가 신선해요_양이 많아요_음식이 맛있어요_
1547379426,민들레6736,따뜻한불빛아래한옥분위기가마음을편안하게감싸줬어요부드러운불고기한점에은은한불향이퍼지면서하루의긴장이스르륵풀렸어요,2026년 6월 7일 일요일,가성비가 좋아요_양이 많아요_
1547379426,redpants5,불향가득한바싹불고기에시원한냉면조합이거하나로오늘외식대성공이라기분좋게나왔어요,2026년 6월 7일 일요일,가성비가 좋아요_매장이 청결해요_친절해요_
1547379426,cyj814,모처럼부모님이랑나들이나온날한옥마을걷다가출출해서들어온집이이렇게만족스러울줄몰랐어요강아지가꼬리흔들며반겨주는데그것부터기분이좋았고자리에앉으니정갈한나물반찬이쫙깔렸어요불고기는부드럽고감칠맛이진해서부모님이연신맛있다하셨고저도밥한공기더시켜먹었어요,2026년 6월 7일 일요일,양이 많아요_음식이 맛있어요_가성비가 좋아요_
1547379426,myw****,한옥마을갔다가발견한갓집이에요인테리어가고급스러워서사진찍는재미가쏠쏠했구요바싹불고기는불향이제대로라진짜미친맛이었고냉면이랑같이먹으니까더좋았어요ㅋㅋ,2026년 6월 7일 일요일,재료가 신선해요_양이 많아요_가성비가 좋아요_음식이 맛있어요_
1547379426,황금강쥐5,강아지영업력에홀려서들어왔습니다ㅋㅋ근데불고기맛이더대단해서두번놀라고나왔습니다,2026년 6월 6일 토요일,음식이 맛있어요_가성비가 좋아요_재료가 신선해요_양이 많아요_
1547379426,한봉49,불판위에서지글지글익는소리부터식욕을자극했습니다바싹불고기는겉면을바삭하게굽고속은촉촉해서두가지식감이한번에느껴졌습니다양념이깔끔해서끝까지물리지않고밥이랑무한정들어갔습니다,2026년 6월 6일 토요일,가성비가 좋아요_양이 많아요_
1547379426,kpb****,모임장소로예약하고방문했는데여러모로만족스러웠습니다한옥인테리어가정갈하고분위기가차분해서식사내내편안했습니다불고기는고기질이좋아부드럽고불향이은은하게배어풍미가좋았습니다나물반찬도손맛이느껴졌고직원분들응대도친절해서다음모임도이곳으로정하기로했습니다,2026년 6월 6일 토요일,음식이 맛있어요_가성비가 좋아요_양이 많아요_재료가 신선해요_
1547379426,kism****,부모님생신이라좋은곳찾다가모시고갔는데대만족이었습니다고급스러운한옥분위기에어른들이무척좋아하셨고사진도예쁘게많이남겼습니다불고기는부드럽고감칠맛이깊어어른입맛에잘맞았고냉면육수도시원해서마무리가깔끔했습니다정성가득한상차림에기분좋게식사했습니다,2026년 6월 6일 토요일,양이 많아요_음식이 맛있어요_
1547379426,nizi1202,친구가데려가준곳인데완전취향저격이었어요바싹불고기불향이진해서먹는내내행복했어요,2026년 6월 5일 금요일,재료가 신선해요_양이 많아요_
1547379426,산남저수지,전주한옥마을근처에서식사할곳찾는다면여기강력추천이에요들어가자마자귀여운강아지가반겨주고한옥특유의고즈넉한인테리어가눈을사로잡아요시그니처인바싹불고기는불향이진하게배어서한점만먹어도여운이길게남고나물반찬이며냉면까지어느하나빠지지않아서일행모두만족하면서나왔어요,2026년 6월 5일 금요일,가성비가 좋아요_재료가 신선해요_양이 많아요_음식이 맛있어요_
1547379426,liketostock,큰기대없이들어갔다가제대로한방먹었어요ㅋㅋ고기가안질기고부드럽게끊겨서먹기편했고양념도안달아서좋았어요냉면이랑같이먹으니까입가심으로딱이었어요,2026년 6월 5일 금요일,가성비가 좋아요_양이 많아요_
1547379426,봄볕167,고소한불향에이끌려한점먹었다가깜짝놀랐어요부드러운고기에감칠맛까지진해서금세한접시비웠어요,2026년 6월 5일 금요일,가성비가 좋아요_음식이 맛있어요_재료가 신선해요_양이 많아요_
1547379426,진천마,고기두께랑굽기정도가딱좋아서식감이야들야들해요양념이달지않고짭조름하게잡혀서밥이랑먹으면끝도없이들어가요곁들여나오는나물반찬도간이슴슴해서물리지않아요,2026년 6월 5일 금요일,가성비가 좋아요_재료가 신선해요_음식이 맛있어요_양이 많아요_
1547379426,유연옥75,한옥분위기속에서즐기는바싹불고기한점불향에육즙까지꽉차서두말없이인정함또갈거임,2026년 6월 4일 목요일,재료가 신선해요_가성비가 좋아요_음식이 맛있어요_
1547379426,중년소녀,8개월아기데리고갔는데사장님이편하게배려해주셔서정말고마웠음불고기는부드럽고감칠맛이좋아서정신없는와중에도맛있게먹고옴,2026년 6월 4일 목요일,음식이 맛있어요_가성비가 좋아요_
1547379426,mir****,여러불고기집을다녀본사람으로서보면이집은양념균형감각이뛰어남단맛에치우치지않으면서감칠맛을끌어올렸고고기손질이깔끔해서누린내가없음바삭하게구운식감이랑부드러운속살대비도인상적이었음곁들여나오는나물반찬에냉면까지완성도가높아서재방문의사확실함,2026년 6월 4일 목요일,재료가 신선해요_양이 많아요_가성비가 좋아요_
1547379426,seo****,강아지가손님끌어오는거보고직원시켜야하나진지하게고민함ㅋㅋ농담이고불고기가진짜일을잘함양념단맛잡고고기부드럽게구워서끊김없이술술넘어감나물반찬도정갈하고냉면육수도깔끔해서어른들이랑와도딱좋겠다싶었음,2026년 6월 4일 목요일,매장이 청결해요_재료가 신선해요_음식이 맛있어요_
1547379426,전실장15,와진짜들어서자마자분위기에압도당했어요한옥인테리어가너무고급스러워서사진을백장은찍은것같아요불고기는또어떻고요불향가득한고기가입에서살살녹는데단맛절제된양념이라끝까지물리지가않았어요포토존까지완벽해서친구들한테다소문냈어요,2026년 6월 3일 수요일,가성비가 좋아요_매장이 청결해요_
1547379426,beadgallery,한옥마을구경하다출출해서들어왔는데바싹불고기한입에피로가싹가셨어요ㅎㅎ,2026년 6월 3일 수요일,재료가 신선해요_가성비가 좋아요_음식이 맛있어요_
1547379426,heungbuu57,한옥마을맛집찾다가발견한곳이에요입구부터귀여운강아지가반겨주고안은고급스러운한옥인테리어라분위기가남달라요바싹불고기는불향가득하고양념이슴슴해서고기본연의맛이잘느껴져요,2026년 6월 3일 수요일,음식이 맛있어요_양이 많아요_가성비가 좋아요_친절해요_
1547379426,Birdie89,진짜한점먹고눈이번쩍뜨였어요바싹불고기불향이코로먼저들어오는데그순간여기단골확정이라고직감했어요고기가툭툭끊기지않고부드럽게씹히면서감칠맛이입안에오래맴돌아요시원한냉면이랑번갈아먹으니까그조합이또환상이라한상깨끗하게비웠어요,2026년 6월 3일 수요일,양이 많아요_재료가 신선해요_음식이 맛있어요_
1547379426,kin****,잔잔한한옥처마아래에서모락모락피어오르는불향이코끝을간질이고불고기한점에하루피로가사르르풀렸어요,2026년 6월 3일 수요일,가성비가 좋아요_재료가 신선해요_양이 많아요_
1547379426,네추럴90,손주들과함께찾았는데자리도넉넉하고직원분들이친절하셔서편안했습니다불고기가질기지않고부드러워아이부터어른까지다같이즐기기좋았습니다나물반찬정성에마음이따뜻해졌습니다,2026년 6월 2일 화요일,양이 많아요_가성비가 좋아요_
1547379426,풀꽃330,지나가다맛있어보여서들어왔는데선택이옳았습니다반찬도깔끔하고불고기풍미가좋아든든하게잘먹었습니다,2026년 6월 2일 화요일,양이 많아요_음식이 맛있어요_
1547379426,gem****,작은강아지가반겨줘서기분좋게시작했습니다불고기육즙이진해서밥도둑이따로없었습니다,2026년 6월 2일 화요일,재료가 신선해요_가성비가 좋아요_음식이 맛있어요_양이 많아요_
1547379426,heu****,주차하고들어가니아담한강아지가마중을나왔습니다자리안내받고바싹불고기를시켰는데불판에서올라오는불향부터남달랐습니다고기는얇게잘펴서구워식감이야들야들하고양념이짜지도달지도않게균형이잡혀있었습니다밑반찬나물도신선하고냉면육수까지깔끔해서군더더기없는한끼였습니다,2026년 6월 2일 화요일,양이 많아요_재료가 신선해요_가성비가 좋아요_
1547379426,joo****,나이들수록자극적인음식이부담스러운데여긴양념이슴슴하니좋았습니다불고기가부드러워치아가약한사람도편하게먹기좋고반찬하나하나가손맛이느껴집니다모처럼마음편한식사였습니다,2026년 6월 2일 화요일,친절해요_가성비가 좋아요_
1547379426,iks****,불향제대로입은바싹불고기에시원한냉면까지한상비우고나니바로단골예약걸게되더라구요ㅎㅎ,2026년 6월 1일 월요일,재료가 신선해요_음식이 맛있어요_가성비가 좋아요_
1547379426,mnk****,포토존이예뻐서사진찍는재미가쏠쏠했어요바싹불고기는겉은바삭하고속은촉촉해서자꾸들어가더라구요분위기도아늑해서데이트하기좋아요,2026년 6월 1일 월요일,매장이 청결해요_음식이 맛있어요_
1547379426,sjy6136,한옥마을가시면여기꼭들러보시라고추천드리고싶어요우연히들어갔다가보물발견한기분이었거든요바싹불고기가겉바속촉인데불향이진해서한점먹으면멈출수가없더라구요반찬도알차고냉면도시원해서부모님모시고가도다들만족하실거예요,2026년 6월 1일 월요일,가성비가 좋아요_음식이 맛있어요_재료가 신선해요_친절해요_
1547379426,성냥곽,오늘은부모님이랑외식하기로한날한옥마을산책하다가발견한집인데결과적으로대성공이었어요불고기는양념이자극적이지않아서어른입맛에딱맞았고나물반찬하나하나가정성스러웠어요사장님도살갑게챙겨주셔서기분좋게식사하고나왔어요다음엔동생도데리고와야겠어요,2026년 6월 1일 월요일,재료가 신선해요_음식이 맛있어요_가성비가 좋아요_양이 많아요_
1547379426,38****,한옥마을갔다가강아지보고들어온게신의한수였구요불고기양념이안달고고기가찰져서넘맛있었어요냉면이랑같이먹으니까조합이미쳤어요ㅋㅋ,2026년 6월 1일 월요일,양이 많아요_재료가 신선해요_
1547379426,qud****,귀여운강아지한테홀려서들어왔다가인생불고기만나고옴육즙도살아있고밑반찬도알차서또생각남,2026년 5월 31일 일요일,가성비가 좋아요_양이 많아요_재료가 신선해요_음식이 맛있어요_
1547379426,2j****,고기상태부터체크하는편인데여긴합격임바싹불고기겉면은불향입혀서바삭하게굽고속살은촉촉함을유지해서식감대비가좋음단맛은뒤에서은근하게받쳐주고감칠맛이오래남아서물리지않음나물반찬도직접무친티가나서정성이느껴졌음,2026년 5월 31일 일요일,음식이 맛있어요_재료가 신선해요_가성비가 좋아요_양이 많아요_
1547379426,sto****,친구가하도가보라길래반신반의하면서갔는데바싹불고기진짜물건임고기끊김없이부드럽고감칠맛폭발해서반찬에밥까지싹비우고옴,2026년 5월 31일 일요일,음식이 맛있어요_매장이 청결해요_
1547379426,고페르아이티,부모님모시고방문했는데신의한수였어요밑반찬으로나오는나물반찬구성이정갈해서어른들이특히좋아하시더라구요불고기는고기질이좋아서툭툭끊기지않고부드럽게씹히고감칠맛이오래남아요인테리어도깔끔하고고급스러워서가족모임장소로자신있게추천하고싶어요,2026년 5월 30일 토요일,가성비가 좋아요_양이 많아요_재료가 신선해요_
1547379426,hi-****,은은한한옥분위기속에서먹는불고기한점입안에퍼지는불향에마음까지노곤하게풀렸어요,2026년 5월 30일 토요일,음식이 맛있어요_양이 많아요_
1547379426,김원중36,고기전문점을꽤다녀본입장에서평가하자면여긴기본기가탄탄합니다불고기양념의단맛을절제하면서도감칠맛을잘살려냈고고기누린내가전혀없습니다냉면육수도밋밋하지않고깔끔하게떨어져서마무리가좋았습니다가족단위손님이많은이유가충분히납득됐습니다,2026년 5월 29일 금요일,양이 많아요_가성비가 좋아요_재료가 신선해요_음식이 맛있어요_
1988260686,seoj****,고기전문점을꽤다녀본입장에서평가하자면여긴기본기가탄탄합니다불고기양념의단맛을절제하면서도감칠맛을잘살려냈고고기누린내가전혀없습니다냉면육수도밋밋하지않고깔끔하게떨어져서마무리가좋았습니다가족단위손님이많은이유가충분히납득됐습니다,2026년 6월 13일 토요일,커피가 맛있어요_음료가 맛있어요_인테리어가 멋져요_사진이 잘 나와요_
1988260686,Yes Princess,관광지인만큼비싼건감안하더라도원래빵을접시도없이이렇게주나요?테이블도지저분...들어와서주문부터하라는안내보고가방이너무무거워짐부터놓고와도되냐고직원분께여쭤보니그냥손으로휙여기서부터기분이안좋았음ㅋ지인과의약속시간이남아서들린커피숍인데글쎄요다음에재방문은...앗반전체다할리피뇨소금빵은넘맛있었네요,2026년 6월 13일 토요일,뷰가 좋아요_인테리어가 멋져요_디저트가 맛있어요_
1988260686,tmd****,한옥마을뷰가잘보이고좋아요!!!실내인테리어도한국적이라서더좋네요!!,2026년 6월 12일 금요일,인테리어가 멋져요_사진이 잘 나와요_뷰가 좋아요_매장이 넓어요_빵이 맛있어요_
1988260686,sno****,한옥마을뷰카페뷰가굿굿저녁에더예뻐요,2026년 6월 11일 목요일,커피가 맛있어요_음료가 맛있어요_인테리어가 멋져요_뷰가 좋아요_친절해요_
1988260686,물향46,뷰가멋진곳,2026년 6월 11일 목요일,음료가 맛있어요_특별한 메뉴가 있어요_가성비가 좋아요_인테리어가 멋져요_뷰가 좋아요_
1988260686,lee****,뷰가위에서한옥마을을바로볼수있어정말예쁘고음료도정말맛있어요,2026년 6월 11일 목요일,커피가 맛있어요_음료가 맛있어요_디저트가 맛있어요_
1988260686,jin****,전망이너무좋고커피도맛있고사장님도너무친절하세요^^,2026년 6월 11일 목요일,대화하기 좋아요_디저트가 맛있어요_
1988260686,wjdgns858,전주한옥마을놀러왔는데예쁜카페추천받아서왔어요!!분위기도좋고데이트및단체모임도좋은거같아요!!,2026년 6월 9일 화요일,커피가 맛있어요_디저트가 맛있어요_음료가 맛있어요_인테리어가 멋져요_친절해요_
1988260686,이경화45,커피맛은보통이예요뷰는넘멋쪄요분위기로맛난커피마셨어요,2026년 6월 8일 월요일,사진이 잘 나와요_디저트가 맛있어요_
1988260686,jhh****,전주오면항상방문해요~분위기도좋고뷰가최고예요,2026년 6월 6일 토요일,커피가 맛있어요_인테리어가 멋져요_사진이 잘 나와요_
1988260686,its****,전주올때마다방문하는카페입니다.경치가전주최고예요.,2026년 6월 6일 토요일,음료가 맛있어요_커피가 맛있어요_
1988260686,화니213,분위기가정말좋고커피맛도만족스러워요~매장내부가깔끔하고전주한옥마을이보여서편하게시간을보낼수있었습니다.직원분들도친절하게응대해주셔서기분좋게이용했어요커피도맛있어요~!,2026년 6월 6일 토요일,커피가 맛있어요_음료가 맛있어요_인테리어가 멋져요_뷰가 좋아요_단체모임 하기 좋아요_
1988260686,Ftyu,전망좋고커피맛있어요,2026년 6월 6일 토요일,커피가 맛있어요_디저트가 맛있어요_가성비가 좋아요_
1988260686,나비효과608,한옥전망보며여행시작이좋네요.산딸기요거트맛나요❤️소금빵종류많아디저트류도맛있네요.,2026년 6월 6일 토요일,디저트가 맛있어요_대화하기 좋아요_뷰가 좋아요_
1988260686,맘마최,전망대카페:-)뷰너무좋아요!🫶날씨도좋고커피맛도좋고나이스!,2026년 6월 5일 금요일,커피가 맛있어요_디저트가 맛있어요_인테리어가 멋져요_사진이 잘 나와요_
1988260686,나두몰러49,뷰도예쁘고좌석들도예뻐요.커피와빵도맛있어요,2026년 6월 5일 금요일,커피가 맛있어요_디저트가 맛있어요_친절해요_매장이 청결해요_인테리어가 멋져요_
1988260686,pre****,빵종류도다양하고인테리어가너무예뻐요!!,2026년 6월 5일 금요일,커피가 맛있어요_디저트가 맛있어요_음료가 맛있어요_
1988260686,선우5819,맛잇어요빵도굿굿~,2026년 6월 4일 목요일,커피가 맛있어요_인테리어가 멋져요_
1988260686,물향46,뷰가정말좋아요,2026년 6월 3일 수요일,커피가 맛있어요_디저트가 맛있어요_음료가 맛있어요_특별한 메뉴가 있어요_뷰가 좋아요_
1988260686,헤헤헤14,뷰맛집입니다전주한옥마을구경와서쉬어가기에넘좋네요👍,2026년 6월 1일 월요일,인테리어가 멋져요_뷰가 좋아요_매장이 청결해요_
1988260686,tw4****,뷰가너무좋아요^^,2026년 6월 1일 월요일,커피가 맛있어요_인테리어가 멋져요_친절해요_매장이 청결해요_
1988260686,물향46,멋진뷰의좋은카페,2026년 5월 27일 수요일,커피가 맛있어요_디저트가 맛있어요_음료가 맛있어요_특별한 메뉴가 있어요_뷰가 좋아요_
1988260686,sey****,매장이넓고쉬어가기좋아요,2026년 5월 22일 금요일,뷰가 좋아요_
1988260686,123458180,더운날씨였는데카페에에어컨도안틀어져있었고직원에게부탁하니까자기가음료만드느라바쁘다고에어컨확인하고켜준다더니거의삼십분다되어켜주더라구요에어컨먼저확인하고켜주고음료만들면되는거아니었나직원응대가아쉬웠습니다.,2026년 5월 18일 월요일,인테리어가 멋져요_
1988260686,물향46,뷰가멋져요대화하기좋은곳,2026년 5월 8일 금요일,특별한 메뉴가 있어요_인테리어가 멋져요_사진이 잘 나와요_대화하기 좋아요_뷰가 좋아요_
1988260686,라벤더가득98,내가알고있던전주비빔밥은아니지만가격에비해괜찮았어요,2026년 5월 4일 월요일,대화하기 좋아요_집중하기 좋아요_뷰가 좋아요_친절해요_매장이 청결해요_
1988260686,빵순이라구요,뷰는좋음.전주의한옥마을이보이고탁트인전경임.그러나매장청결이깔끔하게관리되어있지않음청소잘안되어있음.특히야외테라스는...청결에신경써야할듯..음료들은그냥쏘쏘.,2026년 5월 2일 토요일,뷰가 좋아요_
1988260686,n43****,뷰는좋음.전주의한옥마을이보이고탁트인전경임.그러나매장청결이깔끔하게관리되어있지않음청소잘안되어있음.특히야외테라스는...청결에신경써야할듯..음료들은그냥쏘쏘.,2026년 5월 1일 금요일,음료가 맛있어요_뷰가 좋아요_
1988260686,YUM81,뷰이뻐요친적하고추천천한옥마을맛집,2026년 4월 30일 목요일,뷰가 좋아요_사진이 잘 나와요_인테리어가 멋져요_
1988260686,Fa,커피랑디저트맛있게먹구갑니다앙,2026년 4월 29일 수요일,커피가 맛있어요_디저트가 맛있어요_
1978054842,8383란,전주에서식사후에가장속편하고든든한밥집은은우정육식당인거같아요.언제나친절과맛이보장된은우정육식당점심메뉴육회비빔밥한우얼큰찌개너무맛있어요〰️또가고싶은밥집은우정육식당👍🏻,2026년 6월 15일 월요일,음식이 맛있어요_고기 질이 좋아요_양이 많아요_
1978054842,꿀이맑음,고기가맛있어요,2026년 6월 14일 일요일,음식이 맛있어요_
1978054842,dkr****,고기가맛있어요,2026년 6월 13일 토요일,음식이 맛있어요_
1978054842,좔좔8895,처음방문한곳고기맛있어요.자주올거같습니다.,2026년 6월 13일 토요일,음식이 맛있어요_고기 질이 좋아요_직접 잘 구워줘요_
1978054842,hoo****,맛있어요!,2026년 6월 12일 금요일,음식이 맛있어요_고기 질이 좋아요_반찬이 잘 나와요_
1978054842,체리본,점심특선가성비도좋고맛있어요!,2026년 6월 10일 수요일,음식이 맛있어요_혼밥하기 좋아요_
1978054842,new****,맛있어요👌,2026년 6월 8일 월요일,음식이 맛있어요_고기 질이 좋아요_
1978054842,똥글이37,고기품질도좋고서비스및너무~~친절하십니다^^자주방문하고싶네요~~맛있게푸짐하게잘먹고갑니다~~,2026년 6월 6일 토요일,음식이 맛있어요_인테리어가 멋져요_친절해요_
1978054842,공쥬우1,직접구워주셔서좋아요방울토마토가있어서좋아요,2026년 6월 5일 금요일,음식이 맛있어요_직접 잘 구워줘요_
1978054842,정민아놀자,직접구워주시니편하고맛있어요^^,2026년 6월 4일 목요일,음식이 맛있어요_단체모임 하기 좋아요_친절해요_
1978054842,sah****,직접구워주시고고기가너무맛있어요전주맛집이네요^^굿굿,2026년 6월 2일 화요일,고기 질이 좋아요_인테리어가 멋져요_매장이 넓어요_직접 잘 구워줘요_
1978054842,asldfgkn,항상잘먹고있습니다.감사합니다.,2026년 6월 2일 화요일,음식이 맛있어요_고기 질이 좋아요_양이 많아요_특별한 메뉴가 있어요_가성비가 좋아요_
1978054842,ojk****,한우맛집이라군산에서먹으러와요조는차돌이제일맛있어요완전강추입니다!!!,2026년 6월 1일 월요일,음식이 맛있어요_고기 질이 좋아요_양이 많아요_친절해요_인테리어가 멋져요_
1978054842,hrh****,남편이랑자주오는곳인데여기는정말고기랑숯이넘사벽이다!!!,2026년 5월 31일 일요일,고기 질이 좋아요_음식이 맛있어요_
1978054842,lee****,가족외식왓어요.고기질이너무좋아기대가되네요고기도직접구워주시고직원분들도친절해서기분좋은맛잇는저녁이될듯합니다~♡,2026년 5월 31일 일요일,고기 질이 좋아요_음식이 맛있어요_반찬이 잘 나와요_친절해요_매장이 청결해요_
1978054842,leems,고기가너무너무맛있어요.다구워주셔서편하게먹었어요!,2026년 5월 30일 토요일,음식이 맛있어요_고기 질이 좋아요_
1978054842,스나이퍼오,고기가너무너무맛있어요.다구워주셔서편하게먹었어요!,2026년 5월 29일 금요일,음식이 맛있어요_고기 질이 좋아요_
1978054842,빌립흐,고기육즙이살아있고불향도좋아서정말맛있게먹었습니다.함께나온밑반찬들도잘어울렸고전체적으로만족스러운식사였어요.가족이나친구들과방문하기좋은곳입니다☺️👍,2026년 5월 29일 금요일,음식이 맛있어요_고기 질이 좋아요_친절해요_직접 잘 구워줘요_
1978054842,5838123,여기소고기가찐이에여..전소고기먹을때꼭여기로와요!진짜부드럽고다맛있어요!친구들가족다데려왔었습니다!!!번창해서오래오래하셨으면좋겠어용,2026년 5월 29일 금요일,음식이 맛있어요_고기 질이 좋아요_
1978054842,울애기최고예뻥,일주일만에2번째방문!!고기질끝내줍니다그리구사장님완전친절하시그고기맛있게구워주세요너무너무좋아용!!콜키지도프리👍👍,2026년 5월 29일 금요일,음식이 맛있어요_고기 질이 좋아요_가성비가 좋아요_차분한 분위기예요_인테리어가 멋져요_
1674437430,CoolcooL19,해삼내장향이좋고초밥두툼해서식감좋아요,2026년 6월 12일 금요일,음식이 맛있어요_
1674437430,lovseul33,직원분들도친절하고친목으로도좋고데이트하기도좋이용ㅎㅎ맛있습니당-!!,2026년 6월 8일 월요일,음식이 맛있어요_기본 안주가 좋아요_인테리어가 멋져요_대화하기 좋아요_
1674437430,tld****,직원분이친절하시고음식이맛있습니다,2026년 6월 6일 토요일,음식이 맛있어요_기본 안주가 좋아요_특별한 메뉴가 있어요_대화하기 좋아요_매장이 청결해요_
1674437430,tntng,늦은시간방문해서후다닥먹고왔어요분위기좋아용,2026년 6월 1일 월요일,음식이 맛있어요_대화하기 좋아요_음악이 좋아요_친절해요_매장이 청결해요_
1674437430,man****,분위기좋고맛나요,2026년 5월 30일 토요일,음식이 맛있어요_인테리어가 멋져요_대화하기 좋아요_
1674437430,봉봉7592,분위기도좋고너무맛있어요ㅠㅠㅠ기린생맥주에회가특히신선한데비린내가하나도안나고저회린이인데너무잘먹었어요!!쫀득하고백합탕은엄청시원합니다!,2026년 5월 16일 토요일,음식이 맛있어요_재료가 신선해요_특별한 메뉴가 있어요_인테리어가 멋져요_음악이 좋아요_
1674437430,초코리아1,사계에3일전에방문해서술겁나마셨는데오늘도왔네요.올때마다너무좋아요.우선조명이조도가좀낮아서예쁘게보여서좋아요.ㅋㅋㅋ대화하기좋고안주도맛있어요.아~~안주사진을못찍어서아쉬워요.사계는후회없는선택이에요.오세요~~~~^^,2026년 5월 15일 금요일,음식이 맛있어요_기본 안주가 좋아요_특별한 메뉴가 있어요_재료가 신선해요_대화하기 좋아요_
1674437430,dan****,맛있어요.ᐟ,2026년 5월 8일 금요일,음식이 맛있어요_기본 안주가 좋아요_인테리어가 멋져요_대화하기 좋아요_차분한 분위기예요_
1674437430,psr****,사장님이친절하시고안주도맛있고다양해서좋았던것같아요!!다음에는다른메뉴한번먹어보고싶어용매장이기념일에오기좋은분위기여서재방문의사있습니다ㅏ!!!,2026년 5월 4일 월요일,음식이 맛있어요_대화하기 좋아요_매장이 청결해요_화장실이 깨끗해요_주차하기 편해요_
1674437430,은남7787,분위기좋아요,2026년 5월 2일 토요일,음식이 맛있어요_인테리어가 멋져요_
1179533799,재9678,존맛혼밥러를위한곳잘먹었습니다,2026년 6월 15일 월요일,음식이 맛있어요_메뉴 구성이 알차요_혼밥하기 좋아요_차분한 분위기예요_음식이 빨리 나와요_
1179533799,asd****,처음와봤는데너무맛잇어오!!,2026년 6월 14일 일요일,음식이 맛있어요_양이 많아요_재료가 신선해요_인테리어가 멋져요_
1179533799,Kassy34,혼자와서먹어도괜찮을것같아요!자리마다칸막이있어서좋습니다음식도맛있고구성도좋아요~,2026년 6월 14일 일요일,음식이 맛있어요_고기 질이 좋아요_특별한 메뉴가 있어요_양이 많아요_
1179533799,dan****,부담없이혼자먹기좋습니다추천,2026년 6월 12일 금요일,음식이 맛있어요_
1179533799,del****,맛잇어용!!,2026년 6월 12일 금요일,음식이 맛있어요_재료가 신선해요_
1179533799,WoodyJung,지나가다가맛있어보여서왔눈데너무괜찮네요:)가성비도좋고분위기도좋습니다!!앞접시귀여워요ㅎㅎㅎㅎ,2026년 6월 11일 목요일,음식이 맛있어요_고기 질이 좋아요_양이 많아요_특별한 메뉴가 있어요_재료가 신선해요_
1179533799,내꿈은 파이어족,가성비좋게혼자샤브먹기좋아요!,2026년 6월 11일 목요일,음식이 맛있어요_고기 질이 좋아요_특별한 메뉴가 있어요_혼밥하기 좋아요_
1179533799,류아92,혼밥하기좋은샤브샤브집이생겼다길래예전부터가보고싶었는데오늘방문했습니다!!혼밥석이잘되어있어서너무좋고샤브샤브도맛있어요!!😍버섯을못먹어서빼달라고요청드렸는데대신다른야채를좀더넣어주셨어요굿굿!!,2026년 6월 11일 목요일,음식이 맛있어요_매장이 넓어요_혼밥하기 좋아요_친절해요_
1179533799,예은35,혼밥하기너무좋아요ㅎㅎㅎ,2026년 6월 10일 수요일,음식이 맛있어요_메뉴 구성이 알차요_혼밥하기 좋아요_친절해요_주차하기 편해요_
1179533799,박세철10,너무맛있습니다!!,2026년 6월 10일 수요일,음식이 맛있어요_고기 질이 좋아요_
1179533799,재9678,2인석도편하네요점심잘먹고갑니다^^,2026년 6월 9일 화요일,가성비가 좋아요_메뉴 구성이 알차요_매장이 청결해요_혼밥하기 좋아요_차분한 분위기예요_
1179533799,ses1178,혼밥하기너무좋아요,2026년 6월 8일 월요일,인테리어가 멋져요_
1179533799,han****,재료도다양하고혼자와도편하기먹을수있어요추천해요혼밥편하게했어요,2026년 6월 5일 금요일,음식이 맛있어요_고기 질이 좋아요_양이 많아요_
1179533799,하깅26,재료도다양하고혼자와도편하기먹을수있어요추천해요혼밥편하게했어요,2026년 6월 5일 금요일,매장이 넓어요_음식이 맛있어요_
1179533799,세린1176,너무맛있고귀여우ㅏ영💕💕자주올게요!!!,2026년 6월 5일 금요일,음식이 맛있어요_고기 질이 좋아요_양이 많아요_특별한 메뉴가 있어요_혼밥하기 좋아요_
1179533799,가현잉ㅇ,맛있어용ㅎㅎ,2026년 6월 5일 금요일,음식이 맛있어요_고기 질이 좋아요_양이 많아요_
1179533799,msb****,샤브샤브가먹고싶기도하고출근전에혼밥할곳찾다가찾았는데분위기도편안하고좋아요!!맛도있어요!!🩷🌷,2026년 6월 4일 목요일,반찬이 잘 나와요_음식이 맛있어요_차분한 분위기예요_혼밥하기 좋아요_
1179533799,dus****,혼밥하기너무좋아요,2026년 6월 4일 목요일,음식이 맛있어요_고기 질이 좋아요_인테리어가 멋져요_혼밥하기 좋아요_
1179533799,son****,혼밥하기괜찮은곳👍👍,2026년 6월 4일 목요일,음식이 맛있어요_고기 질이 좋아요_인테리어가 멋져요_혼밥하기 좋아요_
1179533799,인뉴욜,샤브샤브진짜좋아하는데앞으로샤브샤브먹으러여기로자주올것같아영!💖💖인테리어도잘되어있고혼밥하기도좋아요!!!,2026년 6월 3일 수요일,음식이 맛있어요_인테리어가 멋져요_혼밥하기 좋아요_
1179533799,ak****,자주먹어요가성비가너무좋고재료가신선한게느껴져요~^_^굿굿,2026년 6월 3일 수요일,음식이 맛있어요_고기 질이 좋아요_가성비가 좋아요_혼밥하기 좋아요_
1179533799,tmd****,맛있어요.가성비좋아요!,2026년 6월 2일 화요일,음식이 맛있어요_가성비가 좋아요_매장이 넓어요_
1179533799,mym****,오랜만에와서먹어도맛있어요잘먹었습니다,2026년 6월 1일 월요일,음식이 맛있어요_특별한 메뉴가 있어요_인테리어가 멋져요_매장이 넓어요_
1179533799,우하하하1,맛잇어요요요요용,2026년 5월 31일 일요일,음식이 맛있어요_고기 질이 좋아요_
1179533799,하은효열맘,아이가넘좋아해서자주오는곳맛가격모두쏘쏘,2026년 5월 30일 토요일,음식이 맛있어요_주차하기 편해요_
1179533799,seo****,⭐⭐⭐⭐⭐혼밥족에게강력추천!1인샤브샤브를찾다가들렀는데완전만족했어요!육수가깔끔하고잡내없이깨끗한맛이라끝까지맛있게먹었습니다.매장도정말청결하게관리되고있어서기분좋게식사할수있었어요.사장님도친절하게챙겨주셔서혼자와도전혀어색하지않았습니다.1인샤브샤브찾으신다면여기무조건추천드려요!😊,2026년 5월 30일 토요일,음식이 맛있어요_고기 질이 좋아요_양이 많아요_혼밥하기 좋아요_친절해요_
1179533799,와플먹고싶당,혼밥하기좋은샤브샤브집이집근처에있어서너무좋아요..!!❤️❤️❤️,2026년 5월 29일 금요일,고기 질이 좋아요_양이 많아요_가성비가 좋아요_매장이 청결해요_혼밥하기 좋아요_
1179533799,you****,매장분위기도너무좋고음식도너무맛있어요!또방문하려고요🫶🏻🫶🏻,2026년 5월 29일 금요일,음식이 맛있어요_고기 질이 좋아요_양이 많아요_특별한 메뉴가 있어요_인테리어가 멋져요_
1179533799,dang****,직원분들너무친절하고좋아요~ㅎㅎㅎ재방문예정입니다!!!!!,2026년 5월 29일 금요일,음식이 맛있어요_고기 질이 좋아요_양이 많아요_특별한 메뉴가 있어요_인테리어가 멋져요_
1179533799,hay****,매장이깨끗하고서로다른메뉴를먹응수있어서좋아뇨,2026년 5월 28일 목요일,음식이 맛있어요_매장이 넓어요_매장이 청결해요_친절해요_
2035360458,설화6947,맛있어요🙂,2026년 6월 14일 일요일,음식이 맛있어요_고기 질이 좋아요_메뉴 구성이 알차요_친절해요_직접 잘 구워줘요_
2035360458,ggm****,처음와봤는데고기너무맛있습니다!!다음에또오고싶은곳이에요,2026년 6월 14일 일요일,음식이 맛있어요_잡내가 적어요_반찬이 잘 나와요_메뉴 구성이 알차요_매장이 넓어요_
2035360458,리니닝99,너무맛있고특별한메뉴가있어서좋아요,2026년 6월 14일 일요일,음식이 맛있어요_특별한 메뉴가 있어요_매장이 넓어요_
2035360458,ikt****,맛있고데이트하기너무좋아요,2026년 6월 14일 일요일,음식이 맛있어요_
2035360458,bby****,매장도크고청결하고직원분들도친절해요.고기질도좋고~너무맛있네요^^번창하세요!!,2026년 6월 13일 토요일,음식이 맛있어요_인테리어가 멋져요_매장이 넓어요_단체모임 하기 좋아요_매장이 청결해요_
2035360458,ahghhh,구성도잘나오고맛있어요🫶🏻🫶🏻,2026년 6월 13일 토요일,음식이 맛있어요_인테리어가 멋져요_
2035360458,te****,구성도잘나오고맛있어요🫶🏻🫶🏻,2026년 6월 13일 토요일,음식이 맛있어요_인테리어가 멋져요_친절해요_
2035360458,댓씽유두,명불허전!신시가지맛집으로소문나서와봤는데고기질도좋고다양한곁들이음식들이있어서만족스러운가족외식하고왔습니다!,2026년 6월 13일 토요일,음식이 맛있어요_고기 질이 좋아요_인테리어가 멋져요_친절해요_매장이 청결해요_
2035360458,amazona3,분위기가좋아요~고기맛도좋고김치도많이줘서너무좋네요🥰,2026년 6월 13일 토요일,음식이 맛있어요_고기 질이 좋아요_인테리어가 멋져요_친절해요_매장이 청결해요_
2035360458,30****,돌판에구워줘서더맛있고좋아요.고기맛있어요!,2026년 6월 13일 토요일,음식이 맛있어요_고기 질이 좋아요_친절해요_
2035360458,지호5133,너무맛있게잘먹었어요다음에또올게요👍,2026년 6월 13일 토요일,음식이 맛있어요_고기 질이 좋아요_인테리어가 멋져요_매장이 청결해요_
2035360458,꽃보라76,맛있게잘먹었어요!!!고기구워주십니당,2026년 6월 13일 토요일,음식이 맛있어요_양이 많아요_인테리어가 멋져요_단체모임 하기 좋아요_
2035360458,아멀랑,맛나용,2026년 6월 13일 토요일,음식이 맛있어요_
2035360458,skdwlwlak91,맛있게잘먹었어요인기있는이유가있내요!!,2026년 6월 13일 토요일,음식이 맛있어요_고기 질이 좋아요_양이 많아요_특별한 메뉴가 있어요_친절해요_
2035360458,7862,맛있습니다!!,2026년 6월 13일 토요일,음식이 맛있어요_컨셉이 독특해요_
2035360458,유자유자차,맛있습니다!!,2026년 6월 13일 토요일,음식이 맛있어요_
2035360458,봄봄에,고기너무맛있어요다음에또방문할게요,2026년 6월 13일 토요일,음식이 맛있어요_고기 질이 좋아요_특별한 메뉴가 있어요_메뉴 구성이 알차요_
2035360458,yir****,고기너무맛있어요다음에또방문할게요,2026년 6월 13일 토요일,음식이 맛있어요_고기 질이 좋아요_특별한 메뉴가 있어요_
2035360458,chlthdus,초음방문했는데음식도빨리나오고맛있어요👍👍매장내부환기도잘되고좌석간격도적당해서대화하는데불편함이없었어요,2026년 6월 13일 토요일,음식이 맛있어요_고기 질이 좋아요_매장이 넓어요_단체모임 하기 좋아요_환기가 잘 돼요_
2035360458,goo****,맛있어요!,2026년 6월 13일 토요일,음식이 맛있어요_고기 질이 좋아요_매장이 넓어요_
2035360458,kis****,그유명한석암생구이드디어!고기크기도한입이라서좋고돌판짜파게티도좋고술이술술들어가는식사였습니다,2026년 6월 13일 토요일,음식이 맛있어요_고기 질이 좋아요_특별한 메뉴가 있어요_단체모임 하기 좋아요_
2035360458,남원논두렁추어탕,너무맛있습니다와이프가너무좋아해요,2026년 6월 13일 토요일,음식이 맛있어요_매장이 넓어요_직접 잘 구워줘요_
2035360458,lov****,고기.김치.짜파게티다맛있어요~ㅎㅎ아주맛나게먹구가욧~,2026년 6월 13일 토요일,음식이 맛있어요_고기 질이 좋아요_주차하기 편해요_
2035360458,pig****,고기.김치.짜파게티다맛있어요~ㅎㅎ아주맛나게먹구가욧~,2026년 6월 12일 금요일,음식이 맛있어요_
2035360458,Engjiji,너무맛잇습니다!👍🏻👍🏻👍🏻👍🏻재방문의사10000000👍🏻👍🏻👍🏻👍🏻,2026년 6월 12일 금요일,음식이 맛있어요_고기 질이 좋아요_매장이 청결해요_
2035360458,재열58,맛있어요!!,2026년 6월 12일 금요일,음식이 맛있어요_고기 질이 좋아요_매장이 넓어요_단체모임 하기 좋아요_
2035360458,주딩72,돌판이라더맛있어용ㅎㅎ🤤🤤,2026년 6월 12일 금요일,음식이 맛있어요_고기 질이 좋아요_
2035360458,mmi****,새로생겼다그래서와보고싶었는데너무너무맛있어요!,2026년 6월 12일 금요일,음식이 맛있어요_고기 질이 좋아요_
2035360458,NocChoa,줄설만합니다고기자체도좋고직원분들서비스도열심히셔서기분좋게먹었어요!,2026년 6월 12일 금요일,음식이 맛있어요_고기 질이 좋아요_특별한 메뉴가 있어요_잡내가 적어요_반찬이 잘 나와요_
2035360458,babehjjj,웨이팅살짝기다리고입장햇서요!넘맛잇게잘먹고갑니다:),2026년 6월 12일 금요일,음식이 맛있어요_고기 질이 좋아요_양이 많아요_특별한 메뉴가 있어요_친절해요_
2035360458,doya****,맛있어요!!!,2026년 6월 12일 금요일,음식이 맛있어요_고기 질이 좋아요_
2035360458,mt07jeon,존맛탱이에요!,2026년 6월 12일 금요일,음식이 맛있어요_
2035360458,잼잼051,와너무맛있게먹었습니당,2026년 6월 12일 금요일,음식이 맛있어요_
2035360458,seoyeon335,돌판에구워먹는김치와고기조합이정말맛있었습니다.고기가두툼하고잡내없이부드러웠고김치도함께구워먹으니더맛있었어요.매장도깔끔하고직원분들이친절하게응대해주셔서만족스러운식사였습니다.전주에서삼겹살맛집찾는다면추천드려요!,2026년 6월 12일 금요일,인테리어가 멋져요_매장이 넓어요_음식이 맛있어요_고기 질이 좋아요_양이 많아요_
2035360458,dltnals3960,돌판삼겹살너무맛있어요!!,2026년 6월 12일 금요일,음식이 맛있어요_고기 질이 좋아요_
2035360458,자몽0000,고기넘맛있고특별해요!!!직원분들도친절하시고신선합니당,2026년 6월 12일 금요일,고기 질이 좋아요_음식이 맛있어요_특별한 메뉴가 있어요_친절해요_
2035360458,주호다아,요즘핫한이유가있는집이네요.같이구워먹는김치가포인트이며고기질이좋아맛이좋습니다.고기좋아하면만족할만한곳인거같아요.사진에는없지만술밥치즈떡쌈모두맛있네요.또오겠습니다번창하세요!,2026년 6월 12일 금요일,음식이 맛있어요_고기 질이 좋아요_특별한 메뉴가 있어요_재료가 신선해요_친절해요_
2035360458,s2카오스S2,석암맛있게잘먹었어요~^^,2026년 6월 12일 금요일,음식이 맛있어요_인테리어가 멋져요_친절해요_
2035360458,무로이28,너무맛나용감사합니다,2026년 6월 12일 금요일,음식이 맛있어요_고기 질이 좋아요_특별한 메뉴가 있어요_인테리어가 멋져요_매장이 넓어요_
2035360458,박민선7,맛있게잘먹었어요!직원분들모두친절하시고재방문의사있습니다!,2026년 6월 12일 금요일,음식이 맛있어요_고기 질이 좋아요_매장이 넓어요_친절해요_직접 잘 구워줘요_
2035360458,dlsgkdud,일요일에먹고재방문했습니다!고기질도좋고맛있어요.특별양념이랑치즈떡삼구이가정말킥.👍,2026년 6월 12일 금요일,음식이 맛있어요_고기 질이 좋아요_특별한 메뉴가 있어요_매장이 넓어요_친절해요_
2035360458,임허니30,고기질도좋고치즈랑떡도맛있어요이색적이에요,2026년 6월 12일 금요일,음식이 맛있어요_고기 질이 좋아요_인테리어가 멋져요_
2035360458,봉쥬57,맛맀어오,2026년 6월 11일 목요일,음식이 맛있어요_고기 질이 좋아요_
2035360458,rai****,맛있어요!!,2026년 6월 11일 목요일,양이 많아요_고기 질이 좋아요_특별한 메뉴가 있어요_음식이 맛있어요_
2035360458,크리스탈4110,떡쌈너무좋아하는데여기떡쌈도있고돌판이라고기가더맛있게익어요사과김치도대존맛!!,2026년 6월 11일 목요일,음식이 맛있어요_특별한 메뉴가 있어요_반찬이 잘 나와요_친절해요_매장이 청결해요_
2035360458,유상아v,신시점은처음인데매장도넓고쾌적하네요~~고기는말해뭐해넘맛있어요...최고,2026년 6월 11일 목요일,음식이 맛있어요_고기 질이 좋아요_
2035360458,민지에여,사장님이설명을잘해주시고조명이대박이네용.고기랑사이드다너무마싯어요!!!!떡치즈쌈꼭드세용💞💞💞,2026년 6월 11일 목요일,음식이 맛있어요_고기 질이 좋아요_양이 많아요_
2035360458,이상은17,분위기가일단미쳤어요돌판에구워먹는컨셉짱임.친구가추천해줘서왔는데진심맛있어요,2026년 6월 11일 목요일,음식이 맛있어요_고기 질이 좋아요_단체모임 하기 좋아요_직접 잘 구워줘요_
2035360458,mer****,용산에서자주갔던고기집이전주에생겨서남편이랑바로다녀왔는데역시너무맛있어요!!!,2026년 6월 11일 목요일,음식이 맛있어요_고기 질이 좋아요_
2035360458,응비8,고기가맛있고친절합니다!다음에또방문하고싶어요^^,2026년 6월 11일 목요일,음식이 맛있어요_고기 질이 좋아요_특별한 메뉴가 있어요_친절해요_매장이 청결해요_
2035360458,소희2690,고기신선하고맛있어요돌판으로구워서더맛있어요,2026년 6월 11일 목요일,음식이 맛있어요_고기 질이 좋아요_양이 많아요_특별한 메뉴가 있어요_메뉴 구성이 알차요_
2035360458,딩가딩가딩,항상웨이팅이있어궁금했는데추천합니다!일단돌판에구워서좋고친절하시구떡쌈이나돌판짜파게티처럼시그니처메뉴가있어서재밌어요ㅎㅎ맛있게잘먹었습니다☺️,2026년 6월 11일 목요일,음식이 맛있어요_특별한 메뉴가 있어요_친절해요_
2035360458,이지연91,인테리어도너무신기하고천겹이진짜맛있어요!!술이술술들어가용,2026년 6월 11일 목요일,음식이 맛있어요_고기 질이 좋아요_매장이 넓어요_
2035360458,마을숲93,고기질도너무좋고김치도너무맛있어요~~,2026년 6월 11일 목요일,고기 질이 좋아요_양이 많아요_재료가 신선해요_메뉴 구성이 알차요_
2035360458,lov****,고기질도너무좋고김치도너무맛있어요~~,2026년 6월 11일 목요일,음식이 맛있어요_인테리어가 멋져요_친절해요_
2035360458,wld****,맛집입니다!,2026년 6월 11일 목요일,음식이 맛있어요_고기 질이 좋아요_인테리어가 멋져요_혼밥하기 좋아요_
2035360458,마카롱달앙,첫방문인데직원분들도넘친절하고고기가진짜맛있어요무조건재방문추천✌🏻✌🏻,2026년 6월 11일 목요일,음식이 맛있어요_고기 질이 좋아요_특별한 메뉴가 있어요_인테리어가 멋져요_
2035360458,egscs,맛잇어요~~분위기가좋아요!,2026년 6월 11일 목요일,음식이 맛있어요_고기 질이 좋아요_
2035360458,아에이오으,진짜맛있어요ㅠㅠㅠ최고입니다ㅠㅠㅠ계속방문할거같아여맛있었습니당,2026년 6월 11일 목요일,음식이 맛있어요_가성비가 좋아요_반찬이 잘 나와요_직접 잘 구워줘요_좌석이 편해요_
2035360458,jinjin9,삼겹살이너무맛있어서한판더시킬뻔했어요🐷💕,2026년 6월 11일 목요일,음식이 맛있어요_고기 질이 좋아요_매장이 넓어요_
2035360458,sop****,맛있어요~잘먹을게요^^,2026년 6월 11일 목요일,고기 질이 좋아요_양이 많아요_음식이 맛있어요_특별한 메뉴가 있어요_인테리어가 멋져요_
2035360458,마니또요,아진찌맛있어요짜빠게티랑볶음밥필수!!!!!,2026년 6월 11일 목요일,음식이 맛있어요_고기 질이 좋아요_매장이 넓어요_매장이 청결해요_직접 잘 구워줘요_
2035360458,ti****,고기랑김치랑반찬들넘맛있습니다!!신시가지에생겨서너무좋네요~,2026년 6월 10일 수요일,음식이 맛있어요_고기 질이 좋아요_특별한 메뉴가 있어요_인테리어가 멋져요_친절해요_
2035360458,sh9000,조금일찍와서다행히자리가있었어요금방만석이됐네요너무맛있었습니다!!!!!!,2026년 6월 10일 수요일,음식이 맛있어요_고기 질이 좋아요_
2035360458,ㅇㅇ6,주말엔웨이팅때문에평일에이용했어요너무맛있어요김치쬰맛!,2026년 6월 10일 수요일,음식이 맛있어요_고기 질이 좋아요_특별한 메뉴가 있어요_매장이 넓어요_단체모임 하기 좋아요_
2035360458,데헤헤헷20,고기가진짜맛있어료!!!!,2026년 6월 10일 수요일,음식이 맛있어요_고기 질이 좋아요_양이 많아요_특별한 메뉴가 있어요_
2035360458,Dlwhrma,고기도부드럽고김치가완전맛있어요ㅋㅋ웨이팅이좀있지만회전율이빨라서괜찮아요떡쌈도색다르고좋네요,2026년 6월 10일 수요일,음식이 맛있어요_고기 질이 좋아요_특별한 메뉴가 있어요_친절해요_매장이 청결해요_
2035360458,오둥둥쓰,비주얼대박이에요!짱맛있어요!!!👍👍👍,2026년 6월 10일 수요일,음식이 맛있어요_고기 질이 좋아요_매장이 넓어요_인테리어가 멋져요_친절해요_
2035360458,msm****,마싯어요근래간고기집중젤맛잇습니다!,2026년 6월 10일 수요일,음식이 맛있어요_고기 질이 좋아요_양이 많아요_특별한 메뉴가 있어요_
2035360458,wo****,친절하세요!,2026년 6월 10일 수요일,음식이 맛있어요_인테리어가 멋져요_친절해요_
2035360458,박솔미32,너무너무맛있고직원분들이친절하세요!!,2026년 6월 10일 수요일,음식이 맛있어요_고기 질이 좋아요_
2035360458,짙은밤1,처음와밨는데컨셉이독특한것같아요돌판이정말돌모양그자체재밌고알차고맛있네요추천합니당!,2026년 6월 10일 수요일,재료가 신선해요_메뉴 구성이 알차요_매장이 넓어요_컨셉이 독특해요_
2035360458,pcw90,소문으로만듣던석암생소금구이와봤습니다맛있게먹었어요,2026년 6월 10일 수요일,음식이 맛있어요_고기 질이 좋아요_가성비가 좋아요_재료가 신선해요_잡내가 적어요_
2035360458,goals7538,맛있어요ㅎㅎ,2026년 6월 10일 수요일,음식이 맛있어요_고기 질이 좋아요_
2035360458,Fmzmallzlzkajdh,너무맛있어요!!,2026년 6월 10일 수요일,음식이 맛있어요_고기 질이 좋아요_양이 많아요_특별한 메뉴가 있어요_메뉴 구성이 알차요_
2035360458,강랑콩,왕맛있어용,2026년 6월 9일 화요일,음식이 맛있어요_고기 질이 좋아요_양이 많아요_인테리어가 멋져요_매장이 넓어요_
2035360458,김유민483,돌판에구워먹는게신기하고고기랑김치맛도좋아요!!,2026년 6월 9일 화요일,음식이 맛있어요_고기 질이 좋아요_인테리어가 멋져요_
2035360458,사이언스사스날59,데이트로방문했는데돌판에먹으니까더맛있는거같아요자주올거같아요!,2026년 6월 9일 화요일,음식이 맛있어요_고기 질이 좋아요_특별한 메뉴가 있어요_
2035360458,꼬꼬3490,처음방문햇는데웨이팅이잇어서좀기다렷어요매장도넓고깨끗해요너무맛잇어요!!,2026년 6월 9일 화요일,음식이 맛있어요_고기 질이 좋아요_인테리어가 멋져요_매장이 넓어요_친절해요_
2035360458,앨리7997,지나가면서항상대기가있길래궁금했던집이에요.분위기도좋고음식도맛있네요.후식으로짜파게티를먹을건데기대됩니다.,2026년 6월 9일 화요일,음식이 맛있어요_특별한 메뉴가 있어요_
2035360458,c3****,맛있어용,2026년 6월 9일 화요일,음식이 맛있어요_고기 질이 좋아요_매장이 넓어요_
2035360458,nar****,맛나요추천,2026년 6월 9일 화요일,인테리어가 멋져요_뷰가 좋아요_
2035360458,은서263,맛있어요!,2026년 6월 9일 화요일,음식이 맛있어요_고기 질이 좋아요_양이 많아요_인테리어가 멋져요_
2035360458,뚱이1914,항상맛있고친절합니다!,2026년 6월 9일 화요일,음식이 맛있어요_고기 질이 좋아요_양이 많아요_인테리어가 멋져요_매장이 넓어요_
2035360458,hhjj30,넘마싯아요~~~,2026년 6월 9일 화요일,음식이 맛있어요_고기 질이 좋아요_양이 많아요_특별한 메뉴가 있어요_매장이 넓어요_
2035360458,ena****,넘맛잇규직원분들도친절해서기분좋은저녁이에용!!된장술밥ㄹㅇ미친맛,2026년 6월 9일 화요일,음식이 맛있어요_고기 질이 좋아요_
2035360458,Sqz,너무맛있어요~~❤️또올게용~~,2026년 6월 9일 화요일,고기 질이 좋아요_양이 많아요_특별한 메뉴가 있어요_인테리어가 멋져요_매장이 넓어요_
2035360458,Wusg,맛있어용,2026년 6월 9일 화요일,음식이 맛있어요_
2035360458,겔양,신시가지에새로생긴석암생소금구이!남친이랑방문했는데와우..왜인기웨이팅맛집인지바로알겠어요ㅋㅋㅋ커다란돌판이화력이정말쎈데다가고기도정말맛있고생고기라부드럽고육질도너무좋아요~~또오고싶은맛집입니다!!,2026년 6월 9일 화요일,음식이 맛있어요_고기 질이 좋아요_양이 많아요_특별한 메뉴가 있어요_가성비가 좋아요_
2035360458,o0U0o,맛있어요,2026년 6월 9일 화요일,음식이 맛있어요_고기 질이 좋아요_양이 많아요_특별한 메뉴가 있어요_반찬이 잘 나와요_
2035360458,뽁뽁이22,고기도너무맛있고질이좋은데돌판까지완벽했어요ㅎㅎ🫶🏻김치도너무맛있고분위기가좋아서또가고싶은집!!삼겹살제대로충전하고왔네요❤️,2026년 6월 9일 화요일,음식이 맛있어요_고기 질이 좋아요_인테리어가 멋져요_
2035360458,쑤466,묵사발이맛있고친절해요!,2026년 6월 8일 월요일,음식이 맛있어요_고기 질이 좋아요_친절해요_매장이 청결해요_직접 잘 구워줘요_
2035360458,ttt5463,너무밋있게잘먹고갑니다.,2026년 6월 8일 월요일,친절해요_매장이 청결해요_직접 잘 구워줘요_음식이 맛있어요_고기 질이 좋아요_
2035360458,yhy****,매장이넓구쾌적해욤!!음식도짱빨리나어ㅏ욤김치때깔죽임..,2026년 6월 8일 월요일,음식이 맛있어요_고기 질이 좋아요_특별한 메뉴가 있어요_인테리어가 멋져요_
2035360458,AGNES1024,이름에맞게엄청큰돌판에꾸워서먹는컨셉이특이해용ㅎㅎ다양하게먹고싶어서모듬으로시켰고도토리묵사발이있어서시원하니좋아요🫶🏻,2026년 6월 8일 월요일,음식이 맛있어요_고기 질이 좋아요_메뉴 구성이 알차요_인테리어가 멋져요_친절해요_
2035360458,rla****,이름에맞게엄청큰돌판에꾸워서먹는컨셉이특이해용ㅎㅎ다양하게먹고싶어서모듬으로시켰고도토리묵사발이있어서시원하니좋아요🫶🏻,2026년 6월 8일 월요일,고기 질이 좋아요_
2035360458,뉴호2,고기가맛있어서또방문했어요ㅎㅎㅎㅎ,2026년 6월 8일 월요일,음식이 맛있어요_고기 질이 좋아요_
2035360458,이기문56,고기도맛있고분위기좋아요~~,2026년 6월 8일 월요일,음식이 맛있어요_고기 질이 좋아요_
2035360458,wld****,너무맛있어요!,2026년 6월 8일 월요일,음식이 맛있어요_고기 질이 좋아요_매장이 청결해요_
2035360458,xhy****,너무맛있어요!,2026년 6월 8일 월요일,음식이 맛있어요_
2050064407,엉쓰바리,아주맛나용건강하게먹고싶을때왕추천!,2026년 6월 15일 월요일,음식이 맛있어요_재료가 신선해요_
2050064407,꼬맹이9032,새로운음식이먹고싶어서~방문해봤어요.생각보다대기는할만했고음식도깔끔하고좋아요.주문하는방식이어색해서처음오는사람들은당황할수있겠다는생각?ㅎㅎ데이트하기좋은장소~에요.,2026년 6월 15일 월요일,음식이 맛있어요_재료가 신선해요_특별한 메뉴가 있어요_인테리어가 멋져요_컨셉이 독특해요_
2050064407,꽉찬 아름다움,우와~~~진짜놀랬어요어쩜이렇게하나부터열까지맛있죠?재료가신선하고맛있고푸짐하고100점입니다👍👍👍,2026년 6월 15일 월요일,음식이 맛있어요_재료가 신선해요_양이 많아요_특별한 메뉴가 있어요_건강한 맛이에요_
2050064407,foryouto654,전주올리브빈첫번째방문!건강한브런치찾아서왔어요.리뷰에서봤던것보다실제로더좋았어요.밖30도인데시원한온도지중해느낌건강한샐러드콩소스등너무어우려져요.다음에또올거에요.추천합니다.건강한음식찾으시는분들오셔요.,2026년 6월 15일 월요일,음식이 맛있어요_재료가 신선해요_메뉴 구성이 알차요_건강한 맛이에요_인테리어가 멋져요_
2050064407,수돌51,츨브르존맛이요요.......사진도못찍고먹었습니다ㅋㅋ전주에서서울맛봤으요,2026년 6월 14일 일요일,음식이 맛있어요_재료가 신선해요_특별한 메뉴가 있어요_
2050064407,바밤바9181,전주에이런곳이있어서너무좋아요제대로된지즁해식은여기뿐인것같아요강추합니다!!!,2026년 6월 14일 일요일,음식이 맛있어요_재료가 신선해요_인테리어가 멋져요_매장이 넓어요_친절해요_
2050064407,hye****,지중해브런치처음먹어보는데양이진짜많아요!!플래터도맛있고..알배추가진짜짱맛💗그리고지중해식샌드위치완전추천..빵이쫠깃하니샌드위치만시켜서먹어도완전배부를듯!!여기는또방문하고싶은곳이에요!!,2026년 6월 14일 일요일,음식이 맛있어요_재료가 신선해요_특별한 메뉴가 있어요_친절해요_매장이 청결해요_
2050064407,마아앙두우기이,몇번째재방문인지모를정듀..넘넘맛있어요포크텐더랑츨브르정말최고입니다💚🤍👍,2026년 6월 14일 일요일,음식이 맛있어요_재료가 신선해요_특별한 메뉴가 있어요_친절해요_
2050064407,쏭이1,맛있고신선해요친구추천으로왔어오맛있습니당!!!👍👍👍,2026년 6월 14일 일요일,음식이 맛있어요_
2050064407,맛있는거만리뷰다는뚱땡이,먹다가맛있어서찍은거라예쁜사진은없네요ㅠㅠ다이어트중에치팅느낌으로기분내기넘좋았어요!!닭가슴살이수비드라그런지엄청부드러워서흡힙했습니다!!당근라페도진짜맛있더라구요.빵에샐러드당근라페토마토닭가슴살올려먹으니진짜녹았습니다.그리고스프도진짜맛있었어요.,2026년 6월 13일 토요일,음식이 맛있어요_재료가 신선해요_인테리어가 멋져요_
2050064407,in975,또방문했어요ㅎㅎㅎ,2026년 6월 13일 토요일,음식이 맛있어요_재료가 신선해요_특별한 메뉴가 있어요_매장이 청결해요_
2050064407,wud****,맛있게잘먹었습니당,2026년 6월 13일 토요일,음식이 맛있어요_재료가 신선해요_
2050064407,rladuq21,친구들과함께방문했는데신선한야채도많고너무너무맛있어요샐러드라양이부족하지않을까했는데그런걱정노노!!너무든든하고너므맛있어요!!,2026년 6월 13일 토요일,음식이 맛있어요_재료가 신선해요_건강한 맛이에요_인테리어가 멋져요_아늑해요_
2050064407,듀이56,양도푸짐하고너무너무맛있어요ㅎㅎ다음에또오려구요!!,2026년 6월 12일 금요일,음식이 맛있어요_재료가 신선해요_양이 많아요_인테리어가 멋져요_매장이 넓어요_
2050064407,haezzzzichoi,오랜만에왔어용💖💟🩵항상너무맛있고특별한거먹고싶을때언제든지와서먹을수있어서좋아요ㅎㅎㅎ오늘은특히나포크텐더가부드럽고맛있네요🤓,2026년 6월 12일 금요일,특별한 메뉴가 있어요_건강한 맛이에요_메뉴 구성이 알차요_인테리어가 멋져요_매장이 넓어요_
2050064407,amcdreameye,N번째방문역시오늘도너무맛있었어요^^,2026년 6월 12일 금요일,음식이 맛있어요_재료가 신선해요_
2050064407,백재연16,5명이어서같었는데음식이맛있고특별한날을더욱특별하게만들어주는음식인것같아추천드려요!,2026년 6월 12일 금요일,음식이 맛있어요_재료가 신선해요_양이 많아요_인테리어가 멋져요_특별한 날 가기 좋아요_
2050064407,눈부신날77,깔끔하고신선하고너무맛있었어요!!재방문할께요🖤,2026년 6월 12일 금요일,음식이 맛있어요_재료가 신선해요_특별한 메뉴가 있어요_
2050064407,jjjjjjyy,맛있어요신선합니다!,2026년 6월 11일 목요일,음식이 맛있어요_재료가 신선해요_양이 많아요_매장이 넓어요_친절해요_
2050064407,하루하누,잘먹었습니다.건강에굿,2026년 6월 11일 목요일,재료가 신선해요_
2050064407,nug****,자주찾는곳이에요..맛있고독특해요..재료신선하고신뢰가갑니다.또올께요...,2026년 6월 11일 목요일,음식이 맛있어요_재료가 신선해요_양이 많아요_특별한 메뉴가 있어요_
2050064407,백구야아,음식이너무너무맛있고신선해요!해외나갈필요가없어요~~여기샐러드먹으면지중해입니다,2026년 6월 11일 목요일,음식이 맛있어요_재료가 신선해요_특별한 메뉴가 있어요_친절해요_매장이 청결해요_
2050064407,2rhie,재료도신선한데양도많아요!무엇보다음식이이쁜데맛있고직원분들도너무친절합니다😊전주에다시오게되면재방문의사있어요!,2026년 6월 11일 목요일,음식이 맛있어요_재료가 신선해요_양이 많아요_특별한 메뉴가 있어요_가성비가 좋아요_
2050064407,베리굿굿25,건강식!야식과음주에지친몸건강해지려고왔어요.너무맛있어요~하나하나다건강한데맛있다니ㅠㅠ감동,2026년 6월 10일 수요일,음식이 맛있어요_재료가 신선해요_
2050064407,은혜받은Garlic,건강한지중해식음식먹고싶을때마다오는곳!!채소야채들이신선하고고기도부드럽고맛있어요.먹고혈당스파이크안오는게제일신기함ㅋ,2026년 6월 10일 수요일,음식이 맛있어요_특별한 메뉴가 있어요_재료가 신선해요_매장이 넓어요_매장이 청결해요_
2050064407,hoh****,건강한지중해식음식먹고싶을때마다오는곳!!채소야채들이신선하고고기도부드럽고맛있어요.먹고혈당스파이크안오는게제일신기함ㅋ,2026년 6월 10일 수요일,음식이 맛있어요_재료가 신선해요_양이 많아요_
2050064407,혀니아빠82,음식이맛있고깔끔해서좋고먹을수록건강해지는상큼함이있어요인테리어분위기도좋아서모임이나데이트장소로좋을것같아요,2026년 6월 10일 수요일,음식이 맛있어요_재료가 신선해요_인테리어가 멋져요_
2050064407,계백장군23,아보카도새우.연어플래터랑스프맛있네요모든음식들이다맛있고건강해지는듯하네요식전올레샷도최고,2026년 6월 10일 수요일,음식이 맛있어요_재료가 신선해요_특별한 메뉴가 있어요_인테리어가 멋져요_
2050064407,욥6028,맛있어요!,2026년 6월 10일 수요일,음식이 맛있어요_
2050064407,kkh****,음식이맛있고친절해요!,2026년 6월 10일 수요일,양이 많아요_재료가 신선해요_음식이 맛있어요_특별한 메뉴가 있어요_인테리어가 멋져요_
2050064407,moo****,자주방문하는브런치맛집이예요~~오늘은츨브르대신샌드위치주문했는데맛있어요!👍,2026년 6월 10일 수요일,음식이 맛있어요_재료가 신선해요_특별한 메뉴가 있어요_인테리어가 멋져요_
2050064407,sarapiys77,음식이넘넘맛있어요.건강하지만맛두좋구식전주라는것두있는데세콤달콤맛있네요.먹으면서계속감탄즁입니다,2026년 6월 10일 수요일,음식이 맛있어요_재료가 신선해요_양이 많아요_친절해요_
2050064407,sim****,항상느끼지만올때마다신선하고맛있어요!!캐치테이블예약으로편하게이용했어요같이오신분들도넘좋아하셨어요,2026년 6월 10일 수요일,음식이 맛있어요_재료가 신선해요_가성비가 좋아요_
2050064407,wlt****,두번째방문이에요!신선하고맛있어서믿고옵니다☺️특히올레샷주시는거너무좋아요!!!💕,2026년 6월 9일 화요일,음식이 맛있어요_재료가 신선해요_양이 많아요_인테리어가 멋져요_친절해요_
2050064407,che****,너무맛있게먹었어요구성도너무좋고눈과입이호강했어요^^,2026년 6월 9일 화요일,음식이 맛있어요_재료가 신선해요_양이 많아요_특별한 메뉴가 있어요_인테리어가 멋져요_
2050064407,송4567,너무먹고싶어서친정엄마와아이들과왔어요여전히맛있어요빵너무맛있어서추가했고요후무스쿠스쿠스라페가특히맛있어요,2026년 6월 9일 화요일,음식이 맛있어요_재료가 신선해요_양이 많아요_
2050064407,밍6619,한달에두번은꼭오는곳!!!!특별한메뉴가있어서맛있어용💓💓또올게용,2026년 6월 9일 화요일,음식이 맛있어요_재료가 신선해요_특별한 메뉴가 있어요_매장이 넓어요_인테리어가 멋져요_
2050064407,밍숙이,건강하면서도맛있는한끼를먹고싶어서방문했는데기대이상으로대만족입니다!재료들이하나같이다깔끔하고신선한데다가위생적인게눈에보여서참좋더라고요.고기나다른메인토핑들도아낌없이넉넉하게올려주셔서부족함없이배부르게잘먹었습니다.영양구성도알차고가벼우면서도포만감이오래가서식단관리할때이만한곳이없을것같아요.사장님도친절하셔서들어설때부터나갈때까지기분좋은공간이었습니다.앞으로샐러드생각날때는고민없이무조건여기로오려고요.🤗💚,2026년 6월 9일 화요일,음식이 맛있어요_재료가 신선해요_특별한 메뉴가 있어요_
2050064407,본드남,신선하고포만감좋고맛있습니다!,2026년 6월 9일 화요일,음식이 맛있어요_재료가 신선해요_양이 많아요_특별한 메뉴가 있어요_
2050064407,QZH65,구성이알차고맛있어요지중해식좋아하시는분이나다이어트중건강하게외식하시는분들있으면오시면좋을것같아요~,2026년 6월 9일 화요일,음식이 맛있어요_메뉴 구성이 알차요_친절해요_
2050064407,후이띵81,맛있어서또방문하게되었어요!플래이터하나와샌드위치조합이좋습니다!!,2026년 6월 9일 화요일,음식이 맛있어요_재료가 신선해요_메뉴 구성이 알차요_
2050064407,beardoa,꿀맛탱구리!!!!최최최애맛집이라맨날와여..또또또와여사랑해여….오래있어줘여사장님사랑해여….오래있어주세여,2026년 6월 9일 화요일,음식이 맛있어요_재료가 신선해요_특별한 메뉴가 있어요_인테리어가 멋져요_
2050064407,starisone,너무맛있었어요~!잘먹었습니당,2026년 6월 9일 화요일,음식이 맛있어요_특별한 메뉴가 있어요_가성비가 좋아요_재료가 신선해요_건강한 맛이에요_
2050064407,ses****,저번에한번오고너무맛있어서재방문했어요빵도너무맛있고야채도싱싱해요자주애용할거같아요~,2026년 6월 9일 화요일,음식이 맛있어요_재료가 신선해요_특별한 메뉴가 있어요_
2050064407,윤짱91,재료가신선하고맛있어요~건강한음식이맛없다는건편견!!!기다릴만한가치가있네요^^,2026년 6월 9일 화요일,음식이 맛있어요_재료가 신선해요_친절해요_
2050064407,딸기블렌디드러버,요거트에이드드맛있고스모크살몬샐러드드너무맛있어요직원들도친절하고매장도쾌적하니좋아요,2026년 6월 8일 월요일,음식이 맛있어요_재료가 신선해요_양이 많아요_특별한 메뉴가 있어요_
2050064407,여아녀아,오늘도잘먹고갑니다..ㅎ여기는꼭포크드세요~~수비드포크최고,2026년 6월 8일 월요일,음식이 맛있어요_특별한 메뉴가 있어요_양이 많아요_인테리어가 멋져요_매장이 넓어요_
2050064407,밥과빵사이,오랜만에올리빈에서샐러드먹고왔어요🥗요즘인기많던데송천점도새로생겼다고하더라구요!방문했을때사람많아서오늘도하마터면웨이팅할뻔했어요ㅎㅎ이번에는스모크살몬플래터랑츨브르주문했는데구성도알차고맛도정말좋았어요.신선한재료에조합도좋아서가볍게먹으면서도든든하더라구요.역시올리빈은샐러드맛집인정입니다😊,2026년 6월 8일 월요일,음식이 맛있어요_재료가 신선해요_특별한 메뉴가 있어요_인테리어가 멋져요_매장이 넓어요_
2050064407,남수86,오랜만에왔는데여전히맛있네요웨이팅은했지만너무맛있어서괜찮았어요!!번창하세요!,2026년 6월 8일 월요일,음식이 맛있어요_재료가 신선해요_
2050064407,감자아빠0630,너무맛있게잘먹고갑니다!!수란메뉴는색다른맛이었습니다ㅎㅎ,2026년 6월 8일 월요일,음식이 맛있어요_재료가 신선해요_매장이 청결해요_
2050064407,Irene1735,진짜올때마다넘만족하는올리빈❤️❤️오늘도넘맛있게잘먹었습니다!!스모크가지&배추닭가슴살새우도넘부드럽고넘맛있었습니다:)또방문할게요✨️✨️,2026년 6월 8일 월요일,음식이 맛있어요_재료가 신선해요_인테리어가 멋져요_친절해요_특별한 날 가기 좋아요_
2050064407,표퓨,진짜올때마다넘만족하는올리빈❤️❤️오늘도넘맛있게잘먹었습니다!!스모크가지&배추닭가슴살새우도넘부드럽고넘맛있었습니다:)또방문할게요✨️✨️,2026년 6월 8일 월요일,음식이 맛있어요_재료가 신선해요_인테리어가 멋져요_
2050064407,앙스앙스,소문대로맛나네요,2026년 6월 8일 월요일,음식이 맛있어요_특별한 메뉴가 있어요_비싼 만큼 가치있어요_건강한 맛이에요_인테리어가 멋져요_
2050064407,sy_****,올리빈첫방문인데너무너무맛있게먹었어요엄마들도맛있다고극찬^^담에또올게용,2026년 6월 8일 월요일,음식이 맛있어요_재료가 신선해요_특별한 메뉴가 있어요_건강한 맛이에요_인테리어가 멋져요_
2050064407,까칠한깽,여기자주방문합니다건강한식사아주좋아요!,2026년 6월 8일 월요일,음식이 맛있어요_인테리어가 멋져요_친절해요_매장이 청결해요_화장실이 깨끗해요_
2050064407,빛3885,건강한맛의지중해요리가있어요.매장이깔끔하고음식이맛있어요.,2026년 6월 8일 월요일,음식이 맛있어요_재료가 신선해요_특별한 메뉴가 있어요_친절해요_매장이 청결해요_
2050064407,블랑코94,처음방문해봤는데재방문의사100프로입니다정말잘먹고가요ㅎㅎ😁👍🏻,2026년 6월 7일 일요일,음식이 맛있어요_재료가 신선해요_메뉴 구성이 알차요_차분한 분위기예요_대화하기 좋아요_
2050064407,hyeriinn,너무마싰어요구성도많고먹는재미가있습니다재방문무조건할거같아요,2026년 6월 7일 일요일,음식이 맛있어요_재료가 신선해요_양이 많아요_특별한 메뉴가 있어요_가성비가 좋아요_
2050064407,화이트블랙97,2번째방문!!여전히맛이변하지않는그곳!!친구는처음이지만제가추천해봐서다시재방문을하여왔는데친구도만족하는모습!!다음에는다른사람들도또방문을할려고요!✌️,2026년 6월 7일 일요일,음식이 맛있어요_재료가 신선해요_양이 많아요_인테리어가 멋져요_매장이 넓어요_
2050064407,rkdwlgml0711,신선하고메뉴가좋아요!색다른셀러드드신분은꼭방문해보세요^^,2026년 6월 7일 일요일,음식이 맛있어요_재료가 신선해요_특별한 메뉴가 있어요_
2050064407,daw****,항상맛있게먹고갑니다~~!❣️,2026년 6월 7일 일요일,음식이 맛있어요_재료가 신선해요_특별한 메뉴가 있어요_인테리어가 멋져요_단체모임 하기 좋아요_
2050064407,임겨울42,두번째방문이에요!지난번지인이데리고와서너무맛있게먹어가지고신랑데려왔는데제가맛있다고한음식점중에서제일맛있어하는것같았어요ㅋㅋㅋ다음엔직장동료들데리고방문하고싶어요!,2026년 6월 7일 일요일,음식이 맛있어요_재료가 신선해요_특별한 메뉴가 있어요_
2050064407,오른의대장간,특별한메뉴들이있어서그런지맛있고건강해지는느낌이에요..자주올거같아요~~,2026년 6월 7일 일요일,음식이 맛있어요_재료가 신선해요_특별한 메뉴가 있어요_인테리어가 멋져요_
2050064407,다연6176,맛있고분위기도좋아요다음에또방문하고싶어여,2026년 6월 7일 일요일,음식이 맛있어요_재료가 신선해요_양이 많아요_특별한 메뉴가 있어요_
2050064407,오정석68,맛있어요!다음에또올것같아요추천합니다!,2026년 6월 7일 일요일,음식이 맛있어요_재료가 신선해요_양이 많아요_특별한 메뉴가 있어요_인테리어가 멋져요_
2050064407,김영빈8754,저번에와서부모님모시고오고싶었는데엄마데려와서데이트했어요만족하시네요ㅎㅎㅎ,2026년 6월 7일 일요일,음식이 맛있어요_재료가 신선해요_양이 많아요_특별한 메뉴가 있어요_매장이 넓어요_
2050064407,형가희,올때마다신선하고건강해서기분좋아요ㅎㅎ맛도좋고양도많습니닷,2026년 6월 7일 일요일,재료가 신선해요_음식이 맛있어요_특별한 메뉴가 있어요_인테리어가 멋져요_매장이 넓어요_
2050064407,lovelyjh,딸이랑데이트왔는데음식다너무맛있어요~~지중해식음식제대로즐기고갑니다~더운데서웨이팅해야해서조금힘들었는데음식이맛있어서다힘들었던거다잊었어요^^,2026년 6월 7일 일요일,음식이 맛있어요_재료가 신선해요_인테리어가 멋져요_사진이 잘 나와요_친절해요_
2050064407,소켄,엄마랑브런치먹으러왔는데정말너무너무너무맛있어요건강하고맛있고특색있고앞으로자주올거에요전주브런치중최고입니다,2026년 6월 7일 일요일,음식이 맛있어요_재료가 신선해요_양이 많아요_특별한 메뉴가 있어요_인테리어가 멋져요_
2050064407,형지니32,항상느끼지만재료가너무신선하고맛이좋네요.하나하나모두조화롭고대박입니다.,2026년 6월 7일 일요일,음식이 맛있어요_재료가 신선해요_인테리어가 멋져요_매장이 청결해요_
2050064407,진경당말디니,가게분위기가깔끔하고음식플레이팅도정갈하게나와서주말아침에편하게들러식사하기좋은곳입니다.,2026년 6월 7일 일요일,양이 많아요_인테리어가 멋져요_친절해요_
2050064407,슬아사랑행,전주에이런곳이있다니너무맛있게잘먹었습니다캐치테이블로예약하는걸몰라서조금기다렸지만기다림이아쉽지않을만큼맛있었습니다전주여행강추합니다,2026년 6월 7일 일요일,음식이 맛있어요_재료가 신선해요_특별한 메뉴가 있어요_인테리어가 멋져요_친절해요_
2050064407,hui****,건강하게맛있어요!,2026년 6월 7일 일요일,음식이 맛있어요_재료가 신선해요_양이 많아요_특별한 메뉴가 있어요_인테리어가 멋져요_
2050064407,jul****,먹기전사진이없을정도로나오자마자맛있어보여서바로먹었어요ㅠ다긁어먹을정도로역시나맛있어요!,2026년 6월 7일 일요일,재료가 신선해요_음식이 맛있어요_건강한 맛이에요_고기 질이 좋아요_
2050064407,동네엄마12,가족이랑같이왔어요!항상신선하고맛있어요다음에도오고싶네요!,2026년 6월 7일 일요일,음식이 맛있어요_재료가 신선해요_인테리어가 멋져요_친절해요_특별한 날 가기 좋아요_
2050064407,hehehijf,다양하게나와서너무좋았어요!너무맛있어요,2026년 6월 7일 일요일,음식이 맛있어요_재료가 신선해요_인테리어가 멋져요_친절해요_매장이 청결해요_
2050064407,미동나사,이렇게건강한맛의가게가있다니새삼놀랍네요.그리고플레이팅도너무예쁘고맛도좋아요.건강맛둘다잡고싶으시면꼭한번방뭄해도좋을듯,2026년 6월 7일 일요일,음식이 맛있어요_재료가 신선해요_특별한 메뉴가 있어요_매장이 청결해요_친절해요_
2050064407,qwerty3893,음식이엄청맛있습니다하나하나기분이좋아지는맛입니다,2026년 6월 7일 일요일,음식이 맛있어요_재료가 신선해요_
2050064407,lum****,리뷰가많은이유가있었네요!!샐러드가이렇게맛있을수있다니ㅠㅠ너무감동했어요!재료하나하나밸런스와간좋았구요.세심하게신경쓰신게느껴졌습니다!저는칠리새우플래터랑두부아보카도샐러드먹었는데너무만족했어요!양도푸짐해서든든하고배부르게잘먹었습니다.다른메뉴도다맛있을것같아서자주올것같아요><만족스런식사넘감사했습니당!,2026년 6월 7일 일요일,음식이 맛있어요_재료가 신선해요_가성비가 좋아요_건강한 맛이에요_
2050064407,봄비2614,부부끼리와서너무맛있게먹고부모님모시고왔어요~건강하게맛있는음식잘먹고갑니다~~:),2026년 6월 6일 토요일,음식이 맛있어요_재료가 신선해요_특별한 메뉴가 있어요_인테리어가 멋져요_
2050064407,모모모06,주문한메뉴전부맛있어요!추천추천!!,2026년 6월 6일 토요일,음식이 맛있어요_재료가 신선해요_양이 많아요_
2050064407,rabib,예약후대기시간이좀있었지만서비스음료도챙겨주시고음식도빨리나오고넘신선하고맛있었어요!오늘이두번째방문인데또오고싶을것같아요☺️,2026년 6월 6일 토요일,음식이 맛있어요_재료가 신선해요_인테리어가 멋져요_친절해요_매장이 청결해요_
2050064407,song3178,음식이신선하고엄청맛있네요!!!분위기도좋습니다!!😎,2026년 6월 6일 토요일,음식이 맛있어요_재료가 신선해요_특별한 메뉴가 있어요_인테리어가 멋져요_
2050064407,shi****,조합해서다양하게먹을수있어서좋았습니다!다른나라로여행온느낌도살짝들었네요.식전레몬즙+올리브오일한샷으로기분이Up되구요포크텐더플래터-버터갈릭커리플라워-그릭스윗펌킨구이-바질머쉬룸크림스프칠리쉬림프플래터-피넛연근구이-그릭스윗펌킨구이-렌틸콩커리이렇게2개메뉴먹었습니다!재방문의사있어요~,2026년 6월 6일 토요일,음식이 맛있어요_재료가 신선해요_메뉴 구성이 알차요_인테리어가 멋져요_
2050064407,dks****,건강하고맛있고배부르고고급지고다하네요.ㅎㅎ두번째방문인데옛날입맛남편도맛있게잘먹어요!,2026년 6월 6일 토요일,음식이 맛있어요_재료가 신선해요_특별한 메뉴가 있어요_인테리어가 멋져요_
2050064407,tjs****,건강한밥을먹었어요착즙음료와커피맛도좋아요가격은..,2026년 6월 6일 토요일,음식이 맛있어요_재료가 신선해요_
2050064407,화7744,건강한밥을먹었어요착즙음료와커피맛도좋아요가격은..,2026년 6월 6일 토요일,음식이 맛있어요_재료가 신선해요_친절해요_화장실이 깨끗해요_매장이 청결해요_
2050064407,숩인74,플래터에나오는식전주(올리브유+레몬즙)가매우좋았습니다.구성도알차고재료하나하나가식감이살아있어서다른브런치가게보다특별한점이이부분이라고생각해요!샌드위치도먹었는데빵이단백바삭해서커피가저절로땡기는맛이었습니다…!재방문의사완전잇습니다ㅎㅎ직원분들도다짱친절해요~,2026년 6월 6일 토요일,재료가 신선해요_음식이 맛있어요_특별한 메뉴가 있어요_친절해요_
2050064407,sol****,너무너무먹고싶어서재방문했어요~오늘도너무맛있게먹었는데지난방문때보다더맛있어진거같아요^^플레터도구성이좋지만샐러드도진짜좋아요^^,2026년 6월 6일 토요일,음식이 맛있어요_재료가 신선해요_양이 많아요_특별한 메뉴가 있어요_인테리어가 멋져요_
2050064407,웃고살쟈,전주브런치맛집이예요후무스가특히맛있어요!강추합니다,2026년 6월 6일 토요일,음식이 맛있어요_
2050064407,se****,두번째방문!!너무맛있어서타지에서온친구들이랑다시방문했어요!!양많고신선하고맛있어요!!,2026년 6월 5일 금요일,음식이 맛있어요_재료가 신선해요_양이 많아요_특별한 메뉴가 있어요_인테리어가 멋져요_
2050064407,코리1893,음식이신선하고맛있어요!!!,2026년 6월 5일 금요일,음식이 맛있어요_재료가 신선해요_인테리어가 멋져요_친절해요_
2050064407,juno0913,신선하고맛있음🥦👍,2026년 6월 5일 금요일,음식이 맛있어요_재료가 신선해요_음료가 맛있어요_인테리어가 멋져요_매장이 넓어요_
2050064407,Eddie81,올리브오일을이렇게먹을줄몰랐는데너무맛있네요!!재료들이모두신선하고ㅎㅎ다음에또무조건방문할거같아요,2026년 6월 5일 금요일,음식이 맛있어요_재료가 신선해요_인테리어가 멋져요_
2050064407,kamiem,지인추천으로첫방문이후가족데리고방문했는데가족모두가맛있다고또오고싶다고하더라고요!매번맛있게먹고갑니당😋,2026년 6월 5일 금요일,음식이 맛있어요_현지 맛에 가까워요_특별한 메뉴가 있어요_인테리어가 멋져요_친절해요_
2050064407,ini****,지중해식샐러드맛집이라고왔는데...역시맛있네요^^다음에또방문할의사가있어요.,2026년 6월 5일 금요일,음식이 맛있어요_재료가 신선해요_특별한 메뉴가 있어요_매장이 청결해요_친절해요_
2050064407,에너지로드,건강하고맛있는지중해식브런치를먹을수있는올리빈정말맛있어요~!!!^^,2026년 6월 5일 금요일,음식이 맛있어요_재료가 신선해요_인테리어가 멋져요_친절해요_매장이 청결해요_
2050064407,여우고개,친목모임으로방문하게되었어요.너무맛있고다이어트할때모임이있을때는이곳에서먹으면좋을것같아요,2026년 6월 4일 목요일,음식이 맛있어요_재료가 신선해요_양이 많아요_인테리어가 멋져요_매장이 넓어요_
2050064407,2쏘0,건강식먹고싶을때한번씩들르는데역시넘신선하고맛있습니다분위기도좋고샐러드가푸짐해서늘만족스러워요!식전레몬즙넘상큼해요!,2026년 6월 4일 목요일,음식이 맛있어요_재료가 신선해요_양이 많아요_특별한 메뉴가 있어요_인테리어가 멋져요_
2050064407,kwa****,완전맛있어서또올거같아요,2026년 6월 4일 목요일,음식이 맛있어요_재료가 신선해요_
2040733389,조태원44,처음왔는데너무좋네요무조건재방문할거같아요!,2026년 6월 14일 일요일,음식이 맛있어요_고기 질이 좋아요_특별한 메뉴가 있어요_가성비가 좋아요_인테리어가 멋져요_
2040733389,moo****,고기도다양하고냄새도안나요~,2026년 6월 13일 토요일,음식이 맛있어요_고기 질이 좋아요_특별한 메뉴가 있어요_아늑해요_
2040733389,빼빼로28,우설진짜맛있어요!웨이팅은있지만기다릴맛납니다~,2026년 6월 13일 토요일,음식이 맛있어요_고기 질이 좋아요_매장이 넓어요_친절해요_
2040733389,줌마208,큰아이추천으로처음방문했는데이런고기도맛나고좋은데요일본여행때생각나고가족끼리너무맛있게먹었어요^^아들휴가나오면다시방문할께요^^,2026년 6월 13일 토요일,음식이 맛있어요_고기 질이 좋아요_양이 많아요_
2040733389,csh****,사이드도무한리필이라좋아요!,2026년 6월 12일 금요일,음식이 맛있어요_고기 질이 좋아요_양이 많아요_특별한 메뉴가 있어요_인테리어가 멋져요_
2040733389,ghk****,가성비도좋고고기도맛있고다양한종류를먹을수있어서좋았어요역시맛집이라손님들이많더라구요직원분들도짱친절해서맛있게먹었습니다,2026년 6월 12일 금요일,음식이 맛있어요_고기 질이 좋아요_양이 많아요_특별한 메뉴가 있어요_
2040733389,cog****,n번째이용하고있어요!!고기질진짜좋고직원분들도친절하시고무엇보다맛있어서자주애용합니다!!흥하세용❤️,2026년 6월 12일 금요일,고기 질이 좋아요_음식이 맛있어요_양이 많아요_메뉴 구성이 알차요_코스요_리가 알차요_
2040733389,푸야52,가성비있게맛있는고기먹었습니다,2026년 6월 11일 목요일,음식이 맛있어요_고기 질이 좋아요_양이 많아요_특별한 메뉴가 있어요_
2040733389,sam****,음식이너무맛있고다음에또오고싶어요!,2026년 6월 9일 화요일,음식이 맛있어요_
2040733389,은아368,오랜만에만난동네친구가가자고해서오게됐는데내부도굉장히깔끔하고시원해서좋았습니다!무한리필B코스로이용했고고기랑사이드다괜찮아서맛있게먹었네요😋,2026년 6월 9일 화요일,음식이 맛있어요_고기 질이 좋아요_매장이 청결해요_혼밥하기 좋아요_인테리어가 멋져요_
2040733389,리쏘184,오랜만에만난동네친구가가자고해서오게됐는데내부도굉장히깔끔하고시원해서좋았습니다!무한리필B코스로이용했고고기랑사이드다괜찮아서맛있게먹었네요😋,2026년 6월 9일 화요일,음식이 맛있어요_고기 질이 좋아요_특별한 메뉴가 있어요_
2040733389,터덩,시간을꼭내서라도오는맛집이에요🥹,2026년 6월 8일 월요일,음식이 맛있어요_고기 질이 좋아요_양이 많아요_특별한 메뉴가 있어요_인테리어가 멋져요_
2040733389,EAT or DIE,가성비좋고맛있게먹을수있습니다,2026년 6월 8일 월요일,음식이 맛있어요_양이 많아요_가성비가 좋아요_
2040733389,윤승90,고기질도좋고간도적당해서좋았어오만족합니다,2026년 6월 8일 월요일,음식이 맛있어요_고기 질이 좋아요_양이 많아요_
2040733389,fir****,소문으로만듣다가처음와봤는데고기넘맛있고종류다양해서골라먹는재미가있었어요.C코스에고급부위가많아서추천!!,2026년 6월 8일 월요일,특별한 메뉴가 있어요_인테리어가 멋져요_주차하기 편해요_
2040733389,joy****,잡내하나도없고품질도너무좋아요계속추가해서알바생분들바쁘셨을텐데너무친절하게해주셨어요자주방문할것같습니다하이볼도너무맛있었어요호르몬치치전주👍🏻,2026년 6월 7일 일요일,고기 질이 좋아요_음식이 맛있어요_잡내가 적어요_가성비가 좋아요_차분한 분위기예요_
2040733389,해피2025,여러가지메뉴먹는재미가있어요사이드들도맛있어서좋았어요!!,2026년 6월 7일 일요일,음식이 맛있어요_고기 질이 좋아요_양이 많아요_인테리어가 멋져요_매장이 넓어요_
2040733389,muscleoh,역시믿고먹는호르몬치치!!,2026년 6월 7일 일요일,음식이 맛있어요_고기 질이 좋아요_가성비가 좋아요_잡내가 적어요_반찬이 잘 나와요_
2040733389,rou****,호르몬치치구성도알차고양도넉넉해서만족스러웠어요!다양한부위를골고루맛볼수있었고잡내없이고소한맛이좋았습니다.재방문의사있습니다👍👍,2026년 6월 7일 일요일,음식이 맛있어요_특별한 메뉴가 있어요_가성비가 좋아요_메뉴 구성이 알차요_컨셉이 독특해요_
2040733389,예진이9194,매장도넓고고기질도너무좋아서재방문!!!또올게요,2026년 6월 7일 일요일,음식이 맛있어요_고기 질이 좋아요_특별한 메뉴가 있어요_인테리어가 멋져요_매장이 넓어요_
2040733389,eun****,고기도다양하고색다른데이트하기넘좋았어용!!맛있게잘먹었습니당💗,2026년 6월 5일 금요일,음식이 맛있어요_고기 질이 좋아요_특별한 메뉴가 있어요_인테리어가 멋져요_매장이 넓어요_
2040733389,0Bokbunja Luv0,처음와보는데맛있었으먄좋겠어요,2026년 6월 2일 화요일,음식이 맛있어요_친절해요_컨셉이 독특해요_
2040733389,chd****,분위기너무좋아요~!!데이트하기에도좋고종류가다양해서또올거같아용~!!,2026년 6월 2일 화요일,음식이 맛있어요_고기 질이 좋아요_양이 많아요_친절해요_인테리어가 멋져요_
2040733389,메로롱98,와보고싶었는데진짜괜찮습니다!사이드무한리필인것도완전좋아요!고기좋고환기도추울정도로너무잘돼있어요.맛있게먹었습니다~,2026년 5월 31일 일요일,음식이 맛있어요_고기 질이 좋아요_양이 많아요_가성비가 좋아요_환기가 잘 돼요_
2040733389,ywq****,맛있어요,2026년 5월 31일 일요일,음식이 맛있어요_고기 질이 좋아요_양이 많아요_인테리어가 멋져요_매장이 넓어요_
2040733389,김건호4363,매장분위기도깔끔하고직원분들도친절해서기분좋게먹었어요.무한리필이라서많이먹을수있어서너무좋아요.다음에근처오면또방문하고싶은곳이에요!,2026년 5월 31일 일요일,음식이 맛있어요_고기 질이 좋아요_양이 많아요_가성비가 좋아요_특별한 메뉴가 있어요_
2040733389,DS5328,오늘도너무너무맛있게이용했어요!!,2026년 5월 31일 일요일,음식이 맛있어요_고기 질이 좋아요_특별한 메뉴가 있어요_
2040733389,lucky MR,고기가영롱그자체~😋😋,2026년 5월 31일 일요일,음식이 맛있어요_양이 많아요_
2040733389,rla****,올때마다많은메뉴에감탄합니다ㅎㅎ당연히맛도있어여,2026년 5월 31일 일요일,음식이 맛있어요_메뉴 구성이 알차요_친절해요_음식이 빨리 나와요_
2040733389,52036,인스타에많이올라오길래와봤는데생각보다더맛있네요!주말저녁이라대기는있었지만캐치테이블로가능했고오래걸리진않았어요~여러가지먹을수있어서좋네요~다음에또와야겠어요,2026년 5월 31일 일요일,음식이 맛있어요_고기 질이 좋아요_친절해요_
2040733389,USJ83,맛있고또올래요,2026년 5월 31일 일요일,음식이 맛있어요_고기 질이 좋아요_양이 많아요_
2040733389,Ghiopa,고기도너무맛있고사이드도무한리필이라서배부르게많이먹을수있어서좋아요👍🏻,2026년 5월 31일 일요일,음식이 맛있어요_양이 많아요_특별한 메뉴가 있어요_가성비가 좋아요_
2040733389,지나갑니둥,올만에호로몬치치왔는데역시어존맛탱이에요!아키니꾸👍완전럭키비키로웨이팅없이들어왔고여전히맛있고진짜쪽파김치꼭드세요👍,2026년 5월 31일 일요일,음식이 맛있어요_특별한 메뉴가 있어요_가성비가 좋아요_
2040733389,김유리33,지나가다가인테리어가귀여워보여서왔어요!🥰그런데심지어야키니쿠무한리필이라니너무좋잖아요~~다양한사이드까지다무한리필이라이것저것다먹어볼수있어서너무만족!💗국물류를제외하곤한번에주는양이딱한사람당한입정도여서부담없어서너무좋았습니당그리고생각보다고기질도너무괜찮더라구요?!이가격에이런고기에사이드까지!!👍👍👍다음에또와서c세트먹어봐야겠어요~야~호~😘,2026년 5월 31일 일요일,음식이 맛있어요_특별한 메뉴가 있어요_가성비가 좋아요_인테리어가 멋져요_친절해요_
2040733389,얼음420,처음방문했는데진짜강추드려요👍🏻◝✩일단무한리필코스인데고기도신선하고사이드메뉴도다양한데다매장도시원하고직원분들도친절하시고음식도넘맛있고잘나와요!C코스하셔서우설까지즐기시길추천드립니다우설짱맛있어요ㅎㅎㅎㅎ!!,2026년 5월 31일 일요일,음식이 맛있어요_고기 질이 좋아요_특별한 메뉴가 있어요_가성비가 좋아요_양이 많아요_
2040733389,재혁이랑,평소궁금했던호르몬치치방문했는데요!당일날술만취상태라이제야리뷰적어요🤣😂무한리필이라큰기대없이갔는데생각보다고기퀄리티가정말좋았어요특히고기가신선하고잡내가전혀없어서만족스러웠습니다직원분들이필요한것이있으면친절하게응대해주셔서식사내내기분좋게이용했어요무한리필인데도고기제공속도가빠르고사이드메뉴도깔끔하게잘나와서다양한맛을즐길수있었습니다매장분위기도일본현지야끼니쿠집느낌이나서친구가족연인과방문하기좋은곳같아요가격대비만족도가매우높았고배부르게먹고나와도아깝다는생각이전혀들지않았습니다전주에서야끼니쿠무한리필을찾는다면호르몬치치를추천하고싶습니다다음에도재방문의사100%입니다!😊🍖🔥,2026년 5월 31일 일요일,음식이 맛있어요_고기 질이 좋아요_특별한 메뉴가 있어요_컨셉이 독특해요_친절해요_
2040733389,dlrkwj23,맛있고다양한사이드를무한으로먹을수있어서좋아요!!,2026년 5월 30일 토요일,음식이 맛있어요_고기 질이 좋아요_양이 많아요_특별한 메뉴가 있어요_인테리어가 멋져요_
2040733389,sev****,너무맛있어요여러종류의고기를한곳에서먹을수있는게너무좋고무한리필집인데고기퀄도좋습니다추천!,2026년 5월 30일 토요일,음식이 맛있어요_고기 질이 좋아요_양이 많아요_
2040733389,오늘도밥심,신기해요~~,2026년 5월 30일 토요일,특별한 메뉴가 있어요_
2040733389,ent****,신기해요~~,2026년 5월 29일 금요일,음식이 맛있어요_양이 많아요_
1658039837,킁킁25,맛있고친절했어요.,2026년 6월 15일 월요일,음식이 맛있어요_재료가 신선해요_양이 많아요_매장이 넓어요_혼밥하기 좋아요_
1658039837,guo****,생선구이가정말담백하고바삭하게구워져맛있었습니다.반찬도다양하고정갈하게나와한끼식사로만족도가높았습니다.국물까지깔끔해서든든하게잘먹었습니다.👍🐟🍚,2026년 6월 15일 월요일,인테리어가 멋져요_매장이 넓어요_혼밥하기 좋아요_음식이 맛있어요_양이 많아요_
1658039837,가나다라5113,집가까운곳에있으면자주올거같아요.가성비괜찮은한정식집분위기인데셀프반찬코너가있어서진짜배부르게먹고갈수있습니다!,2026년 6월 14일 일요일,음식이 맛있어요_양이 많아요_반찬이 잘 나와요_
1658039837,hku****,반찬도다양하고맛잇게먹엇습니다,2026년 6월 14일 일요일,재료가 신선해요_음식이 맛있어요_양이 많아요_특별한 메뉴가 있어요_
1658039837,카폭64,종종오는데올때마다만족합니다,2026년 6월 14일 일요일,음식이 맛있어요_재료가 신선해요_특별한 메뉴가 있어요_메뉴 구성이 알차요_
1658039837,수돌51,이가격에어디서이렇게못먹죠요즘ㅎㅎ고등어간도안세고맛있어요ㅎㅎ,2026년 6월 14일 일요일,음식이 맛있어요_양이 많아요_
1658039837,또또긴,운동가기전고등어로단백질보충!!항상맛있어요😋👍🏻👍🏻,2026년 6월 14일 일요일,음식이 맛있어요_가성비가 좋아요_반찬이 잘 나와요_혼밥하기 좋아요_친절해요_
1658039837,원영이33,생선도맛있지만역시이곳은반찬이진짜맛있지,2026년 6월 14일 일요일,음식이 맛있어요_인테리어가 멋져요_매장이 넓어요_친절해요_매장이 청결해요_
1658039837,햅삐현,항상올때마다맛있는달빛에구운고등어!이번에또왔는데맛있네용계란말이랑김치전은무제한이라넘조아욘또올게요~,2026년 6월 14일 일요일,음식이 맛있어요_양이 많아요_매장이 넓어요_
1658039837,듣보,맛있어요전주에서제일깔끔한생선집이에요,2026년 6월 14일 일요일,음식이 맛있어요_재료가 신선해요_인테리어가 멋져요_매장이 넓어요_매장이 청결해요_
1658039837,mij****,맛있어요~,2026년 6월 14일 일요일,음식이 맛있어요_양이 많아요_매장이 넓어요_
1658039837,des****,생선제육다맛있네요~밑반찬도정갈하고무한리필이라너무.좋아용,2026년 6월 13일 토요일,음식이 맛있어요_재료가 신선해요_양이 많아요_
1658039837,초코야까꿍,26개월아기랑토요일점심먹으러왔어요~^^맛있게잘먹었어요~^^,2026년 6월 13일 토요일,음식이 맛있어요_가성비가 좋아요_
1658039837,cye****,언제와도참맛있고푸짐해요~,2026년 6월 13일 토요일,음식이 맛있어요_재료가 신선해요_친절해요_
1658039837,찌닝1207,가족들과식사하기너무좋아요~~^^애들이좋아하는메뉴도있어서대가족식사도가능할것같아요!!추천드려요,2026년 6월 13일 토요일,음식이 맛있어요_재료가 신선해요_양이 많아요_특별한 메뉴가 있어요_
1658039837,단호박3354,반찬도다양하고생선도맛이좋습니다!!,2026년 6월 13일 토요일,음식이 맛있어요_양이 많아요_매장이 넓어요_
1658039837,sal****,아이랑오기에는최고인거같아요!반찬도다양하고맛있어요~,2026년 6월 13일 토요일,음식이 맛있어요_가성비가 좋아요_메뉴 구성이 알차요_매장이 넓어요_아이와 가기 좋아요_
1658039837,원이2391,오랜만에왔어요맛있게잘먹었어요좋앙요,2026년 6월 13일 토요일,음식이 맛있어요_양이 많아요_매장이 넓어요_친절해요_
1658039837,nao****,역시푸짐한한식집!언제나방문해도좋아요!,2026년 6월 13일 토요일,음식이 맛있어요_재료가 신선해요_인테리어가 멋져요_매장이 넓어요_매장이 청결해요_
1658039837,kwr****,음식너무맛있고매장도깔끔하고쾌적해서좋습니다!!,2026년 6월 13일 토요일,음식이 맛있어요_재료가 신선해요_매장이 넓어요_인테리어가 멋져요_친절해요_
1658039837,Dll,다양해서좋아요,2026년 6월 13일 토요일,음식이 맛있어요_재료가 신선해요_양이 많아요_
1658039837,zxd****,추천으로와봤는데너무맛있게잘먹었어요,2026년 6월 12일 금요일,음식이 맛있어요_재료가 신선해요_양이 많아요_
1658039837,혜ro인,맛이괜찮아요,2026년 6월 12일 금요일,매장이 넓어요_매장이 청결해요_주차하기 편해요_
1658039837,has****,화덕에서굽는생선구이라너무맛있어요셀프바도있어서반찬종류도많아서좋습니다,2026년 6월 12일 금요일,음식이 맛있어요_양이 많아요_가성비가 좋아요_매장이 넓어요_친절해요_
1658039837,tkfk****,자주와요항상맛잇고반찬짱마싯서요!!,2026년 6월 12일 금요일,음식이 맛있어요_재료가 신선해요_양이 많아요_특별한 메뉴가 있어요_
1658039837,밍지91,밑반찬이너무맛있어요매장도청결하고너무좋아요또올게요!!!생선도너무맛있어요,2026년 6월 12일 금요일,음식이 맛있어요_재료가 신선해요_매장이 넓어요_매장이 청결해요_주차하기 편해요_
1658039837,dam****,맛있어요엄청,2026년 6월 12일 금요일,음식이 맛있어요_인테리어가 멋져요_
1658039837,sgsoul,오자마자다먹어버려서ㅜ뼈밖에안남았지만여기진짜맛집이야요~~~~,2026년 6월 12일 금요일,음식이 맛있어요_재료가 신선해요_양이 많아요_특별한 메뉴가 있어요_가성비가 좋아요_
1658039837,소디46,반찬도맛있고밥도맛있고고등어도맛있어요~~~메뉴고민될땐달빛에구운고등어가정답!,2026년 6월 12일 금요일,음식이 맛있어요_매장이 넓어요_주차하기 편해요_
1658039837,나우린아맘,몇일만에재방문해요여전히깔끔하고친절해요!,2026년 6월 11일 목요일,음식이 맛있어요_재료가 신선해요_매장이 넓어요_친절해요_매장이 청결해요_
1658039837,lprp****,오랜만에생선구이가먹고싶어서방문했어요!매장도넓고옆에주차공간도이용하기편리했어요.식사도빠르게나왔고직원분들도친절했어요.생선구이도맛있게먹었답니다.추천추천!!,2026년 6월 11일 목요일,음식이 맛있어요_가성비가 좋아요_매장이 넓어요_혼밥하기 좋아요_친절해요_
1658039837,포로리너부리,효자점이특히맛있어요!!,2026년 6월 11일 목요일,양이 많아요_특별한 메뉴가 있어요_메뉴 구성이 알차요_음식이 맛있어요_
1658039837,ydn****,반찬부터너무좋아요점심메뉴가좀달라지고가격이조금올랐어요,2026년 6월 11일 목요일,재료가 신선해요_양이 많아요_매장이 넓어요_매장이 청결해요_
1658039837,정사장 부부 맛집투어,전체적으로고등어구이가가장맛있었고제육파인저에겐선택지가있는것도좋았습니다.점심2인특선구성좋고셀프바도잘되어서더더욱좋았습니다.오랜만에외식2공기인듯가족외식이든점심한끼든두루두루추천!,2026년 6월 9일 화요일,음식이 맛있어요_양이 많아요_특별한 메뉴가 있어요_가성비가 좋아요_매장이 넓어요_
1658039837,hyo****,맛나게잘먹었어요,2026년 6월 9일 화요일,음식이 맛있어요_재료가 신선해요_양이 많아요_인테리어가 멋져요_매장이 넓어요_
1658039837,Mingsam,셀프바도있어서편하게다양한반찬골라먹을수있어서좋아요!생선도비린내안나고맛있어요!!,2026년 6월 8일 월요일,음식이 맛있어요_양이 많아요_반찬이 잘 나와요_단체모임 하기 좋아요_
1658039837,kik****,음식도맛있고가격도저렴합니다ㅎㅎ대기가있었지만기다릴만한맛집이에요,2026년 6월 7일 일요일,음식이 맛있어요_재료가 신선해요_양이 많아요_특별한 메뉴가 있어요_인테리어가 멋져요_
1658039837,잎새열매,종종방문하던동네가게였는데오늘최악의경험을했습니다.처음방문하는부모님모시고갔는데특정여자직원분의불친절함때문에식사내내불편했습니다.셀프바에서손님이집으려는집게를먼저채가고포장문의를하니퉁명스럽게쏘아붙이고계산할때빌지까지팍채가는데대놓고화풀이당하는기분이었습니다.심지어그릇위생상태도불량해서말라붙은밥풀과고춧가루가그대로있었습니다.손님이본인기분맞춰가며계산해야하는곳인가요?서비스와위생모두기본이안되어있어다신방문하고싶지않습니다.개선이필요해보입니다.,2026년 6월 7일 일요일,음식이 맛있어요_재료가 신선해요_양이 많아요_특별한 메뉴가 있어요_인테리어가 멋져요_
1658039837,천재3692,샐러드바가너무잘되어있고음식도맛있어서아이들과오기좋습니다.,2026년 6월 7일 일요일,반찬이 잘 나와요_음식이 맛있어요_인테리어가 멋져요_아이와 가기 좋아요_샐러드바가 잘 되어있어요_
1658039837,hye****,맛있게먹었습니다!!,2026년 6월 7일 일요일,음식이 맛있어요_재료가 신선해요_양이 많아요_혼밥하기 좋아요_매장이 넓어요_
1658039837,먹갠,올때마다항상맛있고배부르게먹고가네요계란말이햄구이김치전잡채이런메인반찬들을먹을만큼눈치안보고리필할수있어서너무좋아요다른곳은돈받고파는곳인데가성비도좋지만메인반찬인삼치고등어무조림도너무맛있습니다또올게요,2026년 6월 7일 일요일,음식이 맛있어요_재료가 신선해요_양이 많아요_특별한 메뉴가 있어요_매장이 넓어요_
1658039837,kjh****,기본반찬이너무좋아서셍선구이생각날때오게되는거같아요~!맛은당연히굿👍🏻,2026년 6월 7일 일요일,음식이 맛있어요_재료가 신선해요_양이 많아요_가성비가 좋아요_반찬이 잘 나와요_
1658039837,모아나52,미역국부터너무나맛있어요!!!!!아기랑오기너무좋아요!!,2026년 6월 7일 일요일,음식이 맛있어요_가성비가 좋아요_반찬이 잘 나와요_매장이 넓어요_친절해요_
1658039837,jo****,맛있고친절해서자주옵니다👍,2026년 6월 7일 일요일,음식이 맛있어요_재료가 신선해요_양이 많아요_특별한 메뉴가 있어요_
1658039837,qkr****,처음오는데점심시간쾌적하고너무맛있게잘먹구갑니당!!!리뷰이벤트꼭하세요너무혜자다혜잫ㅎㅎ,2026년 6월 5일 금요일,음식이 맛있어요_재료가 신선해요_양이 많아요_매장이 넓어요_혼밥하기 좋아요_
1658039837,키친코리아,대박맛집^^!!,2026년 6월 5일 금요일,음식이 맛있어요_재료가 신선해요_인테리어가 멋져요_매장이 넓어요_친절해요_
1658039837,yhysh,항상맛있게배부르게먹고가는곳이예요,2026년 6월 5일 금요일,음식이 맛있어요_재료가 신선해요_인테리어가 멋져요_매장이 넓어요_혼밥하기 좋아요_
1658039837,지아니502,양이진짜많고밑반찬으로이용할수있는음식이다양해서조아용,2026년 6월 5일 금요일,음식이 맛있어요_재료가 신선해요_양이 많아요_매장이 넓어요_혼밥하기 좋아요_
1658039837,lim****,반찬도셀프로넉넉하게더먹을수있고생선도크고겉박속촉이였어요.마무리로따뜻한누룽지까지👍🏻,2026년 6월 5일 금요일,음식이 맛있어요_양이 많아요_매장이 넓어요_친절해요_매장이 청결해요_
1658039837,꼬마마녀9621,생선과고기를좋아하는우리가족애안성맞춤식당이에요^^항상정신없이먹기에오늘은정신줄붙잡고먹기전에한컷!!여긴생선도고기도다맛있어서너무좋아요♡♡♡오늘도잘먹겠습니다~~,2026년 6월 4일 목요일,음식이 맛있어요_반찬이 잘 나와요_
1658039837,륜6068,자주와서먹는곳입니다~맛있어요,2026년 6월 4일 목요일,음식이 맛있어요_매장이 넓어요_대화하기 좋아요_
1658039837,jno****,여기너무맛있고든든합니당가성비도좋아요!,2026년 6월 4일 목요일,음식이 맛있어요_양이 많아요_매장이 넓어요_단체모임 하기 좋아요_
1658039837,기타616,맛있습니다양많고자주오는거같아용,2026년 6월 4일 목요일,음식이 맛있어요_양이 많아요_인테리어가 멋져요_매장이 넓어요_
1658039837,000192178,정갈하게한상으로나오는게너무좋아요!추가반찬도여러종류라다양하게먹을수있어좋았습니다!,2026년 6월 4일 목요일,음식이 맛있어요_재료가 신선해요_반찬이 잘 나와요_매장이 청결해요_
1658039837,강도민43,너무맛있어요,2026년 6월 4일 목요일,음식이 맛있어요_양이 많아요_매장이 넓어요_뷰가 좋아요_매장이 청결해요_
1658039837,kim****,가족끼리방문했는데맛있고직원님들너무친절해서즐거운시간보내고갑니당,2026년 6월 4일 목요일,음식이 맛있어요_특별한 메뉴가 있어요_
1658039837,으니111,생선말고도풍성한반찬에너무맛있어요!!!매장도깔끔하고좋아요,2026년 6월 4일 목요일,음식이 맛있어요_재료가 신선해요_양이 많아요_특별한 메뉴가 있어요_인테리어가 멋져요_
1658039837,실비아2436,고등어구이랑제육볶음이랑반찬류다맛있어요,2026년 6월 4일 목요일,음식이 맛있어요_재료가 신선해요_양이 많아요_인테리어가 멋져요_매장이 넓어요_
1658039837,덕배군,맛있네요,2026년 6월 4일 목요일,음식이 맛있어요_재료가 신선해요_양이 많아요_친절해요_매장이 청결해요_
1658039837,gum****,음식이전체적으로삼삼하면서맛있어요생선살이촉촉해서먹기좋았어요재방문의사이습니다,2026년 6월 4일 목요일,인테리어가 멋져요_매장이 넓어요_양이 많아요_
1658039837,boo****,아이들도먹을게많아서좋아요맛도좋아요,2026년 6월 4일 목요일,음식이 맛있어요_인테리어가 멋져요_친절해요_
1658039837,o2****,김치전도있고가성비가너무좋아요,2026년 6월 4일 목요일,인테리어가 멋져요_매장이 넓어요_단체모임 하기 좋아요_가성비가 좋아요_
1658039837,기야15,언제와도맛있는달빛에구운고등어!!!!생선구이가먹고싶을땐무조건입니당:)❣️,2026년 6월 4일 목요일,음식이 맛있어요_양이 많아요_매장이 넓어요_인테리어가 멋져요_
1658039837,ley****,밑반찬도맛있고생선구이도맛있어요!!,2026년 6월 3일 수요일,음식이 맛있어요_재료가 신선해요_양이 많아요_특별한 메뉴가 있어요_매장이 넓어요_
1658039837,lee****,밑반찬도맛있고생선구이도맛있어요!!,2026년 6월 3일 수요일,음식이 맛있어요_재료가 신선해요_양이 많아요_가성비가 좋아요_메뉴 구성이 알차요_
1658039837,sal****,고등어생각날땐달빛에구운고등어죠🐟도청점엔김치전도있네요👍🏼👍🏼완전맛있게먹고가용😎,2026년 6월 3일 수요일,음식이 맛있어요_재료가 신선해요_매장이 넓어요_매장이 청결해요_
1658039837,HJ27,배부르게잘먹고갑니다만성점도이용해봤는데소문으로신시점이잘나온다고그래서한번방문해보았는데!대만족!!반찬도따듯하게회전도잘되서그런지생선도비릿함없이맛있게먹었습니다,2026년 6월 3일 수요일,음식이 맛있어요_양이 많아요_메뉴 구성이 알차요_잡내가 적어요_반찬이 잘 나와요_
1658039837,초록색우유,달빛에구운고등어가성비좋고맛있어요!,2026년 6월 3일 수요일,음식이 맛있어요_재료가 신선해요_
1658039837,에바킹스오복,브레이크타임없어서늘애매한시간에오기딱좋아요!!주차장됴넓어서좋고무엇보다너무맛있어요!!!!,2026년 6월 3일 수요일,재료가 신선해요_음식이 맛있어요_양이 많아요_매장이 넓어요_인테리어가 멋져요_
1658039837,또또긴,운동전든든히단백질챙겨먹고갑니다!맛있어서자주와요ㅎㅎ😋👍🏻,2026년 6월 3일 수요일,음식이 맛있어요_혼밥하기 좋아요_친절해요_매장이 청결해요_
1658039837,겨울8094,너무너무맛있고요셀프바도좋고요생선구이는최고구요,2026년 6월 3일 수요일,음식이 맛있어요_양이 많아요_건강한 맛이에요_반찬이 잘 나와요_메뉴 구성이 알차요_
1658039837,김현석9627,매장엄청깨끗하고음식맛잇아용,2026년 6월 3일 수요일,음식이 맛있어요_재료가 신선해요_양이 많아요_인테리어가 멋져요_단체모임 하기 좋아요_
1658039837,나는 꽃93,자주오는곳~오늘은조금기다림항상맛있어요,2026년 6월 3일 수요일,음식이 맛있어요_
1658039837,hblume,고등어구이맛있어요.추천합니다.,2026년 6월 3일 수요일,음식이 맛있어요_재료가 신선해요_매장이 청결해요_
1658039837,hohonaya99,고등어구이맛있어요.추천합니다.,2026년 6월 3일 수요일,음식이 맛있어요_
1658039837,na young57,오늘은건강식이먹고싶어서왔어요ㅎㅎ역시너무맛있어요!!든든히잘먹었어요!!,2026년 6월 3일 수요일,음식이 맛있어요_양이 많아요_가성비가 좋아요_매장이 넓어요_
1658039837,sls****,갑자기생선구이가먹고싶어서부모님이랑아이들데리고방문했습니다!너무맛있게먹고갑니다♥️,2026년 6월 3일 수요일,음식이 맛있어요_재료가 신선해요_양이 많아요_
1658039837,맛냐맛냐,가성비가좋아요!!자주방문하고있답니다ㅎㅎ가족외식메뉴로추천해요,2026년 6월 3일 수요일,음식이 맛있어요_가성비가 좋아요_매장이 넓어요_샐러드바가 잘 되어있어요_음식이 빨리 나와요_
1658039837,환타콜라사이다,맛있어서재방문했어요굿,2026년 6월 2일 화요일,음식이 맛있어요_재료가 신선해요_양이 많아요_특별한 메뉴가 있어요_매장이 넓어요_
1658039837,쨔니야,음식도맛있고상차림도깔끔해서좋아요!,2026년 6월 2일 화요일,음식이 맛있어요_재료가 신선해요_양이 많아요_
1658039837,수비니7474,부모님모시고와서식사했는데맛있다고만족해하셔서뿌듯했네요.,2026년 6월 2일 화요일,음식이 맛있어요_양이 많아요_
1658039837,Lee Jimmy,맛있어용!!!!!🤎,2026년 6월 2일 화요일,재료가 신선해요_음식이 맛있어요_매장이 넓어요_
1658039837,마녀3,생선먹을때항상오는곳이예요.맛있어요.,2026년 6월 2일 화요일,음식이 맛있어요_양이 많아요_가성비가 좋아요_매장이 청결해요_
1658039837,바다seem,신시가지고등어맛집!!!,2026년 6월 1일 월요일,음식이 맛있어요_재료가 신선해요_양이 많아요_특별한 메뉴가 있어요_
1658039837,행복한팸,싹다비웠어요,2026년 6월 1일 월요일,음식이 맛있어요_매장이 넓어요_
1658039837,텐트11,맛있어요오남편이랑늦은점심먹기조아오ㅛ브레이크타임없으니까너무좋아요옹☺️☺️,2026년 6월 1일 월요일,음식이 맛있어요_재료가 신선해요_매장이 넓어요_인테리어가 멋져요_
1658039837,행복더하기1,계란말이특히맛있어요,2026년 6월 1일 월요일,음식이 맛있어요_재료가 신선해요_
1658039837,ros****,너무맛있어요,2026년 6월 1일 월요일,음식이 맛있어요_재료가 신선해요_양이 많아요_특별한 메뉴가 있어요_
1658039837,바니7524,셀프바음식이좋아서자주오는편이예요점심에는대기해야해요,2026년 6월 1일 월요일,음식이 맛있어요_재료가 신선해요_양이 많아요_특별한 메뉴가 있어요_매장이 넓어요_
1658039837,aoa****,반찬도다양하고세트로여러가지먹을수있어서좋아요맛있게잘먹었습니다,2026년 6월 1일 월요일,음식이 맛있어요_재료가 신선해요_양이 많아요_특별한 메뉴가 있어요_인테리어가 멋져요_
1658039837,didc****,반찬도다양하고세트로여러가지먹을수있어서좋아요맛있게잘먹었습니다,2026년 6월 1일 월요일,음식이 맛있어요_재료가 신선해요_양이 많아요_매장이 넓어요_
1658039837,샤이니5337,생선먹으러왔어용~~~역시존맛탱🩷🩷🩷,2026년 6월 1일 월요일,음식이 맛있어요_재료가 신선해요_양이 많아요_
1658039837,kim****,고기가신선하고직원분들이친절해요,2026년 6월 1일 월요일,음식이 맛있어요_재료가 신선해요_양이 많아요_매장이 넓어요_혼밥하기 좋아요_
1658039837,놀러오귤,고기가신선하고직원분들이친절해요,2026년 6월 1일 월요일,음식이 맛있어요_
1658039837,나우린아맘,평화점에서가보고여기지점은처음인데매장이넓고시원하여좋네요맛나게먹고갑니다!,2026년 6월 1일 월요일,음식이 맛있어요_재료가 신선해요_가성비가 좋아요_매장이 넓어요_친절해요_
1658039837,kdh****,가성비진짜좋고맛도좋고아주좋슴니다,2026년 5월 31일 일요일,음식이 맛있어요_재료가 신선해요_양이 많아요_특별한 메뉴가 있어요_가성비가 좋아요_
1658039837,둥이둥이얍,잘먹었습니다,2026년 5월 31일 일요일,음식이 맛있어요_
1658039837,2ebber37,맛있게먹었어요,2026년 5월 31일 일요일,음식이 맛있어요_가성비가 좋아요_
1658039837,방정라이언,음식이정갈하고깔끔해서가족단위로오기좋아요~!,2026년 5월 31일 일요일,음식이 맛있어요_재료가 신선해요_양이 많아요_특별한 메뉴가 있어요_매장이 넓어요_
1658039837,bye****,반찬도알차고구성도괜찮아여물론맛도있음!!!완전추천해요데이트로도굿~!,2026년 5월 31일 일요일,음식이 맛있어요_양이 많아요_가성비가 좋아요_건강한 맛이에요_매장이 넓어요_
35262409,김희연26,사람들마다뭐가더맵다고말이다르다는데저는양푼이더매웟던거같아요!!둘다맛잇게맵네요!!,2026년 6월 15일 월요일,음식이 맛있어요_가성비가 좋아요_매장이 넓어요_
35262409,rjs****,너무맛있으요전주올때마다힐링하고갑니다ㅎㅎ,2026년 6월 15일 월요일,음식이 맛있어요_재료가 신선해요_양이 많아요_
35262409,hohoho3333,오늘도맛있게잘먹었습니다,2026년 6월 15일 월요일,음식이 맛있어요_재료가 신선해요_반찬이 잘 나와요_
35262409,codbbs,치즈추가해서먹었는데맛있게잘먹고갑니다,2026년 6월 15일 월요일,음식이 맛있어요_
35262409,울이7,낙지볶음맛있어요!!!!,2026년 6월 15일 월요일,음식이 맛있어요_
35262409,rla****,음식이나오자마자비주얼부터만족했습니다.낙지는신선하고쫄깃했고갈비는육즙이살아있어맛있게먹었어요.매장도깔끔하고좌석이넓어서편하게식사할수있었습니다.전주에서낙지와갈비를함께즐기고싶다면추천할만한곳입니다.,2026년 6월 13일 토요일,음식이 맛있어요_재료가 신선해요_양이 많아요_특별한 메뉴가 있어요_매장이 넓어요_
35262409,뚱이47,맛있다고해서처음방문했는데음식이깔끔하고정갈하게잘나오고맛있어요낙지볶음하고양푼갈비둘중뭐먹을까?고민하다낙지볶음시켜서먹었는데낙지가큼직하고탱글탱글통통하니양도많고양념이너무맛있어요.낙지와소면콩나물듬뿍넣고비벼먹으면맛있습니다.그리고양념이맛있어서다먹고난뒤밥비벼먹으면끝내줍니다.낙지파전또한낙지도큼직하니많고파도많이들어가있어서너무맛있고바삭해서제취향이었어요.다음엔양푼갈비도먹으러와야겠어요.,2026년 6월 13일 토요일,음식이 맛있어요_재료가 신선해요_매장이 넓어요_매장이 청결해요_
35262409,작렬23,맛있다고해서처음방문했는데음식이깔끔하고정갈하게잘나오고맛있어요낙지볶음하고양푼갈비둘중뭐먹을까?고민하다낙지볶음시켜서먹었는데낙지가큼직하고탱글탱글통통하니양도많고양념이너무맛있어요.낙지와소면콩나물듬뿍넣고비벼먹으면맛있습니다.그리고양념이맛있어서다먹고난뒤밥비벼먹으면끝내줍니다.낙지파전또한낙지도큼직하니많고파도많이들어가있어서너무맛있고바삭해서제취향이었어요.다음엔양푼갈비도먹으러와야겠어요.,2026년 6월 13일 토요일,음식이 맛있어요_양이 많아요_특별한 메뉴가 있어요_
35262409,꾸로롱63,진짜너무맛있어서2번째방문이에요!자주올게요!,2026년 6월 13일 토요일,음식이 맛있어요_재료가 신선해요_양이 많아요_인테리어가 멋져요_매장이 넓어요_
35262409,kimHj,맛있어요!!!약간매콤하면서맛남기본반찬도굿굿다음에또방문할께요~~~,2026년 6월 13일 토요일,음식이 맛있어요_현지 맛에 가까워요_양이 많아요_
35262409,Agent88,분명별점5점으로누른거같은데....ㅠ------서울에서친구들이랑전주오자마자여기로왔어요진짜맛있어요리뷰이벤트를떠나서진짜.여기가찐입니다여러분.지금숨도안쉬고먹느라적을시간도없는데총대매고리뷰작성하는중이예요정말맛있어요!!낚지볶음에소면이랑콩나물꼭넣어드세요.그리고등갈비찜안드시면후회하실거예요.,2026년 6월 13일 토요일,음식이 맛있어요_재료가 신선해요_특별한 메뉴가 있어요_매장이 넓어요_단체모임 하기 좋아요_
35262409,ehs****,짱맛있어요,2026년 6월 12일 금요일,음식이 맛있어요_재료가 신선해요_양이 많아요_
35262409,bacui,너무맛있어요!!!,2026년 6월 12일 금요일,음식이 맛있어요_재료가 신선해요_양이 많아요_특별한 메뉴가 있어요_
35262409,봄이2222,모임때마다오는데맛릿습니다!!!재강추^^~~,2026년 6월 12일 금요일,음식이 맛있어요_양이 많아요_단체모임 하기 좋아요_
35262409,MANDUMANI,낙지역시맛있어요😝,2026년 6월 12일 금요일,음식이 맛있어요_양이 많아요_특별한 메뉴가 있어요_
35262409,dainkom,동생과부모님이한번와보셔서이번에또방문했어요와!!!!!!!!너무너무맛나요양푼갈비와낙지볶음최고에요!달달하면서도매운이맛!떠생각날것같아요!소면추가했더니정말맛나네요.파전은바삭해서제스탈!!!정말기분좋고맛나게먹었어요.여기직원분들모두바쁘신데도상냥하시거친절하셔요❤️❤️넘감사합니다덕분에즐거운가족모임했어요,2026년 6월 11일 목요일,음식이 맛있어요_재료가 신선해요_양이 많아요_특별한 메뉴가 있어요_친절해요_
35262409,loc****,매콤달달하니정말맛있었어요!특히낙지볶음은필수로주문하십시여!,2026년 6월 9일 화요일,음식이 맛있어요_재료가 신선해요_양이 많아요_매장이 넓어요_
35262409,만두9846,맛있어용굳,2026년 6월 9일 화요일,음식이 맛있어요_재료가 신선해요_
35262409,y6759134,맛있어요싹다비움,2026년 6월 9일 화요일,음식이 맛있어요_
35262409,윙윙윙21,맛있어요~~~~~~~~~~~,2026년 6월 9일 화요일,음식이 맛있어요_재료가 신선해요_양이 많아요_특별한 메뉴가 있어요_
35262409,파인애플환타56,우선가장기본이되는재료가신선해요!낙지통통은두말할것도없구요~4인이메인2종류시켜서푸짐하게먹었네요!명성그대로맛변함없어좋으네요^^두번세번오셔도후회없을듯요~,2026년 6월 9일 화요일,음식이 맛있어요_재료가 신선해요_반찬이 잘 나와요_단체모임 하기 좋아요_친절해요_
35262409,ja0****,친절해요,2026년 6월 9일 화요일,음식이 맛있어요_재료가 신선해요_양이 많아요_특별한 메뉴가 있어요_
35262409,blwf,여기낙지랑갈비는전국최고입니다!!!타지역인데도가끔씩꼭방문하고배달시켜먹을정도로좋아해요,2026년 6월 6일 토요일,음식이 맛있어요_고기 질이 좋아요_잡내가 적어요_단체모임 하기 좋아요_친절해요_
35262409,khk****,너무맛있어요명실상부전주맛집!!다음에또오고싶은맛집입니다꼭한번씩방문해보세요!!!!,2026년 6월 6일 토요일,음식이 맛있어요_재료가 신선해요_매장이 넓어요_친절해요_매장이 청결해요_
35262409,꾸카51,말해뭐해!!맛있다,2026년 6월 6일 토요일,음식이 맛있어요_재료가 신선해요_양이 많아요_가성비가 좋아요_
35262409,rhd****,양푼갈비양념이중독성있는맛이라계속손이가더라고요.갈비도부드럽고양념이잘배어있어서밥이랑먹기딱좋았어요.그리고감자전은꼭시켜야합니다!바삭하면서도쫀득해서양푼갈비랑정말잘어울려요.개인적으로는감자전이생각날정도였어요ㅎㅎ소면도추가해서양념에비벼먹었는데이조합이진짜최고였습니다.양념이맛있어서소면추가는거의필수인것같아요.전주에서든든하게한끼먹고싶다면추천합니다:),2026년 6월 6일 토요일,음식이 맛있어요_친절해요_매장이 청결해요_매장이 넓어요_
35262409,뽈뽈뽈51,정말맛있어요~!낙지볶음감자전강추!!친절하시구요^^,2026년 6월 6일 토요일,음식이 맛있어요_특별한 메뉴가 있어요_친절해요_매장이 청결해요_
35262409,힝17,맛있네요다음에또낙지먹으러와보려구요,2026년 6월 6일 토요일,음식이 맛있어요_
35262409,shj****,낙지볶음정식먹고왔는데기대이상으로만족했어요.낙지가질기지않고탱글탱글해서식감이좋았고양념도너무맵기만한게아니라감칠맛이있어서밥이계속들어가더라고요.같이나온반찬들도깔끔하고조화가좋아서한끼든든하게먹기좋았습니다.특히따뜻한밥에낙지볶음올려먹으니정말맛있었어요.다음에도생각나면다시방문할것같습니다.🍚🔥,2026년 6월 6일 토요일,음식이 맛있어요_
35262409,친근이4,너무맛있어서런치디너상관없이들러요런치메뉴인데도정식너무많아서밥추가안할수가없어요개운하면서너무맛있고일반낙지요리라고생각하면안되고거의별미에요ㅎㅎ추천합니다살짝매콤합니다~!,2026년 6월 5일 금요일,음식이 맛있어요_양이 많아요_매장이 넓어요_친절해요_매장이 청결해요_
35262409,sta****,정말밥도둑너무맛있어요.신라면보다는맵지만이게밥을두공기먹게되네요너무맛있어서직원분들너무친절하세요,2026년 6월 5일 금요일,음식이 맛있어요_재료가 신선해요_양이 많아요_단체모임 하기 좋아요_친절해요_
35262409,김밥순이,서낙지볶음이랑갈비찜같이먹었는데정말만족했어요!낙지는질기지않고통통해서식감이좋았고양념이매콤한데자극적이기보다계속당기는맛이라밥이랑너무잘어울렸어요.갈비찜도고기가부드럽고양념이잘배어있어서아이랑같이먹기에도괜찮았어요.같이먹으니까매콤함이랑달달한맛조합이좋아서더맛있게먹은것같아요.음식도비교적빨리나오고직원분들도친절해서기분좋게식사하고왔어요.다음에낙지생각나면또방문할것같아요:),2026년 6월 5일 금요일,음식이 맛있어요_재료가 신선해요_특별한 메뉴가 있어요_
35262409,ksl****,국물이진하고진짜마싯어요!!,2026년 6월 4일 목요일,재료가 신선해요_인테리어가 멋져요_
35262409,봄이2222,예약후바로들어갔습니다~~너무맛있었어요~~재방문의사있습니당!!,2026년 6월 4일 목요일,음식이 맛있어요_재료가 신선해요_매장이 넓어요_단체모임 하기 좋아요_
35262409,스콘을찾아,낙지랑갈비가동시에있는곳ㅠㅠ양념맛있어요!!!감자전은필수입니다ㅠㅠ,2026년 6월 3일 수요일,음식이 맛있어요_양이 많아요_특별한 메뉴가 있어요_
35262409,rmf****,맵지만맛잇고친절하세요!!,2026년 6월 3일 수요일,음식이 맛있어요_인테리어가 멋져요_친절해요_
35262409,은 주74,너무맛있어용사장님🧡🧡,2026년 6월 3일 수요일,음식이 맛있어요_매장이 넓어요_매장이 청결해요_
35262409,뚜리2895,익산에서이거먹고싶어서왔아요ㅎㅅㅎ저번보다덜매운거같은데그래도감자전은빠삭해서필수에요,2026년 6월 3일 수요일,특별한 메뉴가 있어요_음식이 맛있어요_재료가 신선해요_매장이 넓어요_단체모임 하기 좋아요_
35262409,티카찡,음식들도정갈하고오랜만에먹는낙지볶음정식낙지도통통하니~좋아요소면사리추가~~♡,2026년 6월 3일 수요일,음식이 맛있어요_재료가 신선해요_매장이 넓어요_친절해요_매장이 청결해요_
35262409,saz****,맛있어요ㅎㅎ전에는갈비머겄는데이번엔낙지먹는데낙지가크고맛있어요소스가킥!!,2026년 6월 3일 수요일,음식이 맛있어요_반찬이 잘 나와요_향신료가 강하지 않아요_단체모임 하기 좋아요_아늑해요_
35262409,희희5859,매콤하고중독성강한양념때문에또올것같아요!밥이랑비벼먹어도맛있고푹푹떠먹는것도짭짤하지만맛있더라구요~!전주여행와서첫끼로잘먹고갑니다👍🏻,2026년 6월 3일 수요일,음식이 맛있어요_재료가 신선해요_양이 많아요_친절해요_
35262409,꾸로롱63,진짜너무맛있어요!또방문할거에요ㅎㅎ직원분들도친절하세요!,2026년 6월 2일 화요일,음식이 맛있어요_재료가 신선해요_양이 많아요_혼밥하기 좋아요_매장이 넓어요_
35262409,cjyins,다산낙지볶음도맛잇고등갈비도맛잇고👍🏻👍🏻매운데맛있게매워여🔥,2026년 6월 1일 월요일,음식이 맛있어요_양이 많아요_매장이 넓어요_친절해요_
35262409,악동3949,며칠전부터먹고싶어서가족들데리고왔어요~맛이정말힐링입니다.맛있는음식감사합니다!,2026년 6월 1일 월요일,음식이 맛있어요_재료가 신선해요_양이 많아요_특별한 메뉴가 있어요_매장이 넓어요_
35262409,sjyoon,매콤헌게굉장히맛있어요.직원분들매우친절해요.,2026년 6월 1일 월요일,음식이 맛있어요_재료가 신선해요_양이 많아요_특별한 메뉴가 있어요_매장이 넓어요_
35262409,주이93,낙지볶음유명해서먹으러왔는데제가먹은낙지볶음중에제일맛있었어요.전주오면꼭오셔서납치볶음드시고가세요.절대후회하지않으실겁니다.번창하세요,2026년 6월 1일 월요일,음식이 맛있어요_메뉴 구성이 알차요_특별한 메뉴가 있어요_매장이 넓어요_
35262409,지니맘78,드뎌먹으러왔네^^통통한낙지에양념도잘베어넘맛있어서너무좋았어요~,2026년 6월 1일 월요일,음식이 맛있어요_재료가 신선해요_양이 많아요_특별한 메뉴가 있어요_친절해요_
35262409,maddtruk,항상낙지만먹었는데.등갈비도맛있어요.!!강추드립니다직원분들도친절하세요사람많습니다일찍방문추천,2026년 6월 1일 월요일,음식이 맛있어요_재료가 신선해요_양이 많아요_특별한 메뉴가 있어요_가성비가 좋아요_
35262409,희구24,양푼갈비는매콤하고낙지볶음도실하니맛있어요~,2026년 5월 30일 토요일,음식이 맛있어요_재료가 신선해요_양이 많아요_
35262409,가을가을1234,좋아요,2026년 5월 30일 토요일,음식이 맛있어요_재료가 신선해요_
35262409,ya****,오랜만에온다산돼지마을매번웨이팅때문에오늘은일찍방문했는데자리가있어서ㅜ다행이네요몸이안좋아낙지로몸보신하러왔는데말해뭐합니까너무맛있게잘먹었고갑니다,2026년 5월 30일 토요일,음식이 맛있어요_재료가 신선해요_양이 많아요_매장이 넓어요_단체모임 하기 좋아요_
35262409,송지영49,여기넘맛잇구웨이팅해서들어오면음식이딱~넘조아요!!맛잇게매워서잘들어가요!!추천!!,2026년 5월 29일 금요일,음식이 맛있어요_단체모임 하기 좋아요_
35262409,아이리스79,맛있습니다,2026년 5월 29일 금요일,음식이 맛있어요_재료가 신선해요_반찬이 잘 나와요_비싼 만큼 가치있어요_술이 다양해요_
35262409,토부인,웨이팅없이왔지만있어요~낙지볶음적당히매콤하고통통해요!!,2026년 5월 29일 금요일,음식이 맛있어요_재료가 신선해요_매장이 넓어요_
35262409,ekl****,맛있게잘먹었습니다,2026년 5월 28일 목요일,인테리어가 멋져요_단체모임 하기 좋아요_음식이 맛있어요_재료가 신선해요_
35262409,리본 사랑걸,오랜만에방문했지만여전히맛있네요^^,2026년 5월 28일 목요일,음식이 맛있어요_재료가 신선해요_양이 많아요_특별한 메뉴가 있어요_친절해요_
35262409,pc****,맛도리,2026년 5월 28일 목요일,음식이 맛있어요_재료가 신선해요_양이 많아요_특별한 메뉴가 있어요_가성비가 좋아요_
35262409,sam****,너무맛있어서사진도중간에찍어버림^^김치낙지전완전추천요올때마다낙지볶음기본에낙지전꼭먹어요낙지전진짜낙지가반이상너무맛있어요애둘맘내돈내산,2026년 5월 27일 수요일,음식이 맛있어요_재료가 신선해요_양이 많아요_매장이 넓어요_친절해요_
35262409,김경환9772,오랜만에방문너무맛있어요,2026년 5월 26일 화요일,음식이 맛있어요_매장이 넓어요_
35262409,샤엔스누,양도많고맛도좋은n번째방문하는곳부모님처음오셨는데대애애애애애애만족💕너무잘먹었습니다,2026년 5월 26일 화요일,음식이 맛있어요_양이 많아요_친절해요_주차하기 편해요_
2092423541,jea****,가게자체는조금아담하고빵도넘맛있어요!빠삭빠삭맛나용..🩷❤️🤏🕊️,2026년 6월 15일 월요일,빵이 맛있어요_가성비가 좋아요_친절해요_아늑해요_차분한 분위기예요_
2092423541,ykd****,종류가많아서좋아요!!,2026년 6월 15일 월요일,특별한 메뉴가 있어요_메뉴 구성이 알차요_주차하기 편해요_매장이 청결해요_친절해요_
2092423541,머리아야53,소금빵만전문으로한곳이라매우좋습니다!ㅎ옆에잠시주차도가능해서편리하네용ㅎ,2026년 6월 15일 월요일,빵이 맛있어요_특별한 메뉴가 있어요_가성비가 좋아요_친절해요_
2092423541,유낫시,소금빵냄새가솔솔너무맛있어보여요유행하는왁뿌소금빵도있어요신기해요!다음에또올게용,2026년 6월 15일 월요일,빵이 맛있어요_인테리어가 멋져요_친절해요_
2092423541,표퓨,소금빵냄새가솔솔너무맛있어보여요유행하는왁뿌소금빵도있어요신기해요!다음에또올게용,2026년 6월 15일 월요일,빵이 맛있어요_
2092423541,ig1109,명란감자소금빵너무맛있습니다,2026년 6월 15일 월요일,빵이 맛있어요_인테리어가 멋져요_
2092423541,tls****,전주시오베이커리소금빵진짜맛있더라고요!한입먹자마자겉은바삭하고속은쫄깃한'겉바속촉'의정석이라감탄했어요.씹을수록고소한버터향이입안가득퍼지는데가운데버터동굴도아주제대로뚫려있어요.그위에뿌려진소금이짭조름하게간을딱잡아주니까정말매력있더라고요.자극적이지않고담백해서질리지가않다보니앉은자리에서몇개는그냥순삭하게돼요.보통식으면질겨지기쉬운데이건식어도결이그대로살아있어서마지막까지정말맛있게먹었습니다.나중에전주가실일있으면시오베이커리소금빵은꼭한번드셔보세요.진짜강력추천해요!,2026년 6월 14일 일요일,빵이 맛있어요_특별한 메뉴가 있어요_가성비가 좋아요_음식이 맛있어요_디저트가 맛있어요_
2092423541,sih****,소금빵좋아하는데다양해서이것저것사러왔어요~기본도너무맛있어요,2026년 6월 14일 일요일,빵이 맛있어요_특별한 메뉴가 있어요_
2092423541,천꽁냥,저번주에왔는데너무맛있어거재방문했습니당😍😍😍😍기본소금빵왕맛도리입니다다른것도맛도리도리,2026년 6월 14일 일요일,빵이 맛있어요_특별한 메뉴가 있어요_인테리어가 멋져요_친절해요_매장이 청결해요_
2092423541,싸이렌,좋아요~항상맛있게먹는최고의소금빵집입니다~,2026년 6월 14일 일요일,빵이 맛있어요_특별한 메뉴가 있어요_친절해요_매장이 청결해요_
2092423541,전옐림,종류도엄청많고맛있어요!,2026년 6월 14일 일요일,빵이 맛있어요_특별한 메뉴가 있어요_
2092423541,gay****,처음맛보는데맛있어요!,2026년 6월 14일 일요일,빵이 맛있어요_
2092423541,slpak,매장이청결하고친절한곳입니다.왁뿌소금빵을못사서다음에다시방문하려합니다.,2026년 6월 14일 일요일,인테리어가 멋져요_친절해요_매장이 청결해요_빵이 맛있어요_
2092423541,cmzktk131,세번째방문입니다!생기고나서사무실분들이랑같이먹고자꾸생각나서토요일오후에들렀는데벌써다품절이라오늘은아침일찍부터왔어요고르고싶은거마음껏골라서좋습니다집주변에맛있는빵가게생겨서좋아요,2026년 6월 14일 일요일,빵이 맛있어요_인테리어가 멋져요_사진이 잘 나와요_친절해요_매장이 청결해요_
2092423541,don****,친절하고.소금빵종류도다양하고맛나요~~,2026년 6월 14일 일요일,빵이 맛있어요_
2092423541,서향4,항상맛있게먹고있습니다!주말에왔더니1시쯤방문했는데도많이빠져서아쉽지만그래도잘먹겠습니다ㅎㅎ,2026년 6월 13일 토요일,빵이 맛있어요_종류가 다양해요_메뉴 구성이 알차요_음식이 맛있어요_디저트가 맛있어요_
2092423541,썬이쥬,소금빵좋아하는데^^집근처에소금빵집생겨서너무좋아요^.^!!이제단골될거에요!!♡,2026년 6월 13일 토요일,빵이 맛있어요_아늑해요_차분한 분위기예요_친절해요_
2092423541,ehf****,명란감자소금빵이너무맛있어요,2026년 6월 13일 토요일,빵이 맛있어요_디저트가 맛있어요_메뉴 구성이 알차요_특별한 메뉴가 있어요_
2092423541,haj****,맛있어서두번째방문해요~,2026년 6월 13일 토요일,빵이 맛있어요_친절해요_
2092423541,jja****,너무맛잇어요,2026년 6월 13일 토요일,빵이 맛있어요_
2092423541,ig1109,맛있게잘먹겠습니다👍,2026년 6월 13일 토요일,빵이 맛있어요_인테리어가 멋져요_
2092423541,h90****,여러번재방문햇어요^^맛있어요-!,2026년 6월 12일 금요일,빵이 맛있어요_
2092423541,eunju0473,엄마가병원에입원하셔서주위환자분들과같이먹으려고사가요^^개별포장요청드리니바로해주시고친절하세요~~,2026년 6월 12일 금요일,가성비가 좋아요_
2092423541,띵똥땅띵,시오만큼소금빵맛집없습니다!!잠봉은먹어도먹어도안질리구단호박은진짜단호박고유의단맛이라맛있구어니언명란은맥주랑같이먹고싶은맛입니댜🥹사실그냥모든소금빵이맛있어요☺️선물해도다맛있다고하는맛집입니당휘낭시에랑에그타르트도진짜맛있으니까다들꼭드셔보세용~그리고사장님들완전완전친절하세요!!!기분확좋아지게친절하세요🩵,2026년 6월 12일 금요일,빵이 맛있어요_특별한 메뉴가 있어요_가성비가 좋아요_매장이 청결해요_친절해요_
2092423541,mariassm,시오베이커리👍👍👍👍👍,2026년 6월 12일 금요일,빵이 맛있어요_특별한 메뉴가 있어요_종류가 다양해요_
2092423541,ope****,제가먹어본명란소금빵중에1등!!진짜맛있어요ㅎㅎ사장님번창하세요👍,2026년 6월 11일 목요일,빵이 맛있어요_특별한 메뉴가 있어요_종류가 다양해요_디저트가 맛있어요_인테리어가 멋져요_
2092423541,효자동아지메,집가까운곳에소금빵맛집이생겨서좋아요~~근데빵이일찍떨어지니서두르세요~~^^,2026년 6월 10일 수요일,빵이 맛있어요_가성비가 좋아요_아늑해요_
2092423541,Lyccc,소금빵잘먹고갑니다~~번창하십쇼ㅎㅎ,2026년 6월 10일 수요일,매장이 청결해요_친절해요_빵이 맛있어요_
2092423541,you****,소문듣고왔어용❤️‍🔥매장도깨끗하고맛있어보여요,2026년 6월 10일 수요일,빵이 맛있어요_인테리어가 멋져요_
2092423541,먹보대장1,빵맛있어요인생소금빵이예요사장님대박나세요,2026년 6월 10일 수요일,빵이 맛있어요_특별한 메뉴가 있어요_음식이 맛있어요_차분한 분위기예요_
2092423541,kat****,소금빵종류완전많고좋아요,2026년 6월 10일 수요일,빵이 맛있어요_디저트가 맛있어요_
2092423541,숌먀19,사장님너무친절하고소금빵정말맛있어요!대박나세여,2026년 6월 10일 수요일,빵이 맛있어요_친절해요_매장이 청결해요_주차하기 편해요_
2092423541,88k****,입구부터빵냄새로가득하네요ㅋㅋ빵들이너무맛잇어요,2026년 6월 10일 수요일,빵이 맛있어요_친절해요_매장이 청결해요_
2092423541,급발진,점심시간땡하자마자바로옴ㅋㅋ존맛이에욧ㅠ,2026년 6월 10일 수요일,빵이 맛있어요_특별한 메뉴가 있어요_디저트가 맛있어요_음식이 맛있어요_친절해요_
2092423541,화이트651,손잡이가있어서들고가기편했어요~~소금빵좋아하는데집앞에있어서좋아요~~따듯하게해서먹으니까더맛있어요~,2026년 6월 8일 월요일,빵이 맛있어요_
2092423541,조숩숩,빵이진짜맛있게생겼어요….지나가면고소한버터냄새에의식을잃고빨려들어가듯들어왔는데요즘유행하는왁뿌소금빵이있었어요!!다행이하나남은거샀는데엄청맛있어요!!!!!!추천합니다!!!,2026년 6월 8일 월요일,빵이 맛있어요_특별한 메뉴가 있어요_인테리어가 멋져요_
2092423541,gidtnrdl200057,소문듣고왔어요너무친절하시고빵이다맛있어보여요^^,2026년 6월 8일 월요일,빵이 맛있어요_특별한 메뉴가 있어요_인테리어가 멋져요_친절해요_매장이 청결해요_
2092423541,happy078,빵종류도정말많고맛있습니다!!직원분들도넘친절하세요♥️♥️,2026년 6월 8일 월요일,빵이 맛있어요_가성비가 좋아요_친절해요_매장이 청결해요_
2092423541,wan****,깔끔하고다양한맛의소금빵을즐길수있어요~집앞이라서편하게올수있어좋아요,2026년 6월 8일 월요일,빵이 맛있어요_
2092423541,L615,너무소금빵이맛있고가격도착해요친절하시고매장도청결합니다,2026년 6월 7일 일요일,빵이 맛있어요_특별한 메뉴가 있어요_가성비가 좋아요_인테리어가 멋져요_친절해요_
2092423541,랑유87,오늘도참지못하고또방문했습니당운좋게갓나온소금빵을먹었는데신세계였습니다바삭바삭❤에그타르트폭신촉촉부드러움극강이였어요한입베어물었을때바삭한타르트와달콤한필링이너무좋았어요ㅠ거짓말안하고30초도안돼서순삭했슴다필링도가득들어있어서먹는내내행복했어요소화가잘안되시는분들이나어르신들도드시면너무좋아하실것같아요정말집근처에오픈해주셔서감사합니다사장님최고에요ㅎㅎ매장도엄청깔끔하고너무친절하시구항상웃으면서응대해주셔서저까지웃게되는가게입니당사장님최고에요!!!!!,2026년 6월 7일 일요일,빵이 맛있어요_특별한 메뉴가 있어요_재료가 신선해요_음식이 맛있어요_매장이 청결해요_
2092423541,맛집찾기귀신,늦게가면빵이없어요..!!!소금빵짱맛!!사장님넘친절하셔서기분이좋아지는가게네요😘다음에또올게요~~,2026년 6월 7일 일요일,빵이 맛있어요_인테리어가 멋져요_친절해요_매장이 청결해요_
2092423541,해바00,와..존맛탱..빵이쫄깃하고짭짤함도적당하고고소해요!너무맛있어요!!늦게와서빵이많이없었는데다음에는일찍와서다먹어봐야겠어요!,2026년 6월 7일 일요일,빵이 맛있어요_친절해요_매장이 청결해요_음식이 빨리 나와요_
2092423541,또바기5934,인생소금빵이라는이야기듣고시오베이커리에방문했는데너무맛있어요!잘먹었습니다ㅎ,2026년 6월 7일 일요일,빵이 맛있어요_음료가 맛있어요_친절해요_
2092423541,세미22,소금빵맛집으로소문듣고왔어요-!!,2026년 6월 7일 일요일,빵이 맛있어요_특별한 메뉴가 있어요_가성비가 좋아요_종류가 다양해요_
2092423541,천꽁냥,제가왔을대는거의품절이여서아쉬웠지만사장님너무친절하시고맛도기대됩니당😍,2026년 6월 7일 일요일,빵이 맛있어요_특별한 메뉴가 있어요_인테리어가 멋져요_친절해요_매장이 청결해요_
2092423541,싸이렌,너무맛있고좋아해서자주이용중입니다~또이용하겠습니다,2026년 6월 7일 일요일,빵이 맛있어요_
2092423541,UFC45,소금빵종류도많고너무맛있어요~~자주방문할게요!!,2026년 6월 7일 일요일,빵이 맛있어요_특별한 메뉴가 있어요_인테리어가 멋져요_친절해요_
2092423541,ㅂㅡㅂ82,지나가다가빵향이너무맛잇게나서홀린듯이들어왔어용최애잠봉뵈르소금빵이있어맛있게먹구갑니당!!집근처라자주들를거같아용ㅎㅎㅎㅎ👍👍💕❤️,2026년 6월 7일 일요일,빵이 맛있어요_가성비가 좋아요_재료가 신선해요_종류가 다양해요_디저트가 맛있어요_
2092423541,w_j****,요즘유행하는왁뿌소금빵두잇고맛도다양해서ㅜ너무너무좋아요!맛있게먹겟습니다!,2026년 6월 7일 일요일,빵이 맛있어요_
2092423541,누리1130,여기직원들친절하구빵도많구진짜맛있어요~최고에요~또오고싶어요~,2026년 6월 7일 일요일,빵이 맛있어요_메뉴 구성이 알차요_친절해요_매장이 청결해요_
2092423541,nob****,소금빵맛집또올께요♡♡♡,2026년 6월 7일 일요일,빵이 맛있어요_특별한 메뉴가 있어요_
2092423541,꾸익꾸엑,동생이맛있다해서왔어요.맛있습니다~,2026년 6월 7일 일요일,빵이 맛있어요_
2092423541,라잉아,맛있다는소문을듣고예약후방문했는데멀리서왔다고사장님께서서비스까지챙겨주셨어요~^^요즘핫한와뿌소금빵은망고가오늘숙성이덜됐다고사장님이속상해하셨는데도완전새콤달콤하고너무맛있었어요!!!!잠봉뵈르도너무너무너무맛있어서순식간에먹어버렸네요ㅋㅋㅋ빵도맛있고사장님도너무친절하세요,2026년 6월 6일 토요일,빵이 맛있어요_재료가 신선해요_특별한 메뉴가 있어요_디저트가 맛있어요_
2092423541,까칠한깽,요즘소금빵에꽂혀있었는데다양한종류의소금빵을맛볼수있다고해서들렸어요근데빵이거즘다팔려서ㅜㅜ오전에오면다양한소금빵살수있데요참고하세요!,2026년 6월 6일 토요일,빵이 맛있어요_재료가 신선해요_친절해요_매장이 청결해요_
2092423541,pst****,빵이부드럽고맛납니다^^친절한사장님도최고^^,2026년 6월 6일 토요일,빵이 맛있어요_
2092423541,김세희62,맛있는소금빵감사합니다😍먼곳에서왔는데너무친절하고맛있어서다시방문하려고적립했어요👍,2026년 6월 6일 토요일,빵이 맛있어요_사진이 잘 나와요_친절해요_매장이 청결해요_
2092423541,ksj****,늘맛있어요👍👍👍언제와도편차없이맛있어요❤️,2026년 6월 6일 토요일,빵이 맛있어요_특별한 메뉴가 있어요_가성비가 좋아요_메뉴 구성이 알차요_디저트가 맛있어요_
2092423541,석뎅이,너무맛있어서두번째방문!단골될거같아요!맛있게먹었습니다,2026년 6월 6일 토요일,빵이 맛있어요_특별한 메뉴가 있어요_음식이 맛있어요_
2092423541,빡타,요즘핫한소금빵집이래서방문했어요!!골목부터달콤한빵냄새가진동합니다.❤️,2026년 6월 6일 토요일,빵이 맛있어요_특별한 메뉴가 있어요_가성비가 좋아요_
2092423541,sog****,나는요여기소금빵이전주최고라고생각해요!!!정말맛있어요!!!한번올때마다가득가득사는것같으요!!감사합니다!!,2026년 6월 6일 토요일,빵이 맛있어요_
2092423541,nil****,오픈한지얼마안됐는데벌써4번째재방문입니다ㅜㅜ너무맛있어요위치도너무좋고사장님도친절하시고가는즐거움이있어요!!,2026년 6월 6일 토요일,빵이 맛있어요_가성비가 좋아요_종류가 다양해요_친절해요_매장이 청결해요_
2092423541,학식좋아요,맛있어요~~,2026년 6월 6일 토요일,빵이 맛있어요_특별한 메뉴가 있어요_가성비가 좋아요_디저트가 맛있어요_종류가 다양해요_
2092423541,hag****,종류가다양하고직원분들도친절하시고맛도최고에요다음에도또방문의사있습니다,2026년 6월 6일 토요일,빵이 맛있어요_특별한 메뉴가 있어요_친절해요_매장이 청결해요_주차하기 편해요_
2092423541,NaDa46,너무좋아요ㅎㅎ종류별로다먹는중,2026년 6월 5일 금요일,빵이 맛있어요_특별한 메뉴가 있어요_건강한 맛이에요_가성비가 좋아요_종류가 다양해요_
2092423541,랑유87,보이십니까보이십니까!!영롱한자태이름부터가맛있는왁!뿌!소금빵두손가득잡아꾹누르면정말왁뿌그자체소리가나며요거트크림이퐉!하고뿜어져나옵니다맛은또어떻고요쫄깃한소금빵안에상콤한요거트크림달달한화이트초콜릿부드러운슈크림인가요?크림과시원한망고가입안에서걍나맛봐라맛있지?ㅋ하며뛰어놉니다.냉동고에살짝얼려서먹었더니극락입니댜사진고자라ㅜ잘못찍었지만옴총맛있어요망고도듬뿍들어있고시원해서한입먹으면팥빙수마냥더위를순간잊는느낌이에요요즘과일시루케익인가요그게여기저기서나오는데전차라리이곳에서왁뿌머글래용..과일도요거트크림도듬뿍이라비싸다는생각도안들고넘맛나욤다들후회안하실거에요!아직할말많은데400자는너무적,2026년 6월 5일 금요일,빵이 맛있어요_특별한 메뉴가 있어요_음식이 맛있어요_메뉴 구성이 알차요_친절해요_
2092423541,도토리1423,처음왔는데냄새가너무좋아요친구가맛있대서왔습니다!또올게요ㅎㅎ서비스도많이주셔요😄😄,2026년 6월 5일 금요일,빵이 맛있어요_친절해요_매장이 청결해요_
2092423541,수정3278,처음왔는데냄새가너무좋아요친구가맛있대서왔습니다!또올게요ㅎㅎ서비스도많이주셔요😄😄,2026년 6월 5일 금요일,빵이 맛있어요_커피가 맛있어요_인테리어가 멋져요_사진이 잘 나와요_대화하기 좋아요_
2092423541,슬픈눈62,소문듣고왔는데기대가커요,2026년 6월 5일 금요일,빵이 맛있어요_인테리어가 멋져요_친절해요_
2092423541,tng****,소금빵좋아해서방문햇는데정말맛있습니다!,2026년 6월 5일 금요일,인테리어가 멋져요_친절해요_매장이 청결해요_
2092423541,ggnaoni,너무너무기대했던시오ㅠㅠㅠ잘먹겠습니당♥,2026년 6월 5일 금요일,빵이 맛있어요_특별한 메뉴가 있어요_가성비가 좋아요_디저트가 맛있어요_친절해요_
2092423541,서향4,3일연속왔어용ㅎㅎ친절하고맛있습니다!,2026년 6월 5일 금요일,빵이 맛있어요_가성비가 좋아요_디저트가 맛있어요_메뉴 구성이 알차요_음식이 맛있어요_
2092423541,ymi****,직원들도친절하고소금빵너무맛있습니다,2026년 6월 5일 금요일,빵이 맛있어요_인테리어가 멋져요_친절해요_
2092423541,서향4,이틀연속왔어용ㅎㅎ늦은시간에와서원하는건못먹었지만그래도친절히응대해주셔서좋습니다!,2026년 6월 4일 목요일,빵이 맛있어요_가성비가 좋아요_메뉴 구성이 알차요_종류가 다양해요_디저트가 맛있어요_
2092423541,포실한 슈크림빵,소금빵털러어제부터계획하고왔어요!!!오리지널소금빵데워주실수있다고하셔서매장에서바로먹었습니다너무너무맛있어용..오늘못사간우유크림소금빵사러또올갓같아요!!사장님도친절하시고디저트도너무맛있습니다💓,2026년 6월 4일 목요일,빵이 맛있어요_종류가 다양해요_음식이 맛있어요_디저트가 맛있어요_아늑해요_
2092423541,dlt****,일산사는데전주에놀러왔다가소금빵맛집이라서왔는데빵이많이소진되고없더라구요.그래도방금나온소금빵에남은거하나씩득템해서사가요~ㅋㅋ냄새도너무좋구맛잇어보여요~기대됩니다!!,2026년 6월 4일 목요일,빵이 맛있어요_디저트가 맛있어요_친절해요_매장이 청결해요_차분한 분위기예요_
2092423541,목점,소금빵맛집이생겼다고해서방문했어요!종류도다양하고바삭한게제스타일이라너무좋습니다🤍,2026년 6월 4일 목요일,빵이 맛있어요_종류가 다양해요_디저트가 맛있어요_
2092423541,gks****,여러가지새로운메뉴들이생기니선택폭이넓어져담는내내행복했습니다!이지역의소금빵장인이계시니이부근에살면살찔듯..여전히맛있네요,2026년 6월 4일 목요일,빵이 맛있어요_특별한 메뉴가 있어요_종류가 다양해요_디저트가 맛있어요_음식이 맛있어요_
2092423541,루리1574,시오베이커리소금빵은종류도엄청많고맛은말해뭐해같이나눠먹은사람들도다좋아해요..♥오래오래많이팔아주세요🫪,2026년 6월 4일 목요일,빵이 맛있어요_특별한 메뉴가 있어요_종류가 다양해요_친절해요_매장이 청결해요_
2092423541,sdh****,사장님께서되게친절하시고소금빵종류도많아요,2026년 6월 4일 목요일,빵이 맛있어요_사진이 잘 나와요_대화하기 좋아요_매장이 청결해요_친절해요_
2092423541,L615,소금빵이정말맛있고친절하세요ㅎㅎ,2026년 6월 3일 수요일,빵이 맛있어요_가성비가 좋아요_종류가 다양해요_인테리어가 멋져요_친절해요_
2092423541,급발진,빨리가셔야해욧!!빵한개씩밖에안남아있었어용ㅠㅠ끙왁뿌소금빵성공!!,2026년 6월 3일 수요일,빵이 맛있어요_건강한 맛이에요_재료가 신선해요_친절해요_매장이 청결해요_
2092423541,mso****,빵순이동생이맛있는곳이라고가자고해서왔어요!!잠봉뵈르랑감자명란앙버터성공!!!!ㅋㅋㅋ,2026년 6월 3일 수요일,빵이 맛있어요_매장이 청결해요_친절해요_아늑해요_
2092423541,dms****,전주소금빵맛집이에요….💗🥵🥵🥵🤍,2026년 6월 3일 수요일,빵이 맛있어요_음료가 맛있어요_인테리어가 멋져요_친절해요_매장이 청결해요_
2092423541,l_****,우유크림이잔뜩들어가있고종류가많아서선택폭이넓어용,2026년 6월 3일 수요일,빵이 맛있어요_가성비가 좋아요_메뉴 구성이 알차요_인테리어가 멋져요_
2092423541,whs****,소금빵이유명하다고해서방문했어요친절하고좋아요❤️,2026년 6월 3일 수요일,빵이 맛있어요_음식이 맛있어요_
2092423541,smiletimothy76,너무행복합니다소금빵으로만가득해서요^^맛있게잘먹겠습니다~|,2026년 6월 3일 수요일,빵이 맛있어요_친절해요_매장이 청결해요_
2092423541,행복한 꼬,드뎌방문했습니다!!요즘핫한시오베이커리~~공휴일오후라미리전화드려봤는데사장님께서친절히안내해주시고첫방문인데하나하나설명도잘해주셨어요~기본소금빵은말모해~왁뿌소금빵도있어너무기뻐서구매했어요~사장님께서넘친전하시고빵도맛있어서재방문의사100%오늘구매못한소금빵도조만간사러가보겠습니다!!사장님대박나세요~~^^,2026년 6월 3일 수요일,빵이 맛있어요_가성비가 좋아요_특별한 메뉴가 있어요_친절해요_매장이 청결해요_
2092423541,우석잉,소금빵좋아하는데종류별로많고맛도짱맛있어용👍🏻,2026년 6월 3일 수요일,빵이 맛있어요_가성비가 좋아요_음식이 맛있어요_재료가 신선해요_메뉴 구성이 알차요_
2092423541,dkssud60,소금빵종류많고맛있어보여요,2026년 6월 3일 수요일,빵이 맛있어요_
2092423541,서향4,종류도다양해서너무좋아유,2026년 6월 3일 수요일,빵이 맛있어요_재료가 신선해요_메뉴 구성이 알차요_음식이 맛있어요_종류가 다양해요_
2092423541,man****,빵이정말맛있고사장님이친절하세요!,2026년 6월 3일 수요일,빵이 맛있어요_음식이 맛있어요_재료가 신선해요_종류가 다양해요_특별한 메뉴가 있어요_
2092423541,춘식이꺼고구마,소금빵맛집!소금빵정말좋아하는데집근처에생겨서너무좋아요😘기본소금빵이맛있으니앙버터명란등다른것도맛있어요!,2026년 6월 3일 수요일,빵이 맛있어요_가성비가 좋아요_종류가 다양해요_친절해요_
2092423541,hmr0628,소문듣고왔어요소문못들었음어쩔뻔했어요아들이소금빵킬러라자주와야겠어요너무맛있고메뉴도가격도알차요가격이참착해요,2026년 6월 3일 수요일,빵이 맛있어요_특별한 메뉴가 있어요_친절해요_
2092423541,키키7418,샌드위치먹고맛있어서또왔어요집근처맛집생겨서너무좋아요ㅎㅎ추천합니다!,2026년 6월 3일 수요일,빵이 맛있어요_
2092423541,skfmfagfmsmsi,사장님완전친절하시고빵도맛있어요ㅜㅜㅜ번창하세요!!,2026년 6월 1일 월요일,빵이 맛있어요_종류가 다양해요_친절해요_매장이 청결해요_
2092423541,hyeogi,빵이너무맛있어요👍🏻👍🏻,2026년 6월 1일 월요일,빵이 맛있어요_가성비가 좋아요_특별한 메뉴가 있어요_인테리어가 멋져요_친절해요_
2092423541,bz****,엄청친절하시고!!!!!매장에계신분들이너무좋으십니다잠깐들려서구매했는데힐링하고갑니다감사합니다🤞🏻,2026년 6월 1일 월요일,빵이 맛있어요_
2092423541,쭁수부인,처음방문했는데종류도많고너무좋아요!!또오겠습니당~~~~,2026년 6월 1일 월요일,빵이 맛있어요_특별한 메뉴가 있어요_인테리어가 멋져요_친절해요_
2092423541,wkdgoalfm,집주변에새로생겨서왔는데종류도많고너무좋아요!주말오후여서없는빵이좀있어서다음에는일찍방문해보려고요!서비스도주시고너무친절하고맛있습니다!!😍😍,2026년 5월 31일 일요일,빵이 맛있어요_가성비가 좋아요_친절해요_매장이 청결해요_
1767903379,kim****,친구의추천으로오게됬는데맛있고음식이다양해서좋고인테리어가너무마음에들고직원분들이너무친절하고대화하기좋은것같아요😉👍,2026년 6월 15일 월요일,특별한 메뉴가 있어요_아늑해요_대화하기 좋아요_
1767903379,녜담잉,3번째왔는데다너무맛있아요!!!가게분위기도좋고직원분들도친절하세요!!!일단존맛,2026년 6월 15일 월요일,음식이 맛있어요_재료가 신선해요_양이 많아요_가성비가 좋아요_
1767903379,ohj****,2번째방문인데항상맛있고양도딱배부를정도라서만족했어요가게내부디자인도깔끔하면서개성있어서좋았아요,2026년 6월 15일 월요일,음식이 맛있어요_특별한 메뉴가 있어요_인테리어가 멋져요_단체모임 하기 좋아요_매장이 청결해요_
1767903379,tjr****,양도많고넘맛있어요~,2026년 6월 15일 월요일,음식이 맛있어요_양이 많아요_
1767903379,베비치즈,지나치다가맛있을것같아서들어왔는데이미거의만석이고음식도맛있어요점심일식데이트추추추천,2026년 6월 15일 월요일,음식이 맛있어요_재료가 신선해요_양이 많아요_
1767903379,정효재723,친구의요청으로처음으로오게되었는데생각보다청결하고인테리어가예뻐서감탄하게되었습니다.메뉴를보기만해도맛있어보여고민을엄청하였습니다.리뷰를하면푸딩이나타코야끼를준다고하니만약오신다면리뷰이벤트도참가하시는것도추천합니다.,2026년 6월 15일 월요일,혼밥하기 좋아요_인테리어가 멋져요_매장이 청결해요_비싼 만큼 가치있어요_잡내가 적어요_
1767903379,zin****,음식이너무맛있고인테리어랑분위기가너무좋아요🏡다음에또오고싶네요✨️,2026년 6월 15일 월요일,음식이 맛있어요_인테리어가 멋져요_친절해요_
1767903379,엔알97,점심혼밥하러들렸어요!냉소바와돈까스세트굿굿,2026년 6월 15일 월요일,음식이 맛있어요_메뉴 구성이 알차요_혼밥하기 좋아요_친절해요_매장이 청결해요_
1767903379,ldc****,맛있고깨끗하고직원이친절하고매장도넓고맛있고맛있어요다음에도올것같습니다메뉴가다양하고좋습니다홓ㅎㅎㅎ,2026년 6월 15일 월요일,재료가 신선해요_음식이 맛있어요_양이 많아요_특별한 메뉴가 있어요_매장이 넓어요_
1767903379,Miss11,길지나다니다가보여서먹어봤는데맛있어요!!!매뉴도좋은거같습니다,2026년 6월 15일 월요일,인테리어가 멋져요_혼밥하기 좋아요_특별한 메뉴가 있어요_
1767903379,햄토리햄토리마우스,점심먹으러왔는데너무맛있었어요~~양도많고하루10개한정인연어깍두기덮밥매콤하니신선했습니다.전주와서맛난밥먹고갑니다~~~,2026년 6월 15일 월요일,음식이 맛있어요_재료가 신선해요_인테리어가 멋져요_매장이 넓어요_혼밥하기 좋아요_
1767903379,제이루츠,전주에여행왔다가점심에뭐먹을지고민하던중이곳에오게됐어요!가라아게동과연어깍두기덮밥주문해서먹었습니다~튀김상태도정말바삭해서좋고매콤한소스가양념치킨소스생각했는데아주매콤하고맛있고느끼함을싹잡아줘서계속에서먹게되더라구요덕분에행복한식사했습니당😖👍👍🐵🦔,2026년 6월 15일 월요일,음식이 맛있어요_메뉴 구성이 알차요_양이 많아요_인테리어가 멋져요_친절해요_
1767903379,솜삼이,매장도넓고인테리어가너무멋진일식맛집이에요!!음식도너무맛있고다음에또오고싶은곳이에요!,2026년 6월 14일 일요일,음식이 맛있어요_재료가 신선해요_양이 많아요_가성비가 좋아요_인테리어가 멋져요_
1767903379,wjd****,찾아보고왔는데노래도좋고가게도깨끗하고전주놀러와서덕분에기분좋은여행이되고있습니다.추천드림니다.,2026년 6월 14일 일요일,음식이 맛있어요_메뉴 구성이 알차요_매장이 청결해요_사진이 잘 나와요_
1767903379,tom2285,처음왔는데맛있고인테리어분위기도좋고가격도합리적입니다다음에또방문하고싶네요추천입다,2026년 6월 14일 일요일,음식이 맛있어요_인테리어가 멋져요_매장이 넓어요_혼밥하기 좋아요_친절해요_
1767903379,리버풀럼,대박이에용가게도깨끗하고오야꼬동이너무맛있습니다마치닭도너무부드럽고좋았어요대박나세요,2026년 6월 14일 일요일,음식이 맛있어요_
1767903379,anything21,짱귀여운푸딩이있어요!규동너뮤맛있고깔끔한분위기좋아요,2026년 6월 14일 일요일,특별한 메뉴가 있어요_매장이 넓어요_인테리어가 멋져요_친절해요_매장이 청결해요_
1767903379,쁘니랑둥이랑,처음먹어보는데육수도시원하고고기도두툼하니좋아용,2026년 6월 14일 일요일,음식이 맛있어요_재료가 신선해요_친절해요_
1767903379,최은호50,매번오는소바돈까스맛집!!전주에서이집이제일맛있어요!!!,2026년 6월 14일 일요일,음식이 맛있어요_재료가 신선해요_메뉴 구성이 알차요_인테리어가 멋져요_매장이 넓어요_
1767903379,정숙이79,느끼할까봐걱정했는데전혀느끼하지도않고잡내도없고맛있어요,2026년 6월 14일 일요일,음식이 맛있어요_재료가 신선해요_양이 많아요_잡내가 적어요_매장이 청결해요_
1767903379,ICherishYou,음식깔끔하고맛있습니다.주차도가게바로앞에하면돼서편하네요,2026년 6월 14일 일요일,음식이 맛있어요_재료가 신선해요_매장이 청결해요_친절해요_주차하기 편해요_
1767903379,cleverkdh,전체적으로맛있어요ㅎㅎ,2026년 6월 14일 일요일,음식이 맛있어요_
1767903379,h_o****,시원한소바가먹고싶어서오랜만에일식먹으러왔어요맛있어요!!,2026년 6월 14일 일요일,음식이 맛있어요_인테리어가 멋져요_매장이 청결해요_
1767903379,krd****,시원한소바가먹고싶어서오랜만에일식먹으러왔어요맛있어요!!,2026년 6월 14일 일요일,음식이 맛있어요_양이 많아요_재료가 신선해요_매장이 청결해요_친절해요_
1767903379,김나래70,짐심먹으러왔어요~~일식요리가맛있어요~~^^,2026년 6월 14일 일요일,음식이 맛있어요_특별한 메뉴가 있어요_재료가 신선해요_
1767903379,행복한무릎,모처럼아이들과함께하는점심세아이입맛을다만족시킬만한곳으로찾았어요.음식이하나같이다맛있네요^^친절도하시고~자주찾을것같아요ㅎㅎ,2026년 6월 14일 일요일,음식이 맛있어요_메뉴 구성이 알차요_친절해요_음식이 빨리 나와요_아이와 가기 좋아요_
1767903379,눈누난나695,넘맛있어요!!,2026년 6월 14일 일요일,음식이 맛있어요_양이 많아요_매장이 청결해요_
1767903379,맛집탐방청춘,여기진짜핵존맛탱입니다!!꼭오세요!!두번오세요!!아니계속오세요!!,2026년 6월 14일 일요일,음식이 맛있어요_재료가 신선해요_양이 많아요_인테리어가 멋져요_매장이 넓어요_
1767903379,bet****,점심으로데이트하러왔는데주차도편하고음식도맛있고매장도넓고깨끗해요.음식도맛있어요.,2026년 6월 14일 일요일,음식이 맛있어요_특별한 메뉴가 있어요_주차하기 편해요_
1767903379,형자자,아너무맛있어요일식원래그냥그래하는데여기맛있어요!데이트하기두좋네요주차도공영주차장에하면너무편해서좋아요다음에또먹으러올게요,2026년 6월 14일 일요일,음식이 맛있어요_양이 많아요_특별한 메뉴가 있어요_주차하기 편해요_친절해요_
1767903379,mh7****,2인3메뉴~~다맛있네요~~,2026년 6월 14일 일요일,음식이 맛있어요_재료가 신선해요_양이 많아요_
1767903379,0000006722,좋아요!,2026년 6월 14일 일요일,음식이 맛있어요_재료가 신선해요_양이 많아요_매장이 넓어요_
1767903379,ros****,너무맛잇어요~~~~!!!,2026년 6월 13일 토요일,음식이 맛있어요_
1767903379,디지디기,너무맛잇어요~~~~!!!,2026년 6월 13일 토요일,음식이 맛있어요_재료가 신선해요_매장이 넓어요_인테리어가 멋져요_
1767903379,arsmile,소바먹으러종종와요여름엔역시진담동소바이죠:),2026년 6월 13일 토요일,음식이 맛있어요_재료가 신선해요_특별한 메뉴가 있어요_매장이 넓어요_혼밥하기 좋아요_
1767903379,성실잉,양이많아서엄청배불렀어요덮밥우동다맛있었어요!?,2026년 6월 13일 토요일,음식이 맛있어요_양이 많아요_혼밥하기 좋아요_
1767903379,전설13,전주맛집이라고해서와봤는데매장도깔끔하고직원분들도친절하고음식도맛있어요~다음에또올게요!,2026년 6월 13일 토요일,음식이 맛있어요_재료가 신선해요_인테리어가 멋져요_매장이 청결해요_친절해요_
1767903379,QWQ,혼밥하기좋아요맛있게먹겠습니당ㅎㅎ,2026년 6월 13일 토요일,음식이 맛있어요_재료가 신선해요_양이 많아요_가성비가 좋아요_혼밥하기 좋아요_
1767903379,um72,맛있게먹었습니다~가게분위기가좋고구조적으로개방감을줘서편했어요!,2026년 6월 13일 토요일,음식이 맛있어요_인테리어가 멋져요_친절해요_
1767903379,dla****,맛있어요!분위기도좋고느낌있습니다!다음에또올거같아요,2026년 6월 13일 토요일,음식이 맛있어요_인테리어가 멋져요_친절해요_매장이 청결해요_
1767903379,pos****,가족들이랑함께왔는데매장도넓고깔끔했어요.직원분도친절하시고음식도맛있었습니다.,2026년 6월 13일 토요일,음식이 맛있어요_양이 많아요_친절해요_매장이 청결해요_매장이 넓어요_
1767903379,KING지오,진담동소바전주효자동신시가지점메뉴아주좋습니다식사하러꼭와보세요베리굿,2026년 6월 13일 토요일,음식이 맛있어요_재료가 신선해요_친절해요_매장이 청결해요_음악이 좋아요_
1767903379,박성근92,리뷰이벤트진행중입니다리뷰쓰면콜라도무료로주고너무좋아요점심에일식먹을수있는곳!,2026년 6월 13일 토요일,음식이 맛있어요_인테리어가 멋져요_
1767903379,you****,양도많고너무맛있게잘먹었습니다~직원분들도친절하시고추천합니다!!👍,2026년 6월 13일 토요일,음식이 맛있어요_재료가 신선해요_양이 많아요_가성비가 좋아요_메뉴 구성이 알차요_
1767903379,올라프23,점심일식먹기정말좋아요~!,2026년 6월 13일 토요일,음식이 맛있어요_재료가 신선해요_혼밥하기 좋아요_매장이 청결해요_
1767903379,나이스71,맛있게잘먹었습니다^^,2026년 6월 13일 토요일,음식이 맛있어요_재료가 신선해요_인테리어가 멋져요_친절해요_
1767903379,cyyc2,맛있게잘먹었습니다^^,2026년 6월 13일 토요일,음식이 맛있어요_재료가 신선해요_양이 많아요_
1767903379,son****,부모님이좋아하시는맛집,2026년 6월 13일 토요일,음식이 맛있어요_인테리어가 멋져요_친절해요_
1767903379,ikb****,가족들과점심식사하러왔는데맛있게먹었습니다.,2026년 6월 13일 토요일,음식이 맛있어요_재료가 신선해요_양이 많아요_인테리어가 멋져요_매장이 넓어요_
1767903379,쩡3290,맛있어요~친절하고양이넉넉해서좋아요~밥이랑더달라고하면친절하게주네요^^맛있게잘먹고갑니다~,2026년 6월 13일 토요일,음식이 맛있어요_양이 많아요_매장이 넓어요_친절해요_
1767903379,jyh****,가게분위기도좋고음식도맛있어요,2026년 6월 13일 토요일,음식이 맛있어요_재료가 신선해요_특별한 메뉴가 있어요_혼밥하기 좋아요_매장이 청결해요_
1767903379,arsmile,소바좋아해서왔어요!리뷰후기도타코야끼도맛있어요:),2026년 6월 12일 금요일,음식이 맛있어요_재료가 신선해요_특별한 메뉴가 있어요_가성비가 좋아요_친절해요_
1767903379,cho****,가보고싶어서저장해놓았던곳인데드디어방문했어요!넘맛있었고다음에또올게요!,2026년 6월 12일 금요일,음식이 맛있어요_재료가 신선해요_매장이 넓어요_
1767903379,hom****,진한국물맛이좋아요담에다른메뉴도도전하러와야겠어요,2026년 6월 12일 금요일,음식이 맛있어요_재료가 신선해요_인테리어가 멋져요_친절해요_주차하기 편해요_
1767903379,김금추,맛있개잘먹었ㅅ음니노,2026년 6월 12일 금요일,음식이 맛있어요_재료가 신선해요_인테리어가 멋져요_
1767903379,김민서5432,두번째방문!!맛있어서또먹으러왔어여~,2026년 6월 12일 금요일,음식이 맛있어요_
1767903379,98592958092890,두번째방문!!맛있어서또먹으러왔어여~,2026년 6월 11일 목요일,음식이 맛있어요_재료가 신선해요_양이 많아요_특별한 메뉴가 있어요_가성비가 좋아요_
1767903379,dah****,너무맛잇어용!!일본보다더맛잇어용ㅎㅎㅎ,2026년 6월 11일 목요일,음식이 맛있어요_특별한 메뉴가 있어요_재료가 신선해요_인테리어가 멋져요_친절해요_
1767903379,하하화,정말맛있게잘먹었습니다!!,2026년 6월 11일 목요일,음식이 맛있어요_재료가 신선해요_메뉴 구성이 알차요_화장실이 깨끗해요_주차하기 편해요_
1767903379,쉬끄19,진짜너무맛있네요👍👍재방문의사100%입니다!!,2026년 6월 11일 목요일,음식이 맛있어요_특별한 메뉴가 있어요_매장이 넓어요_친절해요_매장이 청결해요_
1767903379,정햄9726,처음방문해봤는데너무맛있어요,2026년 6월 11일 목요일,음식이 맛있어요_재료가 신선해요_인테리어가 멋져요_혼밥하기 좋아요_
1767903379,개나리18,깔끔하고맛있어요^^,2026년 6월 11일 목요일,음식이 맛있어요_친절해요_매장이 청결해요_
1767903379,nah****,엄마랑같이점심먹으러왔는데요~메뉴구성이알차고좋았습니다!!,2026년 6월 11일 목요일,음식이 맛있어요_메뉴 구성이 알차요_건강한 맛이에요_
1767903379,hzi****,맛잇고깔끔해요~!,2026년 6월 11일 목요일,음식이 맛있어요_재료가 신선해요_
1767903379,군산 하영맘,닭다리살부드럽고맛있어요,2026년 6월 11일 목요일,음식이 맛있어요_재료가 신선해요_양이 많아요_
1767903379,dhrhksgh5,리뷰가좋아친구랑방문하게됐습니다매장이크고깔끔하네요ㅎㅎ분위기도좋아요!!!!,2026년 6월 11일 목요일,음식이 맛있어요_인테리어가 멋져요_매장이 넓어요_
1767903379,귀요미공주8384,리뷰가많아서와봤어요.많이찾는이유가있겠죠잘먹고가겠습니당~^^,2026년 6월 11일 목요일,특별한 메뉴가 있어요_혼밥하기 좋아요_
1767903379,연두부911,사장님도너무친절하시고모든메뉴음식넘맛잇어서자주와요!!,2026년 6월 10일 수요일,음식이 맛있어요_아늑해요_대화하기 좋아요_음악이 좋아요_차분한 분위기예요_
1767903379,hhh282,맛있어요!!,2026년 6월 10일 수요일,음식이 맛있어요_매장이 넓어요_
1767903379,마린불루55,음식도빨리나오고맛도너무좋아요!다음에또와도될련것인지요?,2026년 6월 10일 수요일,음식이 맛있어요_재료가 신선해요_양이 많아요_인테리어가 멋져요_친절해요_
1767903379,saeron,날이더워서소바먹고싶어서들어왔는데가게도너무쾌적하고시원하고음식도빨리나오고맛있어요!세트메뉴가있어서메뉴선택하는데좋았던거같아요이번여름에자주올거같습니당!!친구가자주오는이유가있는거같아요!,2026년 6월 10일 수요일,음식이 맛있어요_매장이 넓어요_
1767903379,yein10,점심먹기딱좋고적당히한적한위치해있어서바로들어올수있어서좋았어요오야꼬동이제일맛있고같이나오는장국?이정말맛있습니다데이트하기도좋음,2026년 6월 10일 수요일,음식이 맛있어요_가성비가 좋아요_반찬이 잘 나와요_잡내가 적어요_음악이 좋아요_
1767903379,엥으니,진짜너무맛있어요..양도많고..ㅠㅡㅠ퀄리티가너무좋은덕에가격도넘가성비있다고느껴지네요..ㅠㅜㅜ신기맛집인정합니듀,2026년 6월 10일 수요일,음식이 맛있어요_친절해요_매장이 청결해요_음식이 빨리 나와요_
1767903379,이웃집코털이,너무맛있어요!!!자주오는곳이에용맛있게잘먹었습니다~~!👍🏻👍🏻,2026년 6월 9일 화요일,음식이 맛있어요_양이 많아요_특별한 메뉴가 있어요_
1767903379,juvestoria,음식도맛있고직원분들도친절하십니다,2026년 6월 9일 화요일,음식이 맛있어요_재료가 신선해요_
1767903379,wjd****,맛있어요담에또올듯,2026년 6월 9일 화요일,음식이 맛있어요_재료가 신선해요_양이 많아요_특별한 메뉴가 있어요_매장이 넓어요_
1767903379,뮝밍,아주맛있어요푸딩귀여움🫧❤️,2026년 6월 9일 화요일,음식이 맛있어요_재료가 신선해요_양이 많아요_특별한 메뉴가 있어요_친절해요_
1767903379,9a****,마제소바먹고싶어서맛집찾고있었는데마침신시가지에있다길래방문했어요~마제소바도너무맛있고음식퀄리티도좋아요~,2026년 6월 9일 화요일,음식이 맛있어요_양이 많아요_인테리어가 멋져요_
1767903379,신사임당9412,여름에소바먹으러왔는데국물도깔끔하고음식도다맛있네요^^,2026년 6월 9일 화요일,음식이 맛있어요_재료가 신선해요_양이 많아요_
1767903379,9Eeess,맛있어용,2026년 6월 9일 화요일,음식이 맛있어요_특별한 메뉴가 있어요_양이 많아요_혼밥하기 좋아요_
1767903379,아몰랑75,처음와봣는데매장청결하고맛잇어용☺️,2026년 6월 9일 화요일,재료가 신선해요_양이 많아요_음식이 맛있어요_인테리어가 멋져요_매장이 넓어요_
1767903379,rkd****,너무맛있습니다재방률의사100퍼센트입니다사장님도너무친절하시고음식들도다신선하고청결한것같아요잘먹었습니다감사합니다~!,2026년 6월 9일 화요일,음식이 맛있어요_양이 많아요_
1767903379,parj****,너무맛있습니다재방률의사100퍼센트입니다사장님도너무친절하시고음식들도다신선하고청결한것같아요잘먹었습니다감사합니다~!,2026년 6월 8일 월요일,음식이 맛있어요_
1767903379,tjw****,양도많고맛있게잘먹었어요매장도시원하고소바도시원하고좋았습니다,2026년 6월 8일 월요일,음식이 맛있어요_재료가 신선해요_양이 많아요_매장이 넓어요_인테리어가 멋져요_
1767903379,솭이,여행와서일식땡겨서먹네요!맛있습니다번창하세용,2026년 6월 8일 월요일,음식이 맛있어요_가성비가 좋아요_
1767903379,구구6592,여자친구랑전주여행와서너무맛있게먹고가서리뷰씁니당맛도리최고,2026년 6월 8일 월요일,음식이 맛있어요_재료가 신선해요_양이 많아요_특별한 메뉴가 있어요_
1767903379,okp****,맛있더욤혼자와도조을듯해요,2026년 6월 7일 일요일,인테리어가 멋져요_친절해요_매장이 청결해요_
1767903379,win****,가게가정말청결하고맛도있고분위기도좋은것같습니다,2026년 6월 7일 일요일,음식이 맛있어요_재료가 신선해요_양이 많아요_특별한 메뉴가 있어요_가성비가 좋아요_
1767903379,푸른케어에어컨세탁기,기대하고왔는데좋아요^^맛있게먹고싶,2026년 6월 7일 일요일,인테리어가 멋져요_친절해요_음식이 맛있어요_
1767903379,oh****,자주오는데항상맛있어요ㅎㅎ,2026년 6월 7일 일요일,음식이 맛있어요_매장이 넓어요_
1767903379,pgl****,이렇게맛있는곳을왜이제야왔는지...!..자주방문하려구용아이식기도플라스틱아닌실리콘에스텐에!센스만점!!아이랑같이먹을메뉴가많아더더좋아요:),2026년 6월 7일 일요일,음식이 맛있어요_재료가 신선해요_매장이 청결해요_친절해요_
1767903379,seo****,너무맛있오여✌️🤍,2026년 6월 7일 일요일,음식이 맛있어요_특별한 메뉴가 있어요_친절해요_매장이 청결해요_인테리어가 멋져요_
1767903379,고구마피자57,너무맛잇어요!!,2026년 6월 7일 일요일,음식이 맛있어요_재료가 신선해요_양이 많아요_
1767903379,성주43,맛있습니다~,2026년 6월 7일 일요일,음식이 맛있어요_매장이 넓어요_
1767903379,씸이이,기대가됩니다,2026년 6월 7일 일요일,음식이 맛있어요_
1767903379,qu****,오야꼬동에서담백하고고소한맛이어울러쟈서정말맛있었습다.재료가신선하고맛이깔끔해요!,2026년 6월 7일 일요일,음식이 맛있어요_재료가 신선해요_양이 많아요_인테리어가 멋져요_매장이 청결해요_
1767903379,가나디가나디,오야꼬동/냉소바+등심카츠주문해서먹었습니다!음식도정갈하게나오고맛있어요!특히카츠기대안했는데돈카츠전문점만큼맛있었습니당재방문무조건할것같아요!👍,2026년 6월 7일 일요일,음식이 맛있어요_특별한 메뉴가 있어요_매장이 청결해요_친절해요_매장이 넓어요_
1767903379,hahahoho4670,오야꼬동12000/냉소바10000리뷰이벤트타코야끼6p오야꼬동닭다리살이라부드럽고냉소바는생면이라면발이쫄깃해맛있어요ㅎㅎ리뷰이벤트로받은타코야끼마저바삭해서맛있음!좋은건반찬과샐러드밥국이부족하면무료로리필이가능한거같더라고요,2026년 6월 7일 일요일,음식이 맛있어요_혼밥하기 좋아요_
1767903379,WonyONE,주말마다먹는일식집이랍니다ㅎㅎ오야꼬동과규동자주먹는데오늘은둘이먹는거라소바로먹어봤어요!역시맛있고ㅎㅎ타코야끼도문어식감좋고맛있네요!오늘도잘먹었습니당❤️,2026년 6월 7일 일요일,음식이 맛있어요_양이 많아요_특별한 메뉴가 있어요_메뉴 구성이 알차요_
1767903379,dhg****,소바맛집!!소바만먹기아쉬울때돈까스랑같이먹을수잇는세트메뉴가있어서좋아요맛있게잘먹었습니다!!👍,2026년 6월 7일 일요일,음식이 맛있어요_양이 많아요_특별한 메뉴가 있어요_가성비가 좋아요_재료가 신선해요_
1954251906,구름속라이언,반찬도맛있고고기도맛있습니다주차장도편리해서잘먹고갑니다~,2026년 6월 15일 월요일,음식이 맛있어요_친절해요_직접 잘 구워줘요_주차하기 편해요_
1954251906,gh2****,고기가맛있고서비스가좋습니다.,2026년 6월 14일 일요일,음식이 맛있어요_고기 질이 좋아요_
1954251906,도도당근,맛있어요!매장도깨끗하고양념종류도많아서다양한식감과맛을느낄수있어요!!!강추합니다.,2026년 6월 14일 일요일,음식이 맛있어요_특별한 메뉴가 있어요_코스요_리가 알차요_매장이 넓어요_단체모임 하기 좋아요_
1954251906,석주78,친구들과뼈대삼겹과된장술밥으로배터지게먹었어요초벌과숙성덕분인지고기풍미가오래남았고씹을수록고소했어요😋서비스도친절해서다음엔더큰모임으로가려고요,2026년 6월 14일 일요일,음식이 맛있어요_재료가 신선해요_
1954251906,jig****,모듬셋트주문했는데가성비에서비스도좋아요고기도직접구워주고직원분들도친절하네요,2026년 6월 14일 일요일,음식이 맛있어요_고기 질이 좋아요_인테리어가 멋져요_매장이 넓어요_친절해요_
1954251906,정HS,매장도청결하고매장이넓고좋아요반찬들도맛있고또오고싶어요,2026년 6월 13일 토요일,매장이 넓어요_컨셉이 독특해요_친절해요_직접 잘 구워줘요_
1954251906,dhk****,가게가깔끔하고직원분들이친절해요,2026년 6월 13일 토요일,음식이 맛있어요_고기 질이 좋아요_양이 많아요_
1954251906,sigma1125,고기가신선하고먹는내내맛있었어요❤️❤️된장술밥까지만족!!!입니당,2026년 6월 13일 토요일,음식이 맛있어요_고기 질이 좋아요_
1954251906,nam****,친구들이랑저온숙성목살주문했는데고기가부드럽고풍미가진해서입에서사르르녹았어요😊반찬하나하나도정갈하고매장인테리어가세련돼서사진찍기좋았고회식이나모임으로도추천드려요,2026년 6월 13일 토요일,음식이 맛있어요_양이 많아요_친절해요_매장이 청결해요_
1954251906,삼구맨,친구들이랑저온숙성목살주문했는데고기가부드럽고풍미가진해서입에서사르르녹았어요😊반찬하나하나도정갈하고매장인테리어가세련돼서사진찍기좋았고회식이나모임으로도추천드려요,2026년 6월 13일 토요일,음식이 맛있어요_고기 질이 좋아요_
1954251906,54****,가족외식으로이베리코항정살도전해봤어요씹을수록고소함이퍼지고결이살아있어만족스러웠고아이들과함께라계란찜도시켰는데부드럽고맛있어서가족모두가행복했어요,2026년 6월 13일 토요일,음식이 맛있어요_재료가 신선해요_친절해요_매장이 청결해요_
1954251906,미역다시마,어서고기먹고싶다고기고기고기맛있겠다!,2026년 6월 13일 토요일,음식이 맛있어요_고기 질이 좋아요_가성비가 좋아요_
1954251906,나는야응구방구,밑반찬도잘나오고맛있어요,2026년 6월 13일 토요일,고기 질이 좋아요_인테리어가 멋져요_매장이 넓어요_친절해요_
1954251906,Chic12345,깔끔하고분위기있는인테리어에직원분들친절하셔서맛있게먹고왔습니다^^,2026년 6월 12일 금요일,음식이 맛있어요_고기 질이 좋아요_양이 많아요_메뉴 구성이 알차요_반찬이 잘 나와요_
1954251906,836****,몽유도신시가지점에서가족들이랑뼈대삼겹먹었어요직원분이직접구워주셔서대화도편히나누며먹을수있었고고소한육즙이팡팡터져서한점한점이감동이었어요된장술밥이랑함께하니마무리까지완벽했어요,2026년 6월 12일 금요일,가성비가 좋아요_매장이 청결해요_
1954251906,릴리4929,데이트로갔는데저온숙성삼겹살이숙성이잘돼있어담백하고고소한맛이훌륭했음직원분이구워주셔서타지않고편하게먹을수있었음비빔냉면으로상큼하게마무리하니기분좋게나왔음,2026년 6월 12일 금요일,음식이 맛있어요_양이 많아요_가성비가 좋아요_
1954251906,서영5385,몽유도유명한건알았지만너무맛있어서놀랐어요!!김치찌개묵사발기본찌개등사이드메뉴도든든해서푸짐한식사하고갑니다~😋😋,2026년 6월 12일 금요일,음식이 맛있어요_고기 질이 좋아요_매장이 넓어요_
1954251906,im영철,몽유도는분위기부터서비스까지세련돼서데이트나모임에딱이에요꼬들살의쫄깃한식감과고소한맛이일품이라자꾸손이갔고직원분들덕분에편하게먹고즐겁게나오고왔습니다,2026년 6월 11일 목요일,재료가 신선해요_양이 많아요_
1954251906,스피드1956,3-4인세트시켜서신나게먹었어요😋저온숙성삼겹살에서불향과육즙이동시에느껴져서놀랐고진짜맛있었고김치찌개가얼큰하니밥도둑이라완전찐리뷰입니다,2026년 6월 11일 목요일,양이 많아요_재료가 신선해요_가성비가 좋아요_
1954251906,hmk****,친구추천으로갔는데이베리코항정살의지방과살코기밸런스가예술이었어요한입먹을때마다풍미가배어나와서계속웃으면서먹었고볶음밥으로끝맺음하니더없이만족했습니다,2026년 6월 11일 목요일,가성비가 좋아요_재료가 신선해요_음식이 맛있어요_양이 많아요_
1954251906,해피71,맛있어요ㅠㅠ고기구워줘서편해요그리고직원분들엄청친절하세여!!!,2026년 6월 10일 수요일,음식이 맛있어요_
1954251906,dann****,회사회식으로몽유도이용했는데테이블마다직원분이직접구워주시니편했고분위기도차분해서좋았어요저온숙성목살의결이살아있고감칠맛이돌며정말맛있었고볶음밥은마무리로대만족이었습니다,2026년 6월 10일 수요일,음식이 맛있어요_가성비가 좋아요_양이 많아요_
1954251906,jde****,맛있습니다..!,2026년 6월 10일 수요일,음식이 맛있어요_고기 질이 좋아요_인테리어가 멋져요_매장이 넓어요_
1954251906,tim****,오랜만에가족들이랑외식했는데뼈대삼겹의고소함과씹히는맛이기대이상이라행복했어요직원분들이세심하게구워주셔서편하게먹었고모두만족해서다음약속도잡았답니다ㅎㅎ,2026년 6월 10일 수요일,양이 많아요_음식이 맛있어요_가성비가 좋아요_
1954251906,qja****,여자친구랑데이트할때자주오는고깃집입니다.반찬도많이나오고맛있어요ㅎㅎ,2026년 6월 10일 수요일,고기 질이 좋아요_가성비가 좋아요_반찬이 잘 나와요_
1954251906,jsy****,맛있어요,2026년 6월 10일 수요일,음식이 맛있어요_고기 질이 좋아요_인테리어가 멋져요_매장이 넓어요_
1954251906,yoo****,몽유도는어떤지점이든다평타이상하는거같아요!!특히신시가지점깔끔하고분위기도너무좋아서잘먹고갑니다🤤,2026년 6월 10일 수요일,음식이 맛있어요_고기 질이 좋아요_양이 많아요_인테리어가 멋져요_
1954251906,대야산 객,친구들이랑와서이것저것시켰는데이베리코항정살의풍미가탁월해서모두감탄했어요😊지방과살코기의조화가좋고맛있어서웃음이절로났고계란찜까지부드럽게마무리돼서아주좋았습니다,2026년 6월 9일 화요일,음식이 맛있어요_재료가 신선해요_양이 많아요_가성비가 좋아요_
1954251906,몽1387,우연히지나다가들렀는데인테리어도깔끔하고음식세트구성도좋고맛있었어요,2026년 6월 9일 화요일,특별한 메뉴가 있어요_음식이 맛있어요_
1954251906,남양주이서연,가족외식으로몽유도방문했는데아이들까지모두좋아했어요뼈대삼겹의씹는맛과고소함이인상적이라계속먹게되었고된장술밥이고기와궁합이좋아서만족스러웠습니다,2026년 6월 9일 화요일,음식이 맛있어요_재료가 신선해요_
1954251906,keedal,인테리어도좋고빠르고맛있어요직원분들도친절해서좋아요다음에또방문할께요~!,2026년 6월 9일 화요일,음식이 맛있어요_인테리어가 멋져요_친절해요_
1954251906,sean697653,너무맛있어요ㅎㅎ,2026년 6월 9일 화요일,음식이 맛있어요_고기 질이 좋아요_혼밥하기 좋아요_친절해요_
1954251906,ytc****,맛있어요!,2026년 6월 9일 화요일,음식이 맛있어요_고기 질이 좋아요_특별한 메뉴가 있어요_인테리어가 멋져요_매장이 넓어요_
1954251906,카리스마45645,이베리코항정살의풍미가확실히좋았음마지막에볶음밥시켜서고기기름에볶아먹으니고소함이폭발했음단체모임에도편하고직원들이세심하게챙겨줘서편하게즐겼음,2026년 6월 9일 화요일,재료가 신선해요_가성비가 좋아요_
1954251906,행복바이러스7826,데이트로몽유도왔는데분위기좋고서비스가세심했어요저온숙성삼겹살이육즙팡팡터지고고소해서정말맛있었고김치찌개랑같이먹으니완벽한조합이라기분좋았습니다,2026년 6월 8일 월요일,음식이 맛있어요_재료가 신선해요_
1954251906,hanj****,뼈대삼겹의불향과육즙이잘살아있었어요비빔냉면으로입가심하니느끼함없이깔끔하게끝났습니다전주에서고기먹을일있으면여기로데려오면다들좋아할곳입니다,2026년 6월 8일 월요일,양이 많아요_가성비가 좋아요_
1954251906,lsh3172,삼겹살부드럽고촉촉하며솥뚜껑에구워기름이쫙빠져느끼하지않고담백하며냉면과곁들여먹으니맛있어요^^서비스로제공되는된장국구수하고각종소스와함께즐기는삼겹살맛있어요^^데이트가족외식장소로추천해요^^,2026년 6월 8일 월요일,음식이 맛있어요_고기 질이 좋아요_가성비가 좋아요_단체모임 하기 좋아요_인테리어가 멋져요_
1954251906,지존6164,저온숙성목살이진짜부드럽고감칠맛이살아있었음된장술밥이랑같이먹으니밥한공기뚝딱이라재방문예약각임가족외식목적이면완전추천합니다😊,2026년 6월 8일 월요일,양이 많아요_가성비가 좋아요_음식이 맛있어요_
1954251906,안녕하슈크림흐,마싰어요!!,2026년 6월 8일 월요일,음식이 맛있어요_
1954251906,aera****,이베리코항정살의고소함이남달랐어요꼬들살은식감이살아있어씹는재미가있고직원분이정성껏구워주셔서식사내내편안하게즐겼습니다,2026년 6월 7일 일요일,음식이 맛있어요_재료가 신선해요_
1954251906,cxi****,저온숙성삼겹살의담백한풍미가오래남았어요마지막엔볶음밥으로마무리하니고기의풍미가배가되어서만족스러웠습니다매장청결도와직원친절함도인상적이었어요,2026년 6월 7일 일요일,음식이 맛있어요_가성비가 좋아요_재료가 신선해요_
1954251906,you****,꼬들살의쫄깃한식감이인상적이었어요특목살김치찌개랑같이먹으니얼큰하면서도고기랑찰떡궁합이라감동했네요매장인테리어도깔끔하고서비스도좋아서만족했습니다,2026년 6월 7일 일요일,음식이 맛있어요_가성비가 좋아요_재료가 신선해요_
1954251906,jml****,고기가정말맛있어요주차도편하고주변에놀거리가많아서너무좋아요많이놀러오세요,2026년 6월 6일 토요일,음식이 맛있어요_고기 질이 좋아요_매장이 넓어요_인테리어가 멋져요_친절해요_
1954251906,sso****,상차림이풍족하고세트메뉴로찌개까지주셔서좋았어요!고기도맛있어요,2026년 6월 6일 토요일,음식이 맛있어요_고기 질이 좋아요_인테리어가 멋져요_차분한 분위기예요_
1954251906,pur****,세트메뉴로찌개까지같이나와서좋아요.고기도직접구워주시고맛있어요,2026년 6월 6일 토요일,음식이 맛있어요_고기 질이 좋아요_인테리어가 멋져요_
1954251906,동호910,고기가질이좋고너무맛있어용,2026년 6월 6일 토요일,음식이 맛있어요_고기 질이 좋아요_양이 많아요_매장이 넓어요_인테리어가 멋져요_
1954251906,bee****,저온숙성삼겹살이입에서살살녹았어요직원분이처음부터끝까지구워주셔서편하게먹었네요된장술밥과함께먹으니조합이환상적이라다음에도또가고싶습니다,2026년 6월 6일 토요일,가성비가 좋아요_양이 많아요_음식이 맛있어요_재료가 신선해요_
1954251906,kj****,뼈대삼겹세트로가족이랑갔는데전부만족했음계란찜까지부드럽고짝꿍이잘어울려서아이들도잘먹었음서비스가친절해서기분좋게외식마무리했음,2026년 6월 6일 토요일,가성비가 좋아요_재료가 신선해요_
1954251906,관수 김,너무맛있어요!,2026년 6월 6일 토요일,음식이 맛있어요_고기 질이 좋아요_양이 많아요_특별한 메뉴가 있어요_인테리어가 멋져요_
1954251906,imbk****,저온숙성목살이씹을수록풍미가올라와서행복했어요비빔냉면으로깔끔하게마무리하니까식감밸런스가좋아서추천드려요분위기도아늑해서데이트코스로도손색없습니다,2026년 6월 6일 토요일,양이 많아요_음식이 맛있어요_
1954251906,쁘쁘94,짱마시싸요ㅠㅠ맛없눈게없다찾는게어려우ㅏ요ㅠㅠㅠ,2026년 6월 6일 토요일,음식이 맛있어요_고기 질이 좋아요_양이 많아요_매장이 넓어요_친절해요_
1954251906,sean697653,맛있게먹었습니다,2026년 6월 6일 토요일,음식이 맛있어요_고기 질이 좋아요_매장이 넓어요_매장이 청결해요_
1954251906,sug****,연인과방문했는데분위기좋고서비스도따뜻했어요이베리코항정살의고소함이입안가득해서진짜맛있었어요계란찜과함께먹으니더부드럽고만족스러웠습니다😊,2026년 6월 5일 금요일,음식이 맛있어요_양이 많아요_가성비가 좋아요_재료가 신선해요_
1954251906,gid****,가족모임으로갔는데아이부터어른까지모두좋아했어요꼬들살의쫄깃함과고소함이인상적이라계속칭찬했어요볶음밥으로마무리하니모두가만족하는외식이었답니다,2026년 6월 5일 금요일,가성비가 좋아요_매장이 청결해요_
1954251906,qqq2316,구워주셔서편해요고기도맛있어요,2026년 6월 5일 금요일,음식이 맛있어요_직접 잘 구워줘요_
1954251906,홍죽리댁,친구들모임으로딱인곳이에요저온숙성삼겹살의풍미가은근히오래남아서또생각날정도였어요직원분이정성껏구워주셔서편하게즐겼습니다ㅠㅠ다음에또가고싶어요,2026년 6월 4일 목요일,음식이 맛있어요_재료가 신선해요_
1954251906,chu****,단체로와도편하고깔끔하더라고요저온숙성목살이깔끔한담백함으로계속젓가락을부르는맛이었어요된장술밥까지먹으니정말포만감있고행복했습니다ㅎㅎ,2026년 6월 4일 목요일,음식이 맛있어요_재료가 신선해요_가성비가 좋아요_
1954251906,stu****,회사회식으로예약했더니자리도넉넉하고편했어요꼬들살식감이특이하면서고소해서다들반했어요특목살김치찌개랑함께하니맛이더살아나서재방문의사100%입니다,2026년 6월 4일 목요일,가성비가 좋아요_음식이 맛있어요_양이 많아요_
1954251906,liam5379,맛잇어요,2026년 6월 3일 수요일,음식이 맛있어요_
1954251906,jhk****,친구들하고회식으로방문했는데만족스러웠어요저온숙성삼겹살식감이부드럽고고소함이오래남더라고요된장술밥과같이먹으니조합이기가막혔습니다ㅋㅋ추천드려요,2026년 6월 3일 수요일,음식이 맛있어요_양이 많아요_
1954251906,dn****,고기도맛있고잘구워주세요!!,2026년 6월 3일 수요일,음식이 맛있어요_고기 질이 좋아요_매장이 넓어요_인테리어가 멋져요_직접 잘 구워줘요_
1954251906,YangNaro,맛있어요굿,2026년 6월 3일 수요일,음식이 맛있어요_
1954251906,magnonbean,맛있어요고기잡내도없고진짜맛있어요친절하고고기도직접구워주세요항정살이진짜맛있어요,2026년 6월 3일 수요일,고기 질이 좋아요_음식이 맛있어요_직접 잘 구워줘요_
1954251906,ymh****,여럿이서세트시켜서이것저것맛봤는데만족도가높았어요뼈대삼겹불향이잘배어있어먹는내내행복했어요비빔냉면으로상큼하게마무리하니입안이깔끔해졌습니다,2026년 6월 3일 수요일,재료가 신선해요_음식이 맛있어요_양이 많아요_가성비가 좋아요_
1954251906,lea****,가족외식으로갔는데아이들까지잘먹었어요저온숙성목살이쫄깃하면서담백해서계속손이가더라고요볶음밥으로마무리하니완벽한식사였어요ㅎㅎ만족합니다,2026년 6월 3일 수요일,재료가 신선해요_가성비가 좋아요_양이 많아요_
1954251906,Bbq마싯어,양도많고맛있어요!!매장도넓고쾌적하고분위기좋네용직원분들도친절하셔요!감사합니당♥️,2026년 6월 2일 화요일,음식이 맛있어요_고기 질이 좋아요_양이 많아요_인테리어가 멋져요_매장이 넓어요_
1954251906,케로맘52,신랑님이검색하여왔는데고기가너무맛있어요된장술밥정말쵝오담에또올께요,2026년 6월 2일 화요일,음식이 맛있어요_고기 질이 좋아요_인테리어가 멋져요_친절해요_매장이 청결해요_
1954251906,이재혁850,정말맛있어요!,2026년 6월 2일 화요일,음식이 맛있어요_고기 질이 좋아요_특별한 메뉴가 있어요_매장이 넓어요_
1954251906,나는야 귀요미,고급스러운분위기의고깃집이라특별한날방문하기좋았어요.매장내부가깔끔하고인테리어도세련돼서식사하는내내편안했습니다.고기품질이정말좋았고직원분들이직접구워주셔서가장맛있는상태로즐길수있었어요.육즙이풍부하고부드러워서만족도가높았습니다.곁들임반찬과식사메뉴도정갈하게잘나와서전체적인완성도가높다고느꼈어요.직원분들도친절하게응대해주셔서기분좋게식사할수있었습니다.맛서비스분위기모두만족스러워서중요한모임이나데이트장소로추천하고싶은곳입니다.재방문의사100%입니다!⭐⭐⭐⭐⭐,2026년 6월 2일 화요일,음식이 맛있어요_고기 질이 좋아요_인테리어가 멋져요_친절해요_직접 잘 구워줘요_
1954251906,조성민93,츄룹,2026년 6월 2일 화요일,음식이 맛있어요_고기 질이 좋아요_반찬이 잘 나와요_매장이 넓어요_
1954251906,군산주민,고기도맛있고직원분도친절하시고분위기도너무좋았어요!!!또방문해도좋을거같아요,2026년 6월 2일 화요일,음식이 맛있어요_고기 질이 좋아요_양이 많아요_특별한 메뉴가 있어요_인테리어가 멋져요_
1954251906,nkh****,데이트로갔는데서비스진짜세심했어요이베리코항정살의고소함이입에착감기고육즙도풍부해서너무맛있었어요계란찜하나로도분위기업돼서좋았습니다,2026년 6월 2일 화요일,양이 많아요_재료가 신선해요_가성비가 좋아요_
1954251906,포도동댕,맛잇서요😽😽❤️❤️❤️,2026년 6월 2일 화요일,음식이 맛있어요_고기 질이 좋아요_비싼 만큼 가치있어요_친절해요_직접 잘 구워줘요_
1954251906,buf****,데이트겸방문했는데인테리어가세련되어분위기가좋아요저온숙성목살의고소한풍미와뼈대삼겹의묵직한감칠맛이조화로워서진짜맛있었어요서비스로구워주는점도매력적이었어요,2026년 6월 2일 화요일,양이 많아요_재료가 신선해요_
1954251906,준5849,친구들생일파티로방문함이베리코항정살주문했더니고소한기름맛이살아있고고기식감이탁월했음볶음밥까지깔끔하게먹고마무리좋았음매장분위기도차분하고사진찍기예뻤음,2026년 6월 1일 월요일,양이 많아요_가성비가 좋아요_
1954251906,son****,여럿이서갔더니세트구성으로만족스러웠음저온숙성목살이입안에서부드럽게풀리며육즙이팡팡터져서진짜맛있었음ㅋㅋㅋ반찬하나하나도정성이느껴졌고대화도편안하게할수있었음,2026년 6월 1일 월요일,양이 많아요_가성비가 좋아요_
1954251906,송은희5210,깔끔하고고기가부드럽고담백해요사이드메뉴랑반찬들도맛있는집이랍니다꼭한번뫄보시면색다른맛을느끼실수있어요,2026년 6월 1일 월요일,음식이 맛있어요_고기 질이 좋아요_양이 많아요_반찬이 잘 나와요_재료가 신선해요_
1954251906,꾹꾹이757,단체모임으로방문했음세트로여러부위를맛보니각자취향대로골라먹기좋았음저온숙성삼겹살과이베리코항정살조합이특히인상적이었음직원분서비스와주차편의까지만족스러웠음,2026년 6월 1일 월요일,음식이 맛있어요_양이 많아요_
1954251906,우해헤헿,넘넘맛잇어용굿,2026년 5월 31일 일요일,음식이 맛있어요_고기 질이 좋아요_양이 많아요_단체모임 하기 좋아요_친절해요_
1954251906,진심으로적는,16:00일찍오픈해서좋앗습니다고기도맛익어요!,2026년 5월 31일 일요일,음식이 맛있어요_고기 질이 좋아요_매장이 넓어요_직접 잘 구워줘요_
1954251906,파츠맨42,부모님과외식하러갔는데사장님이친절하게구워주셔서감사했어요😊꼬들살의쫄깃함과저온숙성삼겹살의담백한풍미가잘어울려서정말맛있었어요아이들까지모두잘먹고기분좋은외식이었어요,2026년 5월 31일 일요일,가성비가 좋아요_재료가 신선해요_양이 많아요_음식이 맛있어요_
1954251906,때잉96,처음에너무맛잇어보여서다먹고찍은걸로올린건안비밀🥹🥹2인세트인데도양이너무많아서완전배부르게먹었어요ㅠㅠㅜ반찬이여러가지다양하니까고기랑조합을많이해볼수잇어서좋았던듯ㅎㅎ맛있게잘먹었엉요🫶🏻😘,2026년 5월 31일 일요일,음식이 맛있어요_고기 질이 좋아요_양이 많아요_메뉴 구성이 알차요_비싼 만큼 가치있어요_
1954251906,ssuda98,맛있어요,2026년 5월 31일 일요일,음식이 맛있어요_고기 질이 좋아요_
1954251906,slk****,친구들과3-4인세트로즐겼는데고기질이확실해요😊이베리코항정살의고소함이인상적이었고입에서녹는느낌이라너무맛있었어요직원이하나씩구워줘서편하게먹었고재방문의사있습니다,2026년 5월 31일 일요일,재료가 신선해요_가성비가 좋아요_음식이 맛있어요_
1954251906,주이이미,너무맛있어요신시오면여기만가요,2026년 5월 31일 일요일,음식이 맛있어요_고기 질이 좋아요_양이 많아요_특별한 메뉴가 있어요_
1954251906,jic****,자주오는데항상맛잇습니다,2026년 5월 31일 일요일,음식이 맛있어요_고기 질이 좋아요_양이 많아요_
1954251906,홍승규98,커플이랑꼬들살과된장술밥시켜서먹었어요꼬들살은씹는맛이살아있고된장술밥이고기의느끼함을잘잡아줘서조합최고였어요직원분서비스가세심해서편하게대화하며식사했으며분위기덕분에기분좋은저녁을보냈습니다,2026년 5월 30일 토요일,음식이 맛있어요_재료가 신선해요_가성비가 좋아요_
1954251906,patellaa,맛있어요^^자주오는곳입니다.,2026년 5월 30일 토요일,음식이 맛있어요_양이 많아요_가성비가 좋아요_
1954251906,이짱이70,맛잇어요~~~,2026년 5월 30일 토요일,음식이 맛있어요_고기 질이 좋아요_매장이 넓어요_인테리어가 멋져요_친절해요_
1954251906,soolsoole,기본적으로나오는반찬의가짓수가많아서고기먹을때곁들려먹기좋았습니다또한고기는초벌해서나오고직원분이구워주셔서편하게먹을수있습니다,2026년 5월 30일 토요일,음식이 맛있어요_반찬이 잘 나와요_차분한 분위기예요_
1954251906,달맞이꽃381,가족모임으로방문함뼈대삼겹과저온숙성목살시켜서나눠먹었음육즙이살아있고불향이은은하게배어있어정말맛있음아이들부터어른들까지모두만족했음매장청결도도굿,2026년 5월 30일 토요일,음식이 맛있어요_양이 많아요_재료가 신선해요_
1954251906,이니다니,너무너무맛있어요!!고기도너무잘구워주시고친절도만족😊,2026년 5월 30일 토요일,음식이 맛있어요_양이 많아요_매장이 청결해요_주차하기 편해요_
1954251906,pal****,회식장소로최적임꼬들살이씹는맛이살아있고저온숙성삼겹살은담백하면서풍미가오래남음테이블당전담직원분이구워주셔서편하게대화하면서즐길수있었음전용주차장도편리함,2026년 5월 30일 토요일,양이 많아요_재료가 신선해요_
1954251906,부녀반장,여럿이서뼈대삼겹시켜서먹었는데요뼈에서우러나는감칠맛과고소함이정말인상적이었어요계란찜과함께먹으니식감밸런스도좋아서가족들이모두만족했어요매장청결하고직원분도친절하셨어요,2026년 5월 29일 금요일,재료가 신선해요_음식이 맛있어요_
1954251906,sehan007,데이트로와봤는데직원분이처음부터끝까지구워주셔서편했어요저온숙성삼겹살의육즙이팡팡터져서정말맛있었어요된장술밥과같이먹으니마무리까지완벽했어요,2026년 5월 29일 금요일,양이 많아요_재료가 신선해요_가성비가 좋아요_
1954251906,cho****,친구들이랑4인세트로저온숙성삼겹살과저온숙성목살을번갈아먹었어요삼겹살은부드럽고목살은식감이살아있어취향대로즐기기좋더라요김치찌개가감칠맛을살려줘서자꾸손이갔고예약하고가면편하게즐기실수있어요,2026년 5월 29일 금요일,재료가 신선해요_가성비가 좋아요_양이 많아요_음식이 맛있어요_
1954251906,js_****,전주신시가지몽유도다녀왔는데분위기미쳤습니다감성가득한공간에음식도하나하나정성이느껴져요시끄럽지않아서여자친구랑이야기하기좋았고재방문의사완전있습니다~~볶음밥개강추임요,2026년 5월 28일 목요일,음식이 맛있어요_고기 질이 좋아요_친절해요_매장이 청결해요_직접 잘 구워줘요_
1954251906,가을2863,이베리코항정살친구들이랑회식으로시켰어요불향과고소한기름맛이조화로워서한입마다행복했어요마지막에볶음밥까지비벼먹으니완전대만족이었고서비스가좋아서편하게즐겼습니다ㅎㅎ,2026년 5월 28일 목요일,양이 많아요_가성비가 좋아요_재료가 신선해요_음식이 맛있어요_
1954251906,yoon63375,회식으로이베리코항정살주문했는데요씹을수록고소한맛과육즙이올라와서모두가감탄했어요마지막에볶음밥까지볶아주셔서남김없이먹었고매장인테리어도깔끔해서기분좋게식사했어요,2026년 5월 28일 목요일,재료가 신선해요_양이 많아요_가성비가 좋아요_음식이 맛있어요_
1954251906,ccs****,부모님모시고저온숙성목살이랑김치찌개주문했어요목살에서나오는육즙과은은한풍미가부모님입맛에딱맞았고😊김치찌개가시원하면서도깊은맛이라고기랑잘어울렸습니다전용주차장도있어접근성이좋았어요,2026년 5월 28일 목요일,가성비가 좋아요_음식이 맛있어요_
1027304409,dam2,츄러스러버로써!여기츄러스진짜맛있습니다..커피도맛있고!츄러스아이스크림찍어먹어도맛있어요.!!!!츄세권만만세,2026년 6월 15일 월요일,커피가 맛있어요_디저트가 맛있어요_사진이 잘 나와요_인테리어가 멋져요_
1027304409,키미히3,어떤데,2026년 6월 14일 일요일,커피가 맛있어요_디저트가 맛있어요_인테리어가 멋져요_
1027304409,rla****,커피랑츄러스분위기가좋아용,2026년 6월 14일 일요일,커피가 맛있어요_디저트가 맛있어요_음료가 맛있어요_인테리어가 멋져요_사진이 잘 나와요_
1027304409,sil****,분위기도힙하고음료랑츄러스도맛있어요아이들이랑오기좋은공간이네요다음에또방문해야겠어요수,2026년 6월 14일 일요일,디저트가 맛있어요_사진이 잘 나와요_친절해요_
1027304409,움냠1,남자친구랑재방문했는데점심전에왔더니사람도별로없어서저번에왔을때점심이후라서사람이엄청많았거든요!특히인테리어가너무마음에들어요!!!,2026년 6월 14일 일요일,커피가 맛있어요_디저트가 맛있어요_인테리어가 멋져요_친절해요_
1027304409,고봉봉이쓰,지인추천받고왔는데커피랑아이스크림츄러스굳굳굳🫶🫶,2026년 6월 13일 토요일,커피가 맛있어요_디저트가 맛있어요_음료가 맛있어요_매장이 청결해요_친절해요_
1027304409,아이70,갓나온츄러스맛있어요!🙂츄러스먹고싶어서방문했어요,2026년 6월 13일 토요일,디저트가 맛있어요_친절해요_
1027304409,뿌꾸뿌꾸빵빵12,장소도편하고츄로스도맛있고음료수도맛있어요~앞으로자주올것같아요!!,2026년 6월 13일 토요일,디저트가 맛있어요_음료가 맛있어요_특별한 메뉴가 있어요_인테리어가 멋져요_
1027304409,꽁치9873,아이랑함께먹을달콤한디저트가땡겨서포장주문했어요.거의기다리지않았는데도뜨거운츄러스를바로받을수있었어요!포장주문했지만매장이넓고예뻐서먹고가고싶었어요ㅎㅎ,2026년 6월 13일 토요일,디저트가 맛있어요_빵이 맛있어요_비싼 만큼 가치있어요_야외공간이 멋져요_인테리어가 멋져요_
1027304409,Wheee,커피도맛있고분위기도넘좋아요👍👍👍,2026년 6월 13일 토요일,커피가 맛있어요_디저트가 맛있어요_
1027304409,히아신스805,딸이츄러스유명하다고해서함께왔어요.오츄로초코소스와시나몬츄러스맛있어요.담에또오기로!!!,2026년 6월 12일 금요일,디저트가 맛있어요_대화하기 좋아요_인테리어가 멋져요_
1027304409,맛집탐험가ㅎ,맛있어요!!!,2026년 6월 12일 금요일,커피가 맛있어요_디저트가 맛있어요_친절해요_
1027304409,cocoram82,저번에방문했을때커피가맛있어서재방문을했어요.커피가누룽지처럼고소하고맛있어요.츄러스도바삭하니커피와찰떡궁합이고역시핫플이라그런지평일에도사람이많네요~^^잘먹었습니다🩵,2026년 6월 12일 금요일,커피가 맛있어요_디저트가 맛있어요_음료가 맛있어요_특별한 메뉴가 있어요_인테리어가 멋져요_
1027304409,khh****,뷰도커피맛도디저트도너무맛있네요~~다른메뉴도다먹어보고싶어요~~~!,2026년 6월 11일 목요일,커피가 맛있어요_디저트가 맛있어요_음료가 맛있어요_특별한 메뉴가 있어요_인테리어가 멋져요_
1027304409,귀염쪼쪼,밥먹고달달한거당길때자주와요😆아이스크림도추로스도맛있어요👍👍,2026년 6월 11일 목요일,디저트가 맛있어요_음료가 맛있어요_대화하기 좋아요_인테리어가 멋져요_친절해요_
1027304409,구연희30,인테리어정말이쁘고츄러스가저렴하고맛있어용!!!!!!크기엄청커서놀랬어요!!!리뷰많은이유가있었네용자주오고시포요옹,2026년 6월 8일 월요일,커피가 맛있어요_디저트가 맛있어요_
1027304409,민트민트69,어제캐리비안베이갔다가츄러스먹고OTC츄러스생각이더간절히나서바로전주오자마자사먹어요♥존맛♥이맛이쥬~♥,2026년 6월 8일 월요일,디저트가 맛있어요_빵이 맛있어요_인테리어가 멋져요_친절해요_매장이 청결해요_
1027304409,배고파유48,와츄러스맛집분위기도느좋입니다...!💛💛전주오면또와야겠어여,2026년 6월 8일 월요일,커피가 맛있어요_디저트가 맛있어요_음료가 맛있어요_특별한 메뉴가 있어요_인테리어가 멋져요_
1027304409,남자5930,음료맛있어요시그니쳐맛보세요.츄러스도맛있네요,2026년 6월 8일 월요일,커피가 맛있어요_디저트가 맛있어요_음료가 맛있어요_인테리어가 멋져요_매장이 청결해요_
1027304409,gim****,사진찍기좋은공간들이많아서너무좋았어요!!제가먹은츄러스중에서가장맛있어서계속방문하게되네요!!카라멜팝콘도완전맛있어요ㅠㅠㅠㅠ,2026년 6월 7일 일요일,커피가 맛있어요_디저트가 맛있어요_뷰가 좋아요_매장이 넓어요_음악이 좋아요_
1027304409,고영렬0,전주오티씨커피방문했는데분위기도너므좋고직원분들도너무친절해요츄로스맛집이니까다들오셔서맛있게드시고가세요강추!!,2026년 6월 7일 일요일,디저트가 맛있어요_커피가 맛있어요_인테리어가 멋져요_사진이 잘 나와요_친절해요_
1027304409,sooJ3,분위기도좋고이야기하기도좋아요☺️☺️,2026년 6월 6일 토요일,특별한 메뉴가 있어요_음료가 맛있어요_인테리어가 멋져요_대화하기 좋아요_
1027304409,스물하고일곱,츄러스랑커피넘맛있어요!,2026년 6월 6일 토요일,커피가 맛있어요_디저트가 맛있어요_인테리어가 멋져요_
1027304409,환상5096,츄러스랑커피넘맛있어요!,2026년 6월 6일 토요일,커피가 맛있어요_디저트가 맛있어요_인테리어가 멋져요_친절해요_매장이 청결해요_
1027304409,써니5630,언니와우연히들른커피숍~~분위기도좋아요츄러스맛집ㅋㅋ,2026년 6월 6일 토요일,커피가 맛있어요_음료가 맛있어요_
1027304409,최은영5219,자주옵니다^^가족들이좋아해요,2026년 6월 6일 토요일,디저트가 맛있어요_인테리어가 멋져요_친절해요_
1027304409,김가오리,가끔츄러스가생각나면오는오티씨~매장청결하고친절하고음료디저트맛집…,2026년 6월 5일 금요일,디저트가 맛있어요_커피가 맛있어요_인테리어가 멋져요_대화하기 좋아요_
1027304409,이응쿄,츄러스좋아해서츄러스먹으러왔는데커피도맛있고츄러스도맛있어요매장인테리어도예쁘고재밌게놀다가요~̆̈!!😊,2026년 6월 5일 금요일,커피가 맛있어요_디저트가 맛있어요_음료가 맛있어요_인테리어가 멋져요_
1027304409,kyw****,츄러스맛집이라고소문이자자해서들렀어요!!너무맛있네요,2026년 6월 5일 금요일,디저트가 맛있어요_인테리어가 멋져요_친절해요_
1027304409,rim****,츄러스왕크고왕맛있어요!오랜만에왔는데역시따뜻한츄러스는사랑이에용😘이번에인절미츄러스랑오레오츄러스처음먹어봤는데색다르고또맛있었어요초코퐁듀냄새가길가까지나서침줄줄흘리며들어왔답니다ㅎㅎ매장도깔끔하고시원해서일반카페가는것보다디저트도맛있게먹으려고여기로오는게더좋아요🤤,2026년 6월 4일 목요일,음료가 맛있어요_디저트가 맛있어요_인테리어가 멋져요_대화하기 좋아요_친절해요_
1027304409,아씨28,분위기좋아서자주이용!!오늘도역시나굿굿좋아요~😍,2026년 6월 4일 목요일,커피가 맛있어요_디저트가 맛있어요_음료가 맛있어요_인테리어가 멋져요_사진이 잘 나와요_
1027304409,소텔루타,츄러스맛집!!!!신시카페올때여기만옵니댜🥹💖,2026년 6월 4일 목요일,디저트가 맛있어요_커피가 맛있어요_
1027304409,nah****,분위기너무좋아요!,2026년 6월 3일 수요일,커피가 맛있어요_디저트가 맛있어요_
1027304409,쁘미17,선거날출근해서우울했다가직장사람들이랑와봤는데분위기도넘좋고커피도넘맛있었어요☕️남자친구랑또오고싶은곳..!🫶🏻,2026년 6월 3일 수요일,커피가 맛있어요_매장이 넓어요_음악이 좋아요_사진이 잘 나와요_인테리어가 멋져요_
1027304409,kimso612,아이들과방문했는데사진도너무잘나오고츄러스도너무맛있어요^^자주들릴각입니다♡,2026년 6월 3일 수요일,커피가 맛있어요_디저트가 맛있어요_특별한 메뉴가 있어요_인테리어가 멋져요_사진이 잘 나와요_
1027304409,맛덩그링,분위기너무좋고츄러스도맛있는오티씨🤎지나갈때마다냄새에취해요~,2026년 6월 2일 화요일,디저트가 맛있어요_특별한 메뉴가 있어요_인테리어가 멋져요_사진이 잘 나와요_대화하기 좋아요_
1027304409,잉응잉응,츄러스는오티씨가진짜짱짱🤤💗😻,2026년 6월 2일 화요일,디저트가 맛있어요_
1027304409,ljy4382,친구들이랑와서맛있게먹고가요♡,2026년 6월 2일 화요일,커피가 맛있어요_디저트가 맛있어요_음료가 맛있어요_특별한 메뉴가 있어요_빵이 맛있어요_
1027304409,핑쿠86,커피와음료가주변과같이이야기하면서먹으니깐좋아요쵝오,2026년 5월 31일 일요일,커피가 맛있어요_디저트가 맛있어요_음료가 맛있어요_특별한 메뉴가 있어요_
1027304409,정혜진93,분위기도좋고커피도맛있고디저트도좋아요다음에또올게요,2026년 5월 30일 토요일,커피가 맛있어요_음료가 맛있어요_인테리어가 멋져요_대화하기 좋아요_아늑해요_
1027304409,재혁이랑,매장앞에달달구리한츄러스냄새가엄청나고젤라또도맛있어요👍🏻❤️,2026년 5월 30일 토요일,디저트가 맛있어요_특별한 메뉴가 있어요_인테리어가 멋져요_
1027304409,석지맘,츄러스맛집이라고해서왔어요손님많네요쩜시끄럽긴하구요츄러스는맛있어요~,2026년 5월 30일 토요일,특별한 메뉴가 있어요_
1027304409,cis1594,날씨좋은날데이트하기좋은느좋카페!특히디저트좋아하는사람은필수인게캬라멜팝컨을기본으로줘서아아에당충전하기너무조아용...💕동네산책하다우연히들어온곳인데완전만족하구전주에친구놀러오면매번데려옵니당...완전추천!,2026년 5월 30일 토요일,커피가 맛있어요_디저트가 맛있어요_특별한 메뉴가 있어요_
1027304409,gim****,여기츄러스도너무맛있고..!!인테리어도신시가지에서가장베스트에요..!!!같이주신카라멜팝콘도찐한카라멜맛나서맛있었어요재방문의사있어요!!,2026년 5월 30일 토요일,디저트가 맛있어요_특별한 메뉴가 있어요_가성비가 좋아요_뷰가 좋아요_매장이 넓어요_
1027304409,별빛하늘3763,너무맛있어용!!다음에또올게요양도많고시나몬향에기분이좋아지네요시나몬좋아하시면강추!!!!!,2026년 5월 30일 토요일,커피가 맛있어요_디저트가 맛있어요_특별한 메뉴가 있어요_음식이 맛있어요_인테리어가 멋져요_
1027304409,margarita,추로스대맛집이라고전주사람들에게추천받아방문이요.그런데인테리어이국적이네요.😍또방문의사200%입니다.,2026년 5월 30일 토요일,디저트가 맛있어요_음료가 맛있어요_인테리어가 멋져요_사진이 잘 나와요_아이와 가기 좋아요_
1027304409,매일편한밤,저녁에오면글라스와인과츄러스를먹으면좋은데오늘은아침에츄러스만포장하러왔어요.젊은사람들뿐만아니라다양한연령층이좋아할만한공간이고앞에흑백사진찍을수도있고츄러스도맛있답니다.,2026년 5월 30일 토요일,디저트가 맛있어요_특별한 메뉴가 있어요_사진이 잘 나와요_매장이 청결해요_
1027304409,tidydoony,맛있어요굳👍,2026년 5월 29일 금요일,커피가 맛있어요_사진이 잘 나와요_매장이 청결해요_아이와 가기 좋아요_친절해요_
1027304409,zzp****,처음에는츄러스가먹고싶어서방문했는데츄러스도당연히맛있고감성있는분위기에반해서자주방문하는곳이에요!!,2026년 5월 29일 금요일,디저트가 맛있어요_음료가 맛있어요_인테리어가 멋져요_
1027304409,eun****,츄러스가제일맛있는곳입니다😆주에1번씩은꼭오는거같아요!!통통하고가격대비아깝지않아요!!대박났으면좋겠어요😆😘😆😘,2026년 5월 29일 금요일,디저트가 맛있어요_음료가 맛있어요_특별한 메뉴가 있어요_사진이 잘 나와요_야외공간이 멋져요_
2077158695,초고수둘리78,여자친구가좋아해요잘먹고갑니다,2026년 6월 13일 토요일,디저트가 맛있어요_종류가 다양해요_빵이 맛있어요_
2077158695,개굴111,줄서는소금빵맛집이에요손님이엄청많은데빵도계속나와서원하는맛다샀어요ㅎㅎ재방문인데넘맛있어요ㅠ,2026년 6월 13일 토요일,디저트가 맛있어요_커피가 맛있어요_가성비가 좋아요_빵이 맛있어요_
2077158695,kYUL,갈릭버터크림이랑소보로팥빼고종류별로하나씩다포장했습니다다른것도다맛있지만역시기본기가잘느껴졌던플레인이베스트였습니다!!바쟉바쟉한밑바닥에촉촉쫀득부들한속이너무맛있었어용에그마요는부들달달해서기대이상이었어요화이트롤은상상하는그맛에한번씩짭쪼롬한소금맛이나서좋았어요품절이라못먹어본갈릭크림이너무아쉬울정도로하나하나다맛있었어요,2026년 6월 10일 수요일,커피가 맛있어요_디저트가 맛있어요_종류가 다양해요_친절해요_포장이 깔끔해요_
2077158695,fre****,생긴지얼마안되었는데벌써맛있다고소문나서찾아왔어요깔끔하게진열되어있고종류도정말다양하네요냄새부터기대됩니다,2026년 6월 10일 수요일,특별한 메뉴가 있어요_인테리어가 멋져요_
2077158695,you****,맛집이라길래방문해써용맛집포스느낌나용,2026년 6월 8일 월요일,특별한 메뉴가 있어요_음식이 맛있어요_
2077158695,아페르,전주경찰청옆후후소금빵드디어다녀왔어요!12가지나되는다양한종류에눈이즐거웠어요.🥐플레인소금빵아메리카노와환상의찰떡궁합인겉바속촉베이직의정석!🥔감자치즈소금빵베스트메뉴지만제입맛엔쏘쏘감자샐러드파에게추천하는담백한맛!🥛소보로팥소금빵팥가득소보로라아이들이우유와폭풍흡입한재구매1순위빵!(렌지10초꿀팁)🍰화이트롤소금빵부드러운빵속달콤한크림이꽉찬역대급단짠단짠제최애픽!매장도아늑하고사장님센스있는소품구경하느라지루하지않았어요.네이버리뷰이벤트로받은아메리카노까지고소하고맛있어서감동!딥브라우니초코품절이라아쉬웠는데조만간재방문할게요!,2026년 6월 8일 월요일,커피가 맛있어요_디저트가 맛있어요_특별한 메뉴가 있어요_음식이 맛있어요_빵이 맛있어요_
2077158695,커피왕김석두,3트만에오픈런했습니다존맛입니다요,2026년 6월 6일 토요일,디저트가 맛있어요_특별한 메뉴가 있어요_가성비가 좋아요_건강한 맛이에요_메뉴 구성이 알차요_
2077158695,tjdalwldus,소문듣고오픈런했어요10시10분쯤왔는데10분이상대기중!벌써품절인빵두있구~!매장청결직원분도친절!또올게요,2026년 6월 6일 토요일,인테리어가 멋져요_특별한 메뉴가 있어요_친절해요_
2077158695,냠냠8782,깨끗하고친절하고좋아요!,2026년 6월 6일 토요일,인테리어가 멋져요_디저트가 맛있어요_친절해요_매장이 청결해요_
2077158695,찌그러진 아무무,최근에생겨서다녀왔는데소금빵이너무맛나용냄새도너무좋고깨끗해서금방품절안되면자주올거같아요ㅠㅠ,2026년 6월 6일 토요일,디저트가 맛있어요_인테리어가 멋져요_친절해요_매장이 청결해요_
2077158695,unu****,궁금했는데와보니까넘맛잇어보여요~~인테리어도예쁘고넘조아요,2026년 6월 4일 목요일,커피가 맛있어요_디저트가 맛있어요_음료가 맛있어요_인테리어가 멋져요_
2077158695,찬H,마감아니라서냉큼사가요🙋🏻‍♀️맛나겠어요!,2026년 6월 4일 목요일,디저트가 맛있어요_특별한 메뉴가 있어요_종류가 다양해요_인테리어가 멋져요_
2077158695,안녕9614,후후소금빵오픈런필수!다음엔꼭쪽파크림먹어보겠어요!,2026년 6월 4일 목요일,디저트가 맛있어요_사진이 잘 나와요_
2077158695,namoo0269,후후소금빵오픈런필수!다음엔꼭쪽파크림먹어보겠어요!,2026년 6월 3일 수요일,빵이 맛있어요_
2077158695,쿵컁,오픈5분전도착해서잠깐기다리다바로입장했어요직원분너무상냥하고친절하시네요첫방문이지만일단6개선택한줄알았는데7개선택!^^(아이들이화이트롤좋아해서)집에와서먹어보니바닥면바삭하고속재료들각각다맛있어요~재방문할께요.,2026년 6월 3일 수요일,디저트가 맛있어요_커피가 맛있어요_인테리어가 멋져요_친절해요_매장이 청결해요_
2077158695,sso88,손님이추천해주셔서방문했어요.ᐟ1시20분에왔는데5개남아있어용ㅠㅠ맛있다는소문에다들발빠르시더라구요.ᐟ다음엔무조건일찍가서플레인이랑우유소금빵먹으려고요저는남은거포장했는데둘다너무맛있어용ㅎㅎㅎ,2026년 6월 2일 화요일,디저트가 맛있어요_음료가 맛있어요_인테리어가 멋져요_사진이 잘 나와요_
2077158695,ssj****,소금빵종류가많아서좋아요!그리고사장님께서너무친절하셨습니다🥺매장도쾌적하고주문하자마자소금빵바로담아주시는데형태망가지지않게컨테이너에담아주셔서선물하기도좋을것같아요!보관방법이랑맛있게먹는방법도나와있어서더맛있게즐길수있어요😁전주최애소금빵맛집입니다🥐,2026년 6월 1일 월요일,커피가 맛있어요_디저트가 맛있어요_
2077158695,비앤피컬쳐,소금빵기본이최애,2026년 6월 1일 월요일,디저트가 맛있어요_
2077158695,hy****,인스타보고왔는데실제로보니까너무아늑하고분위기좋아요💙사장님도친절하시구메뉴도엄청다양해요~나중에또방문해야겠어요🫶,2026년 5월 30일 토요일,매장이 청결해요_종류가 다양해요_뷰가 좋아요_인테리어가 멋져요_차분한 분위기예요_
2077158695,이쏠5,인스타보고너무맛있어보여서급방문했어요!!명란마요감자치즈에그마요갈릭버터구매했습니다!리뷰에서도다맛있다고하셔서기대돼요!사장님도너무친절하세요ㅎㅎ감사합니다~,2026년 5월 30일 토요일,인테리어가 멋져요_메뉴 구성이 알차요_빵이 맛있어요_친절해요_매장이 청결해요_
2077158695,jin****,사장님너무친절하시고빵도맛있어요!!다음에또오고싶어요💕💕,2026년 5월 30일 토요일,디저트가 맛있어요_
2077158695,moieda,인스타에서후후소금빵이계속떠서진짜먹고싶었는데항상오후에는조기마감하더라구요..오픈시간맞춰서일찍갔더니다행히먹고싶었던메뉴전부살수있었어요!!플레인우유크림명란마요딥브라우니초코샀는데네가지전부너무너무맛있었어요😭타지에살지만조만간또방문할게요💕,2026년 5월 29일 금요일,디저트가 맛있어요_메뉴 구성이 알차요_종류가 다양해요_음식이 맛있어요_빵이 맛있어요_
2077158695,sooo1547,소금빵좋아해서여러소금빵가게가봤는데후후소금빵너무맛있어요기본소금빵부드럽고너무맛있구요...명란소금빵우유소금빵꼭드셔보시길...!!🥐인테리어도예뻐요ㅎ다음엔빵나오는시간맞춰가겠습니다ㅎㅎ,2026년 5월 28일 목요일,커피가 맛있어요_디저트가 맛있어요_특별한 메뉴가 있어요_친절해요_인테리어가 멋져요_
2077158695,fkf****,전부터너무궁금해서와봤는데오전에왔더니종류도다양하게있고골라먹을수있어서좋았어요전주에도이런소금빵맛집있어서감사하고직원분도친절100자주올것같아요무엇보다소금빵이너무맛있습이다오래있어주세요!💖,2026년 5월 27일 수요일,디저트가 맛있어요_특별한 메뉴가 있어요_가성비가 좋아요_음식이 맛있어요_종류가 다양해요_
2077158695,리뷰매니아ㅎㅎ,후후n번째방문중🥹몽땅사서아껴서아껴서먹다가또왕창사러가요💙이번엔오픈런해서감자치즈소금빵사려구!!!2등으로도착!!감자치즈가왜1등으로품절되는지알게되는맛👍🏻속이알차게감자가들어있구퍽퍽하지않고치즈와소금맛이잘어울리는메뉴에요!!아이들도좋아할것같아요~제베스트명란당연겟하구플레인도냉동보관했다가아메리카노와같이먹으면하루가기분좋아요~💪🏻💙진짜한번은꼭방문해보세요~다른소금빵하고는진짜맛이달라요🥹😍사장님도너무친절하시고~오시는손님들도기억해주셔서손님입장에선더욱방문하고싶어지는곳이에요~^^강추강추합니다🫶🏻,2026년 5월 27일 수요일,디저트가 맛있어요_특별한 메뉴가 있어요_빵이 맛있어요_음식이 맛있어요_종류가 다양해요_
2077158695,nhy666985,새로오픈한곳에요즘소금빵맛있는것찾다가오게됐어요오후3시넘어서왔는데빵들이거의다소진되어서선택할수없었지만담에는일찍와서플레인소금빵먹어봐야겠어요,2026년 5월 26일 화요일,아늑해요_재료가 신선해요_빵이 맛있어요_
2077158695,영리한짱구,친구랑전주여행왔다가들렀는데특별한메뉴가많아서좋았어요!!인테리어도너무예쁘고소금빵좋아하는저는눈돌아갈뻔했어요..사장님너무친절하시고좋아요감사합니당🥐🤎🤎,2026년 5월 26일 화요일,디저트가 맛있어요_특별한 메뉴가 있어요_가성비가 좋아요_인테리어가 멋져요_사진이 잘 나와요_
2077158695,쥬앤97,여기벌써몇번째인지몰라여ㅠㅠ너무맛있어요!!!❤️배달도가능하면...매일시켜먹을듯..🍀🍀,2026년 5월 25일 월요일,디저트가 맛있어요_특별한 메뉴가 있어요_빵이 맛있어요_종류가 다양해요_매장이 청결해요_
2077158695,maddtruk,맛있어요.10시인데도사람많고빵도많이빠져있어요일찍가셔서구매하세요.추천드립니다,2026년 5월 25일 월요일,커피가 맛있어요_디저트가 맛있어요_음료가 맛있어요_특별한 메뉴가 있어요_가성비가 좋아요_
2077158695,나지롱롱q,아너무맛있어요..💗사장님도친절하시구빵도맛있구ㅠㅠ빵박스에그려져있는비숑여기강쥐인거같은데넘귀여워요🐶🤍🤍,2026년 5월 23일 토요일,커피가 맛있어요_디저트가 맛있어요_친절해요_매장이 청결해요_주차하기 편해요_
1119515452,망태기61,음식이너무맛있고직원분들이고기다구워줍니다,2026년 6월 9일 화요일,음식이 맛있어요_고기 질이 좋아요_직접 잘 구워줘요_
1119515452,tot****,아이가양고기좋아해서먹으러왔어요!고기가맛있는건말할것도없고여성직원분이너무친절하셔서좋은시간보냈습니다❤️,2026년 6월 6일 토요일,음식이 맛있어요_고기 질이 좋아요_친절해요_아이와 가기 좋아요_직접 잘 구워줘요_
1119515452,얄루8648,맛있게잘먹고갑니당또방문할게요!!!!,2026년 6월 1일 월요일,음식이 맛있어요_고기 질이 좋아요_비싼 만큼 가치있어요_재료가 신선해요_매장이 넓어요_
1119515452,본마우스90,지인소개로왔는데양고기처음먹어봤는데냄새도안나고맛있어요직원분들도친절하시고고기도맛있어요,2026년 5월 31일 일요일,고기 질이 좋아요_인테리어가 멋져요_매장이 넓어요_친절해요_매장이 청결해요_
1119515452,dudd****,전주올때마다방문해요!사이드도맛있고잘구워주시고사장님도친절하셔요!,2026년 5월 28일 목요일,음식이 맛있어요_고기 질이 좋아요_양이 많아요_인테리어가 멋져요_직접 잘 구워줘요_
1119515452,son****,서비스로숙주볶음면도주시고고기도맛있어요,2026년 5월 25일 월요일,음식이 맛있어요_고기 질이 좋아요_잡내가 적어요_재료가 신선해요_건강한 맛이에요_
1119515452,샤이니5337,오랜만에양고기먹으러유ㅏㅆ어요~~~💕,2026년 5월 13일 수요일,음식이 맛있어요_고기 질이 좋아요_양이 많아요_
1119515452,arr****,가족들과외식왔는데너무분위기조용하고직접구워주셔서좋아요!!,2026년 5월 12일 화요일,음식이 맛있어요_고기 질이 좋아요_매장이 넓어요_
1119515452,marcus2enfj,양고기특유의냄새때문에사실기대안하고갔는데여기는진짜다르네요👍생갈빗살육즙이풍부하고엄청부드러워서왜인기많은지바로이해됐어요🔥직원분께서직접구워주셔서딱맛있는타이밍에먹을수있는점도너무좋았습니다.양철판볶음밥은불향가득해서마무리로최고였고숙주볶음면도특제소스맛이잘어우러져계속들어가는맛이었어요😊매장내부도깔끔하고직원분들친절해서데이트나회식장소로도추천하고싶은곳입니다!전주신시가지에서양고기맛집찾는다면재방문의사100%입니다👏,2026년 5월 12일 화요일,음식이 맛있어요_고기 질이 좋아요_양이 많아요_특별한 메뉴가 있어요_인테리어가 멋져요_
1119515452,jin****,사장님넘친절하시고음식도맛나서대박입니당👍,2026년 5월 10일 일요일,음식이 맛있어요_고기 질이 좋아요_양이 많아요_특별한 메뉴가 있어요_친절해요_
1651846978,오다담,전주신시가지분위기좋은🩷비주얼좋은🩷데이트맛집🌟통창과높은층고의탁트인고급스러운분위기🌟비주얼도예쁜맛있는양식맛집😘🌟쫀득부드러운두툼한화덕피자🍕🌟트러블가득향이너무좋은신선한맛👍👍,2026년 5월 14일 목요일,인테리어가 멋져요_차분한 분위기예요_재료가 신선해요_음식이 맛있어요_특별한 날 가기 좋아요_
1651846978,Bamyi,전주신시가지분위기좋은🩷비주얼좋은🩷데이트맛집🌟통창과높은층고의탁트인고급스러운분위기🌟비주얼도예쁜맛있는양식맛집😘🌟쫀득부드러운두툼한화덕피자🍕🌟트러블가득향이너무좋은신선한맛👍👍,2026년 5월 13일 수요일,음식이 맛있어요_매장이 넓어요_친절해요_주차하기 편해요_음식이 빨리 나와요_
1651846978,jjjjfoooo,쫄깃한도우에여러재료의밸런스가굿!메뉴도맛있구사장님도친절하셔서기분좋은식사였어요,2026년 5월 12일 화요일,음식이 맛있어요_재료가 신선해요_매장이 넓어요_대화하기 좋아요_친절해요_
1651846978,halippo,런치세트로마르게리따리코타피자랑라구파스타먹었는데만족스러웠어요:)요즘화덕피자맛있는집이많이생겨서좋네요ㅎㅎ그중다레오는통창이라채광도좋고층고도높아서분위기가유독좋아요직원분도친절하시구음시에정성이많이들어간느낌?ㅎㅎ옆에주차장도잘되어있어서편하게방문하고갑니다!!,2026년 5월 7일 목요일,음식이 맛있어요_재료가 신선해요_인테리어가 멋져요_단체모임 하기 좋아요_대화하기 좋아요_
1651846978,dishjsj23,알바생분들이친절하시고요.가게가천장도높고테이블간간격도좋습니다.프로슈토피자?맛있었고요,2026년 3월 28일 토요일,음식이 맛있어요_인테리어가 멋져요_친절해요_매장이 청결해요_
1651846978,깜생이누나,먹고뒤돌면또먹고싶고생각나는맛💗이번가족모임으로방문했는데여전히맛도리에요!!!파프리카절임미쳐..💗입맛싹돌고너무맛있어요!!무엇보다도피자는언제먹어도맛있네요..💗직원분들도친절하시구인테리어도오픈형주방이라넘나제스타일이에요!🤤🤤친구들이랑점심약속을잡아도좋을것같고저처럼가족들이랑기분좋은한끼챙겨도너무좋을곳이에요!💗5명이서방문해서사진못올린것두있는데8메뉴접시싹싹비우고왔네요!!맛있는음식너무감사합니다💗,2026년 3월 14일 토요일,음식이 맛있어요_재료가 신선해요_인테리어가 멋져요_친절해요_매장이 청결해요_
1651846978,쑤기log,예약하고친구랑방문했는데주차가편해서좋았어요.지상주차장이넓어서초보운전도부담없을것같고매장도우드톤분위기에좌석간격이넓어편하게식사했어요.마르게리따부팔라랑봉골레파스타조합도만족스러웠어요.,2026년 3월 12일 목요일,친절해요_주차하기 편해요_음식이 빨리 나와요_매장이 넓어요_사진이 잘 나와요_
1651846978,석군맘,매장이깔끔하고분위기좋아요.화덕피자가맛있답니다.루꼴라샐러드랑피자를같이드시면더맛있어요~,2026년 3월 12일 목요일,재료가 신선해요_인테리어가 멋져요_매장이 넓어요_주차하기 편해요_
1651846978,뀨뀨30,마르게리따피자와라자냐주문했는데너무맛있어요!쫀득한도우와참나무장작에구워맛도향도좋은나폴리스타일화덕피자!일단플레이팅부터맘에쏙든겉바속촉라자냐파는곳이많이없고한정수량이어서무조건먹어보고싶었던메뉴인데다레오가면강추드려요..!넘나맛있어서또먹으러가고싶네요ㅎㅎ!,2026년 3월 5일 목요일,음식이 맛있어요_재료가 신선해요_특별한 메뉴가 있어요_현지 맛에 가까워요_매장이 넓어요_
1651846978,크으응,맛있었어요.다만조금차례대로나오길바라는건욕심이려나요....,2026년 2월 22일 일요일,특별한 메뉴가 있어요_집중하기 좋아요_
1582706255,기마나마나마나,피자도술도너무너무맛있어요!,2026년 6월 13일 토요일,음식이 맛있어요_술이 다양해요_인테리어가 멋져요_매장이 넓어요_대화하기 좋아요_
1582706255,하류하류햄벅,분위기가좋고인테리어도좋고메뉴도빨리나와서좋아요ㅎㅎ!!다음에또방문할게요ㅎㅎ,2026년 6월 13일 토요일,음식이 맛있어요_기본 안주가 좋아요_술이 다양해요_특별한 메뉴가 있어요_인테리어가 멋져요_
1582706255,딩가딩가딩,추천받고와봤는데분위기가좋아요!날씨좋을때테라스나와서먹으면완전행복ㅎㅎ☺️칵테일도맛있고죠습니다,2026년 6월 12일 금요일,인테리어가 멋져요_뷰가 좋아요_특별한 날 가기 좋아요_
1582706255,수달412,안주도다맛있고술도다양해서다같이방문하기에넘좋아요!!다음에또올게요~,2026년 6월 6일 토요일,음식이 맛있어요_술이 다양해요_인테리어가 멋져요_음악이 좋아요_대화하기 좋아요_
1582706255,나는야1877,음식분위기최고~♡주기적으로오는곳좋아요!!,2026년 6월 5일 금요일,음식이 맛있어요_
1582706255,매앙 정대표,일단뷰쵝오~~직원들매우친철^^분의기따라맛도굿특히치즈,2026년 6월 4일 목요일,음악이 좋아요_대화하기 좋아요_뷰가 좋아요_야외공간이 멋져요_
1582706255,배닳은민족,분위기도너무좋은데음식까지너무맛있습니다.특히피자가진짜최고👍또오고싶어요,2026년 6월 4일 목요일,음식이 맛있어요_특별한 메뉴가 있어요_야외공간이 멋져요_인테리어가 멋져요_파티하기 좋아요_
1582706255,hui****,맛있어용!!,2026년 6월 4일 목요일,음식이 맛있어요_
1582706255,루시루시13,처음와봤는데뷰도너무좋고맛있는것도신기한술도너무많아요!!직원언니오빠들도너무착해서계속올래요ㅎㅎ,2026년 6월 3일 수요일,술이 다양해요_음식이 맛있어요_음료가 맛있어요_인테리어가 멋져요_대화하기 좋아요_
1582706255,하늘바람4157,레드와인테이스팅으로템프라니요를주문했는데부담없이마시기좋은미디엄바디의와인이었습니다.은은한과실향과부드러운탄닌이느껴져음식과함께곁들이기좋았고전체적으로편하게즐길수있는와인경험이었습니다.,2026년 5월 30일 토요일,음식이 맛있어요_기본 안주가 좋아요_술이 다양해요_특별한 메뉴가 있어요_인테리어가 멋져요_
1582706255,hye****,술종류도다양하고뷰도좋아서분위기있는곳입니다:)가족친구연인끼리오기좋아요!안주도맛있고대화하기좋은장소입니다.,2026년 5월 30일 토요일,술이 다양해요_음악이 좋아요_대화하기 좋아요_인테리어가 멋져요_뷰가 좋아요_
1582706255,새우깡1477,부모님이랑같이다녀왔는데음식도뷰도너무너무좋은곳이에요🥰💗데이트장소로도소개팅장소로도부족함없는곳이라나중에도자주들를거같아요!메뉴구성도가격에비해알차서추천합니다👍👍,2026년 5월 26일 화요일,음식이 맛있어요_인테리어가 멋져요_뷰가 좋아요_매장이 넓어요_사진이 잘 나와요_
1582706255,jom****,엄마생신축하하러찾아보다왔는데분위기도너무좋고사진도엄청잘나와요!특히뷰가엄청예뻐요잘즐기다갑니다💕💕💕,2026년 5월 24일 일요일,음식이 맛있어요_기본 안주가 좋아요_뷰가 좋아요_매장이 넓어요_사진이 잘 나와요_
1582706255,jhs****,분위기도너무좋고음료와칵테일등도너무맛있어서빠르게먹은거같습니다저녁에꼭방문해서야경을즐기시기바랍니다,2026년 5월 24일 일요일,음식이 맛있어요_기본 안주가 좋아요_술이 다양해요_음료가 맛있어요_뷰가 좋아요_
1582706255,이소영5924,분위기좋고요즘날씨에밖에서먹기에도너무좋아요강력추천합니다!!’☺️☺️🤤🤤,2026년 5월 23일 토요일,음식이 맛있어요_기본 안주가 좋아요_술이 다양해요_특별한 메뉴가 있어요_인테리어가 멋져요_
1582706255,dds****,분위기좋고요즘날씨에밖에서먹기에도너무좋아요강력추천합니다!!’☺️☺️🤤🤤,2026년 5월 23일 토요일,인테리어가 멋져요_음악이 좋아요_
1582706255,minyoung5617,음식도맛있고분위기너무좋았어요👍👍,2026년 5월 22일 금요일,음식이 맛있어요_술이 다양해요_뷰가 좋아요_대화하기 좋아요_음악이 좋아요_
1582706255,seoyoon0901,너무좋아요!!분위기짱!!단체로올게요다음에ㅎㅎ,2026년 5월 21일 목요일,음식이 맛있어요_
1582706255,par****,인스타로맛집찾아보다가여기발견하고왔는데음식이너무맛있었어요!야외테라스에서먹으면뷰도너무좋고음식도맛있어서너무좋은곳이였어요.연인과분위기내면서맛있는양식먹고싶다하면여기강추드립니다!감바스가진짜맛있어요ㅠ,2026년 5월 18일 월요일,음식이 맛있어요_술이 다양해요_음료가 맛있어요_뷰가 좋아요_야외공간이 멋져요_
1582706255,gho****,전주신시가지이런뷰맛집이숨어있었다니에잇플로어완전취향저격테라스의야경이완전이쁘고데이트코스와친구들끼리대화하기도좋아요가격도저렴하고안주가너무맛있어요,2026년 5월 18일 월요일,음식이 맛있어요_인테리어가 멋져요_
1881842274,건들지마08,전주신시가지이런뷰맛집이숨어있었다니에잇플로어완전취향저격테라스의야경이완전이쁘고데이트코스와친구들끼리대화하기도좋아요가격도저렴하고안주가너무맛있어요,2026년 6월 15일 월요일,빵이 맛있어요_
1881842274,pee****,전주신시가지이런뷰맛집이숨어있었다니에잇플로어완전취향저격테라스의야경이완전이쁘고데이트코스와친구들끼리대화하기도좋아요가격도저렴하고안주가너무맛있어요,2026년 6월 15일 월요일,빵이 맛있어요_친절해요_매장이 청결해요_
1881842274,tono9,빵이맛있어요매장도깨끗하고직원분들도친절하십니다.,2026년 6월 15일 월요일,빵이 맛있어요_커피가 맛있어요_음료가 맛있어요_특별한 메뉴가 있어요_가성비가 좋아요_
1881842274,da****,매장넓어서좋고빵도다양해요!일주일마다항상오는것같아요!잘먹을게요!,2026년 6월 14일 일요일,빵이 맛있어요_커피가 맛있어요_매장이 넓어요_
1881842274,pre****,매장넓어서좋고빵도다양해요!일주일마다항상오는것같아요!잘먹을게요!,2026년 6월 14일 일요일,빵이 맛있어요_
1881842274,한채희51,자주구매해서먹고있어요ㅎ빵이너무맛있어요ㅎ다음에또올게요,2026년 6월 14일 일요일,빵이 맛있어요_커피가 맛있어요_음료가 맛있어요_매장이 넓어요_
1881842274,임영78,빵종류가다양하고매장이넓어서자주와요^^,2026년 6월 14일 일요일,빵이 맛있어요_커피가 맛있어요_사진이 잘 나와요_인테리어가 멋져요_매장이 청결해요_
1881842274,모자캠핑러,전주신시가지에위치하구주차장은바로옆전용으로있어2시간무료제공임..빵이맛있고매장이넓어서탁트이고대화하기좋아요..고베식빵진짜부들부들맛있습니다~,2026년 6월 14일 일요일,빵이 맛있어요_인테리어가 멋져요_친절해요_
1881842274,yj1****,빵이너무다양하고가격도가성비가있어서너무좋습니다!매장도청결하고다시먹으러올만한거같아요!추천합니다!,2026년 6월 13일 토요일,빵이 맛있어요_인테리어가 멋져요_대화하기 좋아요_친절해요_매장이 청결해요_
1881842274,euj****,식빵이너무맛잇어요😍,2026년 6월 13일 토요일,빵이 맛있어요_
1881842274,제민7,음료도맛있고빵도맛있어요!분위기도너무좋고매장도되게이뻐요!,2026년 6월 13일 토요일,빵이 맛있어요_커피가 맛있어요_음료가 맛있어요_특별한 메뉴가 있어요_인테리어가 멋져요_
1881842274,syk****,매장도넓고빵도맛있어요~,2026년 6월 13일 토요일,빵이 맛있어요_커피가 맛있어요_
1881842274,소디46,메종드쁘띠푸르초코소라빵은주기적으로먹어줘야합니다..너무맛있거든요..!,2026년 6월 12일 금요일,빵이 맛있어요_대화하기 좋아요_
1881842274,to맛대장,맛있어요자주오는곳이예요!,2026년 6월 12일 금요일,빵이 맛있어요_커피가 맛있어요_음료가 맛있어요_
1881842274,old****,항상방문할때마다특별함이있는곳좋습니다,2026년 6월 12일 금요일,빵이 맛있어요_커피가 맛있어요_특별한 메뉴가 있어요_인테리어가 멋져요_주차하기 편해요_
1881842274,언제나 라온제나ㅎㅎ,대화하기좋고매장안도청결하고빵도맛있어요👍👍,2026년 6월 11일 목요일,빵이 맛있어요_특별한 메뉴가 있어요_인테리어가 멋져요_매장이 청결해요_
1881842274,mmh****,대화하기좋고매장안도청결하고빵도맛있어요👍👍,2026년 6월 11일 목요일,빵이 맛있어요_커피가 맛있어요_음료가 맛있어요_특별한 메뉴가 있어요_
1881842274,윤봉달,빵사러자주오는데늘맛있고커피도맛있어요,2026년 6월 11일 목요일,빵이 맛있어요_커피가 맛있어요_인테리어가 멋져요_사진이 잘 나와요_
1881842274,물푸레119,보기도좋고먹음직스러워요.자주오는곳인데귀한지인한테선물해주려고샀어요.받는사람이무척좋아할것같아서기대가돼요.,2026년 6월 10일 수요일,빵이 맛있어요_커피가 맛있어요_인테리어가 멋져요_매장이 청결해요_
1881842274,나동동이,빵과케이크종류가많네요베스트빵엄마의마음빵이젤맛있는거같아요직원분도친절해요,2026년 6월 9일 화요일,빵이 맛있어요_특별한 메뉴가 있어요_종류가 다양해요_메뉴 구성이 알차요_디저트가 맛있어요_
1881842274,ceuunnn,빵과케이크종류가많네요베스트빵엄마의마음빵이젤맛있는거같아요직원분도친절해요,2026년 6월 8일 월요일,빵이 맛있어요_커피가 맛있어요_음료가 맛있어요_인테리어가 멋져요_사진이 잘 나와요_
1881842274,모자캠핑러,아이스바닐라러떼맛있어요..고베식빵이랑치아바타맛있어요..요즘블루베리치아바타의고소함에빠짐~식빵은항상쟁여요..그냥먹어도부드럽고쫀득!강추!,2026년 6월 7일 일요일,빵이 맛있어요_인테리어가 멋져요_대화하기 좋아요_
1881842274,jje****,빵종류도많고매장도넓어서좋아요:),2026년 6월 7일 일요일,빵이 맛있어요_커피가 맛있어요_음료가 맛있어요_
1881842274,da****,매장도넓어서좋고빵도맛있어요!다음에또올게요!,2026년 6월 7일 일요일,빵이 맛있어요_특별한 메뉴가 있어요_매장이 넓어요_
1881842274,임영78,매장이쾌적하고넓어서자주찾게되요~,2026년 6월 7일 일요일,빵이 맛있어요_커피가 맛있어요_인테리어가 멋져요_친절해요_
1881842274,jun****,매장이쾌적하고넓어서자주찾게되요~,2026년 6월 7일 일요일,빵이 맛있어요_커피가 맛있어요_
1881842274,onlyj3,매장이청결하고빵이다양해요~,2026년 6월 7일 일요일,빵이 맛있어요_커피가 맛있어요_대화하기 좋아요_인테리어가 멋져요_매장이 청결해요_
1881842274,TigerWoods,친절하고빵이너무맛있어요~^^,2026년 6월 6일 토요일,빵이 맛있어요_커피가 맛있어요_인테리어가 멋져요_사진이 잘 나와요_
1881842274,SoBeIt,아이와병원대기하면서커피랑빵먹고갑니다.일찍이어도갓구운빵도많이나와있어서가족끼리각자먹고싶었던빵골라서맛있게먹었어요🥰신시가지방앗간같은곳입니당,2026년 6월 6일 토요일,빵이 맛있어요_대화하기 좋아요_좌석이 편해요_주차하기 편해요_
1881842274,ld****,우선빵종류가엄청다양합니다!고르는데한참걸렸습니다ㅠㅠ맛은당연히보장합니다!빵이너무너무맛있었어요!앞으로빵은여기에서만사먹을것같아요감사합니다~☺️,2026년 6월 6일 토요일,빵이 맛있어요_커피가 맛있어요_집중하기 좋아요_차분한 분위기예요_매장이 넓어요_
1881842274,김소원4,빵도맛있고커피도맛있습니다~,2026년 6월 5일 금요일,커피가 맛있어요_
1881842274,랄랄루루랄랄랄라,빵이다양하고음료도많아요,2026년 6월 5일 금요일,단체모임 하기 좋아요_인테리어가 멋져요_
1881842274,동그랑땡15,빵이다양하고음료도많아요,2026년 6월 4일 목요일,빵이 맛있어요_커피가 맛있어요_인테리어가 멋져요_사진이 잘 나와요_매장이 청결해요_
1881842274,모자캠핑러,신시가지대형베이커리카페..2층도넓게있어좌석이여유로워요.고베식빵7000원촉촉하니맛있어요..커피는그냥그냥..,2026년 6월 3일 수요일,빵이 맛있어요_인테리어가 멋져요_
1881842274,tre****,신시가지대형베이커리카페..2층도넓게있어좌석이여유로워요.고베식빵7000원촉촉하니맛있어요..커피는그냥그냥..,2026년 6월 3일 수요일,빵이 맛있어요_커피가 맛있어요_뷰가 좋아요_매장이 청결해요_
1881842274,sss****,직장근처여서식사후자주와요항상변함없는맛과쾌적함너무좋아요,2026년 6월 2일 화요일,빵이 맛있어요_인테리어가 멋져요_친절해요_
1881842274,dkf****,사진에있는거말고도빵다양하지만디저트류빵들이너무예쁘고맛있어요!2층도있는데가보진않았고1층도넓어서쉬고가기좋아요☺️,2026년 6월 2일 화요일,빵이 맛있어요_커피가 맛있어요_디저트가 맛있어요_종류가 다양해요_인테리어가 멋져요_
1881842274,LKULK,전주온김에종류가많아서구매햇습니다추천해요,2026년 6월 2일 화요일,빵이 맛있어요_커피가 맛있어요_인테리어가 멋져요_매장이 청결해요_
1881842274,tono9,너무맛있어요좋습니다,2026년 6월 1일 월요일,빵이 맛있어요_커피가 맛있어요_음료가 맛있어요_특별한 메뉴가 있어요_가성비가 좋아요_
1881842274,gb****,2시간무료주차라서좋네요^^첫방문인데카운터직원이아주친절해서좋았어요^^라떼맛있어요^^잘먹고갑니다~,2026년 6월 1일 월요일,커피가 맛있어요_대화하기 좋아요_친절해요_매장이 청결해요_주차하기 편해요_
1881842274,하늘샘34,빵도다양하고천고가높아시원한매장입니다.다양한베이커리가많네요,2026년 6월 1일 월요일,빵이 맛있어요_인테리어가 멋져요_친절해요_매장이 청결해요_
1881842274,라라라1281,타지에사는여자친구가빵을좋아해서전주대표빵집인메종드뿌띠푸르와서먹어보고싶었던딸기잼빵?그리고소금빵까지먹고감니다~~다양한맛난빵이많아요!,2026년 5월 31일 일요일,빵이 맛있어요_특별한 메뉴가 있어요_매장이 넓어요_
1881842274,kea****,✌️✌️,2026년 5월 31일 일요일,빵이 맛있어요_디저트가 맛있어요_친절해요_매장이 청결해요_집중하기 좋아요_
1881842274,dai****,분위기도좋고음식도맛있어서늘잘이용하고갑니다!,2026년 5월 31일 일요일,빵이 맛있어요_음료가 맛있어요_특별한 메뉴가 있어요_음식이 맛있어요_차분한 분위기예요_
1881842274,임영78,빵이다양하고매장이넓어서자주이용해요~,2026년 5월 31일 일요일,빵이 맛있어요_커피가 맛있어요_인테리어가 멋져요_친절해요_매장이 청결해요_
1881842274,pin****,설탕버터안들어간빵이있어좋아요~~!!,2026년 5월 31일 일요일,빵이 맛있어요_커피가 맛있어요_특별한 메뉴가 있어요_종류가 다양해요_매장이 넓어요_
1881842274,JH8298,늘새롭고다양해서좋아여:),2026년 5월 31일 일요일,빵이 맛있어요_커피가 맛있어요_음료가 맛있어요_특별한 메뉴가 있어요_
1881842274,모자캠핑러,전주신시가지에위치하구주차장따로뒷편에주차공간넓게2시간무료제공해줌..빵맛있고고베식빵이유명..부드럽고맛있어요..,2026년 5월 31일 일요일,빵이 맛있어요_주차하기 편해요_
1881842274,교리짱짱,전주빵맛집종류도다양해서너무좋아요!,2026년 5월 31일 일요일,빵이 맛있어요_커피가 맛있어요_특별한 메뉴가 있어요_
1881842274,dlf****,너무맛있어요!!!:),2026년 5월 31일 일요일,빵이 맛있어요_커피가 맛있어요_특별한 메뉴가 있어요_디저트가 맛있어요_메뉴 구성이 알차요_
1881842274,물푸레119,색깔도예쁘고맛도좋은메종드뜨띠푸르빵과타르트를샀어요부드럽고달지않아좋아요^^또올게요♡,2026년 5월 30일 토요일,인테리어가 멋져요_대화하기 좋아요_빵이 맛있어요_커피가 맛있어요_
1881842274,미놔85,발표빵이맛있고공간이쾌적해요,2026년 5월 29일 금요일,빵이 맛있어요_
1881842274,아델라4057,식빵맛집입니다^^,2026년 5월 29일 금요일,빵이 맛있어요_커피가 맛있어요_음료가 맛있어요_대화하기 좋아요_
1881842274,마수리공방,빵이먹고싶어방문,2026년 5월 29일 금요일,빵이 맛있어요_커피가 맛있어요_음료가 맛있어요_대화하기 좋아요_
1881842274,유낭양,저번에도와서먹었습니다!!저녁에오니까빵이많지않네요.다들일찍오세요~~,2026년 5월 29일 금요일,빵이 맛있어요_커피가 맛있어요_음료가 맛있어요_특별한 메뉴가 있어요_인테리어가 멋져요_
1881842274,op****,빵이맛있고직원분들도친절하세요,2026년 5월 28일 목요일,빵이 맛있어요_커피가 맛있어요_
1881842274,tono9,빵이맛있어요종류도많아요가게가이뻐요^^,2026년 5월 28일 목요일,빵이 맛있어요_커피가 맛있어요_음료가 맛있어요_특별한 메뉴가 있어요_가성비가 좋아요_
1881842274,JH8298,맛있으니까재료가좋으니까:),2026년 5월 27일 수요일,빵이 맛있어요_커피가 맛있어요_음료가 맛있어요_특별한 메뉴가 있어요_
1881842274,iRong,항상오는최애빵집입니다.너무맛있고다양한빵이많아좋고친철합니다,2026년 5월 25일 월요일,빵이 맛있어요_음료가 맛있어요_특별한 메뉴가 있어요_인테리어가 멋져요_
1881842274,복이온다94,인터넷검색해보고왔는데조용하고매장도깨끗하고넓고빵종류도많아서좋아요😀,2026년 5월 25일 월요일,인테리어가 멋져요_대화하기 좋아요_집중하기 좋아요_매장이 청결해요_빵이 맛있어요_
2046308559,is jang,인스타맛집소개보고방문한성산제줏간친절한직원들부드러운고기게우볶음밥까지담에또가기로약속넘맛있어요,2026년 6월 15일 월요일,음식이 맛있어요_고기 질이 좋아요_양이 많아요_특별한 메뉴가 있어요_가성비가 좋아요_
2046308559,ysbe****,고기와밑반찬이맛있었어요,2026년 6월 14일 일요일,음식이 맛있어요_고기 질이 좋아요_직접 잘 구워줘요_
2046308559,sseosse0,반찬도잘나오고고기도구워주셔서부모님이랑오기좋은것같습니다매장도깔끔해서좋아요!,2026년 6월 14일 일요일,음식이 맛있어요_고기 질이 좋아요_양이 많아요_특별한 메뉴가 있어요_인테리어가 멋져요_
2046308559,타요82,맛있어요~~~,2026년 6월 14일 일요일,음식이 맛있어요_고기 질이 좋아요_양이 많아요_특별한 메뉴가 있어요_인테리어가 멋져요_
2046308559,wwls20,고기싹다신경써서구워주시고너무친절하시고고기도맛있었습니다ㅠㅠㅠㅠ오겹살드시러꼭오세요ㅠㅠㅠ😋,2026년 6월 13일 토요일,음식이 맛있어요_고기 질이 좋아요_
2046308559,치키차카초코뿡,전주신시가지최고의고깃집성산제줏간.셀프바가어마어마합니다!고기도신선하고무엇보다친절해요.아가랑왔는데아기용누룽지도주네요.전주신시가지에이곳보다나은고깃집은없는듯.,2026년 6월 12일 금요일,음식이 맛있어요_고기 질이 좋아요_특별한 메뉴가 있어요_가성비가 좋아요_인테리어가 멋져요_
2046308559,제라25,고기도맛있고직접구워주니너무좋네요,2026년 6월 12일 금요일,음식이 맛있어요_고기 질이 좋아요_인테리어가 멋져요_매장이 넓어요_직접 잘 구워줘요_
2046308559,이하연1976,반찬도다양하고고기도너무맛있어요!인테리어도완전제주그자체••🪽🧡,2026년 6월 12일 금요일,음식이 맛있어요_고기 질이 좋아요_인테리어가 멋져요_
2046308559,ril****,말모말모~~구워주셔서편안분위기에좋은식사했숩니당밑반찬진짜알차고마시써요재방문의사완전잇움😊😊,2026년 6월 11일 목요일,음식이 맛있어요_가성비가 좋아요_반찬이 잘 나와요_친절해요_직접 잘 구워줘요_
2046308559,한쿠긴,여자친구랑와서먹었는데고기도너무맛있고반찬도가짓수도많고너무맛있습니다직원분들도다친절하세요ㅎㅎ,2026년 6월 11일 목요일,음식이 맛있어요_고기 질이 좋아요_인테리어가 멋져요_친절해요_
2046308559,카이스트 수석,오늘도만족👍🏼,2026년 6월 9일 화요일,고기 질이 좋아요_인테리어가 멋져요_직접 잘 구워줘요_친절해요_
2046308559,오대감33,막걸리와거하게먹고왔습니당,2026년 6월 9일 화요일,음식이 맛있어요_인테리어가 멋져요_직접 잘 구워줘요_매장이 청결해요_친절해요_
2046308559,heyg****,제주감성의청귤숙성고기가너무맛있습니다ㅎㅎ,2026년 6월 9일 화요일,음식이 맛있어요_고기 질이 좋아요_양이 많아요_특별한 메뉴가 있어요_
2046308559,단쨩79,직접구워주셔서너무맛있게먹고왔어요!,2026년 6월 9일 화요일,음식이 맛있어요_고기 질이 좋아요_
2046308559,ckst****,너무맛있는고기를구워주니기분최고에요,2026년 6월 9일 화요일,인테리어가 멋져요_친절해요_직접 잘 구워줘요_매장이 청결해요_
2046308559,Rokoroko,오겹살맛이기가막히구영셀프바너무훌륭해영,2026년 6월 9일 화요일,음식이 맛있어요_고기 질이 좋아요_
2046308559,루카리오의 강속구,멜젓에고기퐁당크~침이고이네용정말맛있게먹었습니당,2026년 6월 9일 화요일,음식이 맛있어요_고기 질이 좋아요_인테리어가 멋져요_직접 잘 구워줘요_
2046308559,누수 진단 전문가,고기와함께먹을수있는게많아서좋아요,2026년 6월 9일 화요일,고기 질이 좋아요_음식이 맛있어요_
2046308559,Zofgk2022,처음가보는데음식도맛있고다양한거같아요!!여름이라더운데시원하고담에또갈거같습니다!!,2026년 6월 8일 월요일,음식이 맛있어요_고기 질이 좋아요_인테리어가 멋져요_매장이 넓어요_
2046308559,whatsyourname,매장넓고맛있습니다,2026년 6월 7일 일요일,음식이 맛있어요_고기 질이 좋아요_양이 많아요_특별한 메뉴가 있어요_
2046308559,우면산터널,고기질도좋고다양한사이드메뉴가있어서너무나맛있게이용했습니다.다음에도또방문하고싶어요.,2026년 6월 7일 일요일,음식이 맛있어요_고기 질이 좋아요_양이 많아요_인테리어가 멋져요_매장이 넓어요_
2046308559,wjd****,맛있습니다!고기양도많고좋네요ㅎㅎ다음번에또오겠습니다!!,2026년 6월 7일 일요일,인테리어가 멋져요_매장이 넓어요_고기 질이 좋아요_음식이 맛있어요_양이 많아요_
2046308559,뚜자427,가성비좋고맛있어욤,2026년 6월 7일 일요일,고기 질이 좋아요_매장이 넓어요_친절해요_매장이 청결해요_직접 잘 구워줘요_
2046308559,개쓰맘,넘맛있어서전주올때마다주기적으로꼭먹어요고기맛이좋은건말할것도없고세트구성이나볶음밥껍데기메뉴도넘맛있어요오늘도잘먹었습니다,2026년 6월 7일 일요일,음식이 맛있어요_컨셉이 독특해요_친절해요_
2046308559,ky****,맛있어요!!,2026년 6월 6일 토요일,음식이 맛있어요_인테리어가 멋져요_직접 잘 구워줘요_친절해요_매장이 청결해요_
2046308559,뇽ㄱ,아기의자도있어서아기랑같이외식하기좋아요매장도크고쾌적합니다^^친절은덤!,2026년 6월 6일 토요일,고기 질이 좋아요_음식이 맛있어요_매장이 넓어요_친절해요_매장이 청결해요_
2046308559,강성댕구,신시가지고깃집중에가장신선하고고기도맛있는거같아요!쌈채소중에당귀도있어서개인적으로너무좋네요ㅎㅎ,2026년 6월 5일 금요일,음식이 맛있어요_고기 질이 좋아요_양이 많아요_가성비가 좋아요_메뉴 구성이 알차요_
2046308559,뽀코몽,고기질이정말좋고육즙이가득해서씹는맛이최고예요!밑반찬도깔끔하게잘나오고고기랑궁합이좋습니다.조만간무조건재방문할생각입니다.강추해요!,2026년 6월 5일 금요일,음식이 맛있어요_고기 질이 좋아요_직접 잘 구워줘요_좌석이 편해요_음식이 빨리 나와요_
2046308559,yume유메,가족끼리왔는데되게좋았어요!!양도많고일단고기질이정말...👍👍👍진짜너어어어무맛있고먹다가우리부주의로잔이깨졌는데도너무감사하게먼저걱정해주시구..🥺🥺맛있게잘먹고갑니당💚💚,2026년 6월 4일 목요일,고기 질이 좋아요_음식이 맛있어요_특별한 메뉴가 있어요_가성비가 좋아요_
2046308559,도도미미솔,단체회식으로딱좋습니다매장도넓고고기도맛있고!!힘들게일하고피곤함을고기로위로받는곳!너무맛있습니다,2026년 6월 3일 수요일,음식이 맛있어요_고기 질이 좋아요_매장이 넓어요_단체모임 하기 좋아요_직접 잘 구워줘요_
2046308559,vod****,여기는올때마다최고~~~,2026년 6월 3일 수요일,음식이 맛있어요_고기 질이 좋아요_매장이 넓어요_인테리어가 멋져요_직접 잘 구워줘요_
2046308559,jay****,친절하고깔끔하고맛있었어요!,2026년 6월 3일 수요일,음식이 맛있어요_인테리어가 멋져요_
2046308559,현영아58,고기가맛있어요👍,2026년 6월 3일 수요일,음식이 맛있어요_고기 질이 좋아요_
2046308559,미소미소00,고기맛있게잘구워주세요김치전골도맛있고셀프바의김치도맛있어요게딱지볶음밥은무슨맛인지모르겠어서아쉬웠어요청귤하이볼은많이달아서음료수같아요콩나물파무침이예술이라한접시를다먹었네요한상푸짐하게나오는데비해상이협소해서전골옆의반찬을먹기불편했어요타국에서일하시는분들친절하세요맛있게잘먹었어요,2026년 6월 3일 수요일,음식이 맛있어요_고기 질이 좋아요_특별한 메뉴가 있어요_직접 잘 구워줘요_
2046308559,망개떡맛나,헐처음와봤는데너무맛있어요ㅎㅎ다음에또오고싶어요,2026년 6월 2일 화요일,고기 질이 좋아요_음식이 맛있어요_단체모임 하기 좋아요_
2046308559,로미3311,맛있어요~🤭,2026년 6월 2일 화요일,고기 질이 좋아요_재료가 신선해요_음식이 맛있어요_매장이 넓어요_단체모임 하기 좋아요_
2046308559,eot****,고기까지구워주는진성맛집,2026년 6월 1일 월요일,음식이 맛있어요_양이 많아요_고기 질이 좋아요_특별한 메뉴가 있어요_
2046308559,hik****,정말맛있는제줏간또방문했어용,2026년 6월 1일 월요일,음식이 맛있어요_고기 질이 좋아요_인테리어가 멋져요_매장이 넓어요_
2046308559,제줏간평택고덕점,ㅋㅋ친구가또줏간이냐고하네요~3번째방문입니다,2026년 6월 1일 월요일,음식이 맛있어요_고기 질이 좋아요_특별한 메뉴가 있어요_단체모임 하기 좋아요_
2046308559,복복이11,한근세트먹고와쏘용❤️,2026년 6월 1일 월요일,음식이 맛있어요_고기 질이 좋아요_양이 많아요_인테리어가 멋져요_친절해요_
2046308559,박6645,한근세트먹고게딱지로마무리햇어요,2026년 6월 1일 월요일,음식이 맛있어요_고기 질이 좋아요_
2046308559,치키차카초코뿡,고기가맛있는고깃집.특히나셀프바는별천지입니다.고사리에미나리가셀프바에있는고깃집인데이것저것먹을게너무많아고민하네요.고기는신선하고서비스도최고입니다.,2026년 6월 1일 월요일,음식이 맛있어요_고기 질이 좋아요_양이 많아요_특별한 메뉴가 있어요_메뉴 구성이 알차요_
2046308559,최한겸14,고기질이좋고직원분들도친절하셔서맛있게먹고왔습니다!매장도깔끔하고분위기가좋아서편하게식사할수있었어요.다음에또방문할게요😊,2026년 5월 31일 일요일,음식이 맛있어요_고기 질이 좋아요_인테리어가 멋져요_매장이 넓어요_뷰가 좋아요_
2046308559,ggv****,부모님모시고고기먹을때마다가는맛집,2026년 5월 31일 일요일,음식이 맛있어요_고기 질이 좋아요_인테리어가 멋져요_매장이 넓어요_직접 잘 구워줘요_
2046308559,IMMH,자주오는곳이예요.음식이맛있는건기본이고너무친절해요.아이와함께가도부담없는곳입니다.가족끼리오기너무좋아요!지금도자주다니지만앞으로도자주다닐예정이예요!,2026년 5월 30일 토요일,음식이 맛있어요_고기 질이 좋아요_양이 많아요_메뉴 구성이 알차요_재료가 신선해요_
2046308559,옌4473,믿고먹는제줏간!맛있어용ㅎㅎ,2026년 5월 30일 토요일,음식이 맛있어요_고기 질이 좋아요_특별한 메뉴가 있어요_매장이 넓어요_단체모임 하기 좋아요_
2046308559,wsk****,제줏간가족들과오랜만에다시왔어요.우선고기가훌륭하고직접구워주시는데제주도보다더맛있어요.셀프바에신선한야채들파김치열무김치더덕고사리너무종류도많고너무끝내줍니다,2026년 5월 30일 토요일,음식이 맛있어요_고기 질이 좋아요_직접 잘 구워줘요_
2046308559,랑유87,고기때깔보세요술이술술들어가고밑반찬도맛있고냉면은술이사라집니덩><,2026년 5월 29일 금요일,음식이 맛있어요_고기 질이 좋아요_인테리어가 멋져요_단체모임 하기 좋아요_친절해요_
2046308559,시우 rain in time,가성비가너무좋고분위기도좋아요무엇보다직접고기도구워주고직원들이모두친절해요.먹고싶은메뉴도셀프바를이용해서마음껏먹을수있구요모임하기도좋고연인과식사하기도좋아요.강추입니다,2026년 5월 28일 목요일,음식이 맛있어요_고기 질이 좋아요_메뉴 구성이 알차요_단체모임 하기 좋아요_인테리어가 멋져요_
2046308559,JeeMin,공간도넓고고기반찬다맛있습니다다음에도또오려구요!,2026년 5월 26일 화요일,음식이 맛있어요_고기 질이 좋아요_양이 많아요_매장이 넓어요_단체모임 하기 좋아요_
1517836857,lhl****,너무맛있게잘먹었어요다움에또올거같숩니다!!!!!!!!,2026년 6월 15일 월요일,음식이 맛있어요_재료가 신선해요_양이 많아요_특별한 메뉴가 있어요_인테리어가 멋져요_
1517836857,okp****,늘잘먹고있는집이에용맛있어서부모님모시고오기도좋아요!데이트할때도좋습니다굿굿~👍🏻👍🏻,2026년 6월 15일 월요일,음식이 맛있어요_양이 많아요_매장이 넓어요_친절해요_
1517836857,di9508,맛잇어요!!!자주오는곳인데변함없어요,2026년 6월 15일 월요일,음식이 맛있어요_특별한 메뉴가 있어요_친절해요_
1517836857,ldl****,오랜만에왔는데친절하고맛있어요,2026년 6월 14일 일요일,음식이 맛있어요_가성비가 좋아요_고기 질이 좋아요_친절해요_매장이 청결해요_
1517836857,burooksoksy,오랜만에왔는데친절하고맛있어요,2026년 6월 14일 일요일,음식이 맛있어요_매장이 넓어요_
1517836857,태희9469,양이많아요!!직원분들도친절하셔서좋았습니다,2026년 6월 14일 일요일,음식이 맛있어요_양이 많아요_매장이 넓어요_
1517836857,주이49,역시규카츠는가츠연이쥬,2026년 6월 14일 일요일,음식이 맛있어요_
1517836857,미영50,오랜만에왔는데넘맛있어요~~~~~,2026년 6월 14일 일요일,음식이 맛있어요_특별한 메뉴가 있어요_매장이 넓어요_단체모임 하기 좋아요_
1517836857,서귤0,예전에오고또왔는데여전히맛있습니다!,2026년 6월 13일 토요일,음식이 맛있어요_양이 많아요_매장이 넓어요_대화하기 좋아요_친절해요_
1517836857,조형우75,직원분도친절하고음식도정갈하고맛있습니다.,2026년 6월 13일 토요일,음식이 맛있어요_재료가 신선해요_
1517836857,one****,너무맛있어용!!완전추천~,2026년 6월 13일 토요일,음식이 맛있어요_양이 많아요_
1517836857,예담046,너무맛있어용!!완전추천~,2026년 6월 13일 토요일,음식이 맛있어요_친절해요_
1517836857,갱잇,메뉴판에있는메뉴모두맛있고구워서잘먹고왔어요,2026년 6월 13일 토요일,음식이 맛있어요_재료가 신선해요_인테리어가 멋져요_매장이 넓어요_친절해요_
1517836857,giy****,가츠연맛있어서주변올때마다한번씩들려용!!직원분들친절하시고맛있어요~~~,2026년 6월 13일 토요일,음식이 맛있어요_인테리어가 멋져요_사진이 잘 나와요_대화하기 좋아요_음악이 좋아요_
1517836857,지안맘31,아이들이좋아해서1n번째오는가츠연부드럽고직접구워먹는재미가있어요,2026년 6월 13일 토요일,음식이 맛있어요_특별한 메뉴가 있어요_친절해요_매장이 청결해요_주차하기 편해요_
1517836857,sdy****,다음에또올게요!!🤗🤗🤗🤗,2026년 6월 13일 토요일,음식이 맛있어요_재료가 신선해요_양이 많아요_인테리어가 멋져요_매장이 넓어요_
1517836857,푸하하하,규카츠니꾸둘다너무맛있고분위기가좋습니다.,2026년 6월 13일 토요일,음식이 맛있어요_재료가 신선해요_특별한 메뉴가 있어요_인테리어가 멋져요_혼밥하기 좋아요_
1517836857,eddy71,자리가넓어서마음에들었습니다.음식도깔끔하고다음에친구들과다시방문예정입니다.규가츠를아이가직접구워먹으니맛과재미를동시에느낄수있는식당입니다.적극추천,2026년 6월 13일 토요일,음식이 맛있어요_대화하기 좋아요_친절해요_
1517836857,bbbbbbbbbang,주기적으로먹어줘야하는곳너무너무맛있어용,2026년 6월 12일 금요일,음식이 맛있어요_재료가 신선해요_친절해요_특별한 날 가기 좋아요_
1517836857,푸치카,고닥생때부터다녔습니다.....개마싯어요,2026년 6월 11일 목요일,음식이 맛있어요_재료가 신선해요_양이 많아요_인테리어가 멋져요_매장이 넓어요_
1517836857,천칭엔젤,규카츠맛집이예요양도많고고기가부드러워요,2026년 6월 11일 목요일,재료가 신선해요_음식이 맛있어요_특별한 메뉴가 있어요_고기 질이 좋아요_매장이 청결해요_
1517836857,이수빈3083,아이가좋아하는가츠연!공영주차장지원도매우좋아요.,2026년 6월 10일 수요일,음식이 맛있어요_차분한 분위기예요_아늑해요_
1517836857,hey****,너무맛있어요다음에또올게요,2026년 6월 10일 수요일,음식이 맛있어요_단체모임 하기 좋아요_
1517836857,ekzmchzh72,남자친구가찾아보고데려와줬는데넘넘맛있어용♡직원분도친절하세요ㅎㅎ잘먹었습니당!!,2026년 6월 10일 수요일,음식이 맛있어요_재료가 신선해요_특별한 메뉴가 있어요_친절해요_매장이 청결해요_
1517836857,특1304,처음왔는데양도많고직원분도친절하세요.맛있게잘먹었습니다,2026년 6월 9일 화요일,양이 많아요_재료가 신선해요_음식이 맛있어요_
1517836857,윤짜이밍,존맛탱임미도,2026년 6월 9일 화요일,음식이 맛있어요_
1517836857,jun****,대기없이들어와서맛있게먹고갑니다~다음에또올게요,2026년 6월 9일 화요일,음식이 맛있어요_양이 많아요_매장이 넓어요_친절해요_매장이 청결해요_
1517836857,qnf****,스테키동과명품규카츠자주와서먹어요저는규카츠추천!,2026년 6월 9일 화요일,음식이 맛있어요_고기 질이 좋아요_아늑해요_
1517836857,min****,맛있어요,2026년 6월 9일 화요일,음식이 맛있어요_재료가 신선해요_매장이 청결해요_친절해요_
1517836857,7s****,너무맛있네용입에서살살~,2026년 6월 9일 화요일,음식이 맛있어요_양이 많아요_혼밥하기 좋아요_단체모임 하기 좋아요_
1517836857,정재효68,너무맛있네용입에서살살~,2026년 6월 8일 월요일,음식이 맛있어요_재료가 신선해요_
1517836857,율건마미,급히들렀는데친절하고맛있어요다음에도또들를께요~^^,2026년 6월 8일 월요일,음식이 맛있어요_양이 많아요_특별한 메뉴가 있어요_매장이 넓어요_혼밥하기 좋아요_
1517836857,설설하다,너무너무맛있구요또오겠습니다!!🙌🙌,2026년 6월 8일 월요일,음식이 맛있어요_재료가 신선해요_양이 많아요_특별한 메뉴가 있어요_
1517836857,kbe****,중1때부터왔었는데항상올때마다맛있어요!,2026년 6월 8일 월요일,음식이 맛있어요_재료가 신선해요_매장이 넓어요_
1517836857,실롵니,자주오는곳이에용항상친절하시구맛있어요🥰,2026년 6월 8일 월요일,음식이 맛있어요_재료가 신선해요_친절해요_
1517836857,Joyy9,청결하고분위기좋고맛있어요!,2026년 6월 7일 일요일,음식이 맛있어요_특별한 메뉴가 있어요_인테리어가 멋져요_매장이 넓어요_친절해요_
1517836857,yej****,정말맛있습니다!,2026년 6월 7일 일요일,음식이 맛있어요_재료가 신선해요_단체모임 하기 좋아요_
1517836857,kypy2219,일단규카츠자체가고급져요>_<직원분도친절하시고맛있게잘먹고갑니다!!!!!!,2026년 6월 7일 일요일,음식이 맛있어요_고기 질이 좋아요_매장이 넓어요_친절해요_매장이 청결해요_
1517836857,어금니90,갑자기생각나서왔는데언제먹어도맛있는곳입니다.신선하고정갈한음식.추천입니다,2026년 6월 7일 일요일,음식이 맛있어요_재료가 신선해요_양이 많아요_가성비가 좋아요_
1517836857,쿠우울zz,규카츠도맛잇는데샐러드도맛집,2026년 6월 6일 토요일,음식이 맛있어요_재료가 신선해요_가성비가 좋아요_매장이 넓어요_친절해요_
1517836857,gud****,가끔씩규가츠먹고싶을때오면좋아용,2026년 6월 6일 토요일,음식이 맛있어요_
1517836857,allyouuu,정말맛있어요!!고기상태도엄청좋고매장도청결해요,2026년 6월 6일 토요일,음식이 맛있어요_친절해요_매장이 청결해요_대화하기 좋아요_차분한 분위기예요_
1517836857,bluesky3653,아이들이제일좋아하는곳이예요^^맛있어요~,2026년 6월 3일 수요일,음식이 맛있어요_양이 많아요_
1517836857,seaur2,몇번왔는데항상규카츠만먹구니꾸는처음이에요잘먹겠습니다,2026년 6월 3일 수요일,음식이 맛있어요_재료가 신선해요_인테리어가 멋져요_매장이 넓어요_혼밥하기 좋아요_
1517836857,aud****,몇년전부터규카츠먹고싶으면종종오는곳이이요가격도저렴하고너무맛있어요일본에서도규카츠여러번먹었지만결코본토에뒤지지않아요반찬은오히려한국스타일이규카츠는일본보다여기가잘맞아요!!아이가한번씩꼭먹고싶다고해서오늘도방문했는데항상맛있어요!!가격이착해서참좋아요~~,2026년 6월 3일 수요일,음식이 맛있어요_가성비가 좋아요_친절해요_
1517836857,MileKim,늦게왔는데맛있고야무지게잘먹고가욤ㅎㅎ데이트로구웃,2026년 6월 2일 화요일,양이 많아요_특별한 메뉴가 있어요_가성비가 좋아요_
1517836857,min****,직원분이친절하고음식이너무맛있어요!규카츠처움먹는친구랑왔는데친구도맛있게먹고간대용,2026년 6월 2일 화요일,음식이 맛있어요_매장이 넓어요_혼밥하기 좋아요_친절해요_매장이 청결해요_
1517836857,sma****,남자친구랑왔는데너무맛있어요!!!!!,2026년 6월 2일 화요일,음식이 맛있어요_재료가 신선해요_친절해요_
1517836857,서응이43,진짜너무너무맛있어요🥹제가지금까지먹어본규카츠중에제일맛있었어요!!고기도엄청부드럽고겉은바삭한데안은촉촉해서먹는내내감탄하면서먹었습니다직원분들도친절하시고매장분위기도좋아서더만족했어요💗다음에또방문할게요!!완전추천입니다🤍,2026년 6월 2일 화요일,음식이 맛있어요_양이 많아요_재료가 신선해요_
1517836857,김성환61,완전맛있어요,2026년 6월 1일 월요일,음식이 맛있어요_고기 질이 좋아요_인테리어가 멋져요_친절해요_
1517836857,sky****,고기질도좋고니꾸우동처음먹어보는데일반적인우동맛이랑달라요!불향입힌니꾸가올라가서인지불맛이약간나고간간하게맛있어용,2026년 6월 1일 월요일,음식이 맛있어요_양이 많아요_매장이 넓어요_친절해요_매장이 청결해요_
1517836857,wld****,세번째방문해요.아이가가장좋아하는식당중하나입니다.맛있게먹고갑니다,2026년 6월 1일 월요일,음식이 맛있어요_재료가 신선해요_인테리어가 멋져요_친절해요_매장이 청결해요_
1517836857,신님6,세번째방문해요.아이가가장좋아하는식당중하나입니다.맛있게먹고갑니다,2026년 6월 1일 월요일,음식이 맛있어요_매장이 넓어요_혼밥하기 좋아요_
1517836857,daytona0820,참맛있어요~~,2026년 6월 1일 월요일,음식이 맛있어요_고기 질이 좋아요_사진이 잘 나와요_
1517836857,아이펀치라잌킹콩,친구가맛있대서버스30분타고털털털왔습니다.맛있네용!,2026년 5월 31일 일요일,친절해요_매장이 청결해요_
1517836857,pja****,너무마시써용친절해요지금방문많이햇어요데이트친목으로너무강추여,2026년 5월 31일 일요일,음식이 맛있어요_재료가 신선해요_인테리어가 멋져요_친절해요_매장이 청결해요_
1517836857,bil****,너무마시써용친절해요지금방문많이햇어요데이트친목으로너무강추여,2026년 5월 31일 일요일,음식이 맛있어요_
1517836857,wjst****,진짜맛있어요!!,2026년 5월 31일 일요일,음식이 맛있어요_재료가 신선해요_양이 많아요_
1517836857,rnlths20,오늘처음방문했는데..규카츠꼭드셔보세요!!!가격도좋고맛도맛있어요!!!가게도깔끔해서좋아요!!!,2026년 5월 30일 토요일,음식이 맛있어요_양이 많아요_특별한 메뉴가 있어요_가성비가 좋아요_매장이 넓어요_
1517836857,lly25,오늘처음방문했는데..규카츠꼭드셔보세요!!!가격도좋고맛도맛있어요!!!가게도깔끔해서좋아요!!!,2026년 5월 30일 토요일,음식이 맛있어요_친절해요_
1517836857,영1240,맛있어요,2026년 5월 30일 토요일,음식이 맛있어요_재료가 신선해요_양이 많아요_특별한 메뉴가 있어요_
1517836857,김영진293,규카츠랑스테끼동둘다먹었는데전체적으로만족스러웠어요!규카츠는겉은바삭하고안은촉촉해서식감이좋았고니꾸우동국물도깔끔해서같이먹기잘어울렸습니다.스테끼동은고기양도괜찮고간도적당해서맛있게먹었어요.,2026년 5월 30일 토요일,음식이 맛있어요_재료가 신선해요_양이 많아요_
1517836857,0703dbwls,고기가엄청부드럽고최고에요!!처음으로와봣는데자주올거같아요👍,2026년 5월 30일 토요일,음식이 맛있어요_재료가 신선해요_특별한 메뉴가 있어요_매장이 넓어요_친절해요_
1517836857,a22****,맛있어요추천합니다,2026년 5월 28일 목요일,음식이 맛있어요_인테리어가 멋져요_친절해요_
1517836857,박소연2459,음식도빨리나오고직원분들도친절해요다음에또방문할께요,2026년 5월 28일 목요일,음식이 맛있어요_양이 많아요_매장이 넓어요_혼밥하기 좋아요_
1517836857,문채원51,ㅠ카츠는가츠연,2026년 5월 27일 수요일,음식이 맛있어요_
1517836857,MJ7237,직원분도친절하셔서좋았어요!샐러드양도많고튀김옷도적절하고고기도부드러워서맛있었습니다☺️,2026년 5월 27일 수요일,음식이 맛있어요_재료가 신선해요_매장이 넓어요_혼밥하기 좋아요_친절해요_
1517836857,ssongya,오늘다녀온'가츠연'기대이상으로너무만족스러웠습니다.규카츠겉은바삭하고속은촉촉해서식감이정말좋았어요.같이나온소스나와사비와곁들여먹으니느끼하지도않고끝까지맛있게먹었습니다.깔끔한한상차림이라혼밥하기에도좋고친구와함께오기에도딱인곳같아요.정갈하고맛있는한끼를찾으신다면추천합니다!,2026년 5월 27일 수요일,음식이 맛있어요_고기 질이 좋아요_재료가 신선해요_혼밥하기 좋아요_
1517836857,연우12345,자주오는맛집!!😘너무맛있게먹었고손님없는시간에웨이팅없이바로주문할수있어서너무좋았고직원분이너무친절하셨어요!!,2026년 5월 27일 수요일,음식이 맛있어요_재료가 신선해요_양이 많아요_혼밥하기 좋아요_친절해요_
1517836857,wns****,전주맛집찾아보다오게됐어요!직원분이친절하시고음식도맛있습니다!주변오면추천해여,2026년 5월 27일 수요일,음식이 맛있어요_양이 많아요_가성비가 좋아요_특별한 메뉴가 있어요_매장이 넓어요_
1681529226,프리78,오랜만에왔습니다자주온거치고는시그니처음료인프랭크커피를주문한지오래된거같아서픽했는데탁월한선택이었습니다.항상좋은커피만들어주셔서감사합니다.,2026년 6월 15일 월요일,커피가 맛있어요_디저트가 맛있어요_음료가 맛있어요_사진이 잘 나와요_
1681529226,dr7****,커피가너무맛있는커피바에요빵도맛있어요~,2026년 6월 14일 일요일,커피가 맛있어요_디저트가 맛있어요_인테리어가 멋져요_대화하기 좋아요_친절해요_
1681529226,김현성8,이쁘고맛있어요!!,2026년 6월 14일 일요일,커피가 맛있어요_디저트가 맛있어요_음료가 맛있어요_
1681529226,은이71,분위기도너무좋고!커피맛도너무좋아요!!,2026년 6월 13일 토요일,커피가 맛있어요_음료가 맛있어요_인테리어가 멋져요_사진이 잘 나와요_친절해요_
1681529226,류명훈,분위기가정말좋아요재방문무조건할듯여,2026년 6월 13일 토요일,커피가 맛있어요_음료가 맛있어요_특별한 메뉴가 있어요_인테리어가 멋져요_
1681529226,김대현5173,맛있게잘먹었습니다,2026년 6월 13일 토요일,커피가 맛있어요_
1681529226,qoq****,얼그레이티맛이진하고맛있어요카페안이어둡지만시원해요와이파이도따로비밀번호없고주차장도바로옆에있어서이용하기편할거같아요,2026년 6월 13일 토요일,음료가 맛있어요_인테리어가 멋져요_주차하기 편해요_
1681529226,mx****,벌써몇번째방문인지모르겠어용커피.빵다맛있공분위기짱!친구.손님접대할때가는곳입니당!,2026년 6월 12일 금요일,커피가 맛있어요_디저트가 맛있어요_인테리어가 멋져요_
1681529226,viv****,빵도맛있고음료도맛있는곳이에요.음악도좋아서가끔휴식하러오는데항상편한한곳입니다.,2026년 6월 12일 금요일,커피가 맛있어요_디저트가 맛있어요_음료가 맛있어요_인테리어가 멋져요_대화하기 좋아요_
1681529226,wnd****,빵이맛있어요,2026년 6월 12일 금요일,커피가 맛있어요_디저트가 맛있어요_인테리어가 멋져요_
1681529226,안창혁68,잘먹고갑니다~,2026년 6월 11일 목요일,커피가 맛있어요_음료가 맛있어요_인테리어가 멋져요_사진이 잘 나와요_집중하기 좋아요_
1681529226,뭘보냐24,아침마다매일여기서빵포장해서먹는데항상맛있네요ㅠㅠ부모님과같이커피도마시러왔는데커피맛도매우만족!항상찾게되는아늑한공간이에요☺️,2026년 6월 10일 수요일,커피가 맛있어요_디저트가 맛있어요_음료가 맛있어요_인테리어가 멋져요_아늑해요_
1681529226,aiby770085,아침마다매일여기서빵포장해서먹는데항상맛있네요ㅠㅠ부모님과같이커피도마시러왔는데커피맛도매우만족!항상찾게되는아늑한공간이에요☺️,2026년 6월 10일 수요일,커피가 맛있어요_디저트가 맛있어요_음료가 맛있어요_
1681529226,멍뭉이귀요미,음료가엄청빨리나와서좋아요~매장도예쁘고빵도맛있어요^^이근처에오면꼭들르는것같아요~~,2026년 6월 8일 월요일,인테리어가 멋져요_
1681529226,희꾸우,매장인테리어커피맛서비스너무좋아요오늘은사람이없어서편하게마시다가요빵도종류도많고너무맛있어요제최에는C.C.C입니다,2026년 6월 6일 토요일,커피가 맛있어요_디저트가 맛있어요_특별한 메뉴가 있어요_차분한 분위기예요_매장이 넓어요_
1681529226,BBo22,인테리어가예쁘고디저트가맛있어요!전주여행왔다가잘보고먹고갑니다.,2026년 6월 6일 토요일,커피가 맛있어요_디저트가 맛있어요_인테리어가 멋져요_사진이 잘 나와요_
1681529226,자이언트밥24,분위기가좋고테이블간간격이넓어서쾌적해요!디저트랑커피모두맛있게잘먹었습니다~,2026년 6월 6일 토요일,인테리어가 멋져요_매장이 넓어요_디저트가 맛있어요_커피가 맛있어요_
1681529226,mon****,소금빵맛있네요아이는에그타르트가더맛있다네요,2026년 6월 6일 토요일,디저트가 맛있어요_음료가 맛있어요_특별한 메뉴가 있어요_
1681529226,고돌지니,분카추천에용~~디저트도다양하고음료도맛있어요생각보다넓어서편하게마시고수다떨기좋아요.,2026년 6월 6일 토요일,커피가 맛있어요_디저트가 맛있어요_인테리어가 멋져요_컨셉이 독특해요_
1681529226,oh_****,효자동유명카페라고해서근처에서밥먹고들렸어요!!베이커리도맛있고분위기도펍같이재밌네요!!,2026년 6월 5일 금요일,커피가 맛있어요_디저트가 맛있어요_인테리어가 멋져요_사진이 잘 나와요_
1681529226,ddo****,빵종류도다양하고하나같이다맛있어서고르는재미가있는곳이에요.카페분위기도아늑하고편안해서조용히힐링하며맛있는디저트를즐기기에아주좋습니다.,2026년 6월 5일 금요일,디저트가 맛있어요_커피가 맛있어요_빵이 맛있어요_인테리어가 멋져요_친절해요_
1681529226,해인여행,프랭크커피바전주효자점에서달콤한디저트와커피를즐기고왔습니다.☕🥐이번에주문한메뉴는초코몽블랑바닐라크러핀피스타치오퀸아망시나몬롤로다양한베이커리를한번에맛볼수있었는데요.특히바닐라크러핀은부드러운크림과촉촉한식감이잘어우러져가장인상적이었습니다.피스타치오퀸아망은바삭한식감과고소한풍미가매력적이었고시나몬롤은은은한계피향이부담스럽지않아커피와잘어울렸어요.매장분위기도감성적이고편안해서여유롭게디저트를즐기기좋았습니다.커피역시깔끔한맛이라달콤한베이커리와조합이좋았고다양한디저트를조금씩맛보고싶은분들에게추천하고싶은카페입니다.전주효자동에서분위기좋은카페와맛있는베이커리를찾는다면프랭크커피바추천합니다.,2026년 6월 5일 금요일,커피가 맛있어요_디저트가 맛있어요_인테리어가 멋져요_사진이 잘 나와요_대화하기 좋아요_
1681529226,aiby770085,커피맛이깊어요.빵도맛있어요.,2026년 6월 5일 금요일,커피가 맛있어요_인테리어가 멋져요_
1681529226,냐9291,두바이크로아상정말극락의맛입니다ㅠㅜㅜ너무맛있고재방문했습니다다들추천,2026년 6월 5일 금요일,디저트가 맛있어요_사진이 잘 나와요_인테리어가 멋져요_
1681529226,뽀로로2165,분위기좋은베이커리카페예요처음와봤는데음악도좋고커피맛도좋네요!,2026년 6월 4일 목요일,커피가 맛있어요_디저트가 맛있어요_인테리어가 멋져요_대화하기 좋아요_컨셉이 독특해요_
1681529226,블랑아,항상브라운치즈ㅡ짱조아해서먹는데ㅔㅔ두바이빵두있어서ㅓ짱행복했숴효😋,2026년 6월 3일 수요일,커피가 맛있어요_디저트가 맛있어요_빵이 맛있어요_인테리어가 멋져요_사진이 잘 나와요_
1681529226,고래밥사또밥,신시가지카페찾을땨자주오는곳이에요커피도맛있고빵도맛있어요!,2026년 6월 3일 수요일,커피가 맛있어요_디저트가 맛있어요_음료가 맛있어요_특별한 메뉴가 있어요_사진이 잘 나와요_
1681529226,바니vv,분위기도좋고빵도음료도너무맛있어요언제든가족들과찾고싶은곳이에요~두바이초코크로와상이특히맛있네요~^^,2026년 6월 3일 수요일,커피가 맛있어요_디저트가 맛있어요_인테리어가 멋져요_
1681529226,zizizizizizizizi,커피랑빵은당연맛있고분위기가대화하기좋아요ㅎㅎ다른곳찾다가도결국돌아오는곳입니다><,2026년 6월 1일 월요일,디저트가 맛있어요_커피가 맛있어요_인테리어가 멋져요_사진이 잘 나와요_매장이 청결해요_
1681529226,잰디70,분위기좋고커피도맛있어요!!,2026년 6월 1일 월요일,커피가 맛있어요_음료가 맛있어요_인테리어가 멋져요_대화하기 좋아요_
1681529226,sim****,분위기도좋고인터리어랑예뻐서자주오고있어요커피도맛있고넘좋아용,2026년 6월 1일 월요일,커피가 맛있어요_음료가 맛있어요_인테리어가 멋져요_대화하기 좋아요_
1681529226,ebm****,분위기가좋아요...,2026년 6월 1일 월요일,커피가 맛있어요_
1681529226,ims****,빵냄새가너무좋고비주얼도조아욤분위기도좋고데이트할때딱좋을거같아요!!,2026년 6월 1일 월요일,디저트가 맛있어요_가성비가 좋아요_아늑해요_매장이 넓어요_뷰가 좋아요_
1681529226,hijk,맛있어요ㅎ,2026년 5월 31일 일요일,커피가 맛있어요_인테리어가 멋져요_
1681529226,HYUN77,순우유크림소금빵진짜맛있어요😘완전강추합니당👍🏻#효자동카페#효자동카페추천#효자동빵맛집,2026년 5월 31일 일요일,커피가 맛있어요_디저트가 맛있어요_빵이 맛있어요_인테리어가 멋져요_차분한 분위기예요_
1681529226,gtwoy,빵종류가다양하구맛있아요♡아침에오면10%할인도해서정말좋아여👍👍그리고카페가넓어서여러명이서와도좋을것같아요!,2026년 5월 31일 일요일,커피가 맛있어요_디저트가 맛있어요_인테리어가 멋져요_친절해요_매장이 청결해요_
1681529226,exc****,맛있어요!,2026년 5월 31일 일요일,디저트가 맛있어요_
1681529226,MORGAN,자리도넓고분위기좋아요!그리고오랫만에왔는데신메뉴가나왔더라구요다음번에트라이해봐야겠오요!전주올때마다프랭크커핀파가는데시내에있는지점이없어져서이제이지점으로더자주오게될것같아요!오늘도맛있게먹고갑니다~,2026년 5월 31일 일요일,커피가 맛있어요_빵이 맛있어요_메뉴 구성이 알차요_차분한 분위기예요_인테리어가 멋져요_
1681529226,kar****,커피도맛있고분위기도좋아요!,2026년 5월 31일 일요일,커피가 맛있어요_인테리어가 멋져요_
1681529226,kkg****,분위기도좋고커피도맛있고좋아요,2026년 5월 31일 일요일,커피가 맛있어요_인테리어가 멋져요_
1681529226,모럴랜드,리뉴얼되구첫방문요!!!4년전쯤와보구매장인테리어두좀더커지구베이커리가생겼네요😍베스트인더티쵸코뺑오쇼콜라랑퀸아망맛있어요.플랫화이트여전히맛있어요,2026년 5월 30일 토요일,커피가 맛있어요_디저트가 맛있어요_인테리어가 멋져요_주차하기 편해요_
1681529226,초여름해질무렵,아이들이랑가면계산할때쿠폰찍어드릴까요묻지않으시네요☺️쿠폰이있는줄도몰랐는데세번방문모두그렇네요.아이들이인사를해도쳐다도안보고불친절합니다.아이들이소란을피운것도아니고40여분조용히앉아서먹고나왔습니다.아이들까지모두1인1음료에다른메뉴도포장할만큼넉넉히주문했습니다.노키즈존붙이고영업하시는게좋겠어요.,2026년 5월 30일 토요일,음악이 좋아요_컨셉이 독특해요_
1681529226,Shema55,단골집이예요맛있고분위기좋아요,2026년 5월 30일 토요일,커피가 맛있어요_디저트가 맛있어요_음료가 맛있어요_
1681529226,존맛이면재방문,올케가먹고싶다고했던게생각나서구매하러왔어요~사람많네용,2026년 5월 30일 토요일,디저트가 맛있어요_인테리어가 멋져요_친절해요_
1681529226,문명환89,늘사람많은데그만큼좌석이많아서좋아요,2026년 5월 30일 토요일,커피가 맛있어요_디저트가 맛있어요_인테리어가 멋져요_
1681529226,greenye,커피생각날때가끔들리는데분위기도좋고커피빵다맛있어요💓효자동분위기좋은카페왕추천입니다☺️,2026년 5월 30일 토요일,커피가 맛있어요_디저트가 맛있어요_특별한 메뉴가 있어요_사진이 잘 나와요_친절해요_
1681529226,0703dbwls,오랜만에왔는데여전히빵도맛있고사람도많아요.맛있어요👍,2026년 5월 30일 토요일,커피가 맛있어요_디저트가 맛있어요_음료가 맛있어요_인테리어가 멋져요_사진이 잘 나와요_
1681529226,hyo****,전부터오고싶던곳인데오늘처음으로왔어요!분위기좋고여러빵이많아요음료도맛있고빵도맛있어서자주올거같아요,2026년 5월 29일 금요일,커피가 맛있어요_디저트가 맛있어요_음료가 맛있어요_인테리어가 멋져요_대화하기 좋아요_
1681529226,꽁냠꽁냠,항상방문하면기분좋은곳이에요!커피랑디저트도너무맛있고분위기도좋은카페입니당,2026년 5월 29일 금요일,인테리어가 멋져요_사진이 잘 나와요_음료가 맛있어요_디저트가 맛있어요_매장이 청결해요_
1681529226,합격합격,프랭크커피너무맛있어요~~,2026년 5월 29일 금요일,커피가 맛있어요_음료가 맛있어요_인테리어가 멋져요_친절해요_
2000922127,hae****,팟타이나시고랭다맛있었습니다!국물요리가없다구쌀국수국물도주시고서비스도좋았습니다!🥨🥨,2026년 6월 15일 월요일,음식이 맛있어요_양이 많아요_메뉴 구성이 알차요_주차하기 편해요_
2000922127,콘트라베이스A,팟타이나시고랭다맛있었습니다!국물요리가없다구쌀국수국물도주시고서비스도좋았습니다!🥨🥨,2026년 6월 15일 월요일,재료가 신선해요_인테리어가 멋져요_매장이 청결해요_
2000922127,비빔냉면37,부모님모시고왛는데좋아하시네요ㅎㅎㅎ번창하세요!,2026년 6월 15일 월요일,음식이 맛있어요_재료가 신선해요_양이 많아요_현지 맛에 가까워요_단체모임 하기 좋아요_
2000922127,kuibi12,직원분들친절하시고매장분위기도좋고맛도좋고오랫만에외국에서동생이와서들렸는데좋은시간보내게해주셔서감사합니다~~,2026년 6월 15일 월요일,음식이 맛있어요_재료가 신선해요_인테리어가 멋져요_친절해요_매장이 청결해요_
2000922127,뽀8016,완젼맛있어요👍🏻👍🏻생각보다음식이금방나와서좋았어요!,2026년 6월 15일 월요일,음식이 맛있어요_인테리어가 멋져요_매장이 넓어요_친절해요_
2000922127,공팔리파,음식빨리나오고양도많고맛있어요,2026년 6월 15일 월요일,컨셉이 독특해요_매장이 청결해요_음식이 빨리 나와요_재료가 신선해요_메뉴 구성이 알차요_
2000922127,lmr****,음식빨리나오고양도많고맛있어요,2026년 6월 15일 월요일,음식이 맛있어요_양이 많아요_
2000922127,꼬북이1964,두번째방문인데국물이진짜맛있어요!!이맛을잊을수가없어요ㅜㅜ영수증리뷰달면샐러드서비스도있어요^♡^맛있게잘먹겠습니다!!,2026년 6월 15일 월요일,음식이 맛있어요_재료가 신선해요_현지 맛에 가까워요_친절해요_주차하기 편해요_
2000922127,sky****,김치부터우선합격!!맛있게잘익었네요☺️쌀국수맛도강하고푸짐하니맛있어용,2026년 6월 13일 토요일,매장이 넓어요_친절해요_매장이 청결해요_음식이 맛있어요_재료가 신선해요_
2000922127,오정1,국블이진하고맛있어요,2026년 6월 13일 토요일,음식이 맛있어요_재료가 신선해요_양이 많아요_인테리어가 멋져요_
2000922127,지우25,아이랑왔어요친절한응대와음식맛이좋아요잘먹고가겠습니다~,2026년 6월 13일 토요일,음식이 맛있어요_양이 많아요_현지 맛에 가까워요_인테리어가 멋져요_매장이 넓어요_
2000922127,하늘땅2142,아이데려와도키즈밀있고아기의자준비도잘헤주시고넘좋아요!!음식맛은말해모해ㅡㅠㅠㅜ최고임!,2026년 6월 13일 토요일,음식이 맛있어요_인테리어가 멋져요_친절해요_아이와 가기 좋아요_
2000922127,eve****,쌀국수맛집이예요~~신시가지쌀국수집여러곳중에여기가분위기도좋고맛도좋아요샐러드시켰는데생각보다크고맛있어요다음에또올께요^^,2026년 6월 13일 토요일,음식이 맛있어요_재료가 신선해요_양이 많아요_인테리어가 멋져요_친절해요_
2000922127,채지8585,아이랑남편이랑방문했는데너무맛있게잘먹었어요.전부다맛있었는데공심채진짜좋아하는데특히맛있었어요.인테리어도멋있어서분위기가좋았어요직원분들도친절하셔서기분좋게먹었어요.다음에또방문할게요.,2026년 6월 13일 토요일,음식이 맛있어요_재료가 신선해요_인테리어가 멋져요_친절해요_매장이 청결해요_
2000922127,라넌코코,직원분들친절하고분위기도좋고추천드려요!!!,2026년 6월 13일 토요일,음식이 맛있어요_
2000922127,han****,음식이맛있고분위기도좋았어요,2026년 6월 12일 금요일,음식이 맛있어요_재료가 신선해요_특별한 메뉴가 있어요_뷰가 좋아요_좌석이 편해요_
2000922127,열두시1,분위기도좋고맛도있어요!!,2026년 6월 12일 금요일,음식이 맛있어요_현지 맛에 가까워요_
2000922127,SUNNY714,푸팟퐁커리랑팟타이가먹고싶어서왔어요.분위기도좋고맛있어요.쌀국수국물로주시는거감다살...다음엔쌀국수먹으러와볼래요!,2026년 6월 12일 금요일,음식이 맛있어요_재료가 신선해요_인테리어가 멋져요_매장이 넓어요_친절해요_
2000922127,cks****,현지의맛그대로에요!쌀국수먹고싶을때마다오게될것같은맛집!,2026년 6월 12일 금요일,음식이 맛있어요_현지 맛에 가까워요_인테리어가 멋져요_매장이 넓어요_
2000922127,wldjs52,맛있어서또방문했답니다ㅎㅎ남편이쌀국수맛있다고하네요ㅎㅎ,2026년 6월 12일 금요일,음식이 맛있어요_양이 많아요_인테리어가 멋져요_친절해요_주차하기 편해요_
2000922127,jiyo****,마음에완전만족해요.👍🏻👍🏻✅,2026년 6월 12일 금요일,음식이 맛있어요_재료가 신선해요_양이 많아요_인테리어가 멋져요_뷰가 좋아요_
2000922127,룰루랄라122,쌀국수는여기서만먹어요!향신료맛이세지도않고딱한국식이라맛있네요ㅎㅎ,2026년 6월 12일 금요일,음식이 맛있어요_재료가 신선해요_양이 많아요_혼밥하기 좋아요_매장이 넓어요_
2000922127,미녀포로리,분위기도좋고맛있어요n번째방문중,2026년 6월 12일 금요일,음식이 맛있어요_인테리어가 멋져요_매장이 넓어요_친절해요_
2000922127,sooJ3,분위기도너무좋고~맛있어요!😋,2026년 6월 12일 금요일,특별한 메뉴가 있어요_음식이 맛있어요_인테리어가 멋져요_
2000922127,yej****,쌀국수와볶음밥맛있어요!,2026년 6월 11일 목요일,음식이 맛있어요_재료가 신선해요_양이 많아요_인테리어가 멋져요_
2000922127,에일리88,메뉴도많고다맛있어요~양도진짜푸짐해요!!!사장님도친절하셔서또오고싶어요^^,2026년 6월 11일 목요일,음식이 맛있어요_특별한 메뉴가 있어요_메뉴 구성이 알차요_친절해요_주차하기 편해요_
2000922127,tmd****,벌써4번째방문입니다.한50번은올거같아요,2026년 6월 11일 목요일,양이 많아요_음식이 맛있어요_가성비가 좋아요_인테리어가 멋져요_
2000922127,kuk****,너무맛있고직원들도친절하세요또올께요,2026년 6월 11일 목요일,음식이 맛있어요_재료가 신선해요_인테리어가 멋져요_
2000922127,하나사랑55,맛있어요굿굿자주올께요,2026년 6월 11일 목요일,음식이 맛있어요_재료가 신선해요_가성비가 좋아요_인테리어가 멋져요_
2000922127,희굴희굴,전주에서태국음식을먹고싶을때찾는곳!너무너무맛있고쌀국수도넘맛있어요ㅎㅎ불향가득!근데샐러드도맛있네요?다맛있어서메뉴고민안하셔도될듯ㅎㅎ,2026년 6월 11일 목요일,음식이 맛있어요_재료가 신선해요_친절해요_매장이 청결해요_인테리어가 멋져요_
2000922127,hanxi78,음식도빨리나오고음식다빠짐없이너무맛있어요💗,2026년 6월 11일 목요일,음식이 맛있어요_현지 맛에 가까워요_메뉴 구성이 알차요_인테리어가 멋져요_친절해요_
2000922127,sih****,인테리어가진짜멋져용,2026년 6월 11일 목요일,인테리어가 멋져요_
2000922127,방국봉봉,정자동에서먹고맛있어서또왔어요숙주리필도좋고육수도진하고푸팟퐁커리는부드럽고맛납니다~~,2026년 6월 10일 수요일,음식이 맛있어요_양이 많아요_현지 맛에 가까워요_매장이 넓어요_
2000922127,NYSEO73,너무좋아서자꾸오게되요,2026년 6월 10일 수요일,재료가 신선해요_양이 많아요_현지 맛에 가까워요_음식이 맛있어요_
2000922127,진순이언니,인스타에서보고너무와보고싶었어요친절하시고음식도맛있어요💕,2026년 6월 10일 수요일,음식이 맛있어요_재료가 신선해요_양이 많아요_인테리어가 멋져요_단체모임 하기 좋아요_
2000922127,Kes1218,음식너무맛있어요~!,2026년 6월 10일 수요일,음식이 맛있어요_
2000922127,skyjje1126,아이들과특별한맛을느끼고싶어서왔어요맛있고음식도빨리나와서너무좋아요♡,2026년 6월 10일 수요일,인테리어가 멋져요_특별한 날 가기 좋아요_매장이 청결해요_친절해요_
2000922127,woo****,맛있어요!!,2026년 6월 10일 수요일,음식이 맛있어요_재료가 신선해요_양이 많아요_인테리어가 멋져요_매장이 넓어요_
2000922127,kk90,맛잇어요~~!!,2026년 6월 10일 수요일,음식이 맛있어요_재료가 신선해요_
2000922127,키어서나,신시오면꼭오는곳이였다가이제이거먹으러신시가지와요ㅠㅠ지금한5번째?방문입니다넘넘맛있어여ㅎㅎ,2026년 6월 10일 수요일,음식이 맛있어요_재료가 신선해요_양이 많아요_인테리어가 멋져요_컨셉이 독특해요_
2000922127,검정단발,우선신시가지에주차장이있는음식점잘없는데너무편하고좋았어요!음식이빨리나오니까주차시간도넉넉해서앞에올영도후다닥들렀다왔네요👍들어가면인테리가멋지고집기들도깨끗해요.셋팅도깔끔하고예뻐요!저희는인원에맞춰서셋트로시켰는데양이많아서여자들끼리만오면조금적게시켜도될것같아요.만족스럽게먹어서다음엔다른음식으로재방문할게요!그리고리뷰이벤샐러드지만맛있고고퀄..!!안받아도리뷰쓰시게될테니까받고리뷰쓰세용:),2026년 6월 10일 수요일,음식이 맛있어요_양이 많아요_인테리어가 멋져요_매장이 청결해요_주차하기 편해요_
2000922127,hangukin98,전주신시가지최애태국음식점발견!양도많고맛도감동이에요꿍팟퐁커리강추!​전주신시가지에있는나나방콕에다녀왔는데정말태국현지에서먹는것보다훨씬깔끔하고맛있어서온가족이대만족하고왔습니다!​5명이서2인세트(나나만믿으라꿍)랑3인세트(다모인방콕로컬)조합으로주문했더니테이블이꽉찰정도로푸짐하게나오더라고요.​꿍팟퐁커리:부드러운계란소스에새우가듬뿍들어가서밥도둑이따로없어요.흰쌀밥에슥슥비벼먹으면극락입니다.​생파인애플볶음밥&게살볶음밥:파인애플반통이통째로나와서비주얼부터압도적이에요!상큼달콤해서아이들도너무잘먹고고슬고슬한게살볶음밥도담백하니커리랑찰떡궁합입니다.​직화불고기쌀국수:국물이정말깊고진해요.,2026년 6월 10일 수요일,음식이 맛있어요_재료가 신선해요_인테리어가 멋져요_매장이 넓어요_친절해요_
2000922127,기므앙나,처음왔는데분위기도좋고맛도있어요!다음에또방문할예정입니다^_______^*번창하세요!!,2026년 6월 9일 화요일,음식이 맛있어요_재료가 신선해요_혼밥하기 좋아요_친절해요_매장이 청결해요_
2000922127,ne****,태국음식생각나서왔는데배부르게잘먹었어요ㅎㅎ재방문의사100%입니다,2026년 6월 9일 화요일,음식이 맛있어요_재료가 신선해요_건강한 맛이에요_인테리어가 멋져요_매장이 넓어요_
2000922127,안녕초콜릿19,쌀국수칼칼한버전으로시켰고게살라이스시켰습니다.양이무진장많았어요.끝날때쯤가니까좀눈치가보여서별깎았어요...그래도음식은맛있었습니다!!!,2026년 6월 8일 월요일,음식이 맛있어요_매장이 넓어요_매장이 청결해요_
2000922127,에블8699,저번에도오고이번에또왔는데역시음식들이퀄리티좋구넘맛있어용향신료가강하지않아부담스럽지않아서계속생각나는맛입니당최고예요😊,2026년 6월 8일 월요일,음식이 맛있어요_재료가 신선해요_양이 많아요_현지 맛에 가까워요_향신료가 강하지 않아요_
2000922127,NYSEO73,맛있어요~,2026년 6월 8일 월요일,음식이 맛있어요_양이 많아요_가성비가 좋아요_
2000922127,평강247,진짜맛있어서이틀만에재방문해요ㅎㅎㅎ,2026년 6월 8일 월요일,음식이 맛있어요_재료가 신선해요_현지 맛에 가까워요_양이 많아요_
2000922127,김윤희9653,신시가지에태국음식맛있는곳이있다해서와밨어요^^메인을4가지나시켯어요너무나맛있네오ㆍ^^종종오고싶어요~~,2026년 6월 8일 월요일,음식이 맛있어요_재료가 신선해요_인테리어가 멋져요_혼밥하기 좋아요_친절해요_
2000922127,Hiiiiiiiiiiil,부모님이랑너무맛있게먹었어용🫰🫰,2026년 6월 8일 월요일,음식이 맛있어요_현지 맛에 가까워요_단체모임 하기 좋아요_인테리어가 멋져요_
2000922127,sun****,결혼기념일하루다음날ㅋ맛있구만유ㅋ로봇청소기와치도사고맛난것도먹구,2026년 6월 8일 월요일,인테리어가 멋져요_매장이 청결해요_화장실이 깨끗해요_재료가 신선해요_음식이 맛있어요_
2000922127,강해지잣,맛있어요👍👍👍👍남편이랑둘이가서배터지게먹구갑니당,2026년 6월 8일 월요일,음식이 맛있어요_재료가 신선해요_양이 많아요_현지 맛에 가까워요_
2000922127,Soul55,나나방콕!첫방문인데너무맛있어용~!~!고수추가해서드쎄용😙😙추천합니다!!,2026년 6월 7일 일요일,음식이 맛있어요_재료가 신선해요_인테리어가 멋져요_친절해요_매장이 청결해요_
2000922127,밥도둑63,이집잘해요다음에또방문예정,2026년 6월 7일 일요일,음식이 맛있어요_재료가 신선해요_양이 많아요_현지 맛에 가까워요_
2000922127,ReMI,쌀국수가먹고싶어서방문한나나방콕!!점심시간이지나서갔는데도사람이꽤있고직원분들더친절하구쌀국수랑팟타이도너무너무맛있게먹었습니다ㅎㅎ,2026년 6월 7일 일요일,음식이 맛있어요_인테리어가 멋져요_친절해요_매장이 청결해요_
2000922127,dncks711,처음왔는데맛있습니다!,2026년 6월 7일 일요일,음식이 맛있어요_재료가 신선해요_양이 많아요_현지 맛에 가까워요_
2000922127,asap222,향신료가강하지않고맛있어요,2026년 6월 7일 일요일,향신료가 강하지 않아요_음식이 맛있어요_매장이 넓어요_주차하기 편해요_좌석이 편해요_
2000922127,ㄱㄱㅁㅇㅇ,배달로시켜먹고맛있어서가게찾아왔어요ㅎㅎ분위기도좋고음식도다양하니뭘먹을지고민되네용팟타이쌀국수둘다맛있습니다,2026년 6월 7일 일요일,음식이 맛있어요_현지 맛에 가까워요_특별한 메뉴가 있어요_매장이 넓어요_인테리어가 멋져요_
2000922127,bea****,쌀국수담백하고진한육수가좋습니다~,2026년 6월 7일 일요일,음식이 맛있어요_재료가 신선해요_양이 많아요_인테리어가 멋져요_친절해요_
2000922127,sha****,맛잇어요!!!,2026년 6월 7일 일요일,음식이 맛있어요_
2000922127,욱싸바리,전주와서방문했는데너무맛있게먹고갑니다.직원들도친절하고방콕의맛을느끼고갑니다.,2026년 6월 7일 일요일,음식이 맛있어요_재료가 신선해요_양이 많아요_현지 맛에 가까워요_가성비가 좋아요_
2000922127,저년,분위기도좋고음식도맛있어요~아기들랑오기도좋아요~,2026년 6월 7일 일요일,음식이 맛있어요_인테리어가 멋져요_친절해요_
2000922127,candy31,음식주문하면엄청빨리나와요!!그리고맛도엄청맛있고직원분들께물어보면친절하게답변도해주셔서너무좋아요~,2026년 6월 7일 일요일,음식이 맛있어요_향신료가 강하지 않아요_단체모임 하기 좋아요_주차하기 편해요_음식이 빨리 나와요_
2000922127,dabini24,저번주에방문하고다시왔습니다음식이맛잇어서이번엔다른메뉴도먹어보려고어ㅏㅅ어요자주올거같아요,2026년 6월 6일 토요일,음식이 맛있어요_양이 많아요_
2000922127,hie****,며칠전에오고또왔어요!!,2026년 6월 6일 토요일,음식이 맛있어요_재료가 신선해요_양이 많아요_현지 맛에 가까워요_
2000922127,토도리9,존맛탱,2026년 6월 6일 토요일,음식이 맛있어요_양이 많아요_인테리어가 멋져요_친절해요_매장이 청결해요_
2000922127,LEEEEEEEEE,광주에서먹었던나나방콕!전주신시가지에생겨서너무좋아요ㅎㅎ멀리가지않아도먹을수있고아롱사태쌀국수분짜진짜맛있게먹었습니당👍🏻,2026년 6월 6일 토요일,음식이 맛있어요_재료가 신선해요_인테리어가 멋져요_
2000922127,dal****,맛도좋고가게분위기도좋아요.부모님도만족해하셨어요.고수나양파절임숙주가무료추가되는점도좋았습니다.또오고싶어요.^^,2026년 6월 6일 토요일,음식이 맛있어요_가성비가 좋아요_인테리어가 멋져요_
2000922127,팡야팡야5,친정언니소개로자녀랑왔는데추천할만했네요~~👍검색할필요없이그냥오세요~~~~🤩쌀국수국물맛부터미쳤고요~~메뉴완전강추입니다~~~,2026년 6월 6일 토요일,음식이 맛있어요_현지 맛에 가까워요_인테리어가 멋져요_친절해요_매장이 청결해요_
2000922127,and****,음식이맛있어요~,2026년 6월 6일 토요일,음식이 맛있어요_재료가 신선해요_인테리어가 멋져요_매장이 청결해요_친절해요_
2000922127,수루기33,진짜맛있음푸팟퐁커리아롱사태쌀국수(청양)파인씨푸드볶음밥꼭드셈ㅋ,2026년 6월 5일 금요일,음식이 맛있어요_재료가 신선해요_메뉴 구성이 알차요_컨셉이 독특해요_음식이 빨리 나와요_
2000922127,앗뇽3319,광주에있을때도맛있게먹었는데전주지점도맛있네요분짜에레몬크림새우추가하고파인애플볶음밥먹었는데다맛있어요!!다음에또오겠습니다.,2026년 6월 5일 금요일,음식이 맛있어요_재료가 신선해요_인테리어가 멋져요_매장이 청결해요_
2000922127,네오1004,음식이깔끔하고맛있었어요.팟타이랑쌀국수모두만족스러웠고직원분들도친절했습니다.매장분위기도좋아서편하게식사하기좋았어요.다음에또방문하고싶습니다.,2026년 6월 5일 금요일,음식이 맛있어요_재료가 신선해요_인테리어가 멋져요_매장이 청결해요_
2000922127,iamdamdadi,현지맛에가까운쌀국수와볶음밥도고슬고슬너무맛잇어요최고최고가족들이랑또오려해요,2026년 6월 5일 금요일,음식이 맛있어요_재료가 신선해요_메뉴 구성이 알차요_현지 맛에 가까워요_인테리어가 멋져요_
2000922127,쏭4495,나나방콕인테리어.맛.친절뭐하나빠지는게없는곳이예요^^맛있게잘먹고갑니다!!,2026년 6월 5일 금요일,음식이 맛있어요_재료가 신선해요_양이 많아요_인테리어가 멋져요_친절해요_
2000922127,포밍01,아이랑같이방문했는데직원분이엄청친절하셔서기분좋았어요메뉴들도다맛있구만족스러운식사하고갑니다ㅎㅎ,2026년 6월 5일 금요일,음식이 맛있어요_재료가 신선해요_인테리어가 멋져요_매장이 넓어요_친절해요_
2000922127,Hjini,음식도빨리나오고국물요리없다고국물따로주셧어요센스대박!!!,2026년 6월 5일 금요일,음식이 맛있어요_재료가 신선해요_건강한 맛이에요_매장이 청결해요_친절해요_
2000922127,sos****,오랜만에왔네요!!!^^잘먹고갑니다,2026년 6월 5일 금요일,음식이 맛있어요_재료가 신선해요_인테리어가 멋져요_친절해요_매장이 청결해요_
2000922127,아리2610,분위기도좋고친절하고너무맛있어요~~커리추천🥰,2026년 6월 5일 금요일,음식이 맛있어요_재료가 신선해요_인테리어가 멋져요_
2000922127,춘삼이 1006,맛있게잘먹었습니다!,2026년 6월 5일 금요일,음식이 맛있어요_현지 맛에 가까워요_
2000922127,son****,n번째방문중ㅎㅎㅎㅎㅎ분위기감성도좋고ㅎㅎㅎㅎ꿍팟퐁커리때문오ㅏ요ㅎ너무맛잇어요,2026년 6월 5일 금요일,음식이 맛있어요_재료가 신선해요_현지 맛에 가까워요_가성비가 좋아요_
2000922127,rhguswl27,맛있어요!!!,2026년 6월 4일 목요일,음식이 맛있어요_양이 많아요_인테리어가 멋져요_친절해요_매장이 청결해요_
2000922127,앙띠노미,맛있어요!!!,2026년 6월 4일 목요일,음식이 맛있어요_
2000922127,쭈댕1569,맛있어요!!!,2026년 6월 4일 목요일,음식이 맛있어요_재료가 신선해요_인테리어가 멋져요_매장이 넓어요_친절해요_
2000922127,Batzzyo,처음와봤는데매장도넓고깨끗해요!주차도지하주차장에여유있게할수있어서편했습니다!음식도아주맛나요!,2026년 6월 4일 목요일,음식이 맛있어요_재료가 신선해요_양이 많아요_현지 맛에 가까워요_매장이 넓어요_
2000922127,dht****,올때마다너무맛있어용신시가지맛집입니다!,2026년 6월 3일 수요일,음식이 맛있어요_재료가 신선해요_양이 많아요_현지 맛에 가까워요_인테리어가 멋져요_
2000922127,dht****,두번째방문이에요!!!!최근에먹은곳중에제일맛있었습니당추추추천,2026년 6월 3일 수요일,음식이 맛있어요_양이 많아요_인테리어가 멋져요_친절해요_음식이 빨리 나와요_
2000922127,오종찬11,맛있어용~!,2026년 6월 3일 수요일,음식이 맛있어요_재료가 신선해요_양이 많아요_
2000922127,ㅋㄴ20,푸팟퐁커리게살밥너무맛있어요!인테리어도완전현지느낌:)재방문의사있습니다~.~,2026년 6월 3일 수요일,음식이 맛있어요_가성비가 좋아요_매장이 넓어요_인테리어가 멋져요_
2000922127,boo****,갑자기팟타이가먹고싶어서검색해서왔어요.처음이라주행중위치찾는것이헷갈렸지만설명듣고왔어요.우리들정형외과건물1층이고주차도지하주차장2시간가능해서편했어요.음식은향신료가강하지않아서아주맛있게먹었어요.아롱사태가두꺼워서질길줄알았다니젓가락으로쭉쭉분리가잘됩니다.숙주고수무료리필해서먹었어요.팟타이는약간매콤하게맛있었고양이많았어요.먹어도먹어도ㅋㅋ손님을위해태이블위에무선충전기아기자기한용품도센스있게느껴졌습니다.아주배부르게잘먹었어요.,2026년 6월 3일 수요일,음식이 맛있어요_양이 많아요_향신료가 강하지 않아요_인테리어가 멋져요_주차하기 편해요_
2000922127,peo****,산책길에찾은태국음식점인데맛도좋고친절하시네요국물요리가없으시다며국물도챙겨주시는센스너무좋아요,2026년 6월 3일 수요일,음식이 맛있어요_메뉴 구성이 알차요_인테리어가 멋져요_친절해요_매장이 청결해요_
2000922127,bruceehee,태국현지에서의맛을그대로느낄수있어좋았다.아내가젤좋아함.,2026년 6월 3일 수요일,음식이 맛있어요_인테리어가 멋져요_화장실이 깨끗해요_
2000922127,오영지,부모님추천으로함께방문했어요.태국온것같은분위기에음식도맛있었어요!,2026년 6월 3일 수요일,음식이 맛있어요_인테리어가 멋져요_주차하기 편해요_음식이 빨리 나와요_매장이 청결해요_
2000922127,hameul,메뉴가많아서좋아요!다음에와서다른것도먹어볼게요~!잘먹었습니다,2026년 6월 3일 수요일,음식이 맛있어요_메뉴 구성이 알차요_인테리어가 멋져요_친절해요_
2000922127,띵똥땅띵,공심채볶음도맛있고팟타이랑팟씨유도너무맛있어요!딱한국인이좋아하는태국음식맛..?현지에서먹는맛이랑비슷한데입맛에더맞아용☺️,2026년 6월 3일 수요일,음식이 맛있어요_양이 많아요_친절해요_매장이 청결해요_
2000922127,ㅍㅋㅁㄹ,가족식사로방문했는데양도많고맛도좋고아이들이좋라하네요~다음에다시와야겠어요.직원분들도친절하고음식도오래걸리지않았어요,2026년 6월 3일 수요일,음식이 맛있어요_메뉴 구성이 알차요_인테리어가 멋져요_친절해요_주차하기 편해요_
2000922127,godjk6,자주오는곳이에요~넘맛있고현지맛에가까워요ㅎ또올게요~~,2026년 6월 3일 수요일,음식이 맛있어요_재료가 신선해요_양이 많아요_현지 맛에 가까워요_
2000922127,hie****,너무맛있어요~!!,2026년 6월 3일 수요일,음식이 맛있어요_재료가 신선해요_인테리어가 멋져요_매장이 넓어요_
2000922127,김보라988,맛있다는소문듣고방문했어요~태국음식을가까운데서먹을수있어서좋네요~가족들이모든메뉴를다맛있게먹었습니다~,2026년 6월 3일 수요일,음식이 맛있어요_인테리어가 멋져요_주차하기 편해요_
2000922127,ssongya,부모님모시고방문했는데기대이상으로너무성공적인식사였어요!👍향신료가너무강하지않고우리입맛에딱맞춘깊은맛이라태국음식이낯설수있는부모님도정말맛있다고칭찬하시며남김없이드셨습니다.​매장분위기도깔끔하고이국적이라대접하는기분도나고직원분들도친절하셔서식사하는내내편안했어요.앞으로가족외식할때자주찾게될것같습니다.나나방콕완전추천합니다!❤️,2026년 6월 2일 화요일,음식이 맛있어요_가성비가 좋아요_특별한 메뉴가 있어요_차분한 분위기예요_음식이 빨리 나와요_
1444733898,꽁이공주님,오랜만에라멘생각에늘오던멘야케이신시점에왔음..근데한명은일하기싫은티팍팍내고있고귀걸이치렁치렁에밥먹고있는데코풀어대고손도안씻고음식만짐한명은일한지얼마나됐는가일머리가없음..난분명라멘을주문했는데웬어죽이나옴..국물이너무없어서육수를달라하니레시피드립을치며못준다함..내가한두번먹어본것도아닌데날멍청이취급함..늘오던신시점오늘이마지막임이제금암본점가겠음,2026년 6월 15일 월요일,음식이 맛있어요_가성비가 좋아요_특별한 메뉴가 있어요_차분한 분위기예요_음식이 빨리 나와요_
1444733898,WooD_O21,맛있러요,2026년 6월 15일 월요일,음식이 맛있어요_인테리어가 멋져요_매장이 넓어요_혼밥하기 좋아요_
1444733898,넋뫼,맛있러요,2026년 6월 15일 월요일,음식이 맛있어요_특별한 메뉴가 있어요_혼밥하기 좋아요_친절해요_
1444733898,유낫시,자리가혼밥하기좋아요!사장님이친절하셔서좋았어요엄청맛있구요ㅠㅠ,2026년 6월 15일 월요일,음식이 맛있어요_재료가 신선해요_인테리어가 멋져요_혼밥하기 좋아요_
1444733898,als****,하남부추신대창라멘이랑신케이라멘먹었는데너무맛있어요~~~먹다가마늘넣으면맛도바뀌고다음에도방문할것같아요!!,2026년 6월 15일 월요일,음식이 맛있어요_특별한 메뉴가 있어요_인테리어가 멋져요_혼밥하기 좋아요_친절해요_
1444733898,운율121,하남부추신대창라멘이랑신케이라멘먹었는데너무맛있어요~~~먹다가마늘넣으면맛도바뀌고다음에도방문할것같아요!!,2026년 6월 15일 월요일,음식이 맛있어요_특별한 메뉴가 있어요_혼밥하기 좋아요_친절해요_
1444733898,뚜비412,편차없이늘맛있어요!,2026년 6월 15일 월요일,음식이 맛있어요_특별한 메뉴가 있어요_혼밥하기 좋아요_친절해요_
1444733898,또니혀니,전주에서제일맛있어애용하는최애일본라멘집!!#일본라면#전주라멘#신시가지맛집데이트하기좋은식당이에요~잠시나마일본에여행온듯한느낌👍,2026년 6월 15일 월요일,음식이 맛있어요_재료가 신선해요_양이 많아요_인테리어가 멋져요_매장이 넓어요_
1444733898,정쏠,맛있었어요!라멘맛집이에요ㅎㅎ,2026년 6월 14일 일요일,음식이 맛있어요_특별한 메뉴가 있어요_혼밥하기 좋아요_친절해요_
1444733898,킁킁이28549,혼밥하기좋아요!,2026년 6월 14일 일요일,음식이 맛있어요_재료가 신선해요_양이 많아요_현지 맛에 가까워요_
1444733898,넌말이지,신시가지라멘맛집~.면두께익힘정도간옵션으로고를수있어넘좋아요,2026년 6월 14일 일요일,음식이 맛있어요_특별한 메뉴가 있어요_혼밥하기 좋아요_친절해요_주차하기 편해요_
1444733898,우주함마,육수가진짜맛있고직원들고친절해요추천합니당,2026년 6월 14일 일요일,주차하기 편해요_음식이 맛있어요_인테리어가 멋져요_사진이 잘 나와요_
1444733898,abc****,인테리어가진짜예쁘고음식이엄청맛있어요,2026년 6월 14일 일요일,음식이 맛있어요_가성비가 좋아요_인테리어가 멋져요_혼밥하기 좋아요_아늑해요_
1444733898,예진1137,웨이팅없이바로입장해서좋았습니다~~!!음식도맛있고깔끔해서좋아요다음에도방문하겠습니다~,2026년 6월 14일 일요일,음식이 맛있어요_
1444733898,머시디즈75,웨이팅없이바로입장해서좋았습니다~~!!음식도맛있고깔끔해서좋아요다음에도방문하겠습니다~,2026년 6월 14일 일요일,친절해요_음식이 맛있어요_특별한 메뉴가 있어요_
1444733898,khjj745374,너무너무맛있고시원해요!,2026년 6월 13일 토요일,음식이 맛있어요_재료가 신선해요_양이 많아요_현지 맛에 가까워요_매장이 청결해요_
1444733898,yyy****,굿맛잇어요!,2026년 6월 13일 토요일,혼밥하기 좋아요_친절해요_음식이 맛있어요_특별한 메뉴가 있어요_
1444733898,gog****,자주와서먹는라멘맛집이에요!!언제와도맛있어요!!,2026년 6월 13일 토요일,음식이 맛있어요_재료가 신선해요_양이 많아요_현지 맛에 가까워요_특별한 메뉴가 있어요_
1444733898,예린9149,자주와서먹는라멘맛집이에요!!언제와도맛있어요!!,2026년 6월 13일 토요일,음식이 맛있어요_특별한 메뉴가 있어요_친절해요_혼밥하기 좋아요_
1444733898,방예은9,분위기도좋고맛있습니다!!가성비좋고직원분들도친절하십니다~~,2026년 6월 13일 토요일,혼밥하기 좋아요_음식이 맛있어요_특별한 메뉴가 있어요_친절해요_
1444733898,tjd****,국물이진하고깊은맛이나서마지막한숟갈까지맛있게먹었습니다.면의식감도쫄깃하고탱탱해서국물과잘어울렸고차슈도부드럽고풍미가좋았습니다.매장도깔끔하고직원분들이친절해서기분좋게식사할수있었으며다음에또방문하고싶은라멘집입니다.,2026년 6월 13일 토요일,음식이 맛있어요_특별한 메뉴가 있어요_혼밥하기 좋아요_친절해요_
1444733898,방구석뿡빵커비,신기한메뉴들이있었고매장분위기가엄청일본느낌이에여전주에서좀신선한곳을만난거같아서행복해여!!!!사장님목소리엄청크시궄ㅋㅋㅋ친절하셔서더좋아여!!,2026년 6월 13일 토요일,혼밥하기 좋아요_컨셉이 독특해요_친절해요_음식이 맛있어요_특별한 메뉴가 있어요_
1444733898,방구석붕빵카피바라,직원분이친절하시고목소리도커서매장이활기찬분위기였습니다색다른메뉴도있고좌석들도바테이블처럼돼있어서일본느낌이물씬풍겨져요혼밥하기에도편한분위기고라멘이정말맛있어요!!!,2026년 6월 13일 토요일,특별한 메뉴가 있어요_음식이 맛있어요_혼밥하기 좋아요_친절해요_
1444733898,뱅크맨44,가끔생각나면들리는곳서울에서먹어본찐라멘맛추천해요,2026년 6월 13일 토요일,음식이 맛있어요_재료가 신선해요_양이 많아요_현지 맛에 가까워요_인테리어가 멋져요_
1444733898,you****,가끔생각나면들리는곳서울에서먹어본찐라멘맛추천해요,2026년 6월 13일 토요일,음식이 맛있어요_재료가 신선해요_혼밥하기 좋아요_
1444733898,sujin83,가게도넓고음식이너무맛있어요!,2026년 6월 13일 토요일,친절해요_혼밥하기 좋아요_음식이 맛있어요_특별한 메뉴가 있어요_
1444733898,김승준7054,두번째방문입니다항상올때마다엄청맛잇게먹고갑니당,2026년 6월 12일 금요일,음식이 맛있어요_재료가 신선해요_양이 많아요_
1444733898,eun****,맛있어요,2026년 6월 12일 금요일,음식이 맛있어요_특별한 메뉴가 있어요_인테리어가 멋져요_혼밥하기 좋아요_친절해요_
1444733898,진진94,라멘먹고싶을때마다항상오는멘야케이!!라멘면굵기랑기름정도도다조절할수읺어서너무좋아요~~,2026년 6월 12일 금요일,혼밥하기 좋아요_친절해요_매장이 청결해요_음식이 맛있어요_특별한 메뉴가 있어요_
1444733898,gos****,신메뉴라멘이먹어보고싶어서왔습니다.너무맛있을거같네요.,2026년 6월 12일 금요일,음식이 맛있어요_특별한 메뉴가 있어요_혼밥하기 좋아요_친절해요_
1444733898,sso****,음식이너무맛있어요혼자와서먹어도좋아요,2026년 6월 12일 금요일,음식이 맛있어요_특별한 메뉴가 있어요_혼밥하기 좋아요_친절해요_
1444733898,SSOO0524,오픈주방이라보는재미도있고혼자왔는데도불편하지않은자리였어요국물도맛있고처음방문인데설명도잘해주셔서좋아요,2026년 6월 11일 목요일,음식이 맛있어요_특별한 메뉴가 있어요_가성비가 좋아요_혼밥하기 좋아요_인테리어가 멋져요_
1444733898,cks****,직원분이엄청친절하게알려주셔서더맛있게먹을수있었습니다양도많아서배불리잘먹었습니다,2026년 6월 11일 목요일,친절해요_혼밥하기 좋아요_음식이 맛있어요_특별한 메뉴가 있어요_양이 많아요_
1444733898,dnwls20781,일본에와있는느낌이드는거같아요!!바에서먹는형식이고기대되는거같아요!!일본감성느낄수있는맛집입니다!!강추!!,2026년 6월 11일 목요일,음식이 맛있어요_재료가 신선해요_양이 많아요_인테리어가 멋져요_혼밥하기 좋아요_
1444733898,Jeon1,자주애용하는맛집입니다,2026년 6월 11일 목요일,음식이 맛있어요_특별한 메뉴가 있어요_인테리어가 멋져요_혼밥하기 좋아요_친절해요_
1444733898,epo****,맛있고가격이저렴해요,2026년 6월 11일 목요일,음식이 맛있어요_특별한 메뉴가 있어요_
1444733898,노빈손90,음식이맛있고직원분들이친절하십니다.,2026년 6월 11일 목요일,음식이 맛있어요_현지 맛에 가까워요_인테리어가 멋져요_혼밥하기 좋아요_친절해요_
1444733898,이승준91,며칠전에도왔지만또라멘이먹고싶어서왔습니다…라멘은역시멘야케이가최고!!!,2026년 6월 10일 수요일,음식이 맛있어요_재료가 신선해요_음악이 좋아요_친절해요_매장이 청결해요_
1444733898,백반장61,며칠전에도왔지만또라멘이먹고싶어서왔습니다…라멘은역시멘야케이가최고!!!,2026년 6월 10일 수요일,음식이 맛있어요_특별한 메뉴가 있어요_혼밥하기 좋아요_아늑해요_친절해요_
1444733898,beo****,너무맛있어요~~~추천해용!,2026년 6월 10일 수요일,재료가 신선해요_음식이 맛있어요_현지 맛에 가까워요_인테리어가 멋져요_매장이 넓어요_
1444733898,이갱72,혼자와도부담없이맛있게먹을수있고만족한식사하고갑니당,2026년 6월 9일 화요일,혼밥하기 좋아요_음식이 맛있어요_특별한 메뉴가 있어요_친절해요_
1444733898,봉순언니v,따듯한국물이땡겼는데너무맛있어요!자주오는데라멘맛집이에요👍,2026년 6월 9일 화요일,특별한 메뉴가 있어요_음식이 맛있어요_혼밥하기 좋아요_친절해요_
1444733898,qoo****,아이와저번에맛있게먹고다시방문했어요ㅎㅎ,2026년 6월 9일 화요일,음식이 맛있어요_특별한 메뉴가 있어요_가성비가 좋아요_혼밥하기 좋아요_친절해요_
1444733898,lll****,맛있어요최고,2026년 6월 8일 월요일,음식이 맛있어요_특별한 메뉴가 있어요_혼밥하기 좋아요_친절해요_
1444733898,연쨩GUMI,너무맛있어서다먹은사진이라도올립니다;;짱맛있고앞치마도주시고짱친절해요라멘좋아하는데학원근처라자주올것같아용ㅎㅎ,2026년 6월 8일 월요일,음식이 맛있어요_특별한 메뉴가 있어요_혼밥하기 좋아요_친절해요_
1444733898,바보사람임,어떻게먹어야할지설명도친절하게해주시고음식도정말맛있어요!,2026년 6월 8일 월요일,음식이 맛있어요_특별한 메뉴가 있어요_친절해요_음식이 빨리 나와요_인테리어가 멋져요_
1444733898,dong923,맛있음,2026년 6월 8일 월요일,혼밥하기 좋아요_친절해요_음식이 맛있어요_특별한 메뉴가 있어요_
1444733898,kim****,항상와서먹을때마다맛있어요,2026년 6월 8일 월요일,음식이 맛있어요_재료가 신선해요_양이 많아요_인테리어가 멋져요_친절해요_
1444733898,Gentle M,처음와봣는데너무맛있어요자주올거같습니다라멘먹는거좋아하는데제스타일이에요!!여러분들라멘좋아하시늠분등은와보시는거추천이에요!!,2026년 6월 8일 월요일,음식이 맛있어요_재료가 신선해요_특별한 메뉴가 있어요_인테리어가 멋져요_
1444733898,Teskhan Makburzh,동기들이랑같이왔는데매콤하고맛있네유적극추천합니다,2026년 6월 8일 월요일,음식이 맛있어요_재료가 신선해요_
1444733898,교미8637,•카라츠케멘차가운면발에매콤한소스가어우러져서달달하고맛있어요•케이max멘국물이짭쪼롬하고김이랑야채차슈전체적으로어울리는맛이에요•오사카성가라아게맛있어요!조용한분위기네요^^데이트하기에도좋고혼밥하기에도좋아요다음에도재방문의사가있어요!,2026년 6월 7일 일요일,혼밥하기 좋아요_친절해요_특별한 메뉴가 있어요_음식이 맛있어요_
1444733898,128491,너무너무맛있어요!!다음에또올게요ㅎㅎ,2026년 6월 7일 일요일,음식이 맛있어요_재료가 신선해요_양이 많아요_현지 맛에 가까워요_
1444733898,jh106,너무너무맛있어요!!다음에또올게요ㅎㅎ,2026년 6월 7일 일요일,혼밥하기 좋아요_친절해요_음식이 맛있어요_특별한 메뉴가 있어요_
1444733898,say****,현지맛을느낄수있고사장님이정말친절하세요!!기본반찬볶음김치가맛있습니다...,2026년 6월 6일 토요일,음식이 맛있어요_재료가 신선해요_특별한 메뉴가 있어요_혼밥하기 좋아요_
1444733898,woo****,라멘맛집멘야케이제추천으로왔는데와이프도너무맛있다고다음에또오자고하네요👍,2026년 6월 6일 토요일,혼밥하기 좋아요_친절해요_음식이 맛있어요_특별한 메뉴가 있어요_
1444733898,mcg****,라멘맛집멘야케이제추천으로왔는데와이프도너무맛있다고다음에또오자고하네요👍,2026년 6월 6일 토요일,음식이 맛있어요_특별한 메뉴가 있어요_혼밥하기 좋아요_친절해요_
1444733898,이승준91,한번오고나서라멘먹고싶을때마다여기로오는데언제나친절히반겨주시고라멘맛도항상기가막힙니다최고애요!!!,2026년 6월 5일 금요일,음식이 맛있어요_재료가 신선해요_친절해요_매장이 청결해요_
1444733898,tmdalsdl1004,맛있게잘먹었습니다!!,2026년 6월 5일 금요일,음식이 맛있어요_특별한 메뉴가 있어요_친절해요_혼밥하기 좋아요_
1444733898,아페르,전주롯데마트근처에라멘맛집이라방문했는데대만족이에요!내부인테리어부터다찌석까지일본현지느낌이제대로물씬풍겨요.오픈주방이라주문하자마자눈앞에서불대창구워주시는모습도직관할수있어서위생적으로도아주안심이가더라구요.모악산라멘은산처럼쌓인콩나물덕분에국물이진짜개운하고시원해서완전제최애픽이었어요!맵찔이라걱정했는데면굵기나육수농도매운맛조절까지커스텀이가능해서케이MAX멘도부담없이너무맛있게잘먹었습니다.영수증리뷰참여하면추억의뽑기나무료토핑서비스도주시니꼭참여해보세요!재방문의사100%입니다👍✨,2026년 6월 5일 금요일,음식이 맛있어요_재료가 신선해요_양이 많아요_
1444733898,박아연15,평일점심인데대기가한팀있었어요ㅎㅎ혼자왔는데편하게맛있게잘먹었어요전기본좋아해서케이라멘먹었는데깔끔하고맛있어서담에또먹으러오려고합니다ㅎㅎ,2026년 6월 5일 금요일,음식이 맛있어요_특별한 메뉴가 있어요_혼밥하기 좋아요_친절해요_
1444733898,잭잭잭,직원분이친절하게메뉴설명해주십니다맛있어요공간도혼밥하기도좋고다른라멘집에서못보던틀별한메뉴들도있어요다음에또올께요,2026년 6월 5일 금요일,음식이 맛있어요_양이 많아요_혼밥하기 좋아요_
1444733898,반창인,와이프랑간만에데이트나왔는데음식이너무맛있었어요,2026년 6월 5일 금요일,음식이 맛있어요_친절해요_혼밥하기 좋아요_
1444733898,주연609,저번주에방문하고맛있어서또왔어요~~!!!!다른도시라멘집가봐도멘야케이가가장맛있습니당.또방문할게요~~!!!,2026년 6월 5일 금요일,음식이 맛있어요_재료가 신선해요_특별한 메뉴가 있어요_혼밥하기 좋아요_친절해요_
1444733898,lee****,친구랑같이와서먹었는데너무맛있어요.국물도얼큰하고최애라멘집이될것같아요!사장님도친절하세요.,2026년 6월 5일 금요일,음식이 맛있어요_친절해요_
1444733898,공찾남,분위기도좋고완전맛있어요,2026년 6월 4일 목요일,음식이 맛있어요_재료가 신선해요_양이 많아요_인테리어가 멋져요_매장이 넓어요_
1444733898,kcy****,먹는방법도친절하게설명해주시고응대가친절하셔서좋앗어여라멘도완전맛잇어서또가고싶어여,2026년 6월 4일 목요일,인테리어가 멋져요_친절해요_음식이 빨리 나와요_음식이 맛있어요_특별한 메뉴가 있어요_
1444733898,to1****,먹는방법도친절하게설명해주시고응대가친절하셔서좋앗어여라멘도완전맛잇어서또가고싶어여,2026년 6월 4일 목요일,특별한 메뉴가 있어요_음식이 맛있어요_비싼 만큼 가치있어요_혼밥하기 좋아요_친절해요_
1444733898,jae****,고등학교때많이먹었는데또생각나서친구들데리고왔습니다짱맛있어요,2026년 6월 4일 목요일,음식이 맛있어요_현지 맛에 가까워요_인테리어가 멋져요_친절해요_
1444733898,kim****,맛있습니다.라멘을주문할때면익힘이나국물의간등을선택할수있어서좋았습니다.,2026년 6월 4일 목요일,음식이 맛있어요_인테리어가 멋져요_혼밥하기 좋아요_친절해요_매장이 청결해요_
1444733898,수주야,제최애라멘집다른라멘집많이가봤는데ㅎ저는전주에서이집이1등입니다제마음대로커스텀해서먹는것두맘에들어요ㅎ항상번창하십시요!!,2026년 6월 4일 목요일,혼밥하기 좋아요_친절해요_음식이 맛있어요_특별한 메뉴가 있어요_
1444733898,aay****,여기2번째로오는건데진짜맛나요,2026년 6월 3일 수요일,혼밥하기 좋아요_친절해요_음식이 맛있어요_특별한 메뉴가 있어요_
1444733898,mar****,라면이너무맛있네요또오고싶어요,2026년 6월 3일 수요일,음식이 맛있어요_재료가 신선해요_특별한 메뉴가 있어요_혼밥하기 좋아요_
1444733898,tjd****,정말맛잇어요!,2026년 6월 3일 수요일,음식이 맛있어요_특별한 메뉴가 있어요_혼밥하기 좋아요_친절해요_
1444733898,thd****,대창라멘이있어서신기해서먹어봤습니다.맛있었어요!모악산라멘도있는데콩나물이있어시원했습니다.,2026년 6월 3일 수요일,음식이 맛있어요_특별한 메뉴가 있어요_인테리어가 멋져요_
1444733898,이희석53,맛있게잘먹었습니다!!,2026년 6월 3일 수요일,음식이 맛있어요_재료가 신선해요_현지 맛에 가까워요_
1444733898,ohy****,맛있게잘먹었습니다!!,2026년 6월 3일 수요일,혼밥하기 좋아요_컨셉이 독특해요_친절해요_음식이 맛있어요_특별한 메뉴가 있어요_
1444733898,skt****,직원분들이친절하시고음식도맛있어서잘먹구왔습니다ㅎㅎ,2026년 6월 3일 수요일,음식이 맛있어요_특별한 메뉴가 있어요_친절해요_
1444733898,펠롱ㅇ,웨이팅있어요!!ㅎㅎ분위기도맛집입니다ㅎㅎ,2026년 6월 3일 수요일,음식이 맛있어요_재료가 신선해요_
1444733898,nurseq,맛있게잘먹었어요,2026년 6월 3일 수요일,혼밥하기 좋아요_친절해요_음식이 맛있어요_특별한 메뉴가 있어요_
1444733898,뜬니곤쥬,멘야케이역시너무맛있습니다!!!!국물도진하고차슈도잡내없이깔끔해요!!!❣️진짜짱맛이고혼밥하기도최고인멘야케이추천!!!!😊,2026년 6월 3일 수요일,음식이 맛있어요_인테리어가 멋져요_친절해요_
1444733898,서희3074,놀러왔다가들린라멘집이에요!키오스크에꼬들면기름적게등세부옵션선택이있어서좋았어요먹는법은글로도적혀있고사장님이음식내주실때안내도해주세요느끼하지않아서잘먹었어요,2026년 6월 3일 수요일,음식이 맛있어요_아늑해요_차분한 분위기예요_친절해요_주차하기 편해요_
1444733898,ghurha,놀러왔다가들린라멘집이에요!키오스크에꼬들면기름적게등세부옵션선택이있어서좋았어요먹는법은글로도적혀있고사장님이음식내주실때안내도해주세요느끼하지않아서잘먹었어요,2026년 6월 3일 수요일,특별한 메뉴가 있어요_음식이 맛있어요_혼밥하기 좋아요_친절해요_
1444733898,HYONII,이미라멘으로맛있다고소문났던멘야케이이제와봤어요!왜소문이자자한지알겠더라구요~진한국물과탱글탱글한면의조합이너무맛있었고하남붙추불대창라멘콩나물짱많고대창이랑같이먹으니고소함폭발이였어요:)다음에다른메뉴도맛보러올게요~~~,2026년 6월 3일 수요일,음식이 맛있어요_양이 많아요_특별한 메뉴가 있어요_친절해요_매장이 청결해요_
1444733898,gim****,인테리어가진짜제스타일이여서사진계속찍었어요!!전에도여기서먹어서맛있게먹었던기억이있어서또재방문했습니다ㅎㅎ,2026년 6월 3일 수요일,혼밥하기 좋아요_특별한 메뉴가 있어요_음식이 맛있어요_친절해요_
1444733898,kjs임당,음식참맛있습니다.담백한라면입니다.매장도아늑해서좋아요.다음에또방문하고자합니다.,2026년 6월 2일 화요일,음식이 맛있어요_양이 많아요_아늑해요_친절해요_
1444733898,ORRAURANTELINE,맛나고푸짐해요~,2026년 6월 2일 화요일,혼밥하기 좋아요_친절해요_음식이 맛있어요_특별한 메뉴가 있어요_
1444733898,qq1****,마싯어요다으메또올게용,2026년 6월 2일 화요일,음식이 맛있어요_인테리어가 멋져요_혼밥하기 좋아요_친절해요_
1444733898,osy****,현지에온듯한분위기의인테리어와요리과정을볼수있는오픈키친으로되어있어더더욱좋았던것같아여다양한메뉴들이있으니근처지나가실일있음함들어보는것도좋은것같네여🤤🤤,2026년 6월 2일 화요일,음식이 맛있어요_인테리어가 멋져요_매장이 넓어요_혼밥하기 좋아요_매장이 청결해요_
1444733898,제이 제이,맛있어요~!,2026년 6월 2일 화요일,혼밥하기 좋아요_특별한 메뉴가 있어요_음식이 맛있어요_친절해요_
1444733898,hus****,맛있어요다음에또방문하고싶어용!!,2026년 6월 2일 화요일,음식이 맛있어요_
1444733898,ty429,신시근처에서먹은라멘집중가장만족스러웠어요!🍜국물이진하면서도깔끔해서끝까지맛있게먹을수있었고면도쫄깃해서국물과잘어울렸습니다.차슈는부드럽고두툼해서식감이좋았고토핑도푸짐하게올라가있어만족스러웠어요.매장분위기도깔끔하고직원분들도친절해서식사하는내내기분이좋았습니다.라멘좋아하시는분들이라면한번쯤방문해볼만한곳이라고생각해요.다음에는다른메뉴도먹어보러재방문할예정입니다!,2026년 6월 1일 월요일,음식이 맛있어요_현지 맛에 가까워요_양이 많아요_메뉴 구성이 알차요_인테리어가 멋져요_
1444733898,윤양파 오빠,신시근처에서먹은라멘집중가장만족스러웠어요!🍜국물이진하면서도깔끔해서끝까지맛있게먹을수있었고면도쫄깃해서국물과잘어울렸습니다.차슈는부드럽고두툼해서식감이좋았고토핑도푸짐하게올라가있어만족스러웠어요.매장분위기도깔끔하고직원분들도친절해서식사하는내내기분이좋았습니다.라멘좋아하시는분들이라면한번쯤방문해볼만한곳이라고생각해요.다음에는다른메뉴도먹어보러재방문할예정입니다!,2026년 6월 1일 월요일,음식이 맛있어요_양이 많아요_현지 맛에 가까워요_
1444733898,애정이99,종종라멘먹고싶을때오는곳이에요.신메뉴도푸짐하고맛있네요!간단하게혼밥하기에도좋고국물도진해서좋아하는전주맛집이에요.,2026년 6월 1일 월요일,음식이 맛있어요_양이 많아요_현지 맛에 가까워요_특별한 메뉴가 있어요_인테리어가 멋져요_
1444733898,이도경44,종종라멘먹고싶을때오는곳이에요.신메뉴도푸짐하고맛있네요!간단하게혼밥하기에도좋고국물도진해서좋아하는전주맛집이에요.,2026년 6월 1일 월요일,음식이 맛있어요_재료가 신선해요_
1444733898,jac****,종종라멘먹고싶을때오는곳이에요.신메뉴도푸짐하고맛있네요!간단하게혼밥하기에도좋고국물도진해서좋아하는전주맛집이에요.,2026년 6월 1일 월요일,음식이 맛있어요_현지 맛에 가까워요_
1444733898,you peach,대창라멘이있다고해서알게되었어요너무맛있고가게가일본스러워서좋아요다음에또방문할예정이에요!,2026년 6월 1일 월요일,음식이 맛있어요_특별한 메뉴가 있어요_혼밥하기 좋아요_친절해요_
1444733898,thf****,여자친구와함께방문해서전주콩나물모악산라멘먹고왔어요🍜전주만의특색이담긴라멘이라궁금했는데생각보다훨씬맛있었습니다.시원한국물에콩나물의아삭한식감이잘어우러지고면발도쫄깃해서끝까지맛있게먹었어요.느끼하지않고깔끔한맛이라부담없이즐기기좋았습니다.매장분위기도깔끔하고직원분들도친절해서데이트식사장소로만족스러웠네요.다음에또방문하고싶은라멘집입니다!😊,2026년 6월 1일 월요일,특별한 메뉴가 있어요_메뉴 구성이 알차요_인테리어가 멋져요_매장이 넓어요_친절해요_
1444733898,빈끄,예전부터오고싶었던곳인데비주얼장난아니고신메뉴불대창검단산라멘먹어봤는데대창러버로써너모좋네요!다음엔대표메뉴먹어보려구요!!!오픈하자마자와서여유로웠는데점심시간되면웨이팅하셔야될듯!!맛있게먹고갑니다🤍,2026년 6월 1일 월요일,음식이 맛있어요_양이 많아요_특별한 메뉴가 있어요_혼밥하기 좋아요_아늑해요_
1444733898,hol****,일본오사카도톤보리에온것같다.메챠맛있어요.,2026년 6월 1일 월요일,음식이 맛있어요_특별한 메뉴가 있어요_친절해요_혼밥하기 좋아요_
1444733898,dra****,아이가제일좋아하는라멘집이에요~맛있게먹고갑니다.,2026년 5월 31일 일요일,음식이 맛있어요_재료가 신선해요_특별한 메뉴가 있어요_혼밥하기 좋아요_
1308357339,첫번째레쓴,오늘도맛있게먹고가요올때마다친절하신직원분들덕분에기분도좋아요~~|,2026년 6월 14일 일요일,음식이 맛있어요_고기 질이 좋아요_양이 많아요_단체모임 하기 좋아요_친절해요_
1308357339,귀공자86,음식이맛있어요,2026년 6월 14일 일요일,음식이 맛있어요_
1308357339,ye****,고기의질이좋고밑반찬도맛있어요,2026년 6월 13일 토요일,고기 질이 좋아요_음식이 맛있어요_반찬이 잘 나와요_차분한 분위기예요_친절해요_
1308357339,soy****,너무맛있게먹었어요~~^^,2026년 6월 13일 토요일,음식이 맛있어요_매장이 넓어요_매장이 청결해요_
1308357339,햅삐쏠,꽃등심까지맛있어요,2026년 6월 9일 화요일,음식이 맛있어요_고기 질이 좋아요_특별한 메뉴가 있어요_잡내가 적어요_
1308357339,Sabrina51,맛도최고고기질도최고!!주차하기도편해서모든면에서완벽!후식냉면은냉면집만큼의맛을자랑하고누룽지도맛있네요잘먹고갑니다~,2026년 6월 6일 토요일,음식이 맛있어요_고기 질이 좋아요_특별한 메뉴가 있어요_인테리어가 멋져요_주차하기 편해요_
1308357339,dadadada88,제가좋아해서자주오는곳이예요고기는언제먹어도맛있고반찬으로나오는게장이랑해장국도엄청맛있어요~~~,2026년 6월 6일 토요일,음식이 맛있어요_고기 질이 좋아요_반찬이 잘 나와요_
1308357339,pia****,맛있어요👍🏻쿠폰행사도좋아요,2026년 6월 3일 수요일,음식이 맛있어요_고기 질이 좋아요_잡내가 적어요_매장이 넓어요_
1308357339,노른 계란자,항상맛있게먹는곳이에요.같이온친구도맛있다고해서기분좋아요!,2026년 6월 3일 수요일,음식이 맛있어요_고기 질이 좋아요_인테리어가 멋져요_매장이 넓어요_뷰가 좋아요_
1308357339,kmy****,너무맛있게잘먹었어요~,2026년 6월 2일 화요일,음식이 맛있어요_고기 질이 좋아요_특별한 메뉴가 있어요_잡내가 적어요_반찬이 잘 나와요_
1308357339,KimG,덕분에정말배두둑히끝까지맛있게먹었습니다!주차부터편해서기분좋게식사를시작했어요!기본으로나오는반찬들부터메인인고기까지하나빠짐없이다맛있습니다!그리고친절함까지완벽해요:),2026년 6월 2일 화요일,음식이 맛있어요_고기 질이 좋아요_친절해요_매장이 청결해요_주차하기 편해요_
1308357339,얼음마녀8027,항상즐겁게식사를즐기는매장입니다딸아이도여기누릉지랑양념갈비맛이좋다며나름매달방문을하고있습니다.이번에도정갈하고맛있게먹었는데다만마지막에물냉면을주문했다가면은불고육수는맹탕이라정말아쉬운마무리를하고나왔네요.그래도별은5개.,2026년 5월 31일 일요일,음식이 맛있어요_고기 질이 좋아요_반찬이 잘 나와요_매장이 넓어요_친절해요_
1308357339,상선약수95,친절하고음식이ㅜ맛있습니다.,2026년 5월 31일 일요일,음식이 맛있어요_고기 질이 좋아요_매장이 넓어요_단체모임 하기 좋아요_친절해요_
1308357339,fbsdk10,돼지갈비가신선하고맛있어요.반찬도다양하게나와서먹기좋아요❣️,2026년 5월 29일 금요일,음식이 맛있어요_고기 질이 좋아요_매장이 청결해요_친절해요_
1308357339,허니곰돌이푸,정말맛있어요전주최고의맛집~♡,2026년 5월 29일 금요일,음식이 맛있어요_
1308357339,chesed9113,너무맛있는식당이에요잘먹었습니다!!!^^,2026년 5월 26일 화요일,음식이 맛있어요_고기 질이 좋아요_특별한 메뉴가 있어요_
1308357339,sj769,맛있어요,2026년 5월 24일 일요일,음식이 맛있어요_고기 질이 좋아요_인테리어가 멋져요_매장이 넓어요_
1308357339,ota****,맛있게잘먹었습니다.반찬중명이나물이랑양념게장이킥이에요!,2026년 5월 24일 일요일,음식이 맛있어요_반찬이 잘 나와요_양이 많아요_가성비가 좋아요_매장이 넓어요_
1308357339,wis****,맛있게먹었어요친절하고좋아요,2026년 5월 23일 토요일,음식이 맛있어요_
1308357339,lov****,갈비정말맛있어요~^^친정에서울친구들데리고내려왔는데예약하고와서먹었고너무맛있게먹어서만족했어요^^친정올때마다또와야겠어요.양념이달라요~,2026년 5월 23일 토요일,음식이 맛있어요_
1497463405,kit****,남편회사식구들과와보고맛있어서또왔어요오늘도넘기대되네요맛있게먹겠습니당,2026년 6월 15일 월요일,음식이 맛있어요_고기 질이 좋아요_친절해요_
1497463405,제이루츠,전주여행왔다가오게됐는데메뉴구성이정말알차더라구요!샐러드파스타도너무맛있어서계속손이가고차돌된장찌개에묵사발미니쫄면까지이가격에이구성이맞나싶었습니다~고기도온도까지재가면서직접구워주셔서촉촉하고맛있었어요!이근처에서고기집으로강력추천드립니다최고에요!👍👍,2026년 6월 13일 토요일,음식이 맛있어요_양이 많아요_가성비가 좋아요_메뉴 구성이 알차요_매장이 넓어요_
1497463405,shui23,가격대는좀있지만세트구성이알차고전주고깃집중에제일맛있는집중하나에요사람이항상많은게사실,2026년 6월 13일 토요일,음식이 맛있어요_고기 질이 좋아요_양이 많아요_인테리어가 멋져요_매장이 넓어요_
1497463405,jssuu,맛있게먹었습니다또올게요,2026년 6월 13일 토요일,음식이 맛있어요_고기 질이 좋아요_양이 많아요_특별한 메뉴가 있어요_
1497463405,alf****,고기뿐만아니라밑반찬도정말맛있어요,2026년 6월 13일 토요일,음식이 맛있어요_고기 질이 좋아요_인테리어가 멋져요_
1497463405,01****,밑반찬도잘나오고너무맛있게잘먹었어요~~!,2026년 6월 12일 금요일,음식이 맛있어요_고기 질이 좋아요_양이 많아요_특별한 메뉴가 있어요_매장이 넓어요_
1497463405,피카츄츄츄뿌,고기직접구워주고상차림도많아서좋아요굿굿🫶🏻,2026년 6월 12일 금요일,고기 질이 좋아요_음식이 맛있어요_재료가 신선해요_메뉴 구성이 알차요_
1497463405,lce1213,신시가지고기집은일층집오늘도맛있게잘먹었습니다!,2026년 6월 12일 금요일,음식이 맛있어요_고기 질이 좋아요_코스요_리가 알차요_직접 잘 구워줘요_친절해요_
1497463405,Jsjsjs25,밑반찬도잘나오고고기도너무맛있어용🤤🤤야장감성도최고,2026년 6월 11일 목요일,음식이 맛있어요_반찬이 잘 나와요_뷰가 좋아요_친절해요_직접 잘 구워줘요_
1497463405,IllllIllI,고기가정말정말맛있고밑반찬이맛있습니다,2026년 6월 10일 수요일,고기 질이 좋아요_
1497463405,ekw****,고기도잘꾸워쥬시고맛있고세트구성이좋아요,2026년 6월 9일 화요일,음식이 맛있어요_고기 질이 좋아요_
1497463405,Ellie81,올때마다맛있는곳!메인메뉴뿐아니라곁들여져나오는모든음식들이맛있었고직원분들이친절했어요!^^,2026년 6월 9일 화요일,음식이 맛있어요_
1497463405,명란구이맛있어,역시믿고오는일층집!!!!!!!!맛있어요!!!!!!!,2026년 6월 6일 토요일,음식이 맛있어요_고기 질이 좋아요_양이 많아요_
1497463405,은꾸리영블리,음식이맛있어요~,2026년 6월 6일 토요일,음식이 맛있어요_
1497463405,yjh****,늘오는곳입니단맛있어요,2026년 6월 3일 수요일,음식이 맛있어요_고기 질이 좋아요_양이 많아요_특별한 메뉴가 있어요_매장이 넓어요_
1497463405,정뽀야뽀야,삼겹살생각날때항상오는곳기본반찬도고기도항상맛있어요^.^무엇보다도구워주는게최고!,2026년 6월 3일 수요일,음식이 맛있어요_고기 질이 좋아요_특별한 메뉴가 있어요_
1497463405,비조아,자주오는신시맛집!!^^매번남편이구워서미안했는데구워주니가족이함께먹을수있어더욱좋습니다맛있고ㅠ된장찌개맛집!!!,2026년 6월 3일 수요일,음식이 맛있어요_고기 질이 좋아요_친절해요_매장이 청결해요_직접 잘 구워줘요_
1497463405,oqoqoq,항상너무맛있게잘먹고갑니당ㅎㅎ번창하세요~,2026년 6월 2일 화요일,음식이 맛있어요_고기 질이 좋아요_반찬이 잘 나와요_재료가 신선해요_메뉴 구성이 알차요_
1497463405,wg9,맛있어요!!,2026년 6월 2일 화요일,음식이 맛있어요_고기 질이 좋아요_
1497463405,gks****,일층집쫄면이며묵사발스파게티전부다너무맛있어요👍,2026년 5월 31일 일요일,음식이 맛있어요_특별한 메뉴가 있어요_직접 잘 구워줘요_
1497463405,wen****,전주첫방문하자마자삼겹살집냄새에이끌려서계획변경해바로예약했어용..ㅎㅎ너무맛있고비주얼도너무좋아서내일도또방문할게용!,2026년 5월 30일 토요일,음식이 맛있어요_고기 질이 좋아요_가성비가 좋아요_재료가 신선해요_인테리어가 멋져요_
1497463405,chan0208,전주에서제일맛있는고깃집🩵구워주셔서더편하고좋아요!,2026년 5월 25일 월요일,음식이 맛있어요_고기 질이 좋아요_
1497463405,lce1213,고기를직접구워주시는데잘구워주시고세트메뉴에파스타쫄면묵사발된장국도포함되어나오는게진짜ㄹㅇ부모님동생모두만족하는맛집,2026년 5월 24일 일요일,코스요_리가 알차요_고기 질이 좋아요_직접 잘 구워줘요_환기가 잘 돼요_
1497463405,kkw****,테이블배치가깔끔하고전체적으로좋은분위기였어요.직원분들도친절해서음식도맛있었습니다.^^,2026년 5월 24일 일요일,음식이 맛있어요_인테리어가 멋져요_친절해요_특별한 날 가기 좋아요_
1497463405,프린세스74,고기도맛있게구워주시고음식도맛있어요.,2026년 5월 22일 금요일,음식이 맛있어요_
1497463405,sulllli,맛있었어요!!!,2026년 5월 17일 일요일,고기 질이 좋아요_음식이 맛있어요_
1497463405,lil****,맛나유,2026년 5월 16일 토요일,음식이 맛있어요_고기 질이 좋아요_양이 많아요_특별한 메뉴가 있어요_
1497463405,chery1230,고기가맛있고구성이알차요!!고기도구워주셔서더편한거같아요!유명한이유를알거같아요,2026년 5월 16일 토요일,음식이 맛있어요_메뉴 구성이 알차요_반찬이 잘 나와요_직접 잘 구워줘요_
1497463405,jtpqls,고기도너무맛있고특히꽃게된장전골넘제스탈이에요~~맛있게잘먹었네용,2026년 5월 15일 금요일,음식이 맛있어요_고기 질이 좋아요_
1497463405,유잰09,고기도구워주는데라먹기좋고맛있숩니다추천!,2026년 5월 14일 목요일,음식이 맛있어요_고기 질이 좋아요_양이 많아요_매장이 넓어요_
34016552,20150620,친절하고맛있어용ㅎㅎ내부가널찍하고자리에콘센트가있어서학생분들이특히많더라고요!카공하실분들신시가지크럼강추드려요~~~,2026년 5월 5일 화요일,빵이 맛있어요_커피가 맛있어요_매장이 청결해요_친절해요_집중하기 좋아요_
34016552,이하츠,친구랑공부하려고방문했어요.차도맛있고무화과휘낭시에정말맛있었어요!요거먹으러또올거같아요.,2026년 4월 18일 토요일,집중하기 좋아요_차분한 분위기예요_
34016552,Dersss,모든것이너무완벽한카페입니다.넓고통창으로되어있어쾌적하고테이블도여러형태라골라앉을수있습니다.신시가지에있는게어색할정도로여유로운분위기를느낄수있습니다.직접만드시는빵과샌드위치는어느전문점에서먹었던것보다도맛있습니다....평생먹고싶어요,2026년 4월 15일 수요일,빵이 맛있어요_가성비가 좋아요_인테리어가 멋져요_대화하기 좋아요_집중하기 좋아요_
34016552,ricochett,모든것이너무완벽한카페입니다.넓고통창으로되어있어쾌적하고테이블도여러형태라골라앉을수있습니다.신시가지에있는게어색할정도로여유로운분위기를느낄수있습니다.직접만드시는빵과샌드위치는어느전문점에서먹었던것보다도맛있습니다....평생먹고싶어요,2026년 4월 1일 수요일,집중하기 좋아요_
34016552,쭈움22,방앗간크롬애플유자티처음마셔보는데시각미각후각다만족하는메뉴입니다….추천이요자몽블랙티에이드는말해뭐해요:),2026년 3월 28일 토요일,음료가 맛있어요_양이 많아요_건강한 맛이에요_종류가 다양해요_매장이 넓어요_
34016552,xvi****,빵도맛있고음료도맛있었어요스터디카페같은느낌이라조용하긴했는데룸처럼되있어서편하게있다가올수있어서좋았어요,2026년 2월 28일 토요일,빵이 맛있어요_커피가 맛있어요_음료가 맛있어요_
34016552,crimson99,6층이라채광도좋고매장이넓어서너무좋아요!소소하게대화나누기도좋고조용히공부하기에도좋아요!매장이칸막이로잘구분되어있어서대화도공부도모두만족할만한매장입니다.음료도디저트도너무맛있어요.특히디저트를모두직접만드니까최곱니다!,2026년 2월 18일 수요일,빵이 맛있어요_커피가 맛있어요_음료가 맛있어요_인테리어가 멋져요_친절해요_
34016552,ehfkwl11,굿,2026년 1월 31일 토요일,빵이 맛있어요_
34016552,han****,신시가지카페찾아보다가공부하기좋은카페라길래한번가봤는데넘좋았어요…😖1인석좌석있어서넘좋았구소금빵이랑바치케넘넘맛있었어용먹다가음료넘맛있어서친구랑각자하나씩더시켜먹었슴다ㅋㅋ그리구사장님너무친절하셔요구웃🫶🏻다음에또오겠습니다🍀,2026년 1월 6일 화요일,빵이 맛있어요_커피가 맛있어요_음료가 맛있어요_인테리어가 멋져요_친절해요_
34016552,sa****,크럼에오면빵이다맛있지만콕카스테라를드셔보세요.점심후식으로커피와카스테라환상이에요.거의매주주말방문하고있답니다.~***,2025년 12월 21일 일요일,빵이 맛있어요_커피가 맛있어요_음료가 맛있어요_가성비가 좋아요_인테리어가 멋져요_
1559037357,han****,맛있어서먹다가찍었어요,2026년 6월 15일 월요일,음식이 맛있어요_재료가 신선해요_매장이 넓어요_인테리어가 멋져요_
1559037357,주이민,든든하게맛있게잘먹었습니다!,2026년 6월 15일 월요일,음식이 맛있어요_재료가 신선해요_
1559037357,레츠고우우우,너무맛있어요!!,2026년 6월 15일 월요일,음식이 맛있어요_재료가 신선해요_양이 많아요_
1559037357,미고우리나,고기도부드럽고맛있었습니다,2026년 6월 15일 월요일,음식이 맛있어요_재료가 신선해요_양이 많아요_고기 질이 좋아요_매장이 넓어요_
1559037357,혜림이,고기가부드럽고양도푸짐해만족했습니다.,2026년 6월 15일 월요일,음식이 맛있어요_재료가 신선해요_양이 많아요_친절해요_매장이 청결해요_
1559037357,dab****,너무맛있어요신시가지지점이젤맛있습니다,2026년 6월 15일 월요일,음식이 맛있어요_재료가 신선해요_양이 많아요_특별한 메뉴가 있어요_매장이 넓어요_
1559037357,ddsddd1717,본점만가다가신시점은처음인데여기도맛있네요~!사사미카츠도별미입니다깔끔하고맛있어용,2026년 6월 15일 월요일,음식이 맛있어요_재료가 신선해요_잡내가 적어요_양이 많아요_특별한 메뉴가 있어요_
1559037357,꽥쓰,맛있어요!,2026년 6월 13일 토요일,음식이 맛있어요_재료가 신선해요_양이 많아요_혼밥하기 좋아요_
1559037357,bulliiiiiiii,대기있긴했는데5분안에들어갔어용완전마싯어용전주에서돈까스는여기가제일마싯는거같아용완전부드럽고트러플뿌려서먹으면진짜환상이에용❤️❤️직원분들도다너무친절해용,2026년 6월 13일 토요일,음식이 맛있어요_재료가 신선해요_인테리어가 멋져요_대화하기 좋아요_친절해요_
1559037357,Tungminw,맛있어요제최애집입니다!,2026년 6월 13일 토요일,재료가 신선해요_음식이 맛있어요_양이 많아요_인테리어가 멋져요_혼밥하기 좋아요_
1559037357,Ccccccho,양도많고맛있어요!!,2026년 6월 13일 토요일,음식이 맛있어요_양이 많아요_인테리어가 멋져요_
1559037357,끄적임3959,엄청부드럽고너무너무맛있어요~,2026년 6월 13일 토요일,음식이 맛있어요_
1559037357,now****,야르렁,2026년 6월 13일 토요일,재료가 신선해요_음식이 맛있어요_
1559037357,ㅇㅅㅇ8783,맛있아요-!!,2026년 6월 13일 토요일,음식이 맛있어요_양이 많아요_특별한 메뉴가 있어요_인테리어가 멋져요_혼밥하기 좋아요_
1559037357,햄볶97,오늘도맛있게먹었어요!,2026년 6월 13일 토요일,음식이 맛있어요_
1559037357,울프68,전주에서돈까스맛집은역시돈카츠흑심입니다.돈까스생각날때매번찾는곳이에요.전주오시면꼭들러보세요.맛집강추!!!,2026년 6월 13일 토요일,음식이 맛있어요_매장이 넓어요_친절해요_
1559037357,COCO35,맛있게먹엇어요,2026년 6월 13일 토요일,음식이 맛있어요_양이 많아요_매장이 청결해요_
1559037357,dms****,히레카츠가제일맛있었어요!!돈가스맛집입니당~~~!!,2026년 6월 13일 토요일,음식이 맛있어요_재료가 신선해요_잡내가 적어요_매장이 넓어요_
1559037357,슈9794,돈까스는흑심~~~~🤍,2026년 6월 13일 토요일,음식이 맛있어요_양이 많아요_
1559037357,귝귝,오랜만에방문한흑심진짜너무맛있어요다들특상야르해보세요~~❤️❤️💯,2026년 6월 13일 토요일,음식이 맛있어요_재료가 신선해요_양이 많아요_메뉴 구성이 알차요_고기 질이 좋아요_
1559037357,jhkldadhl,맛있어요..!지난번에친구랑오고맛있어서가족이랑왔어요~~~~굿굿,2026년 6월 13일 토요일,매장이 넓어요_혼밥하기 좋아요_친절해요_음식이 맛있어요_
1559037357,땅콩싫어51,맛은보장이죠여기다른지점에비해넓고쾌적해서너무좋네요활기도넘치고번창하세요,2026년 6월 13일 토요일,음식이 맛있어요_
1559037357,ducl8900,언제와서먹어도언제나존맛탱이에여👏👏고기가엄청부드러워서몇번씹으면넘어갑니당제가잘못주문했는데도서비스로그냥주시고너무친절한직원분께감사함다👍서비스받아서길게적는게아니라진짜맛있어서길게적어봅니다😆,2026년 6월 13일 토요일,음식이 맛있어요_혼밥하기 좋아요_친절해요_
1559037357,wjd****,회사주변에서가장맛있는돈가스집입니다ㅎㅎ가끔웨이팅도있지만그럼에도아깝지않은맛집!,2026년 6월 13일 토요일,음식이 맛있어요_양이 많아요_매장이 넓어요_친절해요_
1559037357,임또기,전주최고의돈까스집!오늘도맛있었습니다.전주는흑심보유도시입니다.😋👍,2026년 6월 13일 토요일,음식이 맛있어요_재료가 신선해요_혼밥하기 좋아요_매장이 넓어요_친절해요_
1559037357,바다seem,신시가지돈가스1등맛집!!,2026년 6월 12일 금요일,음식이 맛있어요_재료가 신선해요_양이 많아요_특별한 메뉴가 있어요_가성비가 좋아요_
1559037357,ClassicMan,완전맛있네여앞으로자주올게여ㅎㅎ,2026년 6월 12일 금요일,음식이 맛있어요_특별한 메뉴가 있어요_고기 질이 좋아요_인테리어가 멋져요_아늑해요_
1559037357,강물1,맛있어요!아이도잘먹어요!,2026년 6월 12일 금요일,음식이 맛있어요_친절해요_
1559037357,joo****,맛있어요,2026년 6월 12일 금요일,고기 질이 좋아요_
1559037357,je128,처음왔는데너무맛있어요👍👍👍,2026년 6월 12일 금요일,음식이 맛있어요_양이 많아요_인테리어가 멋져요_
1559037357,김수호1759,부드럽고맛있어요에비카츠추천!,2026년 6월 12일 금요일,음식이 맛있어요_
1559037357,얍4874,양도많고맛있어요~~,2026년 6월 12일 금요일,음식이 맛있어요_양이 많아요_친절해요_
1559037357,hahahoho4670,저번에너무너무맛있게먹었던기억이있어서친구를데리고갔는데하필로스카츠정식에서비린내가나서얼마먹지못함ㅜㅜ좋은기억을심어주려다가오히려안좋은기억을심어줘버림🥹난에비카츠정식시켜서먹었는데비린내없이잘먹었음.,2026년 6월 12일 금요일,음식이 맛있어요_
1559037357,맛있는게젤ㄹ루조아,존맛,2026년 6월 12일 금요일,음식이 맛있어요_
1559037357,0yeong062,효자점은처음인데매장도너무깔끔하고무엇보다돈까스퀄리티가너무좋아요!!,2026년 6월 12일 금요일,음식이 맛있어요_양이 많아요_가성비가 좋아요_
1559037357,일월냥,배달로자주시켜먹었는데매장에서먹으니더맛있네요,2026년 6월 11일 목요일,음식이 맛있어요_가성비가 좋아요_양이 많아요_혼밥하기 좋아요_친절해요_
1559037357,jan****,다음에또올게요!,2026년 6월 11일 목요일,음식이 맛있어요_재료가 신선해요_인테리어가 멋져요_매장이 넓어요_
1559037357,rm****,오랜만에와도역시맛있습니당ㅎㅎ,2026년 6월 11일 목요일,음식이 맛있어요_재료가 신선해요_현지 맛에 가까워요_음악이 좋아요_
1559037357,chl****,맛있는돈가스에요고기가부드럽고바삭해요,2026년 6월 11일 목요일,음식이 맛있어요_매장이 청결해요_친절해요_
1559037357,cha****,맛나여최고ㅎㅎ,2026년 6월 10일 수요일,음식이 맛있어요_재료가 신선해요_양이 많아요_인테리어가 멋져요_매장이 넓어요_
1559037357,버미왕,올때마나맛있게먹는데대기는처음이네요.오늘도맛있습니다.,2026년 6월 10일 수요일,음식이 맛있어요_재료가 신선해요_양이 많아요_친절해요_
1559037357,TBC,돈까스및트러플올리브소스맛나요!!,2026년 6월 10일 수요일,음식이 맛있어요_
1559037357,sky****,돈가스매우부드럽고맛있습니다,2026년 6월 10일 수요일,음식이 맛있어요_
1559037357,몹몹,너무맛있어요전주서돈가스최고밥먹기너무편하게되어있어요굳굳숙~~늘만족해요추천~넘친절하세용굳굳굳,2026년 6월 10일 수요일,음식이 맛있어요_재료가 신선해요_양이 많아요_특별한 메뉴가 있어요_인테리어가 멋져요_
1559037357,ajh****,매장이깔끔해서너무좋았고음식준비하는걸앞에서바로볼수있어믿고먹을수있는맛집!음식들플레이팅도너무예쁘게해주시고저번에와봤었는데너무맛있어서꼭와야하는맛집입니당,2026년 6월 10일 수요일,음악이 좋아요_차분한 분위기예요_인테리어가 멋져요_친절해요_매장이 청결해요_
1559037357,tmd****,맛잇어요~또올게요~,2026년 6월 10일 수요일,음식이 맛있어요_잡내가 적어요_혼밥하기 좋아요_
1559037357,웅영우,출산전마지막만찬이였는데..출산하고먹으니진짜더맛있네요..ㅠㅠ,2026년 6월 10일 수요일,음식이 맛있어요_재료가 신선해요_양이 많아요_반찬이 잘 나와요_가성비가 좋아요_
1559037357,epi****,Jmt자주와서먹는맛집입니다너무맛있어요,2026년 6월 9일 화요일,음식이 맛있어요_
1559037357,널꿔바로우,집앞에있어서자주오는데항상먹어도정말맛있네요ㅠㅠ히레카츠꼭드셔보세요❤️❤️❤️,2026년 6월 9일 화요일,음식이 맛있어요_재료가 신선해요_양이 많아요_혼밥하기 좋아요_
1559037357,gyeodRb,너무부드럽고맛있어요!‘,2026년 6월 9일 화요일,음식이 맛있어요_
1559037357,Duduyu,조금대기있었지만그만큼잘먹고갑니다!쵝5,2026년 6월 9일 화요일,재료가 신선해요_음식이 맛있어요_양이 많아요_
1559037357,je****,너무맛있게먹었습니다~!!!감사합니다!!!!,2026년 6월 9일 화요일,재료가 신선해요_양이 많아요_특별한 메뉴가 있어요_음식이 맛있어요_인테리어가 멋져요_
1559037357,로꼬호이팅,간만에먹으니까맛있네요!!굳굳,2026년 6월 8일 월요일,음식이 맛있어요_재료가 신선해요_
1559037357,유뎜뎜,맛있어요🤤🤤,2026년 6월 8일 월요일,음식이 맛있어요_재료가 신선해요_
1559037357,1sinner,전주특산물최강맛집....올때마다설레요.....최고맛있어요😭😭😭,2026년 6월 8일 월요일,음식이 맛있어요_가성비가 좋아요_메뉴 구성이 알차요_양이 많아요_재료가 신선해요_
1559037357,이이이이이으,아너무맛있고요역시믿고먹는흑심다음에또올게요~~,2026년 6월 8일 월요일,음식이 맛있어요_양이 많아요_매장이 넓어요_혼밥하기 좋아요_
1559037357,둥둥너브리,진짜맛있어요!!!전주돈까스맛집,2026년 6월 8일 월요일,음식이 맛있어요_양이 많아요_재료가 신선해요_인테리어가 멋져요_친절해요_
1559037357,만식쿠,오늘갔는데대기없이바로먹을수있어서젛았고음식도엄청너무맛있어서다음에또올거같습니다!!,2026년 6월 8일 월요일,음식이 맛있어요_재료가 신선해요_양이 많아요_특별한 메뉴가 있어요_
1559037357,하이하이3535,혼자왔는데직원분들도친절하시고돈가스도맛있어용!,2026년 6월 8일 월요일,음식이 맛있어요_재료가 신선해요_친절해요_
1559037357,덩딘당고,직원분들도친절하시구너무좋았어요,2026년 6월 6일 토요일,음식이 맛있어요_재료가 신선해요_인테리어가 멋져요_매장이 넓어요_
1559037357,rla****,항상와용~,2026년 6월 6일 토요일,음식이 맛있어요_양이 많아요_재료가 신선해요_인테리어가 멋져요_매장이 넓어요_
1559037357,김주용72,히레카츠랑로스카츠둘다너무너무맛있었습니다!!카레도맛있었어요~~~~,2026년 6월 6일 토요일,인테리어가 멋져요_음식이 맛있어요_재료가 신선해요_양이 많아요_특별한 메뉴가 있어요_
1559037357,azzangg,처음오는데맛있어요:),2026년 6월 6일 토요일,음식이 맛있어요_재료가 신선해요_양이 많아요_특별한 메뉴가 있어요_
1559037357,꾸이34,아주맛있고아이들친화적이에요,2026년 6월 6일 토요일,음식이 맛있어요_재료가 신선해요_양이 많아요_
1559037357,jin****,지금까지먹어본돈까스중손에꼽을정도로맛있었어요.겉은바삭하고속은촉촉해서식감이정말좋았습니다.특히닭가슴살돈까스가인상적이었어요.닭가슴살이라퍽퍽할줄알았는데생각보다훨씬부드러워서놀랐네요.집이경기도라자주오기는어렵지만전주에오면한번쯤다시들르고싶은곳입니다.맛있게잘먹고갑니다~~,2026년 6월 6일 토요일,음식이 맛있어요_재료가 신선해요_양이 많아요_특별한 메뉴가 있어요_현지 맛에 가까워요_
1559037357,van****,맛있어용ㅎㅎ,2026년 6월 6일 토요일,음식이 맛있어요_재료가 신선해요_양이 많아요_특별한 메뉴가 있어요_
1559037357,achalice,제인생돈까스예요….너무너무맛있어요!!!!위에도지점생겼으면좋겠어요ㅠㅠㅠㅠㅠ이가격에이맛이라니,2026년 6월 6일 토요일,음식이 맛있어요_재료가 신선해요_특별한 메뉴가 있어요_가성비가 좋아요_매장이 넓어요_
1559037357,다빈2753,굿굿맛있어용,2026년 6월 6일 토요일,음식이 맛있어요_재료가 신선해요_양이 많아요_매장이 넓어요_친절해요_
1559037357,pro****,아이기운내라고흑심돈까스왔어요.고기넘신선하고두꺼운데부드럽고대만족입니다~~♡♡,2026년 6월 6일 토요일,인테리어가 멋져요_매장이 넓어요_단체모임 하기 좋아요_음식이 맛있어요_양이 많아요_
1559037357,sssssssi17,맛있어요!,2026년 6월 6일 토요일,재료가 신선해요_음식이 맛있어요_
1559037357,godjun0921,고기도너무맛있고매장이청결해서좋아요!!,2026년 6월 6일 토요일,음식이 맛있어요_메뉴 구성이 알차요_고기 질이 좋아요_인테리어가 멋져요_매장이 청결해요_
1559037357,융0l,너무너무너무맛있어요!!!!!!!,2026년 6월 6일 토요일,음식이 맛있어요_양이 많아요_고기 질이 좋아요_혼밥하기 좋아요_매장이 넓어요_
1559037357,드림지니,매번와도같은퀄리티의놀라운맛을유지하시다니🤦🏻이번에도잘먹고갑니다!!!,2026년 6월 6일 토요일,음식이 맛있어요_특별한 메뉴가 있어요_현지 맛에 가까워요_메뉴 구성이 알차요_
1559037357,망고두부냠,카츠랑새우튀김다튀김옷이바삭바삭하고맛있어용그리고같이나오는국이엄청맛있습니다👍👍아쉬운건오후8시넘어서와서그런가밥리필은더안되더라구요..담엔더일찍와야겠어요😅그래도잘먹었습니다,2026년 6월 6일 토요일,음식이 맛있어요_고기 질이 좋아요_반찬이 잘 나와요_음악이 좋아요_매장이 청결해요_
1559037357,Jeonju smurp,맛잇게먹고갑니다,2026년 6월 5일 금요일,음식이 맛있어요_재료가 신선해요_인테리어가 멋져요_매장이 넓어요_혼밥하기 좋아요_
1559037357,명성7236,맛있게잘먹었습니다감사합니다!,2026년 6월 5일 금요일,가성비가 좋아요_특별한 메뉴가 있어요_
1559037357,안7777,흑심항상맛있어요!!!새우카츠존맛입니다.,2026년 6월 5일 금요일,음식이 맛있어요_재료가 신선해요_매장이 넓어요_혼밥하기 좋아요_
1559037357,msa****,전주에서제일맛있는곳인만큼실망하지않았습니다!!최고에요!,2026년 6월 5일 금요일,음식이 맛있어요_재료가 신선해요_
1559037357,hajahajai,전주에서제일맛있는곳인만큼실망하지않았습니다!!최고에요!,2026년 6월 5일 금요일,음식이 맛있어요_양이 많아요_인테리어가 멋져요_
1559037357,wng****,올때마다항상맛잇어요정말👍🏻,2026년 6월 5일 금요일,음식이 맛있어요_재료가 신선해요_인테리어가 멋져요_친절해요_매장이 청결해요_
1559037357,땅콩011,올만에왔는데넘맛나요ㅠㅠㅜ,2026년 6월 5일 금요일,음식이 맛있어요_재료가 신선해요_양이 많아요_매장이 넓어요_친절해요_
1559037357,yes****,돈가스도너무맛있는데장국샐러드도너무맛있어욤😋💕💕,2026년 6월 5일 금요일,음식이 맛있어요_재료가 신선해요_양이 많아요_매장이 넓어요_인테리어가 멋져요_
1559037357,현지에오,합리적인가격으로맛있게먹을수있어요,2026년 6월 5일 금요일,음식이 맛있어요_재료가 신선해요_가성비가 좋아요_
1559037357,enjoy8283,본점이랑효자점만가봣는데맛차이도없고넘맛있어요리뷰이벤트로주는새우튀김도존맛입니당ㅎㅎ,2026년 6월 5일 금요일,음식이 맛있어요_메뉴 구성이 알차요_현지 맛에 가까워요_혼밥하기 좋아요_주차하기 편해요_
1559037357,DawnOrchid,효자점은처음와봤는데맛은여전히맛있고공간이넓어서쾌적했어요,2026년 6월 5일 금요일,음식이 맛있어요_양이 많아요_특별한 메뉴가 있어요_고기 질이 좋아요_
1559037357,han****,다가동본점에서자주먹었는데...효자점이생겨서와봤어요.여전히맛있습니다.,2026년 6월 5일 금요일,음식이 맛있어요_
1559037357,SOO9347,쥔짜맛있어요,2026년 6월 4일 목요일,음식이 맛있어요_
1559037357,머무르는자,언제와도맛있는곳~~오늘도또왔어용최고ㅎㅎ,2026년 6월 4일 목요일,음식이 맛있어요_재료가 신선해요_
1559037357,알콤,매장이깔끔하고직원분들도친절합니다음식도맛있어요!,2026년 6월 4일 목요일,음식이 맛있어요_재료가 신선해요_차분한 분위기예요_매장이 청결해요_
1559037357,sso****,저녁시간인데대기없이와서아주맛잇게!!,2026년 6월 4일 목요일,음식이 맛있어요_
1559037357,kim****,맛있어요ㅎㅎ,2026년 6월 4일 목요일,음식이 맛있어요_
1559037357,춘삼이 1006,너무맛있게잘먹었어요!!!,2026년 6월 4일 목요일,음식이 맛있어요_양이 많아요_인테리어가 멋져요_단체모임 하기 좋아요_
1559037357,cuk****,오랜만에왔는데너무맛있게잘먹고갑니다.직원들도친절하고주방도깨끗해보이네요.양도먹을만큼적당히줘서딱이였어요!,2026년 6월 4일 목요일,음식이 맛있어요_재료가 신선해요_특별한 메뉴가 있어요_혼밥하기 좋아요_친절해요_
1559037357,hsnmz,히레너무부드럽고등심도정말고소해서치즈를먹는것같았습니다~👍👍,2026년 6월 4일 목요일,음식이 맛있어요_양이 많아요_매장이 넓어요_
1559037357,와우37,너무맛잇게먹엇어요역시흑심!!,2026년 6월 3일 수요일,음식이 맛있어요_재료가 신선해요_매장이 넓어요_매장이 청결해요_친절해요_
1559037357,jas****,너무맛있어요!,2026년 6월 3일 수요일,음식이 맛있어요_재료가 신선해요_
1559037357,let****,돈가스는흑심이에요정말맛있습니다,2026년 6월 3일 수요일,음식이 맛있어요_재료가 신선해요_양이 많아요_혼밥하기 좋아요_매장이 넓어요_
1559037357,sydin,맛이아주훌륭해요!야미야미,2026년 6월 3일 수요일,음식이 맛있어요_양이 많아요_혼밥하기 좋아요_
1559037357,순미1,맛이아주훌륭해요!야미야미,2026년 6월 2일 화요일,음식이 맛있어요_재료가 신선해요_양이 많아요_매장이 넓어요_인테리어가 멋져요_
1559037357,tor****,에비카츠정식이랑특상로스카츠정식입니당특상로스카츠는살짝느끼했어요ㅠㅠ전체적으로ㅠ양이좀줄은듯합니다ㅜ그래도맛은여전해용맛있어요~,2026년 6월 2일 화요일,음식이 맛있어요_매장이 넓어요_매장이 청결해요_친절해요_
2097209094,Segerium,가격대비원물의퀄리티가좋고직원분들이친절하십니다안키모소라맛잇었어요,2026년 6월 15일 월요일,음식이 맛있어요_재료가 신선해요_
2097209094,que****,1990원이라고해서반신반의했는데맛있어요♡,2026년 6월 15일 월요일,음식이 맛있어요_메뉴 구성이 알차요_매장이 넓어요_아늑해요_친절해요_
2097209094,jan****,1990원이라고해서반신반의했는데맛있어요♡,2026년 6월 15일 월요일,매장이 넓어요_가성비가 좋아요_음식이 맛있어요_
2097209094,온죠,주말메뉴도다양하고신선하고직원분들도친절하시고잘먹고갑니다자주와야겠네요^^,2026년 6월 14일 일요일,음식이 맛있어요_재료가 신선해요_가성비가 좋아요_
2097209094,알음띠,🐎이필요없는맛집🐜친맛집🐶지리는맛집사장님센스와정성은..말해뭐해..!🍀🫰🍀🫰🍀🫰🍀🫰🍀,2026년 6월 14일 일요일,음식이 맛있어요_재료가 신선해요_
2097209094,kwj****,맜있네요,2026년 6월 14일 일요일,음식이 맛있어요_
2097209094,아아8451,너무맛있어요,2026년 6월 14일 일요일,음식이 맛있어요_재료가 신선해요_특별한 메뉴가 있어요_가성비가 좋아요_메뉴 구성이 알차요_
2097209094,EYE33,새로생긴거같은데기대를지지않고맛나네요ㅎㅎ!,2026년 6월 13일 토요일,음식이 맛있어요_특별한 메뉴가 있어요_비싼 만큼 가치있어요_인테리어가 멋져요_매장이 청결해요_
2097209094,아일,맛있게가족들과먹었습니다.돈까스또는큰롤이더있음좋겠어요.아님샐러드나...그래도너무만족스럽게먹었어요,2026년 6월 13일 토요일,음식이 맛있어요_재료가 신선해요_매장이 넓어요_친절해요_특별한 날 가기 좋아요_
2097209094,ecios,메뉴종류도많고초밥이다맛있어요!,2026년 6월 13일 토요일,음식이 맛있어요_재료가 신선해요_특별한 메뉴가 있어요_메뉴 구성이 알차요_
2097209094,kimdh612,음식이엄청맛있고신선해요가격도적당하고맛집입니다,2026년 6월 12일 금요일,음식이 맛있어요_재료가 신선해요_
2097209094,코끼리발통,제가좋아하는감태메뉴가많아서맘에드는초밥집!!,2026년 6월 12일 금요일,음식이 맛있어요_재료가 신선해요_가성비가 좋아요_친절해요_매장이 청결해요_
2097209094,sha****,효자동초밥추천!기념일에오기좋아요~,2026년 6월 11일 목요일,음식이 맛있어요_메뉴 구성이 알차요_대화하기 좋아요_주차하기 편해요_특별한 날 가기 좋아요_
2097209094,크루이,배터지게먹었스빈다…신선하구맛나용,2026년 6월 11일 목요일,음식이 맛있어요_재료가 신선해요_특별한 메뉴가 있어요_가성비가 좋아요_
2097209094,xjzttvz,다른회전초밥집에비해서특별한메뉴가많은거같아요!,2026년 6월 11일 목요일,음식이 맛있어요_특별한 메뉴가 있어요_매장이 넓어요_
2097209094,까칠한깽,편하게먹고싶은거주문할수있고메뉴다양해서좋아요최근가본곳중전주에서는여기가우선1등입니다!,2026년 6월 10일 수요일,음식이 맛있어요_재료가 신선해요_매장이 넓어요_주차하기 편해요_매장이 청결해요_
2097209094,불타는데리버거,메뉴가다맛있고이용하기도편하네요💕,2026년 6월 10일 수요일,음식이 맛있어요_특별한 메뉴가 있어요_가성비가 좋아요_재료가 신선해요_메뉴 구성이 알차요_
2097209094,zas****,맛신선깔끔구성친절모두🌟🌟🌟🌟🌟👍👍👍👍👍,2026년 6월 10일 수요일,음식이 맛있어요_재료가 신선해요_특별한 메뉴가 있어요_가성비가 좋아요_메뉴 구성이 알차요_
2097209094,꼬맹이7513,항상오는곳이에요역시나맛있습니다.이가격에이퀄리티라니너무좋아요,2026년 6월 10일 수요일,음식이 맛있어요_재료가 신선해요_특별한 메뉴가 있어요_가성비가 좋아요_메뉴 구성이 알차요_
2097209094,백호사랑90,딸래미학원마치고늦게밥먹으러왔는데싱싱하니맛있어요,2026년 6월 9일 화요일,음식이 맛있어요_특별한 메뉴가 있어요_메뉴 구성이 알차요_매장이 청결해요_친절해요_
2097209094,미쨩22,초밥좋아해서여러군데다녀봤는데요기괜찮네요!!가격도저렴함테퀄리티가그에비해너무좋아요!!가격장난없고진짜다1990원인데회퀄리티가너무좋아서간만에맛있게잘먹었습니다!,2026년 6월 9일 화요일,음식이 맛있어요_재료가 신선해요_가성비가 좋아요_특별한 메뉴가 있어요_
2097209094,lyj****,초밥진짜맛있어요ㅠㅠ특히직원분들다친절하시고🥺🥺초코아이스크림도완전대기업맛이에요연어초밥이짱맛이에요저새우도맛있어요💋💋♥️♥️,2026년 6월 9일 화요일,음식이 맛있어요_재료가 신선해요_친절해요_매장이 청결해요_아늑해요_
2097209094,mov****,맛있게잘먹었습니다!!!추천합니다~~!,2026년 6월 9일 화요일,음식이 맛있어요_메뉴 구성이 알차요_비싼 만큼 가치있어요_혼밥하기 좋아요_매장이 넓어요_
2097209094,ㅋㅋㅋㅋ3611,다양한초밥들을가성비있게먹기조아요굿굿,2026년 6월 7일 일요일,음식이 맛있어요_특별한 메뉴가 있어요_가성비가 좋아요_혼밥하기 좋아요_친절해요_
2097209094,샤희야12,아이와예약없이방문했는데바로입장했어요~매장깔끔하고가성비굿입니다^^맛도좋아요😆,2026년 6월 7일 일요일,음식이 맛있어요_가성비가 좋아요_메뉴 구성이 알차요_양이 많아요_혼밥하기 좋아요_
2097209094,효레스님,너무맛있습니다밥양도적당하고싱싱합니다주차장도있고기분좋게먹고왔습니다,2026년 6월 7일 일요일,음식이 맛있어요_가성비가 좋아요_친절해요_매장이 청결해요_주차하기 편해요_
2097209094,dlrudwls0528,너무맛있습니다밥양도적당하고싱싱합니다주차장도있고기분좋게먹고왔습니다,2026년 6월 7일 일요일,음식이 맛있어요_재료가 신선해요_메뉴 구성이 알차요_건강한 맛이에요_혼밥하기 좋아요_
2097209094,미즈하나75,셰프님들께말씀드리면원하는메뉴도바로바로만들어주시고완전친절해요ㅎ,2026년 6월 6일 토요일,음식이 맛있어요_재료가 신선해요_특별한 메뉴가 있어요_가성비가 좋아요_메뉴 구성이 알차요_
2097209094,스물하고일곱,너무맛있고다들친절하세요!!,2026년 6월 6일 토요일,음식이 맛있어요_메뉴 구성이 알차요_매장이 넓어요_
2097209094,진실리뷰가,첫방문이었는데~기존비슷한가격대초밥집중에최고에요!친절하고가성비굿굿👍종류도많고~무엇보다위에올라가는양도푸짐해요!아이와와도먹을만한것도많고~초밥생각날땐종종들려야겠어요!,2026년 6월 6일 토요일,음식이 맛있어요_특별한 메뉴가 있어요_가성비가 좋아요_메뉴 구성이 알차요_친절해요_
2097209094,tya915,너무친절하고음식들이다맛있어요아주만족스럽습니다,2026년 6월 6일 토요일,음식이 맛있어요_재료가 신선해요_인테리어가 멋져요_친절해요_주차하기 편해요_
2097209094,붕어군22,아이들과같이방문했어요~좋아하는초밥을부담없이먹을수있어서좋았어요~초밥도다맛있고아이들도아이들취향에맞는초밥을잘골라서먹었습니다~,2026년 6월 6일 토요일,음식이 맛있어요_친절해요_매장이 넓어요_
2097209094,소소소해,너무배부르게잘먹었습니다🤗신선하고맛있어요!!!또올께용!!!💛💛,2026년 6월 5일 금요일,음식이 맛있어요_재료가 신선해요_가성비가 좋아요_혼밥하기 좋아요_친절해요_
2097209094,꿈꾸는카푸치노,맛있어요,2026년 6월 5일 금요일,음식이 맛있어요_매장이 넓어요_매장이 청결해요_
2097209094,pft****,음식맛있고굉장히신선해요브레이크타임직전까지먹었는데친절응대도좋아요회전초밥먹고싶으면재방문이요~!!,2026년 6월 4일 목요일,음식이 맛있어요_재료가 신선해요_
2097209094,pin****,매장이너무청결하고초밥종류들이엄청많이있습니다!!사장님도친절하시고일하시는분들다들친절해서밥먹는데너무편안했습니다다음에또재방문할꺼같습니다!,2026년 6월 4일 목요일,음식이 맛있어요_
2097209094,pul****,너모맛있습니다ㅎㅎ전주맛집추천이요!!!,2026년 6월 3일 수요일,음식이 맛있어요_재료가 신선해요_특별한 메뉴가 있어요_
2097209094,임종민86,이거먹으려고남원에서달려왔어요또올거같습니다!300%만족!,2026년 6월 3일 수요일,음식이 맛있어요_재료가 신선해요_가성비가 좋아요_특별한 메뉴가 있어요_친절해요_
2097209094,mij****,친구들한테소개해줘서같이방문했습니다!!오랜만에왔는데초밥퀄이더좋아진거같네요ㅎㅎ친구들도너무맛있다고해서뿌듯햇숩니당!!그중제일맛있었던건육회초밥!너무신선하니맛있었습니당✌️,2026년 6월 3일 수요일,음식이 맛있어요_재료가 신선해요_가성비가 좋아요_친절해요_매장이 청결해요_
2097209094,총총30,아이들과함께두번째방문했어요^^초밥안에와사비가안들어있어서안심하고아이들먹이기에도너무좋았고우동도맛있어요^^테이블자리에서편하게식사할수있어서좋네요!가성비도좋은데신선하고너무맛있게잘먹었어요^^다음에또올게요~~,2026년 6월 3일 수요일,음식이 맛있어요_재료가 신선해요_특별한 메뉴가 있어요_가성비가 좋아요_메뉴 구성이 알차요_
2097209094,fjvn84,소문듣고방문한초밥맛집~호전초밥이라더고급스럽고맛집,2026년 6월 3일 수요일,음식이 맛있어요_재료가 신선해요_
2097209094,KIA TIGERS V12,여기가성비가좋아요!초밥도엄청많아요,2026년 6월 3일 수요일,가성비가 좋아요_메뉴 구성이 알차요_혼밥하기 좋아요_
2097209094,ko****,너무잘먹었습니다!,2026년 6월 3일 수요일,음식이 맛있어요_재료가 신선해요_특별한 메뉴가 있어요_
2097209094,par****,너무잘먹었습니다!,2026년 6월 3일 수요일,음식이 맛있어요_가성비가 좋아요_메뉴 구성이 알차요_혼밥하기 좋아요_
2097209094,잉응잉응,육회언어가진짜맛있어요🤤👍,2026년 6월 2일 화요일,음식이 맛있어요_
2097209094,세계최고미녀,우와전주는회전초밥이이천원도안하네요진짜맛있고메뉴도많아서너무좋네요굿입니다👍🏻👍🏻👍🏻☺️,2026년 6월 2일 화요일,음식이 맛있어요_재료가 신선해요_특별한 메뉴가 있어요_가성비가 좋아요_
2097209094,dnr****,맛있어서재방문했어요♥️♥️,2026년 6월 2일 화요일,음식이 맛있어요_재료가 신선해요_특별한 메뉴가 있어요_인테리어가 멋져요_매장이 넓어요_
2097209094,또리z,너무맛잇어요..!기대이상🥺음하나아쉬운건흰살생선이더많아지면좋겟어요..!,2026년 6월 2일 화요일,음식이 맛있어요_재료가 신선해요_매장이 넓어요_인테리어가 멋져요_매장이 청결해요_
2097209094,슈슈슉55,회전초밥집많이다녔어요.제가좋아하는초밥종류가많아좋았어요.기본우동추가했는데사이즈가남달라요.그리고주차하기대박편해서아주대대만족입니다.,2026년 6월 2일 화요일,음식이 맛있어요_재료가 신선해요_특별한 메뉴가 있어요_주차하기 편해요_친절해요_
2097209094,ohs****,조금먹어도엄청배불러요항상맛잇게먹어요!!,2026년 6월 1일 월요일,음식이 맛있어요_재료가 신선해요_특별한 메뉴가 있어요_
2097209094,나쓰34,아이와함께방문했는데와사비따로들어있는점이참좋았습니다.초밥도맛있어요.화장실이청결한점도인상적입니다.다음에또올게요!,2026년 6월 1일 월요일,음식이 맛있어요_가성비가 좋아요_메뉴 구성이 알차요_친절해요_매장이 청결해요_
2097209094,체체7,아이가계란말이초밥을너무좋아해서맛있게늘잘먹고갑니다!육회초밥연어초밥도메뉴다양하게나와서골라먹는맛이있네요~,2026년 5월 31일 일요일,음식이 맛있어요_매장이 넓어요_친절해요_매장이 청결해요_아이와 가기 좋아요_
2097209094,lja****,다양한종류의메뉴가있어용,2026년 5월 31일 일요일,음식이 맛있어요_가성비가 좋아요_매장이 넓어요_친절해요_매장이 청결해요_
2097209094,두둥421,새로생겼다고해서처음방문했는데직원분들도너무친절하시고매장도너무깔끔하고좋아요!스시도너무신선해서골라먹기좋아요!!다음에또방문할게요!!!,2026년 5월 31일 일요일,인테리어가 멋져요_음식이 맛있어요_재료가 신선해요_친절해요_매장이 청결해요_
2097209094,대왕3465,와이프와영화보고점심뭐먹을까하다가인스타에서본회전초밥먹으려고왔는데스시퀄리티가아주좋고신선해서맛있게먹었습니다!!다음에도방문하고싶어요!!,2026년 5월 31일 일요일,음식이 맛있어요_재료가 신선해요_가성비가 좋아요_친절해요_매장이 청결해요_
2097209094,DEXTER55,연인과점심식사하기너무좋았어요나중에부모님과도함께방문하려구요,2026년 5월 31일 일요일,음식이 맛있어요_재료가 신선해요_매장이 넓어요_
2097209094,초이예,가족끼리방문했는데아이랑정말맛있게잘먹었습니다.다음에또방문하겠습니다,2026년 5월 31일 일요일,음식이 맛있어요_매장이 넓어요_친절해요_
2097209094,아5640,3번째부모님과함께방문합니다!!사장님번창하세용!,2026년 5월 30일 토요일,음식이 맛있어요_재료가 신선해요_가성비가 좋아요_
2097209094,여름4023,가성비최고에요!주문하면바로바로만들어주시고맛있어요!,2026년 5월 30일 토요일,음식이 맛있어요_재료가 신선해요_특별한 메뉴가 있어요_인테리어가 멋져요_매장이 청결해요_
2097209094,래이빗,회전초밥먹고싶어서방문했어요!!연어가정말맛있습니다종류도다양하고육회도양념짭쪼롬해서맛있어요!튀김올리실때말씀해주셔서따뜻한튀김먹었는데맛있었습니다다음에또올게요~,2026년 5월 30일 토요일,음식이 맛있어요_재료가 신선해요_가성비가 좋아요_메뉴 구성이 알차요_매장이 넓어요_
2097209094,꾹기단,재료도신선하고직원들도모두친절합니다!합리적인가격으로맛있는스시를먹을수있어요ㅎㅎ,2026년 5월 30일 토요일,음식이 맛있어요_재료가 신선해요_가성비가 좋아요_
2097209094,bbbnieheb,3번째방문인데메뉴도많고맛있어요!강추입니당,2026년 5월 30일 토요일,음식이 맛있어요_메뉴 구성이 알차요_매장이 넓어요_인테리어가 멋져요_
2097209094,빵순떡순,한접시1990원에신선하고다양한회전초밥먹을수있는스시이안앤🍣연어새우참치계란등클래식한메뉴도맛있지만육회가올라간메뉴들이특히맛있었어요·͜·회전율도빠르고쉐프님들이친절하셔서조만간또오려구요.ᐟ,2026년 5월 30일 토요일,재료가 신선해요_특별한 메뉴가 있어요_가성비가 좋아요_메뉴 구성이 알차요_특별한 날 가기 좋아요_
2097209094,프로포즈9229,초밥이전부다맛있어요.가성비좋고직원들도친절해요.장국도따뜻하고맛나요.,2026년 5월 28일 목요일,음식이 맛있어요_재료가 신선해요_특별한 메뉴가 있어요_가성비가 좋아요_메뉴 구성이 알차요_
2097209094,미노미25,다른회전초밥집갔다가맛없어서바로여기로왔어요여기가훨씬생선신선하고좋네요쫀득하고촉촉해요다만약간비린맛은있네요ㅠ초밥올라올때무슨초밥올라간다고말해주면좋을거같아요,2026년 5월 28일 목요일,재료가 신선해요_매장이 넓어요_혼밥하기 좋아요_매장이 청결해요_친절해요_
2097209094,덩쿠림보,초밥퀄리티도좋고너무맛있어요~~다양한종류의초밥을먹을수있는게진짜좋아용사장님도친절하셔서기분좋게식사하고갑니다!!,2026년 5월 27일 수요일,음식이 맛있어요_가성비가 좋아요_재료가 신선해요_매장이 넓어요_친절해요_
2097209094,숑크숑크송,너무너무맛있어요!!가성비굳,2026년 5월 26일 화요일,음식이 맛있어요_재료가 신선해요_가성비가 좋아요_특별한 메뉴가 있어요_인테리어가 멋져요_
2097209094,안창혁68,맛있게잘먹었습니다^^,2026년 5월 25일 월요일,음식이 맛있어요_재료가 신선해요_특별한 메뉴가 있어요_가성비가 좋아요_혼밥하기 좋아요_
2097209094,qq****,초밥들이전부신선하고쉴틈없이돌아가요😆매장도넓고깨끗해서쾌적하게식사할수있어요!👍,2026년 5월 25일 월요일,음식이 맛있어요_재료가 신선해요_가성비가 좋아요_매장이 넓어요_친절해요_
2097209094,메렁8647,메뉴도다양하고맛도있어요재방문의사100프러에요!,2026년 5월 25일 월요일,음식이 맛있어요_재료가 신선해요_특별한 메뉴가 있어요_인테리어가 멋져요_매장이 넓어요_
1439019759,hyegidang,주기적으로방문하는곳입니다ㅎㅎ양도많고너무맛있어요!커그텀으로원하는재료선택할수있어서좋아요,2026년 6월 15일 월요일,음식이 맛있어요_재료가 신선해요_
1439019759,여너돈가스,맛있어요!!!!,2026년 6월 15일 월요일,음식이 맛있어요_재료가 신선해요_특별한 메뉴가 있어요_
1439019759,짱어74,벌써수십번온이너프…최애샐러드집이에요……여기없으면죽어요저…..야채가젤신선힌거같아요어느곳보다도,2026년 6월 15일 월요일,음식이 맛있어요_재료가 신선해요_
1439019759,최숭어,항상맛잇게잘먹고있습니다!!,2026년 6월 15일 월요일,음식이 맛있어요_인테리어가 멋져요_친절해요_
1439019759,te****,건강하게시작하고자방문아..목살이진짜부드럽다루이보스차와녹차도있어서원하는것을갖다먹을수있는.ㅎ한끼먹으면저녁까지든든함,2026년 6월 15일 월요일,재료가 신선해요_양이 많아요_혼밥하기 좋아요_매장이 넓어요_인테리어가 멋져요_
1439019759,꽃송이31,재료도신선하고즉석해서조리해서더맛있어요.매장도청결하고직원분들도성실하고친절해요.직장근처에이너프샐러드가있어정말좋아요,2026년 6월 15일 월요일,음식이 맛있어요_재료가 신선해요_양이 많아요_친절해요_매장이 청결해요_
1439019759,째깍째깍007,양많고맛있어요!면추가를꼭하세요...남으면포장도핻주시니걱정마시그요!잘먹었습니다~~~,2026년 6월 14일 일요일,음식이 맛있어요_재료가 신선해요_양이 많아요_친절해요_매장이 청결해요_
1439019759,imj****,항상믿고먹는이너프샐러드!!맛과다이어트최고입니다!,2026년 6월 13일 토요일,음식이 맛있어요_재료가 신선해요_양이 많아요_인테리어가 멋져요_매장이 넓어요_
1439019759,여기저기탐험가,통유리창건물이라쾌적하며푸릇한숲을보며식사할수있어요(하지만혼밥석은유리창앞이라먹는모습을바깥에서볼수있어조금민망하지요ㅎㅎ)생각보다샐러드양이꽤되서연어를추가해먹으니배부른한끼식사가됐어요단호박스프가맛있었어요!,2026년 6월 13일 토요일,재료가 신선해요_음식이 맛있어요_
1439019759,가나다44,맛있어요!,2026년 6월 13일 토요일,음식이 맛있어요_재료가 신선해요_혼밥하기 좋아요_친절해요_
1439019759,산우3,맛있게먹었습니다-!,2026년 6월 13일 토요일,양이 많아요_재료가 신선해요_
1439019759,졔제0815,거즘1년이상이너프샐러드주구장창먹다가다이어트포기후안먹게됐는데오늘운동일찍끝난김에오래만에들립니다~~~이너프샐러드만큼가성비도좋고신선한재료에맛까지있는곳없어요!!!오늘진짜이너프샐러드먹게되어서기분이너무좋네요:>,2026년 6월 11일 목요일,음식이 맛있어요_재료가 신선해요_양이 많아요_가성비가 좋아요_메뉴 구성이 알차요_
1439019759,혤니450,올때마다맛있어요!❤️,2026년 6월 11일 목요일,음식이 맛있어요_재료가 신선해요_양이 많아요_매장이 넓어요_
1439019759,wen****,깨끗하고오픈키친이라좋은것같아요.직원분들이친절하십니다!!,2026년 6월 11일 목요일,인테리어가 멋져요_매장이 넓어요_혼밥하기 좋아요_
1439019759,시동시똥이,이너프샐러드유명하다구해서와봤는데매장도넓고예쁘네용ㅎㅎ맛있어요,2026년 6월 11일 목요일,음식이 맛있어요_재료가 신선해요_인테리어가 멋져요_매장이 청결해요_친절해요_
1439019759,난나나쏴,정말자주오는곳이에요ㅎㅎ늘친절하시고야채도싱싱해서먹을때마다기분이좋아요,2026년 6월 11일 목요일,혼밥하기 좋아요_매장이 청결해요_친절해요_
1439019759,스위머수영클럽,저녁식사할시간이있는날이면무조건이너프에오는요즘!오늘도건강한저녁식사,2026년 6월 11일 목요일,음식이 맛있어요_재료가 신선해요_양이 많아요_특별한 메뉴가 있어요_가성비가 좋아요_
1439019759,레마리꺼,직접재료하나하나커스텀해서먹을수있어서좋아요그리고너무맛있어요,2026년 6월 11일 목요일,음식이 맛있어요_재료가 신선해요_특별한 메뉴가 있어요_뷰가 좋아요_친절해요_
1439019759,ys****,샐러드집처음와봤는데진짜맛있네요!자주올것같아요,2026년 6월 11일 목요일,음식이 맛있어요_재료가 신선해요_
1439019759,chha2,맘에들어요~~맛있어요~,2026년 6월 11일 목요일,음식이 맛있어요_재료가 신선해요_
1439019759,쵸코밤밤,가격대비양정말푸짐하고신선해요,2026년 6월 11일 목요일,음식이 맛있어요_재료가 신선해요_양이 많아요_매장이 넓어요_친절해요_
1439019759,tidydoony,맛있어요굳👍,2026년 6월 11일 목요일,음식이 맛있어요_인테리어가 멋져요_친절해요_화장실이 깨끗해요_매장이 청결해요_
1439019759,자풍이,샐러드양이가격대비많고맛았어서좋아요야채양이많을때도있능데선택할수있는미니가나와서좋아요~!옥수수냉스프처음먹어보는데판매하면여름내내잘먹을거같습니다,2026년 6월 11일 목요일,음식이 맛있어요_재료가 신선해요_특별한 메뉴가 있어요_
1439019759,487****,많이시켜먹는곳인데첨으로연어도전해봤어요스프는첨인데궁금하네용,2026년 6월 11일 목요일,음식이 맛있어요_재료가 신선해요_
1439019759,lov****,신선하고맛있는이너프샐러드자주이용하는곳이에요👍👍👍,2026년 6월 10일 수요일,음식이 맛있어요_재료가 신선해요_양이 많아요_메뉴 구성이 알차요_건강한 맛이에요_
1439019759,췌리ㅅ,늘이용하는곳💙🌀,2026년 6월 10일 수요일,건강한 맛이에요_재료가 신선해요_음식이 맛있어요_메뉴 구성이 알차요_혼밥하기 좋아요_
1439019759,두 아들96,일주일에평균3일이상찾게되는이너프샐러드양도넉넉해서든든하고건강하게먹을수있어만족합니다.지인에게도소개할수있는깔끔한분위기와다양한메뉴만족해요.냉콘스프가여름계절과더잘맞에만족합니다,2026년 6월 10일 수요일,음식이 맛있어요_재료가 신선해요_양이 많아요_가성비가 좋아요_인테리어가 멋져요_
1439019759,빛날툴,너무너무맛있어요~~~~~!!!👍👍👍👍,2026년 6월 10일 수요일,음식이 맛있어요_재료가 신선해요_양이 많아요_메뉴 구성이 알차요_뷰가 좋아요_
1439019759,chlwlskk,돌고돌아늘이너프샐러드예요야채도신선하고양도많고맛있어요!!!짱,2026년 6월 9일 화요일,재료가 신선해요_음식이 맛있어요_양이 많아요_매장이 넓어요_혼밥하기 좋아요_
1439019759,gmlwjd8078,다이어트한끼의만족스러운선택입니다😆,2026년 6월 9일 화요일,음식이 맛있어요_재료가 신선해요_양이 많아요_혼밥하기 좋아요_
1439019759,깜댕이42,항상만족하는샐러드집~~!,2026년 6월 9일 화요일,음식이 맛있어요_재료가 신선해요_양이 많아요_특별한 메뉴가 있어요_
1439019759,지각52,맛있어요!야채도엄청신선하네요혼잡드시는분들도몇분있어요매장도음청깨끗해요가격도여타샐러드집비견더좋아요주방도다오픈여기서드세욤..메뉴는좀더추가되면좋을듯,2026년 6월 9일 화요일,음식이 맛있어요_재료가 신선해요_혼밥하기 좋아요_
1439019759,비짱82,맛있어요!야채도엄청신선하네요혼잡드시는분들도몇분있어요매장도음청깨끗해요가격도여타샐러드집비견더좋아요주방도다오픈여기서드세욤..메뉴는좀더추가되면좋을듯,2026년 6월 9일 화요일,음식이 맛있어요_재료가 신선해요_양이 많아요_특별한 메뉴가 있어요_매장이 넓어요_
1439019759,tlsdbqls071,앞에주차도하고내부도쾌적하고넓고좋습니다,2026년 6월 9일 화요일,재료가 신선해요_매장이 넓어요_
1439019759,소금빵,운동하고간단히먹으러왔는데매장도쾌적하고좋아요ㅎㅎ샐러드맛은보장하는곳,2026년 6월 8일 월요일,음식이 맛있어요_재료가 신선해요_혼밥하기 좋아요_
1439019759,우럭아왜우렁,마싯어욤><💖😍,2026년 6월 8일 월요일,음식이 맛있어요_재료가 신선해요_인테리어가 멋져요_매장이 넓어요_친절해요_
1439019759,선우백련,너무맛있게잘먹고있습니다.건강한음식너무좋아요.4번째방문입니다ㅎㅎ,2026년 6월 8일 월요일,음식이 맛있어요_재료가 신선해요_건강한 맛이에요_인테리어가 멋져요_매장이 넓어요_
1439019759,스위머수영클럽,제가너무너무좋아하는이너프샐러드오늘도신선한재료로건강을챙깁니당,2026년 6월 8일 월요일,음식이 맛있어요_재료가 신선해요_양이 많아요_특별한 메뉴가 있어요_가성비가 좋아요_
1439019759,ㅇㅇㅇㅇㅇㅇㅇㄹㅇ,맛있고양많고최고입니다이너프❤️🥰,2026년 6월 8일 월요일,음식이 맛있어요_재료가 신선해요_양이 많아요_
1439019759,김자은60,커스텀있어서좋아요옥수수스프넘맛나용,2026년 6월 8일 월요일,음식이 맛있어요_재료가 신선해요_
1439019759,wld****,친절하구쾌적하구맛있어요-!,2026년 6월 8일 월요일,음식이 맛있어요_재료가 신선해요_인테리어가 멋져요_매장이 넓어요_
1439019759,EYE33,맛있어서종종오는데요즘소스맛이...발사믹에오일이너무많이들어가서느끼해요ㅠ,2026년 6월 8일 월요일,매장이 청결해요_음식이 맛있어요_재료가 신선해요_
1439019759,bird51,점심한끼든든히채우고갑니다~!!,2026년 6월 8일 월요일,재료가 신선해요_양이 많아요_
1439019759,레브마,양많고맛있어요~~~,2026년 6월 8일 월요일,음식이 맛있어요_재료가 신선해요_양이 많아요_인테리어가 멋져요_매장이 넓어요_
1439019759,tidydoony,맛있어요굳👍,2026년 6월 8일 월요일,음식이 맛있어요_인테리어가 멋져요_친절해요_매장이 청결해요_화장실이 깨끗해요_
1439019759,얌얌8634,한번방문한후로매일오고잇어요푸짐하고건강한한끼좋아요,2026년 6월 8일 월요일,음식이 맛있어요_양이 많아요_재료가 신선해요_
1439019759,나야나34,언제든맛있게즐겁게먹을수있는샐러드집양도맛도👍👍👍,2026년 6월 8일 월요일,음식이 맛있어요_재료가 신선해요_양이 많아요_혼밥하기 좋아요_매장이 청결해요_
1439019759,쁀쁀,항상잘이용해요!,2026년 6월 8일 월요일,재료가 신선해요_매장이 넓어요_혼밥하기 좋아요_매장이 청결해요_화장실이 깨끗해요_
1439019759,hee543,항상잘이용해요!,2026년 6월 8일 월요일,음식이 맛있어요_재료가 신선해요_양이 많아요_매장이 넓어요_매장이 청결해요_
1439019759,tjr****,너무맛있어서자주오는이너프샐러드입니다.항상잘먹고있습니다.,2026년 6월 7일 일요일,음식이 맛있어요_재료가 신선해요_양이 많아요_특별한 메뉴가 있어요_가성비가 좋아요_
1439019759,NYSEO73,너무좋습니다,2026년 6월 7일 일요일,음식이 맛있어요_양이 많아요_가성비가 좋아요_재료가 신선해요_
1439019759,모래맘99,항상신선하고맛있어요!!자주이용하고있습니다🫶,2026년 6월 7일 일요일,음식이 맛있어요_재료가 신선해요_
1439019759,lug****,혼밥하기도좋고양도많고좋아요!!벌써여러번방문!!다이어트하거나샐러드좋아하시는분들에게강추합니다!!!,2026년 6월 7일 일요일,음식이 맛있어요_재료가 신선해요_양이 많아요_특별한 메뉴가 있어요_
1439019759,김강민40,옥수수스프와함께너무맛잇게잘먹고잇어요~!,2026년 6월 7일 일요일,음식이 맛있어요_재료가 신선해요_양이 많아요_친절해요_
1439019759,no****,너무맛있고신선해요.!!!,2026년 6월 7일 일요일,음식이 맛있어요_재료가 신선해요_인테리어가 멋져요_친절해요_매장이 청결해요_
1439019759,방글방글동글,ㅇㅣ너프최고ㅎㅎ,2026년 6월 7일 일요일,음식이 맛있어요_재료가 신선해요_양이 많아요_메뉴 구성이 알차요_
1439019759,imj****,항상고민없이선택하는이너프샐러드!ㅎ최고입니다!,2026년 6월 7일 일요일,음식이 맛있어요_재료가 신선해요_양이 많아요_매장이 넓어요_매장이 청결해요_
1439019759,tjd****,샐러드맛집에여…전주살면무조건오는곳….,2026년 6월 7일 일요일,음식이 맛있어요_재료가 신선해요_양이 많아요_특별한 메뉴가 있어요_인테리어가 멋져요_
1439019759,Chooseit,언제나신선하고맛있어요!,2026년 6월 7일 일요일,음식이 맛있어요_
1439019759,도현니,오픈주방이라너무좋아요!!음식들이신선한게느껴지고매장도깔끔하고너무맛있어요~~~!!!!!!!!샐러드파스타+구운닭가슴살+발사믹조합으로먹었는데양도많고넘마싯어용😍😍,2026년 6월 7일 일요일,음식이 맛있어요_재료가 신선해요_매장이 넓어요_혼밥하기 좋아요_
1439019759,im_****,샐러드가신선하고양도많고맛있어요!또방문할게요!,2026년 6월 6일 토요일,음식이 맛있어요_재료가 신선해요_양이 많아요_매장이 넓어요_
1439019759,동자스82,내일웨딩촬영을위해맛있는샐러드먹으로왔어용ㅎㅎ맛납니당!,2026년 6월 6일 토요일,음식이 맛있어요_재료가 신선해요_혼밥하기 좋아요_음악이 좋아요_친절해요_
1439019759,Hyeonnee,샐러드먹고싶을때항상방문하는곳이에요!야채들도신선하고맛있어서늘만족하고있어요😋다음엔다른메뉴들로시켜볼려구요❣️,2026년 6월 6일 토요일,재료가 신선해요_양이 많아요_매장이 청결해요_
1439019759,글로 밥 짓는 여자 메멘토모리,어쩌다보니오늘첫끼~!!정신없이먹음~~ㅎㅎㅎ샐러드라서맘편히먹었나봄~생연어샐러드에부채살과고구마추가.제주레몬드레싱!하나도안남기고야채(오리지널)다먹음~~재료가신선하고추가주문한부채살이맛있었음~!연어보다부채살을더좋아했었나??이른저녁에먹기좋았음!,2026년 6월 6일 토요일,음식이 맛있어요_재료가 신선해요_주차하기 편해요_
1439019759,쪼6548,맛있음,2026년 6월 6일 토요일,음식이 맛있어요_재료가 신선해요_메뉴 구성이 알차요_건강한 맛이에요_
1439019759,짓74,맛있어요!!앞에뷰도푸릇푸릇해서이뻐요,2026년 6월 6일 토요일,음식이 맛있어요_인테리어가 멋져요_
1439019759,hae****,너무너무맛맀어용!!,2026년 6월 6일 토요일,음식이 맛있어요_재료가 신선해요_양이 많아요_특별한 메뉴가 있어요_가성비가 좋아요_
1439019759,Ilovemiata,맛과건강을한번에잡고싶다면이너프샐러드!다이어트중에도트레이너에게혼나지않는외식메뉴!,2026년 6월 6일 토요일,음식이 맛있어요_재료가 신선해요_매장이 넓어요_음악이 좋아요_매장이 청결해요_
1439019759,아이스크림라떼31,샐러드가먹고싶을때마다찾는곳이에요!!!진짜샐러드가게중에최고에요!!맛있는샐러드항상감사합니다.번창하세요!!,2026년 6월 6일 토요일,음식이 맛있어요_재료가 신선해요_특별한 메뉴가 있어요_매장이 넓어요_혼밥하기 좋아요_
1439019759,뚜잉6859,언제나맛있게잘먹고있습니다,2026년 6월 5일 금요일,음식이 맛있어요_재료가 신선해요_
1439019759,허니잼5,옥수수스프그냥팔아줭ㅅ,2026년 6월 5일 금요일,음식이 맛있어요_재료가 신선해요_
1439019759,김실비아,샐러드는항상이너프샐러드에서만먹어요!신선하고커스터마이징도가능해서좋습니댜ㅎㅎ샐러드도맛있고스프도맛있어요!,2026년 6월 5일 금요일,음식이 맛있어요_재료가 신선해요_매장이 넓어요_매장이 청결해요_
1439019759,dusdlqufdl,이너프샐러드수십번째이용중입니다최고~!,2026년 6월 5일 금요일,음식이 맛있어요_재료가 신선해요_양이 많아요_특별한 메뉴가 있어요_가성비가 좋아요_
1439019759,떠라13,맛있어용너무,2026년 6월 5일 금요일,음식이 맛있어요_재료가 신선해요_양이 많아요_특별한 메뉴가 있어요_가성비가 좋아요_
1439019759,dlg****,샐러드먹고싶을땐항상이너프로와요넘넘맛있었습니다!옥수수스프도차가운데맛있었어요!!,2026년 6월 5일 금요일,음식이 맛있어요_재료가 신선해요_양이 많아요_혼밥하기 좋아요_매장이 청결해요_
1439019759,tidydoony,맛있어요굳👍,2026년 6월 5일 금요일,음식이 맛있어요_인테리어가 멋져요_친절해요_주차하기 편해요_매장이 청결해요_
1439019759,nabom324,고기도부드럽고맛있고양도많아서좋았어요!🤍,2026년 6월 4일 목요일,음식이 맛있어요_재료가 신선해요_양이 많아요_음식이 빨리 나와요_매장이 청결해요_
1439019759,서길오,매장이크고청결하고접근성이좋아요!맛은기본으로맛있습니다!!,2026년 6월 4일 목요일,음식이 맛있어요_인테리어가 멋져요_매장이 넓어요_매장이 청결해요_
1439019759,경ㅇㅇㅇㅇㅇ,맛있어요!,2026년 6월 4일 목요일,음식이 맛있어요_재료가 신선해요_양이 많아요_
1439019759,mii****,양도푸짐하고너무맛있었습니다~.~,2026년 6월 4일 목요일,음식이 맛있어요_
1439019759,박성원숭,베리굿,2026년 6월 4일 목요일,재료가 신선해요_음식이 맛있어요_인테리어가 멋져요_친절해요_매장이 청결해요_
1439019759,어린양90,항상양많고신선해서샐러드먹고싶을때자주찾는곳입니다프리음료도준비되어있어더욱좋습니다.원하는재료들로커스텀하여샐러드를먹을수있는점도좋아요~,2026년 6월 4일 목요일,음식이 맛있어요_재료가 신선해요_양이 많아요_매장이 넓어요_혼밥하기 좋아요_
1439019759,note4072,거리가멀어근처에올때면포장합니다맛있어요,2026년 6월 4일 목요일,음식이 맛있어요_재료가 신선해요_양이 많아요_
1439019759,미미0303,거리가멀어근처에올때면포장합니다맛있어요,2026년 6월 4일 목요일,음식이 맛있어요_재료가 신선해요_
1439019759,안녕하세요4065,샐러드생각날때마다오는곳이예요~~깔끔해서더좋아요!!,2026년 6월 4일 목요일,음식이 맛있어요_재료가 신선해요_건강한 맛이에요_매장이 넓어요_
1439019759,NocChoa,항상맛있습니다~!!,2026년 6월 4일 목요일,음식이 맛있어요_재료가 신선해요_양이 많아요_가성비가 좋아요_
1439019759,대혁생,신선스샐러스굳,2026년 6월 4일 목요일,음식이 맛있어요_재료가 신선해요_
1439019759,tel****,전북점만이용했었는데매장이더넓고청결하네요.맛은뭐말해뭐해~자주애용할께요~,2026년 6월 4일 목요일,음식이 맛있어요_재료가 신선해요_양이 많아요_가성비가 좋아요_컨셉이 독특해요_
1439019759,로빈맘42,늘오는곳이라...믿을수있는곳,2026년 6월 4일 목요일,인테리어가 멋져요_매장이 넓어요_
1439019759,이두딘,이너프랑가까운곳에서살고싶을정도로너무너무맛있어요!먹을때마다만족스럽고몇번을먹어도늘맛있는곳!전국을통틀어서제마음속1위맛집이에욤🫰🏻🫰🏻~,2026년 6월 4일 목요일,음식이 맛있어요_재료가 신선해요_고기 질이 좋아요_
1439019759,허니잼5,미니옥시시스프존맛이니까시키세요,2026년 6월 4일 목요일,음식이 맛있어요_재료가 신선해요_양이 많아요_
1439019759,kko****,신선하고맛있네요저당오리엔탈드레싱도너무좋았어요,2026년 6월 4일 목요일,음식이 맛있어요_재료가 신선해요_양이 많아요_혼밥하기 좋아요_매장이 청결해요_
1439019759,당근520,양도많고신선하고가볍게먹기좋아요평일점심에는도청직원들이많아서줄이긴데의외로음식은금방나와요,2026년 6월 4일 목요일,음식이 맛있어요_재료가 신선해요_양이 많아요_
1439019759,쁨비,양도많고너무맛있어요~!!,2026년 6월 4일 목요일,음식이 맛있어요_
1439019759,nujeatmik,너무맛있고재료가신선해요!,2026년 6월 4일 목요일,음식이 맛있어요_재료가 신선해요_친절해요_매장이 청결해요_
1439019759,204동1503호,처음와봤는데양도많고너무맛있도정말좋네요~😍,2026년 6월 4일 목요일,음식이 맛있어요_재료가 신선해요_
1439019759,bearseol,재료가늘신선해서자주찾는곳이예요~맛있어요.,2026년 6월 4일 목요일,음식이 맛있어요_재료가 신선해요_혼밥하기 좋아요_매장이 청결해요_친절해요_
1439019759,무무니영,오랜만에프레시한거먹고싶어서찾아왔어요시그니처샐러드메뉴도있고원하는대로먹을수있는커스텀샐러드도있어서고를수있어서좋아요!!야채양도선택할수있어서다이어트하시는분들도먹기좋을것같아요,2026년 6월 4일 목요일,음식이 맛있어요_재료가 신선해요_건강한 맛이에요_혼밥하기 좋아요_주차하기 편해요_
1439019759,아이슬린,오늘도든든히잘먹었습니다~!!^^,2026년 6월 4일 목요일,음식이 맛있어요_재료가 신선해요_양이 많아요_
1439019759,김강민40,옥수수스프가상햇네요여름철에는음식관리신경쓰셔야할것같습니다,2026년 6월 3일 수요일,음식이 맛있어요_재료가 신선해요_양이 많아요_친절해요_
1531723988,min****,진짜너무맛있어요ㅠㅠㅠㅠㅠㅠㅠ최고계속생각나는맛이에요,2026년 6월 14일 일요일,음식이 맛있어요_양이 많아요_매장이 넓어요_단체모임 하기 좋아요_친절해요_
1531723988,lov****,가족이든친구든직장동료든언제나만족도높은식사입니다!쿨타임차면바로와야돼요🤍,2026년 6월 14일 일요일,음식이 맛있어요_재료가 신선해요_매장이 넓어요_친절해요_
1531723988,bug****,너무맛있고직원분들도너무친절하세요매달옵니다ㅎㅎ,2026년 6월 14일 일요일,음식이 맛있어요_재료가 신선해요_양이 많아요_특별한 메뉴가 있어요_매장이 넓어요_
1531723988,kim****,순살아귀찜이있어서먹기가편하고너무맛있어요,2026년 6월 14일 일요일,음식이 맛있어요_재료가 신선해요_양이 많아요_특별한 메뉴가 있어요_
1531723988,먹짱유니리,처음먹어보는데생각보다훨씬더맛있어서잘먹고갑니다~~순살이부드럽고맛있어요👍👍,2026년 6월 13일 토요일,음식이 맛있어요_매장이 넓어요_
1531723988,지원190339,믿고오는곳입니다.매콤한아구찜에시원한맥주한잔이면스트레스가확날아간다는~우동사리에볶음밥까지끝까지맛있답니다~아주강추^^,2026년 6월 13일 토요일,음식이 맛있어요_양이 많아요_재료가 신선해요_매장이 넓어요_친절해요_
1531723988,별명이 없습니다57,믿고먹는효자동아귀찜아귀찜은여기가젤로맛있어요!반찬도존맛탱임니다,2026년 6월 13일 토요일,음식이 맛있어요_재료가 신선해요_비싼 만큼 가치있어요_친절해요_매장이 청결해요_
1531723988,늑대4039,부모님처음으로모시고왔는데순살이라먹기도편하고맛있다고좋아하시네요,2026년 6월 13일 토요일,음식이 맛있어요_아이와 가기 좋아요_친절해요_
1531723988,sdf****,항상너무맛있고무엇보다직원분들이친절하세요!!:),2026년 6월 13일 토요일,음식이 맛있어요_대화하기 좋아요_친절해요_
1531723988,girls369,아구찜은여기서만먹어요🤤🤤밑반찬도맛있고직원분들도너무친절하십미다!,2026년 6월 13일 토요일,음식이 맛있어요_재료가 신선해요_양이 많아요_친절해요_매장이 넓어요_
1531723988,goo****,맛있고또오고싶어요,2026년 6월 13일 토요일,음식이 맛있어요_재료가 신선해요_
1531723988,dwdqwe,친구가추천해줘서왔는데너무맛있게먹었어요.보통맛으로주문했는데같이간아이도잘먹었어요~재방문100프로에요!!!!,2026년 6월 13일 토요일,음식이 맛있어요_재료가 신선해요_
1531723988,아리9380,재방문입니다맛있어요순살이라ㅋㅋ안발라먹어도됩니다캬,2026년 6월 13일 토요일,음식이 맛있어요_양이 많아요_
1531723988,Mommmomm2,재방문입니다맛있어요순살이라ㅋㅋ안발라먹어도됩니다캬,2026년 6월 13일 토요일,음식이 맛있어요_재료가 신선해요_
1531723988,ccciic,아구찜양도많고맛있습니다!아귀탕수육도맛있어요~~,2026년 6월 13일 토요일,음식이 맛있어요_재료가 신선해요_매장이 넓어요_친절해요_매장이 청결해요_
1531723988,jae****,순살시래기아구찜정말맛있어요!시래가연해요~~~👍🏼,2026년 6월 13일 토요일,음식이 맛있어요_기본 안주가 좋아요_매장이 넓어요_친절해요_
1531723988,lov****,순살시래기아구찜정말맛있어요!시래가연해요~~~👍🏼,2026년 6월 13일 토요일,음식이 맛있어요_
1531723988,라이프스타일리쉬,맛있어요아귀찜은효자동에서먹습니다.,2026년 6월 13일 토요일,음식이 맛있어요_양이 많아요_
1531723988,nar****,전주사는분이전주맛집이라소개해주셔서첨방문했어요!1단계했는데달콤매콤하니딱맛있었습니다!!같이온지인은맵찔이라매워하긴했어요ㅎㅎㅎ양념이너무맛있어서또와야징히히아전시레기강추요!!!,2026년 6월 13일 토요일,음식이 맛있어요_재료가 신선해요_매장이 넓어요_매장이 청결해요_주차하기 편해요_
1531723988,소울1,매콤한소스가자꾸생각나는맛이네요맛있습니다,2026년 6월 12일 금요일,음식이 맛있어요_양이 많아요_단체모임 하기 좋아요_
1531723988,이슬1891,맛있는아구찜잘먹고갑니다💕💕,2026년 6월 12일 금요일,음식이 맛있어요_친절해요_매장이 넓어요_
1531723988,임서연92,맛있어요~,2026년 6월 12일 금요일,음식이 맛있어요_양이 많아요_매장이 넓어요_친절해요_
1531723988,두두링2,진짜너무너무맛있어요!!자주옵니당,2026년 6월 12일 금요일,음식이 맛있어요_매장이 넓어요_친절해요_매장이 청결해요_주차하기 편해요_
1531723988,kyr****,반찬도잘나오고너무맛있었어요!,2026년 6월 12일 금요일,음식이 맛있어요_
1531723988,qnaelzk11,누나들이맛있다고해서너무가고싶었는데반찬도맛있고직원분들도친절하세요!,2026년 6월 12일 금요일,음식이 맛있어요_재료가 신선해요_양이 많아요_인테리어가 멋져요_매장이 넓어요_
1531723988,산적729,맛있어요~~^^,2026년 6월 12일 금요일,음식이 맛있어요_
1531723988,hbh****,맛있어요,2026년 6월 12일 금요일,음식이 맛있어요_
1531723988,만땅청구서,맛있어요좋은제료를사용하는것같아요,2026년 6월 12일 금요일,음식이 맛있어요_재료가 신선해요_양이 많아요_특별한 메뉴가 있어요_가성비가 좋아요_
1531723988,연월72,비주얼대박!존맛탱!!또올게요!!,2026년 6월 12일 금요일,음식이 맛있어요_양이 많아요_특별한 메뉴가 있어요_주차하기 편해요_친절해요_
1531723988,언제나 라온제나ㅎㅎ,순살아귀찜2단계매운맛시래기선택해서친구들과맛있게먹었어요함께나온.누룽지와가래떡도국물에찍어먹으면별미입니다👍👍,2026년 6월 11일 목요일,음식이 맛있어요_특별한 메뉴가 있어요_단체모임 하기 좋아요_주차하기 편해요_
1531723988,tjgn해ㅅ,우선진짜맛있습니다.친절하시고좋아용🥹,2026년 6월 11일 목요일,음식이 맛있어요_재료가 신선해요_양이 많아요_특별한 메뉴가 있어요_단체모임 하기 좋아요_
1531723988,kwo****,너무맛있어서정신없이먹고찍었네요ㅠ너무친절하고음식도맛있어요!!!볶음밥도고소하고다음에가족들이랑또먹으러오려구요!,2026년 6월 11일 목요일,음식이 맛있어요_양이 많아요_가성비가 좋아요_매장이 넓어요_친절해요_
1531723988,와80,밑반찬도맛있고메인메뉴인아구찜도정말맛있어요~식당도넓어서단체모임한번해보면좋을것같네요👍,2026년 6월 11일 목요일,음식이 맛있어요_재료가 신선해요_양이 많아요_인테리어가 멋져요_매장이 넓어요_
1531723988,for****,아귀찜맛있어요~~반찬도맛있고매장이넓어서모임도많이하는곳이네요!,2026년 6월 11일 목요일,음식이 맛있어요_친절해요_
1531723988,김예빈1363,오늘처음방문했는데너무맛있었습니다🫶🏻💪,2026년 6월 10일 수요일,음식이 맛있어요_재료가 신선해요_매장이 넓어요_친절해요_매장이 청결해요_
1531723988,채유니ㅇ,맛이씁미다!!!!,2026년 6월 10일 수요일,음식이 맛있어요_재료가 신선해요_양이 많아요_특별한 메뉴가 있어요_
1531723988,dus****,매번생각나는맛,2026년 6월 10일 수요일,음식이 맛있어요_인테리어가 멋져요_친절해요_
1531723988,띄띄43,음식이너무맛있어요,2026년 6월 10일 수요일,음식이 맛있어요_단체모임 하기 좋아요_매장이 청결해요_친절해요_
1531723988,love2ni04,두번째방문인데너무맛있어요!!부모님이너무만족해하십니다.다음에또올께요!^^,2026년 6월 10일 수요일,음식이 맛있어요_재료가 신선해요_
1531723988,망고447,두번째방문인데너무맛있어요!!부모님이너무만족해하십니다.다음에또올께요!^^,2026년 6월 10일 수요일,음식이 맛있어요_재료가 신선해요_
1531723988,kor****,진짜너무맛있어요여러번왔지만아구찜은여기가1등입니다,2026년 6월 10일 수요일,친절해요_매장이 청결해요_화장실이 깨끗해요_매장이 넓어요_인테리어가 멋져요_
1531723988,조이원장,신세계맛이예요^^넘맛나요^^또올꺼예요^^,2026년 6월 9일 화요일,음식이 맛있어요_
1531723988,울트라슈퍼똥꼬,자꾸자꾸생각나는맛오늘도쉬는날매운거땡겨효자동아구찜왔네요~~^^볶음밥에떡사리췌고ㅎㅎ항상배부르게먹고갑니다~~^^,2026년 6월 9일 화요일,음식이 맛있어요_양이 많아요_가성비가 좋아요_매장이 넓어요_화장실이 깨끗해요_
1531723988,obs****,매번오는집입니다다른곳못먹어요ㅎㅎ,2026년 6월 9일 화요일,음식이 맛있어요_재료가 신선해요_양이 많아요_친절해요_주차하기 편해요_
1531723988,000****,항상맛있는아귀찜이에요.미역국도맛있고친절합니다.,2026년 6월 9일 화요일,음식이 맛있어요_재료가 신선해요_매장이 넓어요_친절해요_아이와 가기 좋아요_
1531723988,닝닝이8282,와정말맛있습니다👍찐한국물과신선한아귀최고네요!,2026년 6월 9일 화요일,음식이 맛있어요_재료가 신선해요_양이 많아요_
1531723988,dms****,아귀찜하면늘오는맛집이에요^^오늘도맛있게만족하며먹고가요~맛집추천합니다^^,2026년 6월 9일 화요일,음식이 맛있어요_재료가 신선해요_잡내가 적어요_친절해요_
1531723988,kos****,너무맛있어서요기또왔어용ㅜㅜ체고체고,2026년 6월 9일 화요일,음식이 맛있어요_재료가 신선해요_
1531723988,jmp****,분위기도좋고맛있어요,2026년 6월 9일 화요일,음식이 맛있어요_
1531723988,허유정91,분위기도좋고맛있어요,2026년 6월 6일 토요일,음식이 맛있어요_
1531723988,냥91,맵기적당한맛이예요반찬이잘나와요매장이넓고조용해요,2026년 6월 6일 토요일,인테리어가 멋져요_매장이 넓어요_특별한 메뉴가 있어요_음식이 맛있어요_
1531723988,son****,너무맛있고진짜친절하시고좋아요!!‘,2026년 6월 6일 토요일,음식이 맛있어요_양이 많아요_인테리어가 멋져요_매장이 넓어요_친절해요_
1531723988,lov****,두번째방문인데역시너무맛있어요3단계맵게선택했는데매콤하고딱좋아요주기적으로방문할거같아요!,2026년 6월 6일 토요일,음식이 맛있어요_재료가 신선해요_양이 많아요_특별한 메뉴가 있어요_가성비가 좋아요_
1531723988,한 선희,2단계로먹었는데매운거못먹는저도딱적당한매운맛으로맛있게먹었습니다!,2026년 6월 6일 토요일,음식이 맛있어요_양이 많아요_매장이 넓어요_친절해요_
1531723988,Xxuxxu,예약하고오니까바로입장가능했어요주문되면만드신다고하는데생각보다오래안걸렸어요시래기로추천받아서먹었는데후회없습니당또올거같아여,2026년 6월 6일 토요일,음식이 맛있어요_양이 많아요_주차하기 편해요_
1531723988,mayys,자주와도질리지않는돌판아구찜전주에서는최고인듯요~~!!!,2026년 6월 6일 토요일,음식이 맛있어요_양이 많아요_매장이 넓어요_사진이 잘 나와요_
1531723988,10101515,오랜만에왔는데너무맛있어요예전그대로그맛!!!!!!!!!또올게요~^^,2026년 6월 6일 토요일,음식이 맛있어요_재료가 신선해요_매장이 넓어요_주차하기 편해요_포장이 깔끔해요_
1531723988,쏘5777,오랜만에왔는데너무맛있어요예전그대로그맛!!!!!!!!!또올게요~^^,2026년 6월 6일 토요일,음식이 맛있어요_양이 많아요_특별한 메뉴가 있어요_단체모임 하기 좋아요_
1531723988,꽃보다귀요미,오랜만에왔는데아직도맛은그대로네요역시맛나요,2026년 6월 6일 토요일,음식이 맛있어요_재료가 신선해요_매장이 넓어요_매장이 청결해요_주차하기 편해요_
1531723988,akfheu,맛있어요~,2026년 6월 6일 토요일,음식이 맛있어요_
1531723988,요르플레,아귀부드럽고콩나물도넘칠듯주셔서엄청맛있게먹었어요그리고계란철판볶음밥도꼭드세요!,2026년 6월 6일 토요일,음식이 맛있어요_양이 많아요_매장이 넓어요_친절해요_
1531723988,롱라링,맛있어요~~~또방문할게요,2026년 6월 6일 토요일,음식이 맛있어요_재료가 신선해요_특별한 메뉴가 있어요_
1531723988,나는야1877,아구찜너무맛있어요!!소주도시~~원해서주기적으로가는곳!!!후식은볶음밥~~,2026년 6월 5일 금요일,음식이 맛있어요_
1531723988,wnrajrwk,매콤하니맛잇네요🤍,2026년 6월 5일 금요일,음식이 맛있어요_재료가 신선해요_
1531723988,lhj****,전주에서아구찜맛집인정!!!,2026년 6월 5일 금요일,음식이 맛있어요_양이 많아요_
1531723988,prvni2,택시기사님도추천하시더라구요.음식도맛있고직원분도친절하셨어요.,2026년 6월 5일 금요일,음식이 맛있어요_재료가 신선해요_메뉴 구성이 알차요_
1531723988,루카스914,땟갈부터가다르네요.맛있게잘먹엇어요!!,2026년 6월 5일 금요일,인테리어가 멋져요_매장이 넓어요_음식이 맛있어요_재료가 신선해요_
1531723988,orangkke,벌써10년째와서먹고있는맛집이에요.매운맛이생각나면1등으로생각나는집입니다.전주에사는동안계속올거예요^^변함없는맛유지감사합니다,2026년 6월 5일 금요일,음식이 맛있어요_재료가 신선해요_양이 많아요_메뉴 구성이 알차요_매장이 넓어요_
1531723988,콩콩희,너무맛있어요,2026년 6월 5일 금요일,음식이 맛있어요_
1531723988,im유유,매콤하니너무맛있어요!다음에또올게요~,2026년 6월 5일 금요일,음식이 맛있어요_양이 많아요_특별한 메뉴가 있어요_재료가 신선해요_매장이 넓어요_
1531723988,ch****,반찬도맛있고아귀찜도너무맛있어요~~!!다음에다시오려고요!!,2026년 6월 5일 금요일,음식이 맛있어요_재료가 신선해요_매장이 넓어요_단체모임 하기 좋아요_
1531723988,pes****,양이많고맛있어요아귀탕수육은소스따로받아서바삭하게먹으니좋네요,2026년 6월 5일 금요일,음식이 맛있어요_메뉴 구성이 알차요_친절해요_주차하기 편해요_
1531723988,모군84,너무맛있어서싹쓸이함ㅎㅎㅎㅎ,2026년 6월 5일 금요일,음식이 맛있어요_양이 많아요_
1531723988,plm****,고추장베이스로만들어지는특별한아구찜!전주토박이로써강추드리는맛집입니다강추!!!개인적으로콩나물을추천드려요:),2026년 6월 5일 금요일,음식이 맛있어요_재료가 신선해요_특별한 메뉴가 있어요_주차하기 편해요_단체모임 하기 좋아요_
1531723988,nami8445,너무맛있어서남김없이다먹었어요~반찬들고아귀찜과어울리는것들이나왔고~아이들은아귀탕수육과미역국으로배불리먹을수있었습니다~곧또방문할예정입니다~,2026년 6월 5일 금요일,음식이 맛있어요_매장이 넓어요_단체모임 하기 좋아요_매장이 청결해요_
1531723988,cwj****,시래기아구찜정말맛있어요!,2026년 6월 5일 금요일,음식이 맛있어요_친절해요_
1531723988,넌누구냥,맛있어요,2026년 6월 5일 금요일,음식이 맛있어요_재료가 신선해요_
1531723988,또랜,전주여행중에들렀어요매콤하니너무맛있어요!,2026년 6월 5일 금요일,음식이 맛있어요_친절해요_
1531723988,ShineSTARLee,부모님과함께먹으러왔는데진짜미쳤습니다ㅋㅋㅋㅋ태어나서먹은아귀찜중에서제일맛있어요ㅋㅋ특이하게돌판에올려져나와서다먹을때까지식지않고콩나물과시래기중에고를수있는데시래기가진짜밥도둑이에요ㅋㅋㅋㅋ정말정말맛있습니다ㅎㅎ아귀탕수육도있는데진짜맛있습니다!아귀찜소스에찍어서먹으면그야말로사천탕수육!!정말최고입니당ㅎㅎㅎㅎ진짜진짜추천이에요!!😆👍🏻,2026년 6월 5일 금요일,음식이 맛있어요_양이 많아요_특별한 메뉴가 있어요_메뉴 구성이 알차요_고기 질이 좋아요_
1531723988,오현정429,지이이인짜맛있어요!!!안매운맛으로먹어도충분히매콤하니맛이써요!,2026년 6월 5일 금요일,음식이 맛있어요_
1531723988,sd****,너무맛있어요~~!🥰🤍,2026년 6월 5일 금요일,음식이 맛있어요_매장이 넓어요_단체모임 하기 좋아요_친절해요_주차하기 편해요_
1531723988,토마토먹고싶당,우선기본에충실합니다생선이부드러워요!적당히매콤해서맵찔이인데도잘먹었고기본반찬이잘나와서배부르게먹었습니다ㅎㅎ회식이었는데홀이넓어서단체로이용하기도좋았어요추천합니다~,2026년 6월 4일 목요일,음식이 맛있어요_양이 많아요_매장이 넓어요_단체모임 하기 좋아요_
1531723988,유은지39,매장주차장이넓어서너무좋아요맵기는보통으로먹었는데생각보다많이맵진않아요다음이온다면맵기로먹을거에요!순살이라먹기편해요ㅎㅎ,2026년 6월 4일 목요일,아늑해요_주차하기 편해요_친절해요_
1531723988,gus****,처음와봤는데주차장도크고양도많아요!회식으로온건데만족합니다.덜맵게로시켰는데다음엔보통먹어도될것같아요😊,2026년 6월 4일 목요일,음식이 맛있어요_양이 많아요_친절해요_매장이 청결해요_주차하기 편해요_
1531723988,멋진고양이,너무맛있어서자주오는곳이에요!콩나물도많고양념도계속땡기는맛이여서너무잘먹었습니다.,2026년 6월 4일 목요일,음식이 맛있어요_재료가 신선해요_특별한 메뉴가 있어요_반찬이 잘 나와요_친절해요_
1531723988,안경6991,맛있어용!!!!최고,2026년 6월 4일 목요일,음식이 맛있어요_
1531723988,sss****,아구찜도맛있지만낙지볶음맛집👍🏻👍🏻,2026년 6월 4일 목요일,음식이 맛있어요_재료가 신선해요_매장이 넓어요_인테리어가 멋져요_
1531723988,퉁이공주님,양도많고서비스쵝오,2026년 6월 4일 목요일,음식이 맛있어요_재료가 신선해요_양이 많아요_
1531723988,수수3594,추천받아서왔는데소문대로너무맛있네용맵기적당하고콩나물아삭하고너무맛있어요친절하셔서좋았습니다담에또올게요~!,2026년 6월 4일 목요일,음식이 맛있어요_매장이 넓어요_친절해요_매장이 청결해요_주차하기 편해요_
1531723988,깐돌52,낙지볶음너무맛있어용🥹🥹,2026년 6월 4일 목요일,음식이 맛있어요_재료가 신선해요_특별한 메뉴가 있어요_인테리어가 멋져요_매장이 넓어요_
1531723988,할아부디네73,너무맛있습니다재방문의사100프로!!!!다먹고...쓰는거라다시올게요!!!,2026년 6월 1일 월요일,음식이 맛있어요_재료가 신선해요_매장이 넓어요_친절해요_매장이 청결해요_
1531723988,qhd****,직원분들너무친절하시고너무맛있게잘먹었습니다!또올게요!!,2026년 6월 1일 월요일,음식이 맛있어요_양이 많아요_메뉴 구성이 알차요_매장이 넓어요_
1531723988,78ㅎㅎ,너무너무맛있어요!!!양도진짜많고셋이서중짜리먹었는데딱맞아요❤️❤️반찬으로나오는떡사리랑메추리알이랑오징어튀김을양념에찍어먹으면존맛😗😗반찬리필도해주시고지글지글끓는상태로먹으니까더좋아요!!🔥,2026년 6월 1일 월요일,음식이 맛있어요_양이 많아요_인테리어가 멋져요_매장이 넓어요_단체모임 하기 좋아요_
1531723988,수000393,맛있습니다~~,2026년 5월 31일 일요일,음식이 맛있어요_친절해요_
1531723988,갈리스마,맛있어요,2026년 5월 31일 일요일,음식이 맛있어요_재료가 신선해요_인테리어가 멋져요_매장이 넓어요_친절해요_
1531723988,Mink4733,맛있어요,2026년 5월 31일 일요일,음식이 맛있어요_재료가 신선해요_인테리어가 멋져요_친절해요_
1531723988,달보드래,지역맛집답게사람이많고회전이잘되고친절해요!,2026년 5월 30일 토요일,친절해요_현지 맛에 가까워요_
1531723988,kyu****,자주오는맛집입니다!아구찜먹고싶으면여기로항상ㅇ오는것같아요여전히너무맛있어요🤍,2026년 5월 30일 토요일,음식이 맛있어요_재료가 신선해요_양이 많아요_매장이 넓어요_단체모임 하기 좋아요_
1531723988,jun****,여기아구찜인생아구찜이에요..!🥹🫶🏻진짜양념이지대로네요짱맛낮술가능ㅋㅋㅋ또먹으러올게요!,2026년 5월 30일 토요일,음식이 맛있어요_재료가 신선해요_양이 많아요_특별한 메뉴가 있어요_매장이 넓어요_
1531723988,리뷰어610,여기아구찜인생아구찜이에요..!🥹🫶🏻진짜양념이지대로네요짱맛낮술가능ㅋㅋㅋ또먹으러올게요!,2026년 5월 30일 토요일,음식이 맛있어요_특별한 메뉴가 있어요_양이 많아요_매장이 넓어요_친절해요_
1106670769,jwj****,돈가스가살아있네~,2026년 6월 15일 월요일,음식이 맛있어요_재료가 신선해요_인테리어가 멋져요_
1106670769,밍정서,여자친구랑오면베스트에요여기무조건오세요!!,2026년 6월 15일 월요일,음식이 맛있어요_재료가 신선해요_양이 많아요_매장이 넓어요_
1106670769,estoile,맛있는돈까스입니다.하지만맛을제외한부분은실망스러운부분이큽니다.배달도하고있어회전률이떨어집니다.그래서음료만주문해도추가주문에대한해소도느립니다.,2026년 6월 15일 월요일,음식이 맛있어요_양이 많아요_특별한 메뉴가 있어요_
1106670769,안녕히계세요7,진짜너무너무맛있어요…눈물날만큼맛있어요엄청부드럽고모찌카츠도맛있으니꼭드세요,2026년 6월 15일 월요일,음식이 맛있어요_재료가 신선해요_양이 많아요_
1106670769,maxluteng,기다려서먹을만해요,2026년 6월 15일 월요일,음식이 맛있어요_재료가 신선해요_인테리어가 멋져요_매장이 넓어요_
1106670769,상욱7258,돈까스매우맛있어요^^전주오면또올게요,2026년 6월 15일 월요일,음식이 맛있어요_
1106670769,읏츄추읏츄,너무조아요,2026년 6월 15일 월요일,음식이 맛있어요_재료가 신선해요_양이 많아요_인테리어가 멋져요_혼밥하기 좋아요_
1106670769,전주 마당발,돈까스맛있게잘먹었습니다,2026년 6월 15일 월요일,특별한 메뉴가 있어요_음식이 맛있어요_인테리어가 멋져요_매장이 청결해요_
1106670769,멜리00,맛있고친절하세요.,2026년 6월 15일 월요일,음식이 맛있어요_재료가 신선해요_양이 많아요_특별한 메뉴가 있어요_인테리어가 멋져요_
1106670769,ljb****,너무맛있습니다고급스럽고분위기가좋습니다.,2026년 6월 15일 월요일,음식이 맛있어요_재료가 신선해요_인테리어가 멋져요_친절해요_매장이 청결해요_
1106670769,mwo****,너무맛있습니다고급스럽고분위기가좋습니다.,2026년 6월 15일 월요일,음식이 맛있어요_재료가 신선해요_인테리어가 멋져요_
1106670769,찌니1029,근처에일정이있어서갔다가11시15분경에혹시몰라들어갔어요.한팀이대기하고있길래후딱대기를걸고주문을했습니다-^^맛있는스프로입을열고이어나온히레카츠를한입베어무니겉은바삭하고안은촉촉하고폭신한안심이쏟아져들어옵니다-👍상로스카츠도폭신함은동일했구요-어떻게이런식감이가능하지??싶었어요!!카레도맛있었는데저는곁들인된장국이너~어무맛있었어요!!그리고한번먹어본단무지에선허브향이나서깜짝놀랐어요-입이개운해지는기분이었어요:)이런부분까지세심하게신경쓰신것에감동이었습니다!!남은음식은포장도되니더좋았습니다😊감사히먹었습니다!!,2026년 6월 15일 월요일,음식이 맛있어요_재료가 신선해요_고기 질이 좋아요_인테리어가 멋져요_친절해요_
1106670769,sm1****,돈까츠의신세계네요~고기부터다릅니다.식감.풍미좋고넘맛있어요,2026년 6월 15일 월요일,음식이 맛있어요_재료가 신선해요_특별한 메뉴가 있어요_친절해요_매장이 청결해요_
1106670769,kyung3014,너무맛있어요고기가부드럽고카레랑잘어울려요,2026년 6월 14일 일요일,음식이 맛있어요_재료가 신선해요_양이 많아요_특별한 메뉴가 있어요_뷰가 좋아요_
1106670769,chch251,돈까스너무맛있어요장국도맛있고아주좋아요!,2026년 6월 14일 일요일,음식이 맛있어요_재료가 신선해요_인테리어가 멋져요_매장이 넓어요_혼밥하기 좋아요_
1106670769,이강국44,잘먹었습니다감사합니다,2026년 6월 14일 일요일,음식이 맛있어요_재료가 신선해요_특별한 메뉴가 있어요_
1106670769,까까오똑,잘먹었습니다감사합니다,2026년 6월 14일 일요일,음식이 맛있어요_특별한 메뉴가 있어요_차분한 분위기예요_매장이 청결해요_
1106670769,did****,굿,2026년 6월 14일 일요일,음식이 맛있어요_
1106670769,donggil89,돈가스먹고싶어검색해서왔는데엄청맛있네요,2026년 6월 14일 일요일,음식이 맛있어요_재료가 신선해요_
1106670769,zkakak3,고기도맛있고카츠구성도좋아요!!쫀득쫀득하고비릿맛도안나고소금도다양하게맛볼수있어서좋아요,2026년 6월 14일 일요일,음식이 맛있어요_재료가 신선해요_고기 질이 좋아요_인테리어가 멋져요_차분한 분위기예요_
1106670769,dlt****,인테리어가깔끔하고음식이진짜맛있어요!!,2026년 6월 14일 일요일,음식이 맛있어요_인테리어가 멋져요_친절해요_
1106670769,지구1880,너무맛있어요다음에또올게요!,2026년 6월 14일 일요일,음식이 맛있어요_고기 질이 좋아요_인테리어가 멋져요_친절해요_
1106670769,victory81,살면서먹어본돈카츠중에서손에꼽을정도로감동적인맛이었습니다.깔끔한분위기라데이트코스로도좋고혼밥하기에도전혀부담없는곳이에요.겉바속촉의제대로된일식카츠를원하신다면중화산동카츠모리조꼭한번방문해보세요!,2026년 6월 14일 일요일,음식이 맛있어요_특별한 메뉴가 있어요_가성비가 좋아요_
1106670769,br1a****,카레도맛있네요,2026년 6월 14일 일요일,음식이 맛있어요_
1106670769,물망초3869,항상오는제최고돈까스집입니다.,2026년 6월 14일 일요일,음식이 맛있어요_재료가 신선해요_양이 많아요_
1106670769,duccsos,정말맛있습니다…사실이렇게대기가오래걸릴줄몰랐는데와기다림이정말아깝지않습니다…..정말맛있습니다.맨날돈까스한두개남기는데여긴돈까스도다먹고밥한공기도리필했습니다정말맛있군요순간주여를외칠정도로정말맛있습니다,2026년 6월 14일 일요일,음식이 맛있어요_양이 많아요_재료가 신선해요_비싼 만큼 가치있어요_잡내가 적어요_
1106670769,qkr****,너무맛있어요!,2026년 6월 14일 일요일,음식이 맛있어요_특별한 메뉴가 있어요_
1106670769,SikSik,5장채워서VIP카드GET햇어요ㅋ히든메뉴라공개는안할께요ㅋㅋㅋ,2026년 6월 14일 일요일,음식이 맛있어요_재료가 신선해요_특별한 메뉴가 있어요_친절해요_혼밥하기 좋아요_
1106670769,독도사랑98,히레까스ybd로스까스모찌카츠셋다너무너무맛있습니다.다음에또올거예요.,2026년 6월 14일 일요일,음식이 맛있어요_재료가 신선해요_특별한 메뉴가 있어요_혼밥하기 좋아요_친절해요_
1106670769,bb9622,메뉴도특별하고육질이너무부드럽고좋아요다양하게즐길수있게소스도여러가지가준비되어있어서질리지않고너무맛있게먹었습니다,2026년 6월 13일 토요일,음식이 맛있어요_재료가 신선해요_특별한 메뉴가 있어요_인테리어가 멋져요_매장이 넓어요_
1106670769,지혜도리,전주지인한테추천받은카츠모리조에왔어요🍴히레카츠로스카츠모찌카츠에맥주랑하이볼까지곁들이니정말완벽한한끼였다는요🍺✨히레카츠는부드럽고촉촉해서입에서살살녹는느낌이었고로스카츠는적당한육즙과고소한지방의밸런스가너무좋았어요!특히모찌카츠는쫀득한식감이재미있어서계속손이가는메뉴🤭바삭한튀김옷에한입시원한맥주한모금하이볼한잔까지..완전쵝오!!!전주에서돈카츠생각나면또방문하고싶은곳이네용~,2026년 6월 13일 토요일,음식이 맛있어요_특별한 메뉴가 있어요_잡내가 적어요_친절해요_
1106670769,assa,고기향이랑맛도좋구여러가지소금도있어서다양하게즐길수있어좋아요~,2026년 6월 13일 토요일,음식이 맛있어요_특별한 메뉴가 있어요_
1106670769,지시등은핸들방향,인생카츠집ㅠㅠ,2026년 6월 13일 토요일,음식이 맛있어요_재료가 신선해요_특별한 메뉴가 있어요_
1106670769,Turn ly,항상맛있네유,2026년 6월 13일 토요일,음식이 맛있어요_재료가 신선해요_양이 많아요_특별한 메뉴가 있어요_가성비가 좋아요_
1106670769,hoh****,6시30분쯤예약없이바로갔는데주문하고30분웨이팅후입장했어요돈까스가엄청부드럽고모찌카츠는엄청쫀득했어요전주와서급하게찾았는데진짜맛집이네요강추드립니다!!😆😆,2026년 6월 13일 토요일,음식이 맛있어요_재료가 신선해요_특별한 메뉴가 있어요_
1106670769,doh****,여기3번째방문인데매일매일오고싶어요...카츠는여기만먹어요..진짜맛있다구요!!!!!매달방문중!!친절하시고맛있어요!!굳굳굳,2026년 6월 13일 토요일,음식이 맛있어요_재료가 신선해요_양이 많아요_인테리어가 멋져요_대화하기 좋아요_
1106670769,tjfhtjfhtjfh,지인이너무추천해서이식당을위해전주여행을계획했습니다.신선한기름으로튀긴기름옷에먹어보기힘든농장의숙성육.너무맛있게먹고갑니다.,2026년 6월 13일 토요일,음식이 맛있어요_친절해요_
1106670769,jw****,항상믿고먹는카츠모리조전국1등입니다!,2026년 6월 13일 토요일,음식이 맛있어요_특별한 메뉴가 있어요_양이 많아요_혼밥하기 좋아요_인테리어가 멋져요_
1106670769,wns****,맛있게잘먹었습니다.,2026년 6월 13일 토요일,음식이 맛있어요_
1106670769,롸86,오랜만에왔는데너무맜있어요!3-4시쯤오니웨이팅없이먹었습니다,2026년 6월 13일 토요일,음식이 맛있어요_재료가 신선해요_양이 많아요_특별한 메뉴가 있어요_비싼 만큼 가치있어요_
1106670769,Mynameisname,전주올때마다방문하는곳입니당!전국맛집어딜가도여기만한데를못찾겠어요🥺,2026년 6월 13일 토요일,음식이 맛있어요_재료가 신선해요_친절해요_매장이 청결해요_
1106670769,245542,자주오는곳입니당맛있어요!,2026년 6월 13일 토요일,음식이 맛있어요_재료가 신선해요_양이 많아요_특별한 메뉴가 있어요_인테리어가 멋져요_
1106670769,ae우앵,제인생돈까스집입니다..웨이팅방식이특이해서얼마나맛있길래이걸고수하시지..?생각했는데한입먹자마자이해가되는맛입니다.머리에엄청큰미미가뜨는맛이에요가게도착1시간전에웨이팅해서방문후주문하고현장해서30분정도기다렸어요!집앞에있었으면좋겠어요..아무도모르고저만왔으면하네요…,2026년 6월 13일 토요일,음식이 맛있어요_재료가 신선해요_특별한 메뉴가 있어요_
1106670769,자유자유자유자유,여자친구와왔어요.올때마다아주만족하고가요~,2026년 6월 13일 토요일,음식이 맛있어요_양이 많아요_고기 질이 좋아요_재료가 신선해요_
1106670769,선콩59,진짜인생카츠예요ㅠㅠ웨이팅많아서놀랐는데생각보다금방빠졌어요!산도도기대안했는데브리오슈라진짜맛있고블루베리콤포트가킥입니다🩷전주놀러오면또올것같아요!!,2026년 6월 13일 토요일,음식이 맛있어요_양이 많아요_특별한 메뉴가 있어요_인테리어가 멋져요_매장이 넓어요_
1106670769,Beenie1,느끼하지도않고부드러워서입에서살살녹아요!재방문의사10000%웨이팅이조금길었지만그만큼가치가있는맛집이라고장담합니다!!찐찐내돈내산후기♥,2026년 6월 13일 토요일,음식이 맛있어요_인테리어가 멋져요_매장이 청결해요_
1106670769,har****,너무너무맛있어요튀김옷이얇은데바삭바삭직원분들도너무친절합니다,2026년 6월 13일 토요일,음식이 맛있어요_특별한 메뉴가 있어요_재료가 신선해요_혼밥하기 좋아요_친절해요_
1106670769,부은 다람쥐49,너무촉촉하고맛있었습니다!다음전주여행와서도또올거에요👍,2026년 6월 13일 토요일,음식이 맛있어요_인테리어가 멋져요_친절해요_
1106670769,혤4325,맛있어요👍🏻,2026년 6월 13일 토요일,음식이 맛있어요_재료가 신선해요_양이 많아요_
1106670769,사랑이바리,전주최애카츠집,2026년 6월 13일 토요일,음식이 맛있어요_특별한 메뉴가 있어요_
1106670769,박수현60,미리앉아서대기할수있는대기실이있어서좋았어요!!다맛있지만히레카츠존맛!!다음에도또올게요강추!!,2026년 6월 13일 토요일,음식이 맛있어요_재료가 신선해요_양이 많아요_특별한 메뉴가 있어요_인테리어가 멋져요_
1106670769,tifh531215,주변인이추천해줘서왔습니다토요일10시45분쯤왔을때캐치테이블3번이었어요,2026년 6월 13일 토요일,음식이 맛있어요_특별한 메뉴가 있어요_인테리어가 멋져요_매장이 넓어요_룸이 잘 되어있어요_
1106670769,dbs****,괜히웨이팅하는게아니네요..돈까스싫어하는데진짜맛납니다ㅠㅠ,2026년 6월 13일 토요일,음식이 맛있어요_재료가 신선해요_친절해요_매장이 청결해요_
1106670769,사막여우30,벌써12번째방문인데항상너무맛있어요!!👍🏻,2026년 6월 13일 토요일,음식이 맛있어요_재료가 신선해요_양이 많아요_
1106670769,콩나물국짱,웨이팅은있지만또가고싶은카츠모리조!⭐⭐⭐⭐⭐방문전에웨이팅이있다는이야기를듣고갔는데먹어보니왜사람들이기다리는지알겠더라고요.대기시간이조금있었지만전혀아깝지않을정도로만족스러운식사였습니다.돈카츠는겉은바삭하고속은촉촉해서식감이정말좋았어요.고기잡내도없고육즙이살아있어한입먹자마자감탄했습니다.튀김옷도과하게두껍지않아느끼하지않았고소스와함께먹으니더욱맛있었습니다.전체적으로재료도신선한느낌이었고정성이느껴지는맛이었어요.양도적당해서든든하게한끼해결할수있었고먹는내내만족스러웠습니다.웨이팅이있는맛집은기대에못미치는경우도있는데여기는정말맛으로인정할수밖에없네요.,2026년 6월 13일 토요일,음식이 맛있어요_재료가 신선해요_양이 많아요_인테리어가 멋져요_매장이 넓어요_
1106670769,소부승,너무맛있게잘먹었습니다전주1등돈까스!!!,2026년 6월 13일 토요일,음식이 맛있어요_특별한 메뉴가 있어요_인테리어가 멋져요_친절해요_
1106670769,One440,맛있었어요!품종을다양하게골라먹을수있어서돈가스덕후분들오시면좋아하실것같아요!,2026년 6월 13일 토요일,음식이 맛있어요_재료가 신선해요_고기 질이 좋아요_비싼 만큼 가치있어요_
1106670769,딘딘딘62,또간집카츠모리조맛있게먹구갑니다~!~!🫶🫶👍,2026년 6월 13일 토요일,음식이 맛있어요_재료가 신선해요_
1106670769,김모이사,으캬캬나도이젠vip졸업할때까지영원히있어줘요~~~가츠모리조존맛탱,2026년 6월 12일 금요일,음식이 맛있어요_양이 많아요_특별한 메뉴가 있어요_매장이 넓어요_혼밥하기 좋아요_
1106670769,HeaLer,드디어VIP카드를받을정도로자주옵니다!,2026년 6월 12일 금요일,음식이 맛있어요_재료가 신선해요_특별한 메뉴가 있어요_고기 질이 좋아요_비싼 만큼 가치있어요_
1106670769,이갱72,개마시서요,2026년 6월 12일 금요일,음식이 맛있어요_
1106670769,csv****,개마시서요,2026년 6월 12일 금요일,음식이 맛있어요_
1106670769,yeone602,항상맛있게먹는카츠모리조!모찌카츠도정말맛있어요ㅎㅎ,2026년 6월 12일 금요일,음식이 맛있어요_특별한 메뉴가 있어요_
1106670769,나아아무우우,돈카츠너무맛있어요!!!!!또오고싶어요!!,2026년 6월 12일 금요일,인테리어가 멋져요_음식이 맛있어요_
1106670769,Bono3182,또또간집오늘도맛있게잘먹었어요!2주만에다시온맛집모찌카츠꼭꼭드시고새우튀김도꼭드세요ㅠㅠㅠ추추추추추천,2026년 6월 12일 금요일,음식이 맛있어요_재료가 신선해요_특별한 메뉴가 있어요_비싼 만큼 가치있어요_인테리어가 멋져요_
1106670769,gka****,올때마다항상맛있어요.,2026년 6월 12일 금요일,음식이 맛있어요_재료가 신선해요_양이 많아요_특별한 메뉴가 있어요_
1106670769,울랄랄라68,올때마다항상맛있어요.,2026년 6월 12일 금요일,음식이 맛있어요_
1106670769,dbrud0,두번째방문입니당맛집이에요!,2026년 6월 12일 금요일,음식이 맛있어요_재료가 신선해요_고기 질이 좋아요_직접 잘 구워줘요_친절해요_
1106670769,대한민국347,가보고싶었던돈가스집인데마침주변에갈일있어서들렀어요평일이라웨이팅많지도않고좋네요가격도합리적이고맛있어요추천!!,2026년 6월 12일 금요일,음식이 맛있어요_특별한 메뉴가 있어요_혼밥하기 좋아요_특별한 날 가기 좋아요_
1106670769,ㅋ9812,우와진짜맛있어요여행와서추천받아서먹었는데또오고싶어요,2026년 6월 12일 금요일,음식이 맛있어요_인테리어가 멋져요_친절해요_
1106670769,HungBing,우와진짜맛있어요여행와서추천받아서먹었는데또오고싶어요,2026년 6월 12일 금요일,음식이 맛있어요_인테리어가 멋져요_
1106670769,ggggg6,오랜만에와도역시나맛있어요◡̈,2026년 6월 12일 금요일,음식이 맛있어요_재료가 신선해요_특별한 메뉴가 있어요_
1106670769,전주꼬마,너무맛있어요!잘먹었습니다!!감사합니다!!,2026년 6월 12일 금요일,음식이 맛있어요_재료가 신선해요_인테리어가 멋져요_매장이 넓어요_
1106670769,새봄6854,카츠모리조n번째방문!!모찌카츠랑히레카츠너무맛있오요..🫶🏻모찌카츠필수!!,2026년 6월 12일 금요일,음식이 맛있어요_양이 많아요_고기 질이 좋아요_
1106670769,임치헌,다시방문한카츠모리조!역시나맛있고항상다들친절하셔서기분좋은식사를할수있어서좋아용,2026년 6월 12일 금요일,음식이 맛있어요_특별한 메뉴가 있어요_고기 질이 좋아요_인테리어가 멋져요_매장이 넓어요_
1106670769,텔레토비조작단,너무너무맛있어여,2026년 6월 12일 금요일,음식이 맛있어요_재료가 신선해요_양이 많아요_인테리어가 멋져요_혼밥하기 좋아요_
1106670769,ㄲㄲㄲ35,n번째방문늘맛있습니다!,2026년 6월 11일 목요일,음식이 맛있어요_인테리어가 멋져요_매장이 넓어요_
1106670769,물고기4,맛닜어용맛닜어용,2026년 6월 11일 목요일,음식이 맛있어요_
1106670769,내사랑휘원이,카츠여러군데먹어봤지만가장맛있는카츠를전주에서먹게될줄은몰랐다.최고의카츠라고말씀드리고싶네요.잘먹었습니다.,2026년 6월 11일 목요일,음식이 맛있어요_재료가 신선해요_특별한 메뉴가 있어요_음료가 맛있어요_고기 질이 좋아요_
1106670769,단호박3354,전주돈까스맛집!!맛있게먹고갑니당!😋,2026년 6월 11일 목요일,음식이 맛있어요_양이 많아요_특별한 메뉴가 있어요_인테리어가 멋져요_
1106670769,dus****,너무부드럽고맛있어요,2026년 6월 11일 목요일,음식이 맛있어요_인테리어가 멋져요_혼밥하기 좋아요_
1106670769,Xh4355,고기가부드럽고맛있어요ㅠ,2026년 6월 11일 목요일,음식이 맛있어요_재료가 신선해요_특별한 메뉴가 있어요_인테리어가 멋져요_
1106670769,루리언니,식전스프도맛있고카츠도맛있어요!,2026년 6월 11일 목요일,혼밥하기 좋아요_음식이 맛있어요_친절해요_
1106670769,김수림68,늘맛있게먹고가요~,2026년 6월 11일 목요일,음식이 맛있어요_비싼 만큼 가치있어요_인테리어가 멋져요_화장실이 깨끗해요_매장이 청결해요_
1106670769,월드콘밤식빵,맛있어요!!고기가부드럽습니다,2026년 6월 11일 목요일,음식이 맛있어요_특별한 메뉴가 있어요_고기 질이 좋아요_비싼 만큼 가치있어요_
1106670769,빵뚱0,다맛있었지만히레카츠가제일맛났어요!남편이옥수수쉐이크주문했는데고기의느끼함을탄산으로만잡으려했다오늘쉐이크로느끼함이잡혀완전추천!같이주문하세요!!,2026년 6월 11일 목요일,음식이 맛있어요_양이 많아요_인테리어가 멋져요_혼밥하기 좋아요_
1106670769,Letia,카드모으는재미거쏠쏠한맛집이에요!고기도탱탱하고부드러워요ㅠㅠ어떤종류의돼지를골라도다만족스러워서또찾아올것같습니다.,2026년 6월 11일 목요일,특별한 메뉴가 있어요_음식이 맛있어요_고기 질이 좋아요_대화하기 좋아요_컨셉이 독특해요_
1106670769,dm****,완전맛집입니다전주오면꼭먹어야되는맛집강추드랴요,2026년 6월 10일 수요일,음식이 맛있어요_재료가 신선해요_양이 많아요_특별한 메뉴가 있어요_
1106670769,ghkd2368,맛있어요°!!!,2026년 6월 10일 수요일,음식이 맛있어요_재료가 신선해요_양이 많아요_특별한 메뉴가 있어요_
1106670769,100****,너무너무너무맛잇어요짱...,2026년 6월 10일 수요일,음식이 맛있어요_재료가 신선해요_특별한 메뉴가 있어요_인테리어가 멋져요_
1106670769,영상쟁이83,고기를부위뿐아니라품종을고르고품종에따라다른맛을느낄수있어서좋습니다,2026년 6월 10일 수요일,음식이 맛있어요_고기 질이 좋아요_인테리어가 멋져요_혼밥하기 좋아요_
1106670769,반드시 가야지,음식이정말맛있고청결해요.자주데이트하러와요,2026년 6월 10일 수요일,음식이 맛있어요_특별한 메뉴가 있어요_매장이 넓어요_친절해요_
1106670769,푸딩딩푸푸딩딩푸,요즘먹은돈카츠중가장인상깊었던곳.단면에서보이는선명한핑크빛과촉촉한육즙만봐도왜유명한지알겠더라고요.겉은바삭속은부드러운완벽한식감에고기잡내도전혀없었고먹는내내감탄하면서먹었습니다.한조각도남기기아까울정도였고다음에또생각날것같은돈카츠맛집!👍🏻🍴,2026년 6월 10일 수요일,음식이 맛있어요_재료가 신선해요_특별한 메뉴가 있어요_매장이 청결해요_친절해요_
1106670769,kam****,요즘먹은돈카츠중가장인상깊었던곳.단면에서보이는선명한핑크빛과촉촉한육즙만봐도왜유명한지알겠더라고요.겉은바삭속은부드러운완벽한식감에고기잡내도전혀없었고먹는내내감탄하면서먹었습니다.한조각도남기기아까울정도였고다음에또생각날것같은돈카츠맛집!👍🏻🍴,2026년 6월 10일 수요일,음식이 맛있어요_재료가 신선해요_
1106670769,80****,완전입에서녹아요!!!!전주에이런고급진돈카츠전문점이있다니하나씩다먹어볼라구요~또올께요~~,2026년 6월 10일 수요일,음식이 맛있어요_재료가 신선해요_인테리어가 멋져요_매장이 청결해요_
1106670769,아임밀,평일웨이팅할만합니다ㅎㅎㅎ대시12시전에도착하시면좋을것같아요☺️,2026년 6월 10일 수요일,음식이 맛있어요_재료가 신선해요_양이 많아요_특별한 메뉴가 있어요_가성비가 좋아요_
1106670769,오지수58,인테리어도너무느낌적이고..넘넘맛있네요소문대로예요ㅠㅠ주말에웨이팅너무길어서평일에왔는데평일도웨이팅입니다오픈런햇어요!,2026년 6월 10일 수요일,음식이 맛있어요_특별한 메뉴가 있어요_혼술하기 좋아요_집중하기 좋아요_특별한 날 가기 좋아요_
1106670769,쭈꾸미낙지탕,친절하구맛있어요다만오픈런해도대기가있을수있고음식나오는시간도좀걸리니참을성없는분은힘드실수도ㅎㅎ인테리어가너무이쁘고맛도좋네용!!!,2026년 6월 10일 수요일,음식이 맛있어요_인테리어가 멋져요_친절해요_
1106670769,박볼앙,오래기다린만큼맛있게먹었어요,2026년 6월 9일 화요일,음식이 맛있어요_양이 많아요_
1106670769,홍삼캔디도둑80,미치셨나요때깔이죽여줍니다.섹시한돈까스나뒤집어즈엉~~,2026년 6월 9일 화요일,음식이 맛있어요_양이 많아요_매장이 넓어요_단체모임 하기 좋아요_인테리어가 멋져요_
1034080506,aaa****,가성비안주에도불구하고너무맛있어요다음에도오고싶은집인것같아요,2026년 6월 14일 일요일,음식이 맛있어요_기본 안주가 좋아요_특별한 메뉴가 있어요_가성비가 좋아요_
1034080506,솔직하게리뷰하자요,가성비좋은메뉴구성!매장이넓어서아주좋아요~~~~,2026년 6월 14일 일요일,가성비가 좋아요_메뉴 구성이 알차요_야외공간이 멋져요_매장이 넓어요_
1034080506,베리바리바레,음식도맛있고야외테이블분위기도너무좋아요!!사장임도친절합니다강추👍🏻👍🏻,2026년 6월 13일 토요일,음식이 맛있어요_야외공간이 멋져요_친절해요_음식이 빨리 나와요_
1034080506,하은617,완전긧긧~♡,2026년 6월 13일 토요일,음식이 맛있어요_기본 안주가 좋아요_술이 다양해요_인테리어가 멋져요_
1034080506,쏭24,분위기가너무좋아용,2026년 6월 13일 토요일,음식이 맛있어요_기본 안주가 좋아요_술이 다양해요_인테리어가 멋져요_매장이 넓어요_
1034080506,예찬2,야장분위기가좋아요!!,2026년 6월 12일 금요일,음식이 맛있어요_야외공간이 멋져요_음악이 좋아요_대화하기 좋아요_
1034080506,씅빨나네,야외테라스에서치킨을먹으며맥주를마실수있는좋은곳입니다👍👍시원한바람맞으며야외에서소풍을즐기듯즐길수있는곳이라추천드려요!!😊👏,2026년 6월 12일 금요일,음식이 맛있어요_인테리어가 멋져요_야외공간이 멋져요_뷰가 좋아요_매장이 넓어요_
1034080506,eun****,개맛도리❤️,2026년 6월 12일 금요일,음식이 맛있어요_기본 안주가 좋아요_가성비가 좋아요_음악이 좋아요_뷰가 좋아요_
1034080506,시우8888,인테리어가예쁘고치킨맛집입니다추천해요,2026년 6월 12일 금요일,음식이 맛있어요_기본 안주가 좋아요_술이 다양해요_특별한 메뉴가 있어요_
1034080506,카테키니즈,야장의계절하면객사생활맥주죠👍🏾역시나역시분위기좋구음악도직원분도친절하구술이맛이없을수가없는곳이네요ㅎㅎ,2026년 6월 12일 금요일,음식이 맛있어요_기본 안주가 좋아요_술이 다양해요_특별한 메뉴가 있어요_가성비가 좋아요_
1034080506,seeun1515,맛있어요!!야장분위기좋아요~~,2026년 6월 12일 금요일,음식이 맛있어요_기본 안주가 좋아요_술이 다양해요_인테리어가 멋져요_단체모임 하기 좋아요_
1034080506,이주형5852,정말맛있고분위기좋아요!,2026년 6월 12일 금요일,음식이 맛있어요_기본 안주가 좋아요_술이 다양해요_특별한 메뉴가 있어요_
1034080506,소세지냠냠,음식너무맛있었어요!❤🩷😙매장도넓고직원분들도많아서쾌적하게이용했어요!,2026년 6월 12일 금요일,음식이 맛있어요_인테리어가 멋져요_단체모임 하기 좋아요_매장이 넓어요_반려동물과 가기 좋아요_
1034080506,yun463,맥주랑안주맛있고무엇보다야장분위기가넘예뻐서좋아요!!,2026년 6월 12일 금요일,음식이 맛있어요_인테리어가 멋져요_야외공간이 멋져요_친절해요_
1034080506,wlghks97320,오늘처음왔는데분위기좋고선선한곳에서아끼는동생과같이먹으니좋네여,2026년 6월 12일 금요일,인테리어가 멋져요_아늑해요_친절해요_메뉴 구성이 알차요_
1034080506,gm0615,ㅎㅎㅎㅎㅎ원래좋아하는곳가족들데리고왔어요모두특히사장님너무친절하게대해주셔서감동이에요ㅠㅠㅠ계속올게요❤️❤️❤️❤️❤️❤️❤️,2026년 6월 12일 금요일,음식이 맛있어요_술이 다양해요_단체모임 하기 좋아요_매장이 넓어요_야외공간이 멋져요_
1034080506,삐지뽀,직원분들너무친절하시구분위기너무조아요,2026년 6월 11일 목요일,인테리어가 멋져요_야외공간이 멋져요_기본 안주가 좋아요_
1034080506,쏠찌,분위기가좋고야장최고예요,2026년 6월 10일 수요일,음식이 맛있어요_가성비가 좋아요_인테리어가 멋져요_대화하기 좋아요_
1034080506,soo****,맥주진짜맛있어요!!,2026년 6월 10일 수요일,음식이 맛있어요_술이 다양해요_친절해요_
1034080506,지현뇽,전주여행와서왔는데분위기너무좋아요ㅠㅠ엄마랑동생이랑아가데리고와서분위기에취하고갑니다기본안주맛있고치킨이랑떡볶이완전맛있게먹었어용,2026년 6월 10일 수요일,야외공간이 멋져요_매장이 넓어요_기본 안주가 좋아요_메뉴 구성이 알차요_친절해요_
1034080506,진용혁91,맛있었습니다,2026년 6월 9일 화요일,야외공간이 멋져요_
1034080506,gka****,맛있게잘먹고가요맥주너무맛있어요!,2026년 6월 8일 월요일,음식이 맛있어요_기본 안주가 좋아요_가성비가 좋아요_인테리어가 멋져요_단체모임 하기 좋아요_
1034080506,kan****,야외에서먹었는데맥주도시원하고안주도맛있어요다음에또와서야외에서즐기고싶어요또올게요❤️,2026년 6월 7일 일요일,음식이 맛있어요_매장이 넓어요_야외공간이 멋져요_
1034080506,남하연92,치킨맛있고사장님친절하세용,2026년 6월 7일 일요일,음식이 맛있어요_기본 안주가 좋아요_술이 다양해요_
1034080506,로미3311,맛있어요~👍👍,2026년 6월 6일 토요일,음식이 맛있어요_특별한 메뉴가 있어요_건강한 맛이에요_매장이 넓어요_야외공간이 멋져요_
1034080506,god****,맛있어요👍👍,2026년 6월 6일 토요일,음식이 맛있어요_술이 다양해요_특별한 메뉴가 있어요_
1034080506,kor****,분위가좋고음식이맛있어요!직원분도너무친절하고재밋게즐기다갑니다^-^,2026년 6월 5일 금요일,음식이 맛있어요_기본 안주가 좋아요_술이 다양해요_특별한 메뉴가 있어요_뷰가 좋아요_
1034080506,75742568477,데이트하기에너무좋아요,2026년 6월 5일 금요일,술이 다양해요_야외공간이 멋져요_
1034080506,아란찡ARANJJING,데이트하기에너무좋아요,2026년 6월 5일 금요일,음식이 맛있어요_기본 안주가 좋아요_야외공간이 멋져요_
1034080506,비니비니690,와~검색해보고온생활맥주~~젊은친구들이많았지만팝콘도너무맛있고야외에서맥주도너무좋아요👍,2026년 6월 5일 금요일,음식이 맛있어요_건강한 맛이에요_인테리어가 멋져요_친절해요_특별한 날 가기 좋아요_
1034080506,하송이에요,날씨도선선하고사장님도너무친절해용,2026년 6월 5일 금요일,음식이 맛있어요_기본 안주가 좋아요_술이 다양해요_특별한 메뉴가 있어요_
1034080506,rhdwn3228,전주놀러와서처음와봤는데직원들도친절하시구너무맛있어용!!!!다음에도또와서먹겠습니당✨,2026년 6월 4일 목요일,음식이 맛있어요_기본 안주가 좋아요_야외공간이 멋져요_친절해요_
1034080506,송경욱20,와..서울에있는생활맥주만가보고전주여행겸왔는데다른매장이랑분위기랑친절도가넘사네요...왜전주생활맥주라고이야기하는지알겠습니다...직원분들짱친절하시고맛은말모...다음에또방문하고싶은곳이에요추천드려요!!!너무좋은추억남기구갑니다!!,2026년 6월 4일 목요일,야외공간이 멋져요_뷰가 좋아요_매장이 넓어요_인테리어가 멋져요_친절해요_
1034080506,맛있는거먹고시퍼,간단하게2차로술마시려고왔는데야외테이블도많고깔끔해서지금날씨에너무좋아요!귀여운고양이도있는데사람을잘따라요ㅎㅎ치킨이랑어묵탕도너무맛있어요!!,2026년 6월 3일 수요일,음식이 맛있어요_술이 다양해요_인테리어가 멋져요_단체모임 하기 좋아요_야외공간이 멋져요_
1034080506,나나나6984,너무맛있고분위기도좋아요!!!직원분들도친절하시고야외에서기분좋게즐기다왔습니다👍👍👍,2026년 6월 3일 수요일,음식이 맛있어요_기본 안주가 좋아요_술이 다양해요_인테리어가 멋져요_매장이 넓어요_
1034080506,정인철5,시내에오면한번씩들르는곳이에여맥주가너무시원하고직원분들도친절하시고노래도좋고밤공기도좋고치킨존맛!!!김치우동존맛!!!열무비빔면꼭드셔보세요날이더워지기전에종종방문하겠습니다!!!,2026년 6월 3일 수요일,음식이 맛있어요_술이 다양해요_인테리어가 멋져요_단체모임 하기 좋아요_매장이 넓어요_
1034080506,hongkiyoo38,맥주안시원함직원불친절화장실청결x안주안익음리뷰서비스신청했는데옆테이블주고우리는바쁘다고리뷰이벤트안된다함분위기에취해서방문비추~!!!!!!!!!!!!!,2026년 6월 3일 수요일,기본 안주가 좋아요_
1034080506,아에이오으,맛있어요~!!!분위기도좋고감튀맛집임다ㅠ항상자주오는최애맛짐입다ㅠ,2026년 6월 2일 화요일,기본 안주가 좋아요_음식이 맛있어요_술이 다양해요_가성비가 좋아요_대화하기 좋아요_
1034080506,yk****,분위기가너무좋아요.,2026년 6월 2일 화요일,가성비가 좋아요_야외공간이 멋져요_컨셉이 독특해요_
1034080506,ehs****,야장은여기생활맥주!자리도많고넓어서야장느낌재대로납니다ㅎㅎ맥주맛있고분위기좋아서잘먹고갑니다!,2026년 6월 2일 화요일,매장이 넓어요_야외공간이 멋져요_뷰가 좋아요_음악이 좋아요_
1034080506,s2****,가족여행왔다가반려동물동반가능하다고해서바로방문했는데야외석분위기너무좋아요!!!안주도다양하고가성비최고입니다ㅎㅎㅎ또여행온다면무조건재방문할게요!,2026년 6월 2일 화요일,기본 안주가 좋아요_가성비가 좋아요_뷰가 좋아요_반려동물과 가기 좋아요_오래 머무르기 좋아요_
1034080506,헤븐스 게이트,야장맛집이네요!분위기좋고안주맛있어요!자주올게요,2026년 6월 2일 화요일,기본 안주가 좋아요_술이 다양해요_야외공간이 멋져요_매장이 넓어요_
1034080506,찌융718,리뷰이벤트로나온비빔면너무맛있구치킨이랑조합너무좋아요바삭하고소스맛있고사랑합니다,2026년 6월 2일 화요일,음식이 맛있어요_야외공간이 멋져요_매장이 넓어요_사진이 잘 나와요_친절해요_
1034080506,신혜원244,너무맛있어서사진찍을정신도없이개푸파때렸어요.,2026년 5월 31일 일요일,기본 안주가 좋아요_음식이 맛있어요_
1034080506,iph****,맛있어요!분위기굿💗💗,2026년 5월 31일 일요일,음식이 맛있어요_술이 다양해요_매장이 넓어요_야외공간이 멋져요_
1034080506,spr****,야장이넓어서요즘날씨에한잔하기딱좋은곳이네요.맥주랑감튀는무조건이죠~^^,2026년 5월 31일 일요일,기본 안주가 좋아요_음식이 맛있어요_인테리어가 멋져요_매장이 넓어요_야외공간이 멋져요_
1034080506,ale****,진짜꿀맛!!회식장소로추천합니다!!맥주끝맛도좋고치킨도맛있고ㅎㅎ사장님대박나세요♡,2026년 5월 30일 토요일,음식이 맛있어요_기본 안주가 좋아요_뷰가 좋아요_특별한 날 가기 좋아요_
1034080506,sar****,쏘주무료로타주는거완전조앙,2026년 5월 29일 금요일,인테리어가 멋져요_단체모임 하기 좋아요_매장이 넓어요_야외공간이 멋져요_
1034080506,예원78,야장너뮤좋아용~~~,2026년 5월 29일 금요일,음식이 맛있어요_기본 안주가 좋아요_술이 다양해요_특별한 메뉴가 있어요_인테리어가 멋져요_
1034080506,uu u,야장느낌너무좋고안주도너무맛있어요생활맥주최곱니다!!!,2026년 5월 29일 금요일,음식이 맛있어요_
2045705129,샤방90,오고팠던르프랭크!!친구랑밥먹고방문했어요ㅋ소금빵종류많네요ㅋ맛있음돠!!,2026년 6월 14일 일요일,디저트가 맛있어요_커피가 맛있어요_대화하기 좋아요_인테리어가 멋져요_친절해요_
2045705129,개깐승,커피정말맛있어요!,2026년 6월 14일 일요일,커피가 맛있어요_디저트가 맛있어요_음료가 맛있어요_
2045705129,TH8042,분위기가너무좋고커피빵도맛있어요!!,2026년 6월 14일 일요일,커피가 맛있어요_디저트가 맛있어요_인테리어가 멋져요_
2045705129,gkstls124,소금빵맛집이라고해서왔어요!전에프랭크커핀바일때랑비슷한데분수대가예뻐요!,2026년 6월 13일 토요일,커피가 맛있어요_인테리어가 멋져요_사진이 잘 나와요_친절해요_매장이 청결해요_
2045705129,손은진2769,빵이종류가많고조아요!!!포장도깔끔하고분위기도좋아서친구랑같이오기너무좋아용><!!,2026년 6월 12일 금요일,디저트가 맛있어요_사진이 잘 나와요_음악이 좋아요_차분한 분위기예요_포장이 깔끔해요_
2045705129,kim****,분위기너무있고합리적은가격에빵을먹을수있어서좋은거같아요!!여자들카페에츠천….🫠,2026년 6월 12일 금요일,커피가 맛있어요_음료가 맛있어요_디저트가 맛있어요_인테리어가 멋져요_사진이 잘 나와요_
2045705129,하영0926,전주방문할일있어서왔다가우연히검색해서찾은맛도리카페..👍🏻분위기유럽감성너무이쁘고소근빵종류도많아서소금빵좋아하면무조건추천이에요!조금늦게왔더니솔드아웃된빵이많아조금아쉬웠지만구매한빵도너무맛있었다는..🤍🥖🥯🥐🥨,2026년 6월 12일 금요일,인테리어가 멋져요_디저트가 맛있어요_
2045705129,플로라1816,전주방문할일있어서왔다가우연히검색해서찾은맛도리카페..👍🏻분위기유럽감성너무이쁘고소근빵종류도많아서소금빵좋아하면무조건추천이에요!조금늦게왔더니솔드아웃된빵이많아조금아쉬웠지만구매한빵도너무맛있었다는..🤍🥖🥯🥐🥨,2026년 6월 12일 금요일,커피가 맛있어요_디저트가 맛있어요_음료가 맛있어요_
2045705129,DOER74,커피맛집인데소금빵도넘맛있어요👍,2026년 6월 11일 목요일,커피가 맛있어요_디저트가 맛있어요_
2045705129,kon****,바뀌고나서재방문했는데빵종류도많아지고넘맛있어요!!재방문의사있습니다!!🤩🤩,2026년 6월 11일 목요일,커피가 맛있어요_인테리어가 멋져요_친절해요_
2045705129,조이티욤,객사프랭크커피오랜만에왔는데상호명도르프랭크로바뀌고카페1층내부도완전바뀌었더라구요~빵종류가정말많아져서좋은데원래대표메뉴였던크로플이없어져서너무아쉬워요ㅠㅠ그래도음료랑빵이너무맛있어서정말좋았어요~,2026년 6월 11일 목요일,음료가 맛있어요_디저트가 맛있어요_차분한 분위기예요_인테리어가 멋져요_야외공간이 멋져요_
2045705129,tnw****,분위기가너무예쁘고빵종류도많아요,2026년 6월 10일 수요일,커피가 맛있어요_디저트가 맛있어요_인테리어가 멋져요_사진이 잘 나와요_
2045705129,bsy****,또왔어요소금빵진짜너무너무맛나요ㅠㅠ무조건추천이요!!,2026년 6월 10일 수요일,커피가 맛있어요_디저트가 맛있어요_
2045705129,zzae222,종종왔었는데리뉴얼되고소금빵먹으러또왔어요..빵들너무맛있어요진짜😎♥️,2026년 6월 9일 화요일,커피가 맛있어요_디저트가 맛있어요_음료가 맛있어요_특별한 메뉴가 있어요_빵이 맛있어요_
2045705129,캬라멜팝콘50,소금빵이정말맛있네요~,2026년 6월 9일 화요일,디저트가 맛있어요_
2045705129,한그을한글,인테리어가멋져요//소금빵커피❤,2026년 6월 9일 화요일,인테리어가 멋져요_
2045705129,노래하는슈또리,인테리어가멋져요//소금빵커피❤,2026년 6월 9일 화요일,디저트가 맛있어요_커피가 맛있어요_인테리어가 멋져요_매장이 청결해요_친절해요_
2045705129,엔돌핀 소녀,친구가추천해서찾아오게된카페인데분위기너무좋고~빵도커피도너무맛있어요~플레이팅은또왜이리이쁜지~찾아오길너무너무잘했어요~야외너무이뻐서갬성좀느끼고가려고요ㅎㅎ자주자주오게될것같아요!🤗,2026년 6월 8일 월요일,뷰가 좋아요_야외공간이 멋져요_차분한 분위기예요_빵이 맛있어요_친절해요_
2045705129,인성03,음료도맛있고분위기도좋아요인테리어도예뻐요,2026년 6월 8일 월요일,커피가 맛있어요_디저트가 맛있어요_인테리어가 멋져요_사진이 잘 나와요_뷰가 좋아요_
2045705129,chlgusrud,분위기좋고맛있어요~~,2026년 6월 8일 월요일,커피가 맛있어요_디저트가 맛있어요_음료가 맛있어요_인테리어가 멋져요_친절해요_
2045705129,Wndue,마시쒀오!😆,2026년 6월 8일 월요일,디저트가 맛있어요_음료가 맛있어요_인테리어가 멋져요_사진이 잘 나와요_친절해요_
2045705129,캬라멜팝콘50,다행히리뷰에서봤던팥크림소금빵이있어서좋았습니다~맛있을것같아요ㅎㅎ,2026년 6월 8일 월요일,커피가 맛있어요_디저트가 맛있어요_특별한 메뉴가 있어요_
2045705129,jsa****,너무맛있어요분위기도좋아욤!,2026년 6월 7일 일요일,디저트가 맛있어요_음료가 맛있어요_
2045705129,plu****,너무맛있어요분위기도좋아욤!,2026년 6월 7일 일요일,커피가 맛있어요_디저트가 맛있어요_인테리어가 멋져요_사진이 잘 나와요_아늑해요_
2045705129,꾸물꾸물49,카페리뉴얼한것같아서다시방문했는데소금빵종류엄청많아요!,2026년 6월 7일 일요일,커피가 맛있어요_디저트가 맛있어요_음료가 맛있어요_야외공간이 멋져요_친절해요_
2045705129,gdjy271987,소금빵맛집이라고해서방문했는데분위기도너무좋고소금빵종류도다양하고맛있어보여요^^,2026년 6월 7일 일요일,인테리어가 멋져요_대화하기 좋아요_친절해요_매장이 청결해요_디저트가 맛있어요_
2045705129,소야음메,전주와서처음방문하는카페에요이미소문이많이나있어서웨이팅있을까봐걱정했는데운이좋게도바로입장했습니다라떼정말맛있고소금빵은버터향솔솔맛있었어요다음에또올게요잘먹었습니다^^,2026년 6월 7일 일요일,커피가 맛있어요_디저트가 맛있어요_음료가 맛있어요_인테리어가 멋져요_
2045705129,안나85,커피도맛있고빵이정말맛있어요..왜소금빵맛집이라하는지알겠어요ㅎㅎ,2026년 6월 6일 토요일,커피가 맛있어요_빵이 맛있어요_인테리어가 멋져요_친절해요_
2045705129,sum****,빵이맛있아요!,2026년 6월 6일 토요일,디저트가 맛있어요_음료가 맛있어요_대화하기 좋아요_집중하기 좋아요_
2045705129,정진택정진택정진택,유명한이유가있네요너무맛있어요,2026년 6월 6일 토요일,커피가 맛있어요_디저트가 맛있어요_음료가 맛있어요_아늑해요_사진이 잘 나와요_
2045705129,Parkjoyy,분위기도좋고소금빵종류도많아요추천~,2026년 6월 6일 토요일,커피가 맛있어요_디저트가 맛있어요_
2045705129,ㅇㅇㅇㅇㅇㅇ19,카페가너무예쁘고다양한종류의소금빵이많아요소금빵맛미친놈이니까꼭드시고..야외테이블산들산들바람불어데이트코스로강추합니다,2026년 6월 6일 토요일,인테리어가 멋져요_특별한 메뉴가 있어요_디저트가 맛있어요_커피가 맛있어요_
2045705129,과로하는 백수,야외공간이멋지고실내도멋집니다.어디서사진찍어도인생샷가능그리고소금빵도지이이인짜맛있어요.❣️,2026년 6월 5일 금요일,커피가 맛있어요_디저트가 맛있어요_인테리어가 멋져요_야외공간이 멋져요_친절해요_
2045705129,tlausk,우유크림소금빵진짜너무맛있어서한달사이에4번왔어요..🥹소금빵맛집입니당!‘,2026년 6월 4일 목요일,디저트가 맛있어요_커피가 맛있어요_음료가 맛있어요_특별한 메뉴가 있어요_인테리어가 멋져요_
2045705129,야미띠,지금까지먹은에그타르트중최고예요….,2026년 6월 3일 수요일,디저트가 맛있어요_음료가 맛있어요_아늑해요_
2045705129,작고귀여운냥,소금빵종류도많고맛있어요!!분위기도저아용😻,2026년 6월 3일 수요일,커피가 맛있어요_디저트가 맛있어요_음료가 맛있어요_특별한 메뉴가 있어요_
2045705129,smj2383,소금빵존맛집입니다.전주타소금빵유명한곳과비교가안돼요원탑입니다.,2026년 6월 3일 수요일,커피가 맛있어요_디저트가 맛있어요_음료가 맛있어요_
2045705129,어리리16,오렌지선셋맛있어요~매장도깔끔하고좋네요^^,2026년 6월 2일 화요일,커피가 맛있어요_디저트가 맛있어요_인테리어가 멋져요_친절해요_매장이 청결해요_
2045705129,만듀_자유령53,에그타르트가부드럽고달달하고맛있습니다.허니크림치즈소금빵이부드럽고고소하니꿀과잘어울려서카이막먹는느낌입니다.메뉴장에있는캐릭터가귀엽습니다.,2026년 6월 2일 화요일,인테리어가 멋져요_디저트가 맛있어요_
2045705129,루피루피이루피,소금빵진짜맛있어용🤤,2026년 6월 1일 월요일,커피가 맛있어요_디저트가 맛있어요_음료가 맛있어요_특별한 메뉴가 있어요_인테리어가 멋져요_
2045705129,잉앙웅잉영,진짜주문한소금빵들대존맛탱미쳤음😭😭😭😭😭명란소금빵입에넣자마자녹진한게장난아뉨ㅜㅜㅜㅜㅜ,2026년 6월 1일 월요일,커피가 맛있어요_디저트가 맛있어요_음료가 맛있어요_특별한 메뉴가 있어요_인테리어가 멋져요_
2045705129,tkd****,소금빵먹으러왔는데아이가잘먹네요💛,2026년 5월 31일 일요일,커피가 맛있어요_디저트가 맛있어요_음료가 맛있어요_
2045705129,5816,레몬샤베트에이드와팥크림소금빵으로주문했었는데정말맛있어요!!소금빵종류중에고민하다팥크림소금빵으로먹어보고맛있어서다음에다른빵들도먹어봐야겠어요~😉,2026년 5월 31일 일요일,디저트가 맛있어요_음료가 맛있어요_인테리어가 멋져요_친절해요_매장이 청결해요_
2045705129,꽥꽥이에요,정말맛있어요,2026년 5월 31일 일요일,커피가 맛있어요_디저트가 맛있어요_음료가 맛있어요_특별한 메뉴가 있어요_가성비가 좋아요_
2045705129,par****,넘너무맛있어요,2026년 5월 31일 일요일,커피가 맛있어요_디저트가 맛있어요_
2045705129,유니나유니,전주한옥마을로데이트와서소금빵맛집을찾다가여기로오게됬네요!너무맛있는소금빵과너무이쁜인테리어가맘에듭니다!!💗💗💗,2026년 5월 31일 일요일,커피가 맛있어요_디저트가 맛있어요_인테리어가 멋져요_사진이 잘 나와요_대화하기 좋아요_
2045705129,규빈이네12,친구들과전주여행이틀째..이른아침먹고오픈시간맞춰방문했는데골목에있어서찾을때조금헤매었지만..맛있는커피랑소금빵에너무좋은시간보내고갑니다~,2026년 5월 31일 일요일,커피가 맛있어요_디저트가 맛있어요_빵이 맛있어요_
2045705129,seo****,빵생크림도느끼하지않고넘맛있고빠쟉해서더더욱맛있어요!커피도고소하고루이보스티도깔끔하니좋아요~분위기너무좋아서또오고싶어요👍💕💕,2026년 5월 30일 토요일,커피가 맛있어요_디저트가 맛있어요_인테리어가 멋져요_사진이 잘 나와요_대화하기 좋아요_
2045705129,배배시,객사디저트맛집찾으신다면고민없이르플랭크로🫶소금빵...진짜또생각나게하는집잘없는데여기는소금빵기본부터시작해서초코등등다맛도리💘게다가커피까지고소하고묵직한게완전n번째재방문각만간또올께요!(소금빵꼭드세요✨)왜이제왔을까🫢,2026년 5월 30일 토요일,커피가 맛있어요_디저트가 맛있어요_종류가 다양해요_사진이 잘 나와요_대화하기 좋아요_
2045705129,맛집은어딜까,커핀바가르프랭크로바껴서와봤어요!!!맛있는소금빵들이가득하네요~맛있게먹겠습니다!!분위기도굿!,2026년 5월 30일 토요일,디저트가 맛있어요_특별한 메뉴가 있어요_메뉴 구성이 알차요_
2045705129,sky000244,분위기맛집커피도맛집에스프레소카페바치오시켰는데맛있어요크림이있어서쓰지않고풍미있네요아마리카노도기본맛있고요이날씨에야외가좋네요,2026년 5월 30일 토요일,커피가 맛있어요_디저트가 맛있어요_인테리어가 멋져요_
2045705129,lik****,아아랑소금빵이너무맛있어요다음에재방문예정입니다~,2026년 5월 30일 토요일,커피가 맛있어요_
2045705129,jje****,조아요!,2026년 5월 29일 금요일,커피가 맛있어요_디저트가 맛있어요_인테리어가 멋져요_사진이 잘 나와요_
2045705129,ey67,르프랭크믿고먹어오♥️소금빵존맛!!,2026년 5월 29일 금요일,커피가 맛있어요_디저트가 맛있어요_인테리어가 멋져요_사진이 잘 나와요_
2045705129,소소람람,맛과멋이공존하는최고의카페,2026년 5월 29일 금요일,커피가 맛있어요_디저트가 맛있어요_인테리어가 멋져요_친절해요_
2045705129,슈슈1287,커피와소금빵의조합이완벽한곳입니다!소금빵은버터향이은은하게퍼져서정말맛있고진한풍미의커피와함께먹으니금상첨화네요!!고소하고따뜻한여유를즐기고싶은분들께강력추천합니다!!,2026년 5월 29일 금요일,커피가 맛있어요_디저트가 맛있어요_
2045705129,수연467,커피와소금빵의조합이완벽한곳입니다!소금빵은버터향이은은하게퍼져서정말맛있고진한풍미의커피와함께먹으니금상첨화네요!!고소하고따뜻한여유를즐기고싶은분들께강력추천합니다!!,2026년 5월 29일 금요일,커피가 맛있어요_디저트가 맛있어요_
2045705129,달고시다,지난번팥크림소금빵먹고반해서다시또찾아왔지만..팥크림만다나가서없네요ㅜㅜ.순우유크림소금빵으로마음을달래고갑니다ㅜㅜ짝꿍도소금빵맛있었다고해서자신있게또같이왔어요.일반소금빵도진짜맛있어요,2026년 5월 29일 금요일,커피가 맛있어요_디저트가 맛있어요_음료가 맛있어요_인테리어가 멋져요_친절해요_
2045705129,아페르,전주객리단길오면필수로들러야할신상핫플르프랭크🥐✨기존프랭크커핀바에서리뉴얼오픈했는데베이커리라인업이역대급이에요!✔️순우유소금크림빵:부드러운우유크림가득단짠정석!안먹으면후회함ㅠㅠ✔️에그타르트:필링이엄청진하고부드러워서고소함폭발!✔️플랫화이트:진하고고소해서디저트랑찰떡궁합☕️매일매장에서직접만드신다는데맛에서정성이다느껴져요.2층은힙한공장st인테리어라분위기맛집이고데이트코스로도딱입니다.조만간또빵털러갈게요!,2026년 5월 28일 목요일,인테리어가 멋져요_집중하기 좋아요_특별한 메뉴가 있어요_음료가 맛있어요_
2045705129,이두나77,전주에오면여기들리라그래서왔는데프랭크랑비슷해서친숙하구요소금빵맛나여~분위기좋게차마시다갑니다조용하게즐기고싶다면여기.🍀,2026년 5월 28일 목요일,커피가 맛있어요_음식이 맛있어요_인테리어가 멋져요_
1710381899,멜리00,맛있고혼밥하기좋아요.,2026년 6월 15일 월요일,음식이 맛있어요_재료가 신선해요_양이 많아요_특별한 메뉴가 있어요_인테리어가 멋져요_
1710381899,sz01,오랜만에방문한치히로.오야꼬동은보기보다더매워요.호르몬동은고소하고맛있습니다.일본풍분위기좋고밖에토토로가귀여워요ㅎㅎ,2026년 6월 15일 월요일,음식이 맛있어요_특별한 메뉴가 있어요_매장이 넓어요_혼밥하기 좋아요_
1710381899,rkd****,전주맛집입니다!!👍🏻👍🏻👍🏻강추합니다,2026년 6월 15일 월요일,음식이 맛있어요_재료가 신선해요_양이 많아요_특별한 메뉴가 있어요_인테리어가 멋져요_
1710381899,강용박,전주맛집치히로본점부모님모시고방문했습니다맛있는음식감사합니다,2026년 6월 15일 월요일,음식이 맛있어요_특별한 메뉴가 있어요_매장이 넓어요_인테리어가 멋져요_친절해요_
1710381899,박효정50,예전부터오고싶었던곳인데드디어오게되었어요^^넘좋네용ㅋㅋ,2026년 6월 15일 월요일,음식이 맛있어요_재료가 신선해요_특별한 날 가기 좋아요_매장이 청결해요_
1710381899,sun780307,전주맛집검색해서왔어요~~~일본에온듯..너무이뿌네요~~음식도맛나고좋아요~~^^,2026년 6월 15일 월요일,음식이 맛있어요_인테리어가 멋져요_매장이 청결해요_
1710381899,배나경14,튀김너무맛있어요~~장들도짜지않고맛있네요,2026년 6월 14일 일요일,인테리어가 멋져요_매장이 넓어요_친절해요_매장이 청결해요_
1710381899,dks****,분위기좋고음식도넘맛나요!비오는데치히로도우산받고있어요~,2026년 6월 14일 일요일,음식이 맛있어요_가성비가 좋아요_인테리어가 멋져요_사진이 잘 나와요_
1710381899,건들지마7426,치히로맛있는곳다음에또올께요,2026년 6월 14일 일요일,음식이 맛있어요_양이 많아요_재료가 신선해요_매장이 넓어요_뷰가 좋아요_
1710381899,dbd****,음식이정갈하게나오고맛도좋아만족스러웠습니다.재료가신선했고양도적당해서한끼식사로충분했어요.매장분위기가깔끔하고직원분들도친절해서기분좋게식사했습니다.다음에도재방문의사있습니다!😊,2026년 6월 14일 일요일,음식이 맛있어요_재료가 신선해요_친절해요_매장이 청결해요_특별한 날 가기 좋아요_
1710381899,Fiskffbskfj,친구들이랑전주여행와서먹기좋은음식점이에요!!친구나가족들이랑오기좋으뉴전주맛집인거같아요!!또전주여행오면오고싶어요!,2026년 6월 14일 일요일,음식이 맛있어요_아늑해요_친절해요_매장이 청결해요_화장실이 깨끗해요_
1710381899,gal****,지난번에먹고아이들이덮밥이랑크림우동이맛있다고해서재방문했네요저녁에와도바로입장하고직원분들도친절하세요맛도좋고분위기도좋습니다~~,2026년 6월 13일 토요일,음식이 맛있어요_재료가 신선해요_양이 많아요_인테리어가 멋져요_
1710381899,깜쌤,음식이신선하고맛있어요!아이들도먹기에좋고간이나맛이부담되지않아서좋아요!예뻐서데이트오기도좋겠어요!,2026년 6월 13일 토요일,음식이 맛있어요_인테리어가 멋져요_친절해요_매장이 청결해요_음식이 빨리 나와요_
1710381899,jewel9398,부모님모시고종종오는곳이에요ㅎㅎ맛있게먹었네요ㅎㅎ,2026년 6월 13일 토요일,음식이 맛있어요_특별한 메뉴가 있어요_메뉴 구성이 알차요_
1710381899,HYEONI102,맛있어요!!매장도깔끔하고빠르게음식이나와서좋아요❤️추천합니다!,2026년 6월 13일 토요일,음식이 맛있어요_재료가 신선해요_특별한 메뉴가 있어요_양이 많아요_인테리어가 멋져요_
1710381899,dls****,전주맛집👍소바너무쫄깃하고맛있어요😁,2026년 6월 13일 토요일,음식이 맛있어요_특별한 메뉴가 있어요_매장이 넓어요_
1710381899,레몬16,처음왔는데분위기가너무좋아요음식맛도일본에온고같이맛있네요#전주맛집,2026년 6월 13일 토요일,재료가 신선해요_단체모임 하기 좋아요_
1710381899,얼짱7640,음식이정갈하게나와서보기도좋고맛도너무좋네요.전주맛집으로인정합니다~!!매장분위기도너무좋아요.잘먹고갑니다!!,2026년 6월 13일 토요일,음식이 맛있어요_양이 많아요_인테리어가 멋져요_뷰가 좋아요_
1710381899,woo259981,연어덮밥이너무먹고ㅠ싶어서왔습니다맛있었어요!!!,2026년 6월 13일 토요일,음식이 맛있어요_재료가 신선해요_양이 많아요_특별한 메뉴가 있어요_
1710381899,ksu****,전에도왔는데맛있어서가족들이랑다시왔어요!!!양도많아서좋아요!!!,2026년 6월 13일 토요일,음식이 맛있어요_양이 많아요_가성비가 좋아요_매장이 넓어요_
1710381899,ada****,객사치히로는처음와봤는디분위기도너무좋고직원분들도친절해서좋았어요!양도든든해요~~,2026년 6월 12일 금요일,음식이 맛있어요_양이 많아요_단체모임 하기 좋아요_뷰가 좋아요_
1710381899,ox****,튀김하나하나너무맛있어요기름기쫙빠져서느끼하지않네요기대하지않은김치나베돈까스도맛있었어요전주시내맛집이네요,2026년 6월 12일 금요일,음식이 맛있어요_재료가 신선해요_혼밥하기 좋아요_매장이 넓어요_친절해요_
1710381899,녜원638,치히로처음와봤는데매장도넓고시원하고음식도맛있어요💗추천합니다!!,2026년 6월 12일 금요일,음식이 맛있어요_재료가 신선해요_양이 많아요_특별한 메뉴가 있어요_혼밥하기 좋아요_
1710381899,안녕안녕6954,전주맛집치니까나와서왔어요~메뉴가다양하고맛있네요다음에또다른메뉴먹으러올게요:),2026년 6월 11일 목요일,음식이 맛있어요_재료가 신선해요_특별한 메뉴가 있어요_메뉴 구성이 알차요_친절해요_
1710381899,둥두댕다,전주맛집치히로다녀왔습니다항상맛이보장되어있어서믿고먹어요식당이분위기도있어서손님데리고오기도괜찮습니다,2026년 6월 11일 목요일,음식이 맛있어요_재료가 신선해요_양이 많아요_인테리어가 멋져요_매장이 넓어요_
1710381899,chi****,너무맛있어서사진찍는것두까먹고정신없이먹었어요..ㅎㅎ,2026년 6월 10일 수요일,음식이 맛있어요_
1710381899,ehj****,아이가제일좋아하는최애밥집♡♡♡♡너무맛있어요특히연어초밥은여기가제일맛있대요!!^^,2026년 6월 9일 화요일,음식이 맛있어요_잡내가 적어요_인테리어가 멋져요_아늑해요_친절해요_
1710381899,안녕하시냥,맛있게잘먹었습니다!!다음에또올게요🙂,2026년 6월 9일 화요일,음식이 맛있어요_가성비가 좋아요_매장이 넓어요_친절해요_
1710381899,sta****,정말오랜만에왔는데역시나너무좋아요!!!!!!!기대이상입니다^^,2026년 6월 9일 화요일,재료가 신선해요_음식이 맛있어요_특별한 메뉴가 있어요_매장이 넓어요_친절해요_
1710381899,혁7318,처음와봤는데친절하시고너무맛있어요😆또올께요!,2026년 6월 9일 화요일,음식이 맛있어요_재료가 신선해요_양이 많아요_뷰가 좋아요_인테리어가 멋져요_
1710381899,kmg****,전주맛집양도많고맛있어요~,2026년 6월 8일 월요일,음식이 맛있어요_재료가 신선해요_양이 많아요_고기 질이 좋아요_메뉴 구성이 알차요_
1710381899,가나다라15,한달에두번은오는맛집!재방문의사100%호르몬동맛나게잘먹었급니다.,2026년 6월 7일 일요일,음식이 맛있어요_재료가 신선해요_양이 많아요_특별한 메뉴가 있어요_혼밥하기 좋아요_
1710381899,hb30,음식이맛있고인테리어가너무예뻐용ㅎㅎ,2026년 6월 7일 일요일,음식이 맛있어요_
1710381899,her****,텐동가격도좋고종류도다양해서좋아용!!@이베리코동도맛있구요!!생연어도빛깔이좋네요,2026년 6월 7일 일요일,특별한 메뉴가 있어요_가성비가 좋아요_재료가 신선해요_음식이 맛있어요_
1710381899,안뇽하쇼오옹,전주맛집치히로방문했어요!매장도깔끔하고음식도너무맛있어요~,2026년 6월 7일 일요일,음식이 맛있어요_인테리어가 멋져요_매장이 넓어요_친절해요_매장이 청결해요_
1710381899,동동이이삼,명란크림우동시켜서먹었는데맛있게잘먹었습니다~가게도시원하고음식도빨리나오는편이고좋았습니다!,2026년 6월 7일 일요일,음식이 맛있어요_메뉴 구성이 알차요_아늑해요_
1710381899,초코구름하늘별,처음와보는데너무예쁘고맛있어용ㅎㅎ,2026년 6월 7일 일요일,음식이 맛있어요_
1710381899,Zeo1004,남편이랑전주여행왔다가남편이검색해서온곳이예요!센과히치로가생각나고너무좋았어요!음식도맛있고정갈하게나와서반했어요~다음에도놀러온다면여기방문할예정입니다!아침부터기분이너무좋네요^.^,2026년 6월 7일 일요일,음식이 맛있어요_재료가 신선해요_양이 많아요_가성비가 좋아요_차분한 분위기예요_
1710381899,shi****,두번째방문입니다.제일맛있네요,2026년 6월 6일 토요일,음식이 맛있어요_재료가 신선해요_인테리어가 멋져요_친절해요_
1710381899,멍냥뭉양,올때마다치히로는맛있어요ㅎㅎ전주맛집데이트장소로추천합니다👍👍,2026년 6월 6일 토요일,음식이 맛있어요_메뉴 구성이 알차요_인테리어가 멋져요_
1710381899,esk09972,음식이전체적으로깔끔하고양도적당해서든든하게먹을수있었습니다.튀김은바삭하고느끼하지않았고덮밥도간이적당해서맛있어요👍,2026년 6월 6일 토요일,음식이 맛있어요_재료가 신선해요_
1710381899,yon****,전주여행와서맛집찾아왔어요~음식모두맛있어서전주맛집으로저장합니다~일찍와서웨이팅없이들어왔는데많이들오시네요!가츠동전복장소바추천합니다!,2026년 6월 6일 토요일,음식이 맛있어요_양이 많아요_인테리어가 멋져요_친절해요_
1710381899,제이제인12,전주맛집인정입니다!덮밥양도푸짐하고고기랑소스조합이좋아서한그릇싹비웠어요.직원분들도친절해서기분좋게먹고왔습니다:),2026년 6월 5일 금요일,음식이 맛있어요_
1710381899,jju****,오랜만에와도맛이한결같아요~~다음에또방문할게요감사합니다!,2026년 6월 5일 금요일,음식이 맛있어요_재료가 신선해요_양이 많아요_
1710381899,로로로81내사랑들과,인테리어진짜이쁘고음식도맛있어요^^지인모시고왔는데매우좋아하시네요ㅋ김치우동텐동맛합격!토토로컨셉도진짜취향저격~이쁜식당또오겠습니다~,2026년 6월 5일 금요일,음식이 맛있어요_재료가 신선해요_양이 많아요_특별한 메뉴가 있어요_인테리어가 멋져요_
1710381899,YeTTa14,전주현지인입니다!눈여겨보고있었던곳이었는데건강검진후가까워서한번방문했어요데이트하기좋고금요일점심임에도불구하고사람들도많이방문하시네요제가이리뷰를작성하는동안도아내가맛나게먹고있네요!!#전주맛집#치히로#객사맛집,2026년 6월 5일 금요일,음식이 맛있어요_반찬이 잘 나와요_사진이 잘 나와요_인테리어가 멋져요_친절해요_
1710381899,dls****,맛있어서자주오는장소에요!,2026년 6월 4일 목요일,음식이 맛있어요_재료가 신선해요_
1710381899,hana446,전주맛집치히로!전북대점은가봤는데객사점은인테리어도더좋고친절하시네용초밥이랑스테끼동둘다맛나요!!!,2026년 6월 4일 목요일,음식이 맛있어요_인테리어가 멋져요_친절해요_
1710381899,500d,음식이맛있어욥가게도이쁘고직원분들도친절하시고주차는힘들지만걸어오면되니까..토토로가귀엽게반겨줍니다.양은조금적어서둘이서세개시켰어요.다들맛점ㅋㅎㅋㅎ,2026년 6월 4일 목요일,음식이 맛있어요_인테리어가 멋져요_친절해요_매장이 청결해요_
1710381899,manseon,전주맛집,2026년 6월 4일 목요일,음식이 맛있어요_매장이 넓어요_친절해요_
1710381899,AH83,음식이맛있어요^^다음에또오고싶어요,2026년 6월 4일 목요일,음식이 맛있어요_
1710381899,iwo****,본점은처음오는데맛있고분위기도좋아요!데이트할때오면좋을거같아요사케동맛있고근처영화관도많아서영화보러왔을때들리기좋아요옆에분좋카도있어서위치도좋답니다.굿굿맛있어요,2026년 6월 3일 수요일,음식이 맛있어요_재료가 신선해요_인테리어가 멋져요_사진이 잘 나와요_차분한 분위기예요_
1710381899,wjd****,맛있어여,2026년 6월 3일 수요일,재료가 신선해요_음식이 맛있어요_특별한 메뉴가 있어요_인테리어가 멋져요_매장이 넓어요_
1710381899,yr96,분위기가깔끔하고음식도전반적으로맛있었어요.재료가신선한느낌이었고직원분들도친절하게응대해주셔서기분좋게식사했습니다.양도적당하고메뉴구성이좋아서만족스러웠어요.다음에근처올일있으면재방문의사있습니다.,2026년 6월 3일 수요일,음식이 맛있어요_뷰가 좋아요_
1710381899,wns****,전주맛집이에요!처음와봤는데엄청맛있어요!,2026년 6월 3일 수요일,양이 많아요_음식이 맛있어요_
1710381899,닝닝리,너무마시써여~~!제가광주친구들한테자랑하고싶어서와써염💜💜진짜맛있게잘먹었습니다~~~!직원분들도너무친절하구맛죠아용최고!!!,2026년 6월 3일 수요일,양이 많아요_특별한 메뉴가 있어요_재료가 신선해요_음식이 맛있어요_가성비가 좋아요_
1710381899,샤방바퀴,맛있어요^^다음에또올게요,2026년 6월 3일 수요일,음식이 맛있어요_재료가 신선해요_양이 많아요_매장이 넓어요_단체모임 하기 좋아요_
1710381899,심심861,전주맛집방문했어요~조금기다리긴했지만맛있습니다.#전주맛집,2026년 6월 3일 수요일,음식이 맛있어요_특별한 메뉴가 있어요_
1710381899,최승혁1768,전주맛집입니다첫방문인데다음여행와서도방문예정입니다~~,2026년 6월 3일 수요일,음식이 맛있어요_재료가 신선해요_친절해요_인테리어가 멋져요_
1710381899,kim****,맛있게잘먹었겠습니다.,2026년 6월 3일 수요일,음식이 맛있어요_
1710381899,하트뿅뿅8,맛있어용!!!!👍😁전주맛집,2026년 6월 3일 수요일,음식이 맛있어요_재료가 신선해요_인테리어가 멋져요_친절해요_
1710381899,영화의 노예,치히로는주기적으로먹어줘야합니다🥹너무너무깔끔하고음식도너무너무맛있어요!!!일하시는분들도친절하셔서기분좋게식사했습니다💗,2026년 6월 3일 수요일,음식이 맛있어요_재료가 신선해요_양이 많아요_친절해요_매장이 청결해요_
1710381899,xx****,전주맛집,2026년 6월 3일 수요일,음식이 맛있어요_
1710381899,롱쎄,너무맛있어요^^전주맛집이라고해서왔는데가게도넘이쁘고좋아요!초밥좋아하는아이랑오기에도딱입니다ㅎㅎ,2026년 6월 3일 수요일,음식이 맛있어요_재료가 신선해요_인테리어가 멋져요_매장이 넓어요_친절해요_
1710381899,pdpwl87,너무맛있어요또올거에요,2026년 6월 2일 화요일,인테리어가 멋져요_음식이 맛있어요_매장이 청결해요_친절해요_
1710381899,밀크26,너무맛있어요또올거에요,2026년 6월 2일 화요일,음식이 맛있어요_메뉴 구성이 알차요_인테리어가 멋져요_아늑해요_
1710381899,Yaeri,완전맛있어요ㅠㅠ,2026년 6월 1일 월요일,음식이 맛있어요_재료가 신선해요_양이 많아요_특별한 메뉴가 있어요_인테리어가 멋져요_
1710381899,심심한너구리,다른지역치히로몇번가봤는데이집이제일바삭히고깨끗하게튀겨논느낌이예요같은브랜드여도지점마다맛이다달라서가본중에는요기가젤맛있습니다ㅜㅜ연어초밥도맛있고잘먹을게요,2026년 6월 1일 월요일,음식이 맛있어요_재료가 신선해요_양이 많아요_특별한 메뉴가 있어요_
1710381899,유딘YUDIN,전주맛집이라고소문만듣다가드디어와봤네요!!호르몬동이랑텐동시켰는데짱맛있어요😋😋데이트코스로추천합니다!!분위기도좋고토토로너무귀여워요..,2026년 5월 31일 일요일,음식이 맛있어요_비싼 만큼 가치있어요_인테리어가 멋져요_야외공간이 멋져요_친절해요_
1710381899,김규태61,전주여행피날레로지인이소개한치히로음식깔끔하고분위기도좋네요특히아들들이생연어초밥순삭하네요~~~~,2026년 5월 31일 일요일,인테리어가 멋져요_친절해요_매장이 청결해요_음식이 맛있어요_
1710381899,lye****,인스타에서만봤는데궁금해서결국갔는데맛있네요다음에는친구들이랑가야겠어요,2026년 5월 31일 일요일,매장이 넓어요_혼밥하기 좋아요_매장이 청결해요_음식이 맛있어요_재료가 신선해요_
1710381899,ins****,맛잇어요~,2026년 5월 31일 일요일,음식이 맛있어요_재료가 신선해요_
1710381899,선한영향력7,전주맛집!여행와서먹으니더맛있어요ㅎㅎㅎ,2026년 5월 31일 일요일,음식이 맛있어요_재료가 신선해요_특별한 메뉴가 있어요_뷰가 좋아요_야외공간이 멋져요_
1710381899,dai****,친구들이랑왔는데너무맛있게먹었어요~~!일식집하면꼭생각나는곳이에요번창하세요~~~,2026년 5월 31일 일요일,음식이 맛있어요_뷰가 좋아요_
1710381899,YHL0729,항상시원하고청결하고음식도정갈해요😋직원분들도친절하시고덮밥먹고싶으면꼭치히로옵니다:)메뉴도많아서좋아요!,2026년 5월 31일 일요일,음식이 맛있어요_재료가 신선해요_반찬이 잘 나와요_매장이 넓어요_매장이 청결해요_
1710381899,낄낄굿,처음와봤는데너무맛있습니당!!그리구직원분들이친절해용!!☺️☺️,2026년 5월 31일 일요일,음식이 맛있어요_양이 많아요_고기 질이 좋아요_매장이 넓어요_친절해요_
1710381899,gwa****,청주에서가봤는데역시나본점은다르네요전주맛집입니다~,2026년 5월 30일 토요일,음식이 맛있어요_
1710381899,sup****,현지인이인정하는전주맛집1달에1번씩생각나서여자친구랑방문했는데이번에는텐동이랑소바+돈까스세트시켰어요완전기대했던그맛그대로!!잘먹었습니다😆,2026년 5월 30일 토요일,특별한 메뉴가 있어요_음식이 맛있어요_현지 맛에 가까워요_사진이 잘 나와요_
1710381899,gpd****,여긴올때마다맛있네요ㅎㅎ오랜만에방문했는데전체적으로뭐하나빠질것없이맛있어요!!,2026년 5월 30일 토요일,음식이 맛있어요_재료가 신선해요_인테리어가 멋져요_매장이 청결해요_
1710381899,왜이렇게 어렵니,대기없이먹을수있어서너무좋았고맛있고깔끔하게먹을수있어좋아요ㅎㅎ,2026년 5월 30일 토요일,음식이 맛있어요_재료가 신선해요_양이 많아요_특별한 메뉴가 있어요_
1710381899,민트020,더워서소바먹으러왔어요시원해서너무맛있고좋아용,2026년 5월 30일 토요일,음식이 맛있어요_인테리어가 멋져요_매장이 넓어요_친절해요_
1710381899,꼬맹이8966,전주객사방문하다점심을어디서먹지?하다가딸이추천더우니소바도먹고다른것도먹자하여방문함아이는전주두번째방문이어서여길오자고해서전주온김에와봤어요대기가앞에2팀있었네요다행이기다리는시간이짧았어요만족합니다~~^^주문한음식^^👍👍👍맛있어요만족해요또방문할예정입니다~~^^♡,2026년 5월 30일 토요일,재료가 신선해요_음식이 맛있어요_인테리어가 멋져요_매장이 청결해요_친절해요_
1710381899,mhj39mhj,분위기도좋고음식도맛있어요!웨이팅이있어도금방들어갑니다.,2026년 5월 30일 토요일,재료가 신선해요_
1710381899,faw****,재방문의사있습니다.맛있어요!!,2026년 5월 30일 토요일,음식이 맛있어요_매장이 넓어요_친절해요_
1710381899,whatsyourname,맛있게잘먹고갑니다,2026년 5월 29일 금요일,음식이 맛있어요_재료가 신선해요_인테리어가 멋져요_매장이 넓어요_
1710381899,최인호0,너무맛있어보여서바로못찍고중간에찍습니다.국물이죽여주네요추천합니다,2026년 5월 29일 금요일,음식이 맛있어요_재료가 신선해요_잡내가 적어요_사진이 잘 나와요_인테리어가 멋져요_
1710381899,bae****,딸아이가너무먹고파해서재방문했어요역시나최고입니다치히로는객사점이죠,2026년 5월 29일 금요일,음식이 맛있어요_재료가 신선해요_인테리어가 멋져요_
1710381899,Kenaz26,전주맛집~오랜만에텐동먹으러와서행복함튀김이랑밥에양념이딱취향이다,2026년 5월 29일 금요일,음식이 맛있어요_양이 많아요_친절해요_
1710381899,꽃잎134,전주맛집인치히로에왔어요역시..맛도리네요좋은분위기에좋은식사하구갑니다요,2026년 5월 29일 금요일,음식이 맛있어요_인테리어가 멋져요_
1710381899,jihun460121,직원분들다들친절하시고음식맛도너무좋아요~,2026년 5월 29일 금요일,음식이 맛있어요_재료가 신선해요_양이 많아요_특별한 메뉴가 있어요_
1465327582,노자17,전주에서제일맛있는닭갈비집이에요!전주사람인데도가요~~,2026년 6월 15일 월요일,음식이 맛있어요_고기 질이 좋아요_특별한 메뉴가 있어요_양이 많아요_가성비가 좋아요_
1465327582,disnshi9,맛있어요!!😆,2026년 6월 15일 월요일,음식이 맛있어요_양이 많아요_매장이 넓어요_매장이 청결해요_친절해요_
1465327582,몽이1004,맛있어요!!😆,2026년 6월 14일 일요일,음식이 맛있어요_
1465327582,골드866,맛있어요!!😆,2026년 6월 13일 토요일,음식이 맛있어요_매장이 넓어요_친절해요_
1465327582,윤디v,완전매콤하고닭갈비존맛이에오❤️,2026년 6월 13일 토요일,음식이 맛있어요_인테리어가 멋져요_매장이 넓어요_친절해요_
1465327582,나다1159,맛있어요!오랜만에왔는데여전히맛있습니다ㅎㅎ고르곤졸라는첨시켜봤는데이것도맛있어요.닭갈비매콤할때한입먹으니좋아요.,2026년 6월 13일 토요일,음식이 맛있어요_매장이 넓어요_
1465327582,Hw287,너무맛있고친절해서좋았어요🫰🏻💕💕,2026년 6월 12일 금요일,음식이 맛있어요_가성비가 좋아요_매장이 넓어요_아늑해요_친절해요_
1465327582,윤윤0120,세트구성좋고맛있어요!재방문할것같습니다!,2026년 6월 11일 목요일,음식이 맛있어요_고기 질이 좋아요_매장이 넓어요_매장이 청결해요_친절해요_
1465327582,Bazzi00,객사에서닭갈지누보처음와봤는데너무맛있게먹고가요~!!!매운맛인데딱적당히매워서넘맛있었어요!!,2026년 6월 11일 목요일,음식이 맛있어요_가성비가 좋아요_재료가 신선해요_건강한 맛이에요_잡내가 적어요_
1465327582,다롱이3446,너무맛있어요ㅠㅠ행복한맛이예요🩷🩷,2026년 6월 11일 목요일,음식이 맛있어요_고기 질이 좋아요_인테리어가 멋져요_
1465327582,son****,맛있어요,2026년 6월 11일 목요일,음식이 맛있어요_
1465327582,gmldms1,닭갈비는누보만먹어요~다른곳은심심하고가격도비싸고잘안가는데여기는푸짐하고맛도심심하지않아서좋아요👍,2026년 6월 10일 수요일,음식이 맛있어요_양이 많아요_친절해요_매장이 청결해요_아이와 가기 좋아요_
1465327582,sssssmmmmmhehe,객사에서닭갈비.먹을때여기만옵니다!!진짜맛있어요!!❤,2026년 6월 10일 수요일,음식이 맛있어요_고기 질이 좋아요_친절해요_매장이 넓어요_단체모임 하기 좋아요_
1465327582,dda****,올때마다깨끗하고맛도좋고직원도친절하세요~,2026년 6월 8일 월요일,음식이 맛있어요_재료가 신선해요_인테리어가 멋져요_친절해요_직접 잘 구워줘요_
1465327582,준이예요,맛이어요전주여행와서잘먹고갑니다,2026년 6월 8일 월요일,음식이 맛있어요_고기 질이 좋아요_양이 많아요_특별한 메뉴가 있어요_가성비가 좋아요_
1465327582,머스탱이,맛있습니다~👍,2026년 6월 8일 월요일,음식이 맛있어요_가성비가 좋아요_매장이 넓어요_친절해요_매장이 청결해요_
1465327582,김민경95,역시닭갈비는누보닭갈비!!담에또올거에요너무맛있어요❤️❤️😋😋,2026년 6월 7일 일요일,음식이 맛있어요_양이 많아요_매장이 넓어요_친절해요_매장이 청결해요_
1465327582,jja****,너무맛잇어요,2026년 6월 7일 일요일,음식이 맛있어요_인테리어가 멋져요_친절해요_
1465327582,푸딩74,여자친구소개로같이왔는데진짜맛있네요^^다음에도무조건다시올거여서그땐우동사리말고라면사리넣어서먹어보겠습니다!,2026년 6월 6일 토요일,음식이 맛있어요_고기 질이 좋아요_양이 많아요_특별한 메뉴가 있어요_매장이 넓어요_
1465327582,26262,맛있어요!,2026년 6월 6일 토요일,음식이 맛있어요_인테리어가 멋져요_매장이 넓어요_친절해요_매장이 청결해요_
1465327582,sm****,맛있어요!,2026년 6월 5일 금요일,음식이 맛있어요_가성비가 좋아요_뷰가 좋아요_
1465327582,kangsg82380,영화보러왔다가들렀는데티켓소지자라서토핑도추가해주고무엇보다맛이좋아요ㅎㅎ맵기선택도가능하고매장이깔끔하고넓어서좋아요!잘먹고갑니다ㅎㅎ,2026년 6월 5일 금요일,음식이 맛있어요_고기 질이 좋아요_인테리어가 멋져요_매장이 넓어요_친절해요_
1465327582,바이크좋아,매번자주옵니다.여전히맛있네요ㅎㅎ감사합니다,2026년 6월 5일 금요일,음식이 맛있어요_양이 많아요_인테리어가 멋져요_매장이 넓어요_친절해요_
1465327582,안뇽928,오늘처음왔는데닭갈비가살짝매콤하면서진짜맛잇어요ㅋㅋㅋㅋㅋㅋ2인분인데양도많고쫄면사리추가해서먹으니까더맛있네요다음에또올게요,2026년 6월 5일 금요일,음식이 맛있어요_매장이 넓어요_친절해요_매장이 청결해요_
1465327582,wjd****,금요일에가서그런지음식나오는데시간이걸렸지만여전히맛나요ㅎㅎ,2026년 6월 5일 금요일,음식이 맛있어요_양이 많아요_
1465327582,주은4214,친구들끼리오기좋아요!👍🏻,2026년 6월 4일 목요일,음식이 맛있어요_양이 많아요_메뉴 구성이 알차요_인테리어가 멋져요_친절해요_
1465327582,fdsa12,맛있게잘먹고가요~~,2026년 6월 4일 목요일,음식이 맛있어요_양이 많아요_가성비가 좋아요_
1465327582,사랑이별65,누보닭갈비너무맛있어요~~,2026년 6월 3일 수요일,음식이 맛있어요_고기 질이 좋아요_
1465327582,vernal23,시간적제약으로늘배달만시켰는데직접매장와서먹으니훨씬맛있네요.사이드로시킨고르곤졸라피자도전문점못지않아요^^,2026년 6월 3일 수요일,음식이 맛있어요_인테리어가 멋져요_친절해요_매장이 청결해요_
1465327582,day6BB,처음와봤는데맛있고푸짐해요.다음에또오고싶어요!,2026년 6월 3일 수요일,음식이 맛있어요_양이 많아요_메뉴 구성이 알차요_친절해요_매장이 넓어요_
1465327582,한마음81,닭갈비집중에여기가제일맛있어요^^양도많고직원분들도친절하세요!자주오는맛집입니다^^,2026년 6월 3일 수요일,음식이 맛있어요_고기 질이 좋아요_양이 많아요_친절해요_매장이 넓어요_
1465327582,버버리런던,매장이깔끔하고무엇보다맛이최고네요담에또올게요,2026년 6월 3일 수요일,음식이 맛있어요_양이 많아요_가성비가 좋아요_인테리어가 멋져요_매장이 넓어요_
1465327582,bum****,저번에왔을때괜찮았어서또왔어요맛있어요ㅎ_ㅎ,2026년 6월 2일 화요일,매장이 넓어요_차분한 분위기예요_친절해요_매장이 청결해요_환기가 잘 돼요_
1465327582,작은악마얌,소중한점심시간에맛있게먹었네요^^#닭갈비#누보#누보닭갈비#전주맛집#객사맛집,2026년 6월 1일 월요일,음식이 맛있어요_가성비가 좋아요_매장이 청결해요_직접 잘 구워줘요_
1465327582,gab****,두번째방문인데아이랑오기좋고맛있어요^^객사올때마다올것같아요ㅎ,2026년 5월 31일 일요일,음식이 맛있어요_양이 많아요_가성비가 좋아요_
1465327582,김성수87,전주객사에서여자친구랑밥먹으러왔는데닭갈비맛집이에요매장도넓고깨끗해요,2026년 5월 31일 일요일,음식이 맛있어요_가성비가 좋아요_메뉴 구성이 알차요_인테리어가 멋져요_매장이 넓어요_
1465327582,rla****,닭갈비먹고싶을때마다오는곳이에요진짜맛있고직원도친절하고추천입니다,2026년 5월 31일 일요일,음식이 맛있어요_고기 질이 좋아요_친절해요_직접 잘 구워줘요_매장이 청결해요_
1465327582,rla12345985,부모님모시고왔는데저보다저좋아하세요!닭갈비맛있고직원분들도친절하세요!,2026년 5월 31일 일요일,음식이 맛있어요_고기 질이 좋아요_단체모임 하기 좋아요_친절해요_
1465327582,Jsl419,항상맛있게먹고갑니다!!,2026년 5월 31일 일요일,음식이 맛있어요_인테리어가 멋져요_매장이 넓어요_
1465327582,jwj****,볶음밥꼭드세요진짜맛있어요!!,2026년 5월 31일 일요일,음식이 맛있어요_고기 질이 좋아요_양이 많아요_친절해요_매장이 청결해요_
1465327582,미니939,양도많고넘맛있어요!!!!!ㅎㅎㅎㅎ모임하기좋아영,2026년 5월 30일 토요일,음식이 맛있어요_양이 많아요_매장이 넓어요_친절해요_매장이 청결해요_
1465327582,JJMD,너무맛있어요♡,2026년 5월 30일 토요일,음식이 맛있어요_인테리어가 멋져요_직접 잘 구워줘요_
1465327582,kim****,너무맛있어요♡,2026년 5월 30일 토요일,음식이 맛있어요_
1465327582,hey****,매장도깨끗하고넓으며닭갈비도매콤하니맛있었어요아이들도잘먹었네요,2026년 5월 30일 토요일,음식이 맛있어요_양이 많아요_매장이 넓어요_친절해요_
1465327582,져니짱짱,오랜만에친구랑왔는데여전히맛있어요!!!!ㅠ,2026년 5월 28일 목요일,음식이 맛있어요_양이 많아요_
1465327582,믿음으로57,너무맛있어서다먹었습니다,2026년 5월 28일 목요일,음식이 맛있어요_
1465327582,CyKsy,자주방문하는누보닭갈비닭갈비밑반찬너무너무맛있어요잘먹었습니다!,2026년 5월 27일 수요일,음식이 맛있어요_양이 많아요_특별한 메뉴가 있어요_고기 질이 좋아요_
1465327582,dkf****,자주방문하는누보닭갈비닭갈비밑반찬너무너무맛있어요잘먹었습니다!,2026년 5월 27일 수요일,음식이 맛있어요_고기 질이 좋아요_양이 많아요_특별한 메뉴가 있어요_가성비가 좋아요_
1465327582,왕초보34,맛있어요자주방문합니다,2026년 5월 27일 수요일,음식이 맛있어요_
1465327582,하긴,전주닭갈비1짱bb,2026년 5월 26일 화요일,음식이 맛있어요_매장이 넓어요_
2064592564,sseya11,친구추천으로오게된집.극악의웨이팅으로못오다가평일늦은밤드디어방문.시그니쳐매뉴인산오징어김장아찌는역시대단히맛있었음,2026년 6월 15일 월요일,인테리어가 멋져요_음식이 맛있어요_재료가 신선해요_특별한 메뉴가 있어요_
2064592564,스딸라74,야장이라분위기좋고매장도넓어서좋아요음식도맛있고재료도신선해서너무만족했어요다음에도또방문하고싶어요,2026년 6월 15일 월요일,음식이 맛있어요_재료가 신선해요_매장이 넓어요_친절해요_
2064592564,Jayden184,오징어회너무맛있고황태국밥도전문국밥집처럼맛있어요ㅎㅎ서비스도너무좋고일하시는분들도너무친절해서다음에또방문하고싶어요,2026년 6월 14일 일요일,음식이 맛있어요_재료가 신선해요_양이 많아요_
2064592564,쓰리차,오징어회를전주에서처음먹는데냄새도안나고너무신선해서좋아요~~진짜살아있는오징어를사용해서너무맛있고직원분들이너무친절하게대해주셔서너무좋았습니다~~너무맛있어요!!,2026년 6월 14일 일요일,음식이 맛있어요_재료가 신선해요_특별한 메뉴가 있어요_잡내가 적어요_가성비가 좋아요_
2064592564,rkdus220,친구한테추천받아서방문했는데인기가진짜많네요ㅠ1시간정도웨이팅했지만방문할만한곳이라서추천드려요!!!메뉴들이다특색있구맛있어용~,2026년 6월 13일 토요일,음식이 맛있어요_재료가 신선해요_친절해요_
2064592564,미야미냐옹,진짜오징어회가너무맛있어서사진찍는것도까먹고먹는중에찍었어요오징어회하나도란비리고지금까지먹은오징어회중에제일쫀득쫀득꼬득꼬득맛있라요돼지꼬리는술이술술들어가는맛입니다맛있게잘먹었습니다!!👍👍,2026년 6월 13일 토요일,음식이 맛있어요_재료가 신선해요_특별한 메뉴가 있어요_
2064592564,스으르르을,여러번왔지만맛있어요!,2026년 6월 13일 토요일,음식이 맛있어요_
2064592564,도담도담64,노포감성으로느낌너무좋고음식도맛있어요!!낙지탕이랑꽃게회시켰는데음식도존맛이고웨이팅있는이유를알겠어요직원분들도친절하고강추합니다,2026년 6월 13일 토요일,음식이 맛있어요_양이 많아요_
2064592564,yyj****,신선하고맛있어요,2026년 6월 13일 토요일,음식이 맛있어요_
2064592564,dh****,너무궁금했던곳이제야와봅니다!기대만큼너무맛있고흔하게먹을수없는메뉴여서더욱좋아요!너무만족하고갑니다!다음에또와서다른메뉴도너무먹어보고싶네요!,2026년 6월 13일 토요일,음식이 맛있어요_재료가 신선해요_특별한 메뉴가 있어요_특별한 날 가기 좋아요_매장이 청결해요_
2064592564,Geon1234,릴스보고기대하며왔는데기대에실망하지않고정말맛있게먹었어요.직원분들도친절하시고분위기좋고시원하게먹었습니다.다음에또올것같아요~,2026년 6월 13일 토요일,음식이 맛있어요_재료가 신선해요_인테리어가 멋져요_친절해요_매장이 청결해요_
2064592564,선일67,직원분이정말친절하시고분위기가아주좋습니다오징어회도너무맛있고김장아찌에싸서먹으면아주맛있습니다오징어통찜도맛있어요다음에또와야겠어요~,2026년 6월 12일 금요일,음식이 맛있어요_재료가 신선해요_특별한 메뉴가 있어요_인테리어가 멋져요_매장이 넓어요_
2064592564,tmd****,오징어회가먹고싶어서왔는데너무너무맛있고직원분들도다들친절하셔서너무만족합니다재방문의사100프로!강추합니다!,2026년 6월 12일 금요일,음식이 맛있어요_
2064592564,dbs****,메뉴가다양해서좋고너무맛있어요~!~!돼지꼬랑지랑계란찜은최애안주등극!!자주올게요🐷🤤,2026년 6월 12일 금요일,음식이 맛있어요_재료가 신선해요_특별한 메뉴가 있어요_음악이 좋아요_
2064592564,dyd****,너무맛있어요!!최고!,2026년 6월 11일 목요일,음식이 맛있어요_재료가 신선해요_양이 많아요_특별한 메뉴가 있어요_가성비가 좋아요_
2064592564,이세영454,너무맛있어요!!최고!,2026년 6월 11일 목요일,음식이 맛있어요_양이 많아요_
2064592564,chlwnsgml01,오징어회신선하고맛있어요ㅜ꽃게회는1분데쳐서나오는데겉만익어서나옵니다소고기전골칼칼하니맛있습니다추천합니다~~~,2026년 6월 11일 목요일,음식이 맛있어요_단체모임 하기 좋아요_친절해요_특별한 날 가기 좋아요_
2064592564,양말이13,오징어통찜이랑꽃게회먹었어요통찜녹진하고부드럽고맛있음꽃게회는살짝데쳐나오는거같더라고요오히려날씨가더워지는데다행인거같아요꽃게회랑간장밥잘어울리고평일인데도사람만석이라예약추천드려요!,2026년 6월 11일 목요일,음식이 맛있어요_재료가 신선해요_특별한 메뉴가 있어요_친절해요_
2064592564,Jiiiiiio,전주여행와서처음왔는데미더덕회너무신선해서향이진짜좋아요!산오징어에김장아찌같이먹는것도처음인데중독될맛....후식으로짜계치먹었는데이것도존맛탱!다음엔호래기랑탕먹어보려구요!!ㅎㅎ,2026년 6월 11일 목요일,음식이 맛있어요_재료가 신선해요_양이 많아요_인테리어가 멋져요_뷰가 좋아요_
2064592564,맛집 탐험가 A지트,넘맛있고분위기좋아요ㅎㅎ또방문하고픈매장입니다😀😀,2026년 6월 11일 목요일,음식이 맛있어요_특별한 메뉴가 있어요_매장이 넓어요_
2064592564,황희정42,메뉴가많아서좋아요음식이맛있고신선해요직원분들이친절해요!,2026년 6월 10일 수요일,음식이 맛있어요_재료가 신선해요_
2064592564,gk9796,야장이좋아요!!잘해놨어요직원분들도친절하시구음식도친절하고2차로먹으러올만한것들이많아요ㅎㅎ다음에또오고싶어요!!,2026년 6월 9일 화요일,음식이 맛있어요_재료가 신선해요_인테리어가 멋져요_
2064592564,쪠리1,양도푸짐하고음식하나하나정성이느껴져서술한잔하기에도좋고모임장소로도딱입니다.직원분들도친절해서기분좋게식사하고왔어요.다음에또방문할예정입니다!🦀🦪🍲✨,2026년 6월 9일 화요일,음식이 맛있어요_디저트가 맛있어요_재료가 신선해요_대화하기 좋아요_차분한 분위기예요_
2064592564,예니ㅇ,친구생일이라서오게되었는데분위기도너무좋고재료도너무싱싱해서자주올것같아요!!사장님도넘친절하시고모든메뉴를다맛있게잘먹어서넘만족입니다,2026년 6월 8일 월요일,음식이 맛있어요_재료가 신선해요_양이 많아요_친절해요_오래 머무르기 좋아요_
2064592564,굘미,전주객리단길야장맛집일티어!!제철해산물을부담없이맛볼수있고분위기도너무좋아서지금날씨에딱인곳이예요ㅎㅎ직원분들도너무친절하고가격도합리적이여서전주여행왔는데또오고싶어요!,2026년 6월 7일 일요일,음식이 맛있어요_인테리어가 멋져요_
2064592564,ynam31614,메뉴도특별하고진짜진짜맛있어요!미나리도향긋하고맛있고오징어회도쫄깃쫄깃맛있어요!!!!!골뱅이도미나리랑잘어울리고너무맛있었습니다ㅎㅎ짜계치도진짜!맛있어요!,2026년 6월 7일 일요일,음식이 맛있어요_재료가 신선해요_양이 많아요_특별한 메뉴가 있어요_
2064592564,JSIS,지인추천으로처음왔는데직원분들도친절하고너무맛있네요다음에또올게요~주변에추천꾹!!!,2026년 6월 7일 일요일,음식이 맛있어요_양이 많아요_
2064592564,풍요속에빈곤,지인추천으로처음왔는데직원분들도친절하고너무맛있네요다음에또올게요~주변에추천꾹!!!,2026년 6월 7일 일요일,음식이 맛있어요_인테리어가 멋져요_친절해요_
2064592564,jun****,씹을수록올라오는오징어만의은은한단맛과고소함이입안가득퍼져술한잔을절로부릅니다함께나온김장아찌와곁들여먹으니조화로운맛의향연이펼쳐집니다.,2026년 6월 7일 일요일,음식이 맛있어요_
2064592564,방글방글찰떡,오징어회먹고싶어검색하다발견한곳!신선한제철해산물메뉴들이있어서해산물러버인분들좋아하실거같아용!오징어회도청어알과김궁합이너무좋아요!!,2026년 6월 7일 일요일,음식이 맛있어요_특별한 메뉴가 있어요_친절해요_
2064592564,고유미58,오랜만에또왔는데너무맛있어요!!😆😆😆숨어진야장이라더분위기도좋아요역시최고👍🏻,2026년 6월 6일 토요일,음식이 맛있어요_재료가 신선해요_야외공간이 멋져요_
2064592564,뉴랑랑,맛있습니다!!!!김장아찌와오징어미나리의조합은최고!!,2026년 6월 6일 토요일,음식이 맛있어요_친절해요_
2064592564,van****,강아지데리고방문했어요~음식도맛나고직원분들도친절하십니다^^오징어랑낙지탕탕이재료도신선하고맛있어요~~모임장소로추천합니다!!,2026년 6월 6일 토요일,음식이 맛있어요_재료가 신선해요_친절해요_
2064592564,시락이,오징어회신선하고맛좋아요!야외공간도멋있구담에강아지델꾸올래요!라면도맛있어요!,2026년 6월 6일 토요일,음식이 맛있어요_특별한 메뉴가 있어요_메뉴 구성이 알차요_인테리어가 멋져요_야외공간이 멋져요_
2064592564,hap****,직원분들이아주친절하고음식이맛있어요.분위기가좋고술이술술들어가네요무조건재방문예정이에요웨리단길술집중에제일좋아요,2026년 6월 5일 금요일,음식이 맛있어요_재료가 신선해요_양이 많아요_특별한 메뉴가 있어요_
2064592564,dmswl3940,직원분들이아주친절하고음식이맛있어요.분위기가좋고술이술술들어가네요무조건재방문예정이에요웨리단길술집중에제일좋아요,2026년 6월 5일 금요일,음식이 맛있어요_재료가 신선해요_양이 많아요_
2064592564,시로리18,야장분위기미쳤어요ㅋㅋㅋ일찍와서자리잘잡아서그런지너무분위기좋아요!오징어회도맛있고김장아찌가완전별미입니당!술이완전절로들어감ㅋㅋㅋㅋ,2026년 6월 5일 금요일,음식이 맛있어요_음악이 좋아요_
2064592564,kdj9749,금요일!!맛있게마셨어요!그리구여기안경쓴여자직원분너무친절하세요..ㅠㅠ!!저도알바해봤는데이렇게웃으면서친절하게일하시는분드물어요ㅠㅠ사장님꼬옥잘해주세요🖤,2026년 6월 5일 금요일,음식이 맛있어요_재료가 신선해요_
2064592564,제제맘1,역시소문대로신선하고맛있네요다음번에도가족들하고방문하고싶넹강추합니다회도선선하고맛나요댕댕이와함께굿!,2026년 6월 4일 목요일,음식이 맛있어요_재료가 신선해요_인테리어가 멋져요_
2064592564,라루우,지나가다분위기너무좋아서앉있는데다너무맛있고정밀친절하세요!!!다음에또방문할게요~!!!,2026년 6월 4일 목요일,음식이 맛있어요_재료가 신선해요_양이 많아요_인테리어가 멋져요_친절해요_
2064592564,수빈1265,꽃게가먹고싶었는데마침딱떨어져서오징어회시켰는데진짜너무맛있어요제가먹어본오징어회중젤부드럽고알도있어서색다른맛이있어용그리고여기황태국밥이도랐습니다소주5병각,2026년 6월 3일 수요일,음식이 맛있어요_재료가 신선해요_양이 많아요_특별한 메뉴가 있어요_
2064592564,라라라918,제철음식종류도많고맛있어요!!,2026년 6월 3일 수요일,음식이 맛있어요_재료가 신선해요_특별한 메뉴가 있어요_가성비가 좋아요_메뉴 구성이 알차요_
2064592564,조설림,특별한메뉴거있고맛있어요~특히주시는짱아찌가킥입니다!직원분들이친절하시고분위기가좋아요,2026년 6월 3일 수요일,음식이 맛있어요_재료가 신선해요_특별한 메뉴가 있어요_인테리어가 멋져요_친절해요_
2064592564,슈가퀸,전주에서잘볼수없는미더덕회를판다기에기대하고왔는데..품절이라니..ㅜㅜ..꽃게회도궁금했었는데그냥찜이낳았을까싶기도..한치회는소문처럼맛이좋습니다,2026년 6월 3일 수요일,재료가 신선해요_
2064592564,wjd****,웨리단길핫플이라고해서왔는데역시나사람많고분위기좋네요!!!ㅎㅎㅎ산오징오먹었는데너무신선하고날치알도톡톡터져요ㅠㅠㅠㅠ꽃게회도너무신선해보여서다음엔그거먹어보려고요ㅎㅎㅎ,2026년 6월 3일 수요일,음식이 맛있어요_재료가 신선해요_
2064592564,토푸90,명성만큼웨이팅길었어요비주얼굿굿🥹손님이끊임없이많아여야장분위기좋습니당☺️,2026년 6월 2일 화요일,음악이 좋아요_야외공간이 멋져요_컨셉이 독특해요_특별한 메뉴가 있어요_
2064592564,liz****,여름에문을열어놔서벌레들이음식에들어가서아쉬웠지만맛이랑신선도만큼은좋았어요!!담에는빨리와서오징어회머거야지..,2026년 6월 2일 화요일,음식이 맛있어요_재료가 신선해요_
2064592564,목이기린,술맛좋아요약간간돼잇어서더맛있고노래가제나이대에딱맞아여스탠바이미8282이런노래가나오고여웨이팅도생각보다금방빠져서30분정도기다리고들어왓어여안주도맛있습니다추천추천합니다,2026년 6월 2일 화요일,인테리어가 멋져요_대화하기 좋아요_음악이 좋아요_음식이 맛있어요_재료가 신선해요_
2064592564,13lue,메뉴구성이알차고맛있어요.장소도3군데로나눠져있고바로입장해서좋았고월요일도영업해서너무좋아요.,2026년 6월 1일 월요일,음식이 맛있어요_메뉴 구성이 알차요_향신료가 강하지 않아요_야외공간이 멋져요_
2064592564,yun****,너무맛있고신선해요ㅎㅎ자주오고싶은집철마다메뉴바뀌는게젤조아효,2026년 6월 1일 월요일,재료가 신선해요_음식이 맛있어요_비싼 만큼 가치있어요_친절해요_
2064592564,2098997,노래도너무좋고음식도맛있는곳이에요!!!!!ㅎㅎㅎ다음에또올거에요강추!,2026년 6월 1일 월요일,음식이 맛있어요_음악이 좋아요_야외공간이 멋져요_친절해요_매장이 청결해요_
2064592564,승블리1,예약계속실패하다겨우성공해서오늘와봤는데오징어회진짜특별하고맛있어요꽃게도알튼실너무맛있습니다사장님도친절하시고집앞에있으면매일갈듯요!,2026년 6월 1일 월요일,특별한 메뉴가 있어요_음식이 맛있어요_뷰가 좋아요_특별한 날 가기 좋아요_오래 머무르기 좋아요_
2064592564,joh****,너무맛있어요ㅎㅎㅎ또올게요~~~~~~!!!!,2026년 6월 1일 월요일,음식이 맛있어요_재료가 신선해요_양이 많아요_단체모임 하기 좋아요_
2064592564,yo****,오징어회싱싱하고너무맛있어요~야장에서먹으니까분위기도좋고술도술술들어가요~,2026년 6월 1일 월요일,음식이 맛있어요_재료가 신선해요_단체모임 하기 좋아요_음악이 좋아요_친절해요_
2064592564,챙이89,오징어회첨먹어보는데성공적이에요꽃게찜도맛있고전체적으로메뉴가흔하지않고넘맛있네요다음에또올게요ㅎㅎ,2026년 6월 1일 월요일,음식이 맛있어요_특별한 메뉴가 있어요_재료가 신선해요_단체모임 하기 좋아요_친절해요_
2064592564,ror****,지금제철인꽃게도회든찜이든선택도가능하며산오징어회는언제먹어도맛있네용ㅠㅠ미더덕회먹으려고와서먹고포장도하고했는데재철이나해산물좋아하시는분들한테는딱인곳이에용!!!밖에야장도구비되어있고여러명이오셔서먹기에도너무좋고너무시끄럽지도그렇다고따분한조용한분위기도아니여서너무좋아용😗❤️,2026년 5월 31일 일요일,음식이 맛있어요_재료가 신선해요_양이 많아요_특별한 메뉴가 있어요_단체모임 하기 좋아요_
2064592564,rnf****,직원분들도친절하시고매장분위기도너무좋아요!무엇보다음식이맛있네요노래도너무좋고다음번에또오겠습니다!!!!!,2026년 5월 31일 일요일,음식이 맛있어요_재료가 신선해요_양이 많아요_친절해요_매장이 청결해요_
2064592564,별5123,김장아찌에산오징어회라니!거기에날치알!여기가레전드인거같아요!,2026년 5월 31일 일요일,음식이 맛있어요_재료가 신선해요_
2064592564,VERITAS LUX MEA,이거먹고싶어서갔는데버터계란밥까지진짜맛있었어요-!활꽃게바로손질해주시는지잘안발라져서먹기힘들긴했는데맛은완전굿굿뜨♥사장님메뉴작명센스가너무굿이셔요실수로다시킬뻔햇뜸ㅜㅜ리뷰이벤트X광고X걍해산물광제기준맛있어서남겨요,2026년 5월 31일 일요일,음식이 맛있어요_재료가 신선해요_특별한 메뉴가 있어요_메뉴 구성이 알차요_친절해요_
2064592564,sol****,주말에는웨이팅필수입니다~~!한치회맛있고계란찜은진짜비주얼부터대박!!!여자직원분너무너무친절하세용~~ㅎㅎ,2026년 5월 30일 토요일,음식이 맛있어요_특별한 메뉴가 있어요_메뉴 구성이 알차요_친절해요_야외공간이 멋져요_
2064592564,Barley74,좋아요!다만ㅠㅠㅠ퓨ㅠ,2026년 5월 30일 토요일,음식이 맛있어요_
2064592564,hunn12,올때마다너무맛있고사장님도친절하고노래선곡도너무좋아요♥언제와도좋아요!!!!존맛☺☺,2026년 5월 30일 토요일,음식이 맛있어요_재료가 신선해요_친절해요_컨셉이 독특해요_
2064592564,lee****,예약하고이용해서바로입장할수있어좋았어요!인기있는메뉴두개먹어봤는데조합이너무조아요ㅜㅜ이렇게맛난음식들이있으니대기줄도어마어마!진짜메뉴들잊지못할음식들이에요!전주자주오는데올때마다들리는필수코스입니다!꼭두번세번백번먹으세요!,2026년 5월 30일 토요일,음식이 맛있어요_재료가 신선해요_특별한 메뉴가 있어요_친절해요_
2064592564,chz****,산오징어맛있고여또오고싶습니다,2026년 5월 30일 토요일,음식이 맛있어요_야외공간이 멋져요_
2064592564,돈희최,분위기도너무좋고았고같이온동료들과좋은시간보내서기분이좋습니다💕🖤,2026년 5월 29일 금요일,단체모임 하기 좋아요_뷰가 좋아요_집중하기 좋아요_대화하기 좋아요_야외공간이 멋져요_
2064592564,rdq0728,오징어회먹고싶어서방문했어요!!이번에총2번째방문인데여전히모든안주가맛있네용오징어회도신선하구날치알이랑청어알가득들어있어서식감도너무좋아요♥️야외테이블도있어서지금날씨에분위기딱입니당담에또와서다른안주들도다먹을거에요!!😆,2026년 5월 29일 금요일,음식이 맛있어요_재료가 신선해요_메뉴 구성이 알차요_야외공간이 멋져요_친절해요_
2064592564,옥수숭숭,완전맛잇어용오징어싱싱하고술이랑잘들어가요!짱짱다음에또올게요!,2026년 5월 28일 목요일,음식이 맛있어요_재료가 신선해요_양이 많아요_
2064592564,snr****,아일단에피타이저로간계밥조지고있다보믄연포탕이나와요아근데이거나낙지쓰죽을때까지기다리기너무힘들었어요익자마자바로한입했어요진짜나눈깔오백바퀴돌았아요너무맛있어요내사랑미나리와콩나물과같이무그면나진짜여기서술한짝먹어요먹으면서술이깨요오세요마싯습니다,2026년 5월 28일 목요일,음식이 맛있어요_재료가 신선해요_음악이 좋아요_야외공간이 멋져요_친절해요_
2064592564,쓰리공쥬맘,첫방문!가게가깔끔해요직원분들친절하세요~주문한음식마다신선도가쵝오👍거북손도처음접해봤는데색다른맛&경험이네요ㅎ아쉽게도지금은호래기회가안된다고ㅠ겨울에된다고ㅎㅎ재방문각이네요~^^,2026년 5월 27일 수요일,음식이 맛있어요_재료가 신선해요_특별한 메뉴가 있어요_친절해요_매장이 청결해요_
2064592564,햅삐현,벌써세번째방문입니당!메뉴도다른술집에서안파는메뉴들이구신선해서자주방문하고싶은곳이예요~~!인기많아서주말엔예약하고방문해여할거같아용오늘도맛있게먹고갑니당,2026년 5월 26일 화요일,음식이 맛있어요_재료가 신선해요_특별한 메뉴가 있어요_
1496680906,glwl****,#객사카페추천#전주디저트여기분위기도좋고음료도맛있고디저트도맛있어요다들꼭한번씩와보세요,2026년 6월 15일 월요일,음료가 맛있어요_인테리어가 멋져요_
1496680906,배하늘758,#객사카페추천#전주디저트여기또오네요진짜로여기좋아용할거없으면여기오세용여러분들강추입니당!!,2026년 6월 15일 월요일,커피가 맛있어요_디저트가 맛있어요_인테리어가 멋져요_사진이 잘 나와요_매장이 넓어요_
1496680906,am****,치즈프로마쥬바닐라라떼죠아요,2026년 6월 15일 월요일,커피가 맛있어요_디저트가 맛있어요_음료가 맛있어요_
1496680906,wpd72,아이스티를진짜좋아하는데디저트39꺼는코코넛젤리가들어가서더맛있어요!맛있게잘마셨습니다:),2026년 6월 14일 일요일,음료가 맛있어요_가성비가 좋아요_친절해요_매장이 청결해요_매장이 넓어요_
1496680906,안뇽하이,매장이넓고제로칼로리음료가있어서너무좋아요!,2026년 6월 14일 일요일,디저트가 맛있어요_인테리어가 멋져요_친절해요_매장이 청결해요_좌석이 편해요_
1496680906,SH543,넓고쾌적해서좋아요#객사카페추천#전주디저트,2026년 6월 14일 일요일,커피가 맛있어요_
1496680906,qha****,간만객사왔다가디저트39행!망고스무디랑너무맛있게먹었어요!베비랑함께오기좋은장소!,2026년 6월 14일 일요일,음료가 맛있어요_대화하기 좋아요_아이와 가기 좋아요_
1496680906,다니313,밤늦게까지하는곳인데음료종류도많아서너무좋아요🤍음료도다맛있어요!,2026년 6월 13일 토요일,커피가 맛있어요_디저트가 맛있어요_음료가 맛있어요_집중하기 좋아요_매장이 넓어요_
1496680906,straww,객사카페추천합니다!전주에서디저트도먹고공부하기좋아요,2026년 6월 13일 토요일,커피가 맛있어요_디저트가 맛있어요_집중하기 좋아요_
1496680906,어어어어,소금빵이너무맛있어요.우유크림이나먹으면정말굿이에요객사카페추천전주디저트,2026년 6월 13일 토요일,디저트가 맛있어요_사진이 잘 나와요_
1496680906,kzuh6,좋아요,2026년 6월 13일 토요일,커피가 맛있어요_
1496680906,쿠쿠하세요쿠쿠94,매장도넓고음료도맛있어요무엇보다메뉴가빨리나와서좋아요!,2026년 6월 13일 토요일,커피가 맛있어요_디저트가 맛있어요_음료가 맛있어요_
1496680906,뀨39381,너무조아용!깔끔하구여기딸기라떼짱맛잇음ㅋ,2026년 6월 13일 토요일,커피가 맛있어요_
1496680906,KMH39,맛있어요.공간이넓어요,2026년 6월 13일 토요일,커피가 맛있어요_인테리어가 멋져요_친절해요_오래 머무르기 좋아요_
1496680906,배하늘758,#객사카페추천#전주디저트여기제가맨날오는곳입니당진짜진짜넓고음료도다맛있어요!여기소금빵도대따맛있습니당!!꼭먹으세용할거없으면꼭오는곳같아요진짜편하고좋아요여기강추입니당!!!!,2026년 6월 12일 금요일,커피가 맛있어요_디저트가 맛있어요_사진이 잘 나와요_매장이 넓어요_친절해요_
1496680906,air****,시험기간에항상오는곳!!음료도맛있고인테리어도너무이뻐요ㅜㅜ전주디저트중에제일맛있는것같아요!!객사카페추천💕,2026년 6월 12일 금요일,인테리어가 멋져요_커피가 맛있어요_디저트가 맛있어요_음료가 맛있어요_가성비가 좋아요_
1496680906,아나은서,객사카페추천!친구들이랑왔어요✌🏻,2026년 6월 12일 금요일,음료가 맛있어요_
1496680906,쿠쿠하세요쿠쿠94,음료도빨리나와서좋고매장도넓어서편해요🩷,2026년 6월 12일 금요일,커피가 맛있어요_디저트가 맛있어요_음료가 맛있어요_
1496680906,ash****,음료도빨리나와서좋고매장도넓어서편해요🩷,2026년 6월 12일 금요일,커피가 맛있어요_디저트가 맛있어요_음료가 맛있어요_
1496680906,서연4611,쿠키존맛💗,2026년 6월 12일 금요일,디저트가 맛있어요_
1496680906,project44,"너무기분나빠서처음으로리뷰씁니다.전주관광호텔에서할인쿠폰2장받고쓰려고하니처음에는쿠폰1장밖에못쓴다고해서""그럼결제를2번으로나누면되나요?""라고물어보았습니다.그래서직원분이시큰둥한표정으로""아...네그렇게해드릴게요.""라고했습니다.저희는관광으로온거라서이쿠폰을쓸일이잘없어서2장받은거를다쓰려고했습니다.그후음료를받을때다른손님들과다르게포장에빨대와봉투를안챙겨주시더라고요.이러한경험은저희가쿠폰을2개사용해서받은차별적인대우라고느껴질수있을거같습니다.다음부터는조심해주시길바랍니다.",2026년 6월 12일 금요일,음료가 맛있어요_
1496680906,ysy****,개맛도리에요단골이에요,2026년 6월 11일 목요일,커피가 맛있어요_디저트가 맛있어요_특별한 메뉴가 있어요_매장이 넓어요_사진이 잘 나와요_
1496680906,051****,#객가카페추천#전주디저트객사카페추천합니다!카페도넓고놀거리(얼음깨기등많음)도많고디저트도너무맛있음!!!전주디저트는여기추천!!,2026년 6월 10일 수요일,커피가 맛있어요_디저트가 맛있어요_음료가 맛있어요_매장이 넓어요_
1496680906,jin****,맛잇어여!!!아이스티추처납니다,2026년 6월 10일 수요일,양이 많아요_매장이 넓어요_단체모임 하기 좋아요_대화하기 좋아요_
1496680906,쿠쿠하세요쿠쿠94,매장도넓고시원해요감사합미당,2026년 6월 10일 수요일,커피가 맛있어요_디저트가 맛있어요_음료가 맛있어요_
1496680906,kzuh6,좋아요,2026년 6월 10일 수요일,커피가 맛있어요_
1496680906,Hd33,넘맛있어서금방다마셨어요!!,2026년 6월 9일 화요일,커피가 맛있어요_매장이 넓어요_친절해요_
1496680906,jiy****,양엄청많고맛있어요!,2026년 6월 9일 화요일,인테리어가 멋져요_사진이 잘 나와요_매장이 넓어요_커피가 맛있어요_음료가 맛있어요_
1496680906,쿠쿠하세요쿠쿠94,매장도넓고음료도맛있어요편히쉬다갑니다💕,2026년 6월 9일 화요일,음료가 맛있어요_디저트가 맛있어요_가성비가 좋아요_
1496680906,kzuh6,조아요,2026년 6월 9일 화요일,커피가 맛있어요_디저트가 맛있어요_
1496680906,꿈꾸는별하나,맛있어오ㆍ시설도깨끗하고좋아요,2026년 6월 9일 화요일,커피가 맛있어요_디저트가 맛있어요_
1496680906,소리서아,맛있어오ㆍ시설도깨끗하고좋아요,2026년 6월 8일 월요일,커피가 맛있어요_디저트가 맛있어요_사진이 잘 나와요_인테리어가 멋져요_
1496680906,kzuh6,분할결제가안되는거빼고는좋아요,2026년 6월 7일 일요일,커피가 맛있어요_
1496680906,pon****,객사카페추천합니다.음료도맛있고가격도괜찮은데디저트도가격이싼데맛과퀄리티도꽤좋더라고요.전주디저트는여기추천합니다,2026년 6월 7일 일요일,커피가 맛있어요_음료가 맛있어요_매장이 넓어요_
1496680906,kim****,더웠는데저렴한제로음료팔아서좋았어여🫶🫶,2026년 6월 7일 일요일,음료가 맛있어요_
1496680906,dns****,음료종류도다양하고맛있는게많아서좋아요~사진찍는곳도있어서아이와재미삼아찍기에도좋네요^^,2026년 6월 7일 일요일,커피가 맛있어요_음료가 맛있어요_가성비가 좋아요_매장이 넓어요_
1496680906,yun****,너무좋았어용,2026년 6월 7일 일요일,커피가 맛있어요_디저트가 맛있어요_음료가 맛있어요_
1496680906,dlt****,커피가맛있어요,2026년 6월 7일 일요일,커피가 맛있어요_인테리어가 멋져요_친절해요_
1496680906,쏑쏑,맛있어요믿고먹는크로칸슈입니다굿굿❤️❤️❤️,2026년 6월 7일 일요일,커피가 맛있어요_디저트가 맛있어요_음료가 맛있어요_특별한 메뉴가 있어요_인테리어가 멋져요_
1496680906,채원8978,맛있어요,2026년 6월 6일 토요일,커피가 맛있어요_인테리어가 멋져요_
1496680906,cho****,엄청넓고쾌적해요!메뉴도다양해요,2026년 6월 6일 토요일,커피가 맛있어요_디저트가 맛있어요_음료가 맛있어요_가성비가 좋아요_특별한 메뉴가 있어요_
1496680906,jem****,매장이넓어서편해요~~안쪽까지있고디자인도이쁘고가격도좋으네요^^오전에나왔는데일찍열려있어반갑게들어왔어요.,2026년 6월 6일 토요일,인테리어가 멋져요_사진이 잘 나와요_집중하기 좋아요_매장이 넓어요_단체모임 하기 좋아요_
1496680906,Sndkdnen,객사점디저트39추천합니다커피랑딸기라떼모두맛있어요~,2026년 6월 5일 금요일,커피가 맛있어요_
1496680906,ban****,친구랑같이공부하고수다떨기좋아요!,2026년 6월 5일 금요일,디저트가 맛있어요_특별한 메뉴가 있어요_인테리어가 멋져요_
1496680906,zzanguha,객사카페왔어여전주객사디저트맛집디저트삼구입니당!!!!공부하기도좋아요!!!!!!,2026년 6월 5일 금요일,디저트가 맛있어요_사진이 잘 나와요_집중하기 좋아요_좌석이 편해요_
1496680906,am****,ㅎㅎ감사합니다,2026년 6월 5일 금요일,커피가 맛있어요_디저트가 맛있어요_음료가 맛있어요_
1496680906,ana****,음료가맛있고매장이쾌적해요,2026년 6월 4일 목요일,커피가 맛있어요_디저트가 맛있어요_음료가 맛있어요_
1496680906,han****,전주디저트맛집디저트39객사카페추천합니다너무맛있고매장이넓어서좋아요,2026년 6월 4일 목요일,음료가 맛있어요_양이 많아요_음악이 좋아요_좌석이 편해요_
1496680906,자몽9196,분위기가너무좋아요!완전힙한느낌~노래도좋고음료도다맛있어요!특히치즈크림바닐라라떼강추!어제도오고또먹으러옴ㅋㅋ,2026년 6월 4일 목요일,커피가 맛있어요_디저트가 맛있어요_음료가 맛있어요_특별한 메뉴가 있어요_가성비가 좋아요_
1496680906,goldbat,크로칸슈맛있고분위기가좋아요.동기들과함께하기좋은공간입니다.,2026년 6월 4일 목요일,디저트가 맛있어요_커피가 맛있어요_음료가 맛있어요_가성비가 좋아요_인테리어가 멋져요_
1496680906,iym****,객사카페추천합니다칼로리도낮고음료가너무맛있어요전주디저트카페로추천드립니다!,2026년 6월 3일 수요일,커피가 맛있어요_디저트가 맛있어요_음료가 맛있어요_특별한 메뉴가 있어요_가성비가 좋아요_
1496680906,쿠쿠하세요쿠쿠94,매장도넓고직원분들도친절하세요!!메뉴도맛있어요,2026년 6월 3일 수요일,디저트가 맛있어요_음료가 맛있어요_친절해요_오래 머무르기 좋아요_매장이 넓어요_
1496680906,굠듀웅,공간도넓고가성비있고좋아용,2026년 6월 3일 수요일,커피가 맛있어요_디저트가 맛있어요_음료가 맛있어요_특별한 메뉴가 있어요_가성비가 좋아요_
1496680906,옹원이,매장도크고시원해서여름에오기좋아요!,2026년 6월 3일 수요일,음료가 맛있어요_디저트가 맛있어요_커피가 맛있어요_인테리어가 멋져요_사진이 잘 나와요_
1496680906,시온4969,친구랑놀고맨날와요ㅎㅎ마지먹대화장소가성비좋아요!!,2026년 6월 2일 화요일,디저트가 맛있어요_음료가 맛있어요_가성비가 좋아요_매장이 넓어요_대화하기 좋아요_
1496680906,배동진44,우선공간이엄청넓어서다같이와서함께수다떨거나과제하기좋아요!음료종류도엄청많아서각자원하는음료골라서먹을수있어서좋았습니다.또방문할게요😄,2026년 6월 2일 화요일,가성비가 좋아요_메뉴 구성이 알차요_대화하기 좋아요_단체모임 하기 좋아요_오래 머무르기 좋아요_
1496680906,dan****,매장넓어서오기도좋고가격도저렴하고좋은거같아서늦게까지해서좋음!!객사오면완전추천하고카공하기도좋을거같아요,2026년 6월 1일 월요일,커피가 맛있어요_디저트가 맛있어요_특별한 메뉴가 있어요_가성비가 좋아요_매장이 넓어요_
1496680906,a66****,타로밀크티를좋아해도평소칼로리높아서잘못먹는데디저트39는저칼로리메뉴가많아서부담없이먹기좋아요ㅠㅠ저당이어도일반음료랑맛도같아서너무좋습니다..!!,2026년 6월 1일 월요일,디저트가 맛있어요_음료가 맛있어요_인테리어가 멋져요_집중하기 좋아요_매장이 넓어요_
1496680906,hehehee7,넘맛있어요분위기도좋아요,2026년 6월 1일 월요일,커피가 맛있어요_디저트가 맛있어요_
1496680906,홍시2458,객사카페추천!전주디저트는여기에용~,2026년 6월 1일 월요일,커피가 맛있어요_디저트가 맛있어요_음료가 맛있어요_
1496680906,짜짠면,굿굿빠르고맛있어요~~!,2026년 5월 31일 일요일,커피가 맛있어요_디저트가 맛있어요_음료가 맛있어요_
1496680906,쇼엔60,객사카페추천합니다!전주디저트는여기맛있어요,2026년 5월 30일 토요일,커피가 맛있어요_음료가 맛있어요_
1496680906,hg****,맛있어요,2026년 5월 30일 토요일,커피가 맛있어요_인테리어가 멋져요_
1496680906,xor****,맛잇게먹고갑니다!!,2026년 5월 29일 금요일,커피가 맛있어요_
1496680906,eun****,만족스러운구매였습니다.객사카페추천전주디저트,2026년 5월 29일 금요일,커피가 맛있어요_
1496680906,김현정8452,직원분들이친절하시고매장이청결해요.,2026년 5월 27일 수요일,커피가 맛있어요_가성비가 좋아요_매장이 넓어요_
1496680906,솔0310,싸고맛있어요간단하게들리기좋아요,2026년 5월 27일 수요일,커피가 맛있어요_디저트가 맛있어요_음료가 맛있어요_특별한 메뉴가 있어요_
1496680906,ljm6****,객사카페추천음료맛잇어용,2026년 5월 27일 수요일,커피가 맛있어요_디저트가 맛있어요_음료가 맛있어요_인테리어가 멋져요_사진이 잘 나와요_
1496680906,b7pa2014,맛있어요!,2026년 5월 26일 화요일,커피가 맛있어요_인테리어가 멋져요_매장이 청결해요_
1496680906,sun776,객사카페추천합니다디저트맛집이네여,2026년 5월 25일 월요일,대화하기 좋아요_룸이 잘 되어있어요_아이와 가기 좋아요_디저트가 맛있어요_
2014405010,행복한 우리네,직원분이너무친절하시고매장이예뻐요!!,2026년 6월 15일 월요일,커피가 맛있어요_디저트가 맛있어요_인테리어가 멋져요_대화하기 좋아요_친절해요_
2014405010,니가만든쿠킹,카페가넓고너뮤좋아요!!커피음료도다맛있습니당ㅎㅎ,2026년 6월 14일 일요일,커피가 맛있어요_디저트가 맛있어요_음료가 맛있어요_인테리어가 멋져요_사진이 잘 나와요_
2014405010,qnfjzl,아이랑방문했는데도직원분들이친절하게안내해주고커피랑디저트가너무맛있어요.실내인테리어도너무이쁘고너무좋습니다별다섯개⭐️⭐️⭐️⭐️⭐️,2026년 6월 14일 일요일,커피가 맛있어요_디저트가 맛있어요_사진이 잘 나와요_인테리어가 멋져요_
2014405010,tpq****,이전에도친구랑왔었는데분위기가좋아서또왔어요!숨겨진자리도곳곳에많고커피도원두종류가많아서고를기회가많아좋아요ㅎㅎ,2026년 6월 14일 일요일,커피가 맛있어요_특별한 메뉴가 있어요_인테리어가 멋져요_사진이 잘 나와요_대화하기 좋아요_
2014405010,깐무색시,친구소개로왔는데매장너무쾌적하고넓고2층까지있어서자리도넉넉해서너무좋네요!커피도맛있습니다다음에브런치먹으러또올것같아요!!,2026년 6월 14일 일요일,커피가 맛있어요_인테리어가 멋져요_대화하기 좋아요_집중하기 좋아요_매장이 청결해요_
2014405010,비뤼치,왱이집에서콩나물국먹고커피마시러왔어요.오렌지향오지라떼맛있어요.,2026년 6월 14일 일요일,커피가 맛있어요_인테리어가 멋져요_대화하기 좋아요_친절해요_
2014405010,몽식씨,전주에서호주감성을느낄수있는귀한곳이네요!이런곳이많아지면좋겠어요💗,2026년 6월 14일 일요일,커피가 맛있어요_인테리어가 멋져요_
2014405010,hae****,음식도맛있고분위기도좋아요,2026년 6월 14일 일요일,커피가 맛있어요_음식이 맛있어요_매장이 넓어요_
2014405010,알8579,지나가는길에새로생긴거같아서들렸는데분위기도좋고커피도맛있어요!!!,2026년 6월 13일 토요일,커피가 맛있어요_디저트가 맛있어요_음료가 맛있어요_인테리어가 멋져요_사진이 잘 나와요_
2014405010,도뿡뿡,갬성낙낙한카페입니다젊은이들이참많네유,2026년 6월 13일 토요일,커피가 맛있어요_디저트가 맛있어요_특별한 메뉴가 있어요_
2014405010,룰루랄리롱1,너무맛있어서사진도못찍고순삭했습니다><,2026년 6월 13일 토요일,디저트가 맛있어요_커피가 맛있어요_특별한 메뉴가 있어요_인테리어가 멋져요_
2014405010,hwh****,공간이감각적이고필터커피가너무맛있어서저번에오고또왔어요~!~!,2026년 6월 12일 금요일,커피가 맛있어요_인테리어가 멋져요_
2014405010,och****,커피맛도좋고분위기도진짜좋아요맛있는커피드시고싶으시면여기오세요!,2026년 6월 11일 목요일,커피가 맛있어요_사진이 잘 나와요_인테리어가 멋져요_대화하기 좋아요_집중하기 좋아요_
2014405010,kai****,음료랑케이크가너무마싯고분위기가조아요,2026년 6월 11일 목요일,커피가 맛있어요_인테리어가 멋져요_대화하기 좋아요_
2014405010,yeogyeong,분위기도좋고음료가맛있어요👍🏻,2026년 6월 11일 목요일,커피가 맛있어요_디저트가 맛있어요_
2014405010,Duny49,분위기도좋고음료가맛있어요👍🏻,2026년 6월 8일 월요일,커피가 맛있어요_디저트가 맛있어요_사진이 잘 나와요_인테리어가 멋져요_대화하기 좋아요_
2014405010,yee****,마싯어용,2026년 6월 8일 월요일,커피가 맛있어요_디저트가 맛있어요_특별한 메뉴가 있어요_인테리어가 멋져요_대화하기 좋아요_
2014405010,nat****,디저트랑커피시켜서먹었는데맛있어요~~다음에또방문할게여!,2026년 6월 7일 일요일,커피가 맛있어요_디저트가 맛있어요_음식이 맛있어요_
2014405010,bugig,주말에이용했는데커피랑디저트둘다맛있어요~,2026년 6월 7일 일요일,커피가 맛있어요_디저트가 맛있어요_음료가 맛있어요_인테리어가 멋져요_사진이 잘 나와요_
2014405010,펭귀르,에그베네딕트가너무맛있어요~!여기시그니처음료도맛있답니다ㅎㅎ친구랑같이왔는데분위기가너무좋아용ㅎㅎ,2026년 6월 7일 일요일,커피가 맛있어요_디저트가 맛있어요_특별한 메뉴가 있어요_대화하기 좋아요_매장이 청결해요_
2014405010,Tomboy57,전라감영분위기좋은브런치카페네요.소문만들어봤는데소문이상으로더예쁘고감성있네요.맛도엄청좋아서행복한한끼였습니다!다시올게요~,2026년 6월 7일 일요일,커피가 맛있어요_디저트가 맛있어요_음료가 맛있어요_
2014405010,김아람이,외국감성낭낭한전주감성카페플랫메이트예요!커피도맛있고시나몬롤도같이곁들이면최고!,2026년 6월 6일 토요일,디저트가 맛있어요_커피가 맛있어요_인테리어가 멋져요_
2014405010,예티티,원두종류가많아서좋아요!내부도널찍하고공간감있어서좋아요.감도높은장소인듯!!,2026년 6월 6일 토요일,커피가 맛있어요_디저트가 맛있어요_인테리어가 멋져요_대화하기 좋아요_매장이 청결해요_
2014405010,공주940,카페분위기너무좋아요😋🫠🥺외부내부맘에들고라떼도맛있어용!,2026년 6월 5일 금요일,커피가 맛있어요_디저트가 맛있어요_인테리어가 멋져요_친절해요_
2014405010,우동호로록,분위기도넘좋고커피랑토스트다맛있어용..~.🩵,2026년 6월 5일 금요일,커피가 맛있어요_특별한 메뉴가 있어요_인테리어가 멋져요_사진이 잘 나와요_매장이 청결해요_
2014405010,jhg****,전주여행왔다갸커피먹고싶어서서치중찾은커피및분위기맛집입니다인스타감성기가막힙니다~,2026년 6월 3일 수요일,커피가 맛있어요_디저트가 맛있어요_음료가 맛있어요_인테리어가 멋져요_사진이 잘 나와요_
2014405010,아름다운 수찌,분위기도너무좋고음료수도너무맛있어요.전주여행이필수!!,2026년 6월 3일 수요일,커피가 맛있어요_디저트가 맛있어요_특별한 메뉴가 있어요_인테리어가 멋져요_사진이 잘 나와요_
2014405010,csm****,라떼아트너무예뻐요:)매장도넓고커피맛있어요!!,2026년 6월 2일 화요일,커피가 맛있어요_인테리어가 멋져요_오래 머무르기 좋아요_
2014405010,오늘도냠냠,저녁늦게까지하고2층까지있어서좌석도꽤많아요!!하얀색깔끔한인테리어에커피도맛있어요:),2026년 6월 2일 화요일,커피가 맛있어요_디저트가 맛있어요_
2014405010,Jaaaan,내부가깔끔하고대화하기좋은것같아요디저트는먹어보지않았지만맛있어보였어요!!,2026년 6월 2일 화요일,대화하기 좋아요_인테리어가 멋져요_
2014405010,모자잉크,플랫메이트다녀왔어요!러닝할때한번씩왔었는데런닝안할때도오게되네요메뉴들이맛있고분위기도좋아요강추,2026년 5월 31일 일요일,커피가 맛있어요_특별한 메뉴가 있어요_인테리어가 멋져요_친절해요_매장이 청결해요_
2014405010,오느르미리미,길가의작은유럽같은곳!커피맛집으로소문났는데커피를못먹어서너무아쉽고🥹케익의우유크림이너무맛있어요🤍🪽입구가포토존인데사진찍을때차조심해야함ㅎ!!!18시30분?넘어가니까내부불을소등해서은은한분위기가조성되는데그분위기마저좋음!,2026년 5월 30일 토요일,디저트가 맛있어요_사진이 잘 나와요_
2014405010,san****,이미다먹고사진을찍었습니다.맛있게먹고가요,2026년 5월 30일 토요일,커피가 맛있어요_인테리어가 멋져요_친절해요_
2014405010,jen****,추천합니당~~,2026년 5월 30일 토요일,커피가 맛있어요_음료가 맛있어요_인테리어가 멋져요_대화하기 좋아요_차분한 분위기예요_
2014405010,기동이99,두번째방문입니다(세번째도네번째있겠지요).오늘은드디어저번에품절되어못먹은머슈룸샌드위치를먹었습니다.역시버섯과치즈핫샌드위치는최고지요.담에는케이크도먹어보고싶네요.어쩔수없이또와야겠네요.,2026년 5월 30일 토요일,메뉴 구성이 알차요_인테리어가 멋져요_대화하기 좋아요_매장이 청결해요_
2014405010,김기암,분위기좋고맛있어요아침일찍와도손님이많네요,2026년 5월 30일 토요일,커피가 맛있어요_디저트가 맛있어요_인테리어가 멋져요_대화하기 좋아요_친절해요_
2014405010,여째,다맛있어요다!!!!!!!!!,2026년 5월 29일 금요일,커피가 맛있어요_디저트가 맛있어요_특별한 메뉴가 있어요_메뉴 구성이 알차요_종류가 다양해요_
2014405010,그냥2059,분위기너무좋아요오…층고가높아서탁트여있고느좋브런치카페답게음식도너무맛있네요ㅎㅎ재방문의사100%입니다!!,2026년 5월 28일 목요일,커피가 맛있어요_특별한 메뉴가 있어요_인테리어가 멋져요_사진이 잘 나와요_
2014405010,수민557,브런치가맛있고매장이깨끗해요~!,2026년 5월 28일 목요일,음료가 맛있어요_디저트가 맛있어요_사진이 잘 나와요_
2014405010,ku108,인테리어가깔끔하고브런치메뉴가맛있어요.전주놀러오시면브런치카페로추천드립니다,2026년 5월 28일 목요일,커피가 맛있어요_친절해요_매장이 청결해요_인테리어가 멋져요_
2096717957,랑새랑새,동생등이랑처음와봤는데너무맛있어요!!곱창도맛있고그외밑반찬들도넘맛있어요^^무엇보다도직원분들이친절해요^^또올거예요!,2026년 6월 15일 월요일,음식이 맛있어요_고기 질이 좋아요_반찬이 잘 나와요_메뉴 구성이 알차요_인테리어가 멋져요_
2096717957,seu****,전주오자마자제일근처에있어서방문한곳인데분위기도너무좋고음식퀄도너무좋았습니다주문할때가격이조금있구나싶었는데정갈하고다양한상차림과무료칼국수퀄도넘좋구요무엇보다고기가너무맛있고구워져나오는데정말굽기가완벽하더라구요ㅋㅋㅋㅋ아기데리고가려고방문전에문의드렸었는데아기의자셋팅이랑아기음료도무료로챙겨주셨어요☺️너무친절하고세심하셔서짧았지만편하게잘먹고갑니다💕또전주오게되면재방문각이에요!번창하세요,2026년 6월 14일 일요일,음식이 맛있어요_고기 질이 좋아요_반찬이 잘 나와요_차분한 분위기예요_친절해요_
2096717957,ghk****,제가먹어본막창중에제일맛있어요🥵밑반찬진짜맛있고양이많아요!서비스로묵사발이랑칼국수효소도주시는데진짜혜자에요떡볶이도맛있어요맛없는게없어요💗,2026년 6월 14일 일요일,친절해요_매장이 청결해요_음식이 맛있어요_고기 질이 좋아요_
2096717957,gkd****,밑반찬도너무잘나오고메뉴가진짜다양해서좋아요!!친구랑야무지게술먹고갑니당,2026년 6월 14일 일요일,음식이 맛있어요_고기 질이 좋아요_인테리어가 멋져요_매장이 넓어요_친절해요_
2096717957,ryu****,객사맛집검색하다가온건데기대이상이에요!막창이정말고소하고씹을수록육즙이터집니다.밑반찬도깔끔하게잘나오고막창이랑조합이최고예요.다들친절하셔서기분좋게식사하고갑니다!,2026년 6월 14일 일요일,고기 질이 좋아요_양이 많아요_룸이 잘 되어있어요_
2096717957,weg****,진짜맛있습니다!!!양엄청많아요ㅎㅎ둘이먹다가결국남겻습니다ㅠ동죽칼국수도무료로주시는데술안주로딱입니당강추해용ㅎㅎ,2026년 6월 14일 일요일,음식이 맛있어요_양이 많아요_매장이 청결해요_친절해요_
2096717957,이니43,양많고너무맛있어요!,2026년 6월 14일 일요일,음식이 맛있어요_고기 질이 좋아요_양이 많아요_
2096717957,소금키티,지금까지먹어본막창중1등이예요!!!분위기도너무좋아요!!,2026년 6월 14일 일요일,음식이 맛있어요_고기 질이 좋아요_양이 많아요_특별한 메뉴가 있어요_
2096717957,woa****,맛잇게잘먹었습니다,2026년 6월 13일 토요일,음식이 맛있어요_고기 질이 좋아요_양이 많아요_
2096717957,이현수1937,냄새1도없고바삭바삭하고맛도느낄시간없이입에서녹아서사라져버려요!!초당옥수수막걸리꼭드세요막걸리먹지도못하는데원샷했습니다,2026년 6월 13일 토요일,음식이 맛있어요_고기 질이 좋아요_양이 많아요_특별한 메뉴가 있어요_반찬이 잘 나와요_
2096717957,나다바카은,반찬너무잘나오고…옥수수막걸리진짜맛있어요..!!!!달아서한잔만마셨지만입가심으로좋을거같아요ㅎㅎ대구가서먹은막창보다맛있어요ㅎㅎ막창생각날때또올게요!!,2026년 6월 13일 토요일,음식이 맛있어요_반찬이 잘 나와요_잡내가 적어요_인테리어가 멋져요_
2096717957,보은이02,맛있다고소문나서한번와봤는데맛도좋고맛있네요분위기도좋아서재방문해야겠어요ㅎㅎ대박나세요~~,2026년 6월 13일 토요일,음식이 맛있어요_가성비가 좋아요_인테리어가 멋져요_친절해요_
2096717957,Jihye991021,좋다는평이많아서와봤는데진짜다맛있네요....진짜막창쫄깃하면서도부드럽고상차림도너무좋고다시올의향잇숩니다,2026년 6월 13일 토요일,음식이 맛있어요_양이 많아요_고기 질이 좋아요_단체모임 하기 좋아요_직접 잘 구워줘요_
2096717957,김나윤24,맛있었어요!!,2026년 6월 13일 토요일,음식이 맛있어요_잡내가 적어요_인테리어가 멋져요_매장이 청결해요_친절해요_
2096717957,par****,오픈해서너무오고싶었는데드뎌왔네욤ㅎ너무맛있고깨끗하고좋아요ㅎㅎ,2026년 6월 13일 토요일,음식이 맛있어요_친절해요_매장이 청결해요_
2096717957,뽀로뽀로로롱,조리되서나와서편하고바로먹을수있어서좋아요!,2026년 6월 12일 금요일,음식이 맛있어요_친절해요_매장이 청결해요_
2096717957,친절한 나무꾼,아주아주오랜만에아이없이먹고싶은거마음껏골라먹을수있는날..전주에왔다가들렀습니다.맛있고편리하게구워주셔서딱나오자마자맛있게잘먹었습니다^^간만에여유있게막창으로저녁식사잘먹고갑니다ㅎㅎ,2026년 6월 12일 금요일,음식이 맛있어요_메뉴 구성이 알차요_매장이 청결해요_직접 잘 구워줘요_
2096717957,이재훈2054,매장이깔끔하고직원분이착해요!음식도맛있고서비스도넘좋아요,2026년 6월 12일 금요일,음식이 맛있어요_특별한 메뉴가 있어요_친절해요_매장이 청결해요_
2096717957,폭신y,맛있고친절하고깔끔합니다.화장실도깨끗합니다,2026년 6월 12일 금요일,음식이 맛있어요_인테리어가 멋져요_친절해요_
2096717957,dbd****,막창너무맛있고요!!상도너무정갈하게예쁘고구워주셔서너무좋아요~!!,2026년 6월 12일 금요일,음식이 맛있어요_인테리어가 멋져요_친절해요_
2096717957,폭신y,너무맛있어서가족들이식사하기에쾌적하고좋아요,2026년 6월 11일 목요일,음식이 맛있어요_고기 질이 좋아요_양이 많아요_인테리어가 멋져요_매장이 넓어요_
2096717957,yor****,서비스도진짜많고너무맛있아요가성비최고❤완전히강추입니다!!,2026년 6월 11일 목요일,음식이 맛있어요_고기 질이 좋아요_양이 많아요_특별한 메뉴가 있어요_
2096717957,진3968,서비스도좋고분위기도너무좋아요~~,2026년 6월 11일 목요일,아늑해요_뷰가 좋아요_단체모임 하기 좋아요_인테리어가 멋져요_음식이 맛있어요_
2096717957,민지1433,맛있어요~~~~또올게용,2026년 6월 10일 수요일,음식이 맛있어요_특별한 메뉴가 있어요_친절해요_매장이 청결해요_직접 잘 구워줘요_
2096717957,ang****,데이트하기좋아요맛있고친절해요,2026년 6월 10일 수요일,음식이 맛있어요_고기 질이 좋아요_양이 많아요_인테리어가 멋져요_매장이 넓어요_
2096717957,라라이에오,막창전문점!!너무맛잇고갈매기살이랑같이먹으니꿀맛이네요가족모임으로자주찾을듯해용칼국수가잇어서아이도좋아하네요!!,2026년 6월 10일 수요일,고기 질이 좋아요_음식이 맛있어요_매장이 넓어요_인테리어가 멋져요_
2096717957,뽀뿡이,신상맛집인데맛있었고다구워져서나와서편해요!양념도맛있지만근본은기본!감귤하이볼도맛있으니추천🧡,2026년 6월 10일 수요일,음식이 맛있어요_재료가 신선해요_메뉴 구성이 알차요_
2096717957,쪼알라,벌써2번째방문처음에갔을때는고기가없었는데메뉴가생겼네요반반으로먹으니더좋은거같아요!!막걸리도너무맛있고자주방문할께요!,2026년 6월 10일 수요일,음식이 맛있어요_고기 질이 좋아요_양이 많아요_매장이 넓어요_단체모임 하기 좋아요_
2096717957,효자동먹보,기본으로나오는칼국수넘맛있고소스다양해서찍어먹기굿🥹위에부추랑숙주잔뜩올라가서진짜좋아요!살짝느끼할때참나물?인가나물무침있는데궁합짱입니당잘먹고갑니다!,2026년 6월 10일 수요일,음식이 맛있어요_양이 많아요_매장이 넓어요_인테리어가 멋져요_
2096717957,지나쨔응43,여기진~~~짜맛나요서비스도좋고칼국수도서비스로나와서좋아요!,2026년 6월 9일 화요일,인테리어가 멋져요_매장이 넓어요_단체모임 하기 좋아요_음식이 맛있어요_
2096717957,dlw****,가성비가일단정말있는것같습니다메뉴하나시켜도기본으로나오는것들이정말많아요.그리고당근고기는개맛있었습니다.매장분위기도너무좋아서친구들이랑다음에다같이와서먹어도좋을것같아요!!,2026년 6월 9일 화요일,음식이 맛있어요_고기 질이 좋아요_야외공간이 멋져요_인테리어가 멋져요_단체모임 하기 좋아요_
2096717957,밤밤3125,전주여행와서길거리걷다가들어온곳인데맛있습니당!!엄청친절하시고칼국수도완전맛도리다음에또올게요!!,2026년 6월 9일 화요일,고기 질이 좋아요_음식이 맛있어요_친절해요_매장이 청결해요_
2096717957,찰스 안토니오,음식도빨리나오고밑반찬도푸짐해서좋아요또올게요!,2026년 6월 9일 화요일,음식이 맛있어요_고기 질이 좋아요_친절해요_매장이 청결해요_직접 잘 구워줘요_
2096717957,lor****,오두막창너무와보고싶었던막창집이였는데생각한만큼너무맛있네요!!!막창도질기지않고갈매기살도너무부드러웠습니다.아이들과함께방문하였는데아이들도정말맛있게잘먹었습니다^^,2026년 6월 8일 월요일,음식이 맛있어요_고기 질이 좋아요_메뉴 구성이 알차요_인테리어가 멋져요_친절해요_
2096717957,nor****,광주에이은전주오두막창방문!본점못지않게맛있어요ㅎㅎ,2026년 6월 8일 월요일,음식이 맛있어요_고기 질이 좋아요_인테리어가 멋져요_매장이 넓어요_친절해요_
2096717957,kjy****,엄청친절하시구분위기도너무좋고맛있어요~~~치즈계란찜도같이꼭드세요♡,2026년 6월 8일 월요일,음식이 맛있어요_인테리어가 멋져요_매장이 넓어요_친절해요_매장이 청결해요_
2096717957,987654321000,사장님친절하시고음식도맛있어요!자주올것같아요~,2026년 6월 8일 월요일,친절해요_매장이 청결해요_음식이 맛있어요_반찬이 잘 나와요_
2096717957,붕어싸만코47,엄청맛있어요!친절은기본이고너무너무짱맛집.애기가있어서오픈런으로일찍먹고갑니당,2026년 6월 7일 일요일,음식이 맛있어요_양이 많아요_코스요_리가 알차요_친절해요_매장이 청결해요_
2096717957,초록이c,반찬구성도좋고막창도고소하니진짜맛있어요!!!!짱맛!!!,2026년 6월 7일 일요일,음식이 맛있어요_고기 질이 좋아요_매장이 넓어요_인테리어가 멋져요_뷰가 좋아요_
2096717957,hye****,맛있고양도많아요!,2026년 6월 7일 일요일,음식이 맛있어요_양이 많아요_가성비가 좋아요_고기 질이 좋아요_단체모임 하기 좋아요_
2096717957,나옹이6711,아이랑와서막창만있음칼국수먹여야지하고왔는데목살세트메뉴가있어맛있게먹고가요~칼국수가생각보다맛있어요.함께나오는김치에쓱쓱비벼서한끼제대로먹고가요~매장도청결하고술집같은분위기네용ㅎ,2026년 6월 7일 일요일,음식이 맛있어요_고기 질이 좋아요_특별한 메뉴가 있어요_인테리어가 멋져요_매장이 넓어요_
2096717957,깔페디엠12,매장도아주깔끔하고에어컨빵빵하게시원하네요.막창은기름쫙쫙빠져서진짜깔끔하게맛있어요.우베막걸리옥수수막걸리도달달꼬소하니입가심으로너무좋구여입맛살려주는나물들까지맛도리도리입니다😄😄,2026년 6월 7일 일요일,음식이 맛있어요_가성비가 좋아요_건강한 맛이에요_매장이 청결해요_직접 잘 구워줘요_
2096717957,소녀감성63,오!!맛도좋고구성도알찹니다!!다시오고싶은마음이드는그런집이예요술뭐예요?넘맛있어요!!!,2026년 6월 7일 일요일,음식이 맛있어요_특별한 메뉴가 있어요_가성비가 좋아요_인테리어가 멋져요_직접 잘 구워줘요_
2096717957,eun****,인스타에서보고막창처돌이는안올수없었어용ㅠㅠ너무너무맛있고반찬도많고소스도많고객단1티어막창집등장이요..ㅠㅠ!!!맛있어용💕🤤,2026년 6월 7일 일요일,음식이 맛있어요_양이 많아요_인테리어가 멋져요_매장이 넓어요_뷰가 좋아요_
2096717957,okm631004a,하이볼도무알콜로먹을수있습니다!!비주얼만큼맛도넘맛있구요양도푸짐하고넘맛있어요!!가성비도좋고서비스로칼국수도그냥주다니ㅜㅜ,2026년 6월 7일 일요일,음식이 맛있어요_고기 질이 좋아요_양이 많아요_매장이 넓어요_인테리어가 멋져요_
2096717957,ekw****,맛있다고추천을받아서와봤눈데너무너무맛있게먹었어요!!!인생막창이라고해도될정도...💓💓너무잘먹고갑니다!!!💓💓,2026년 6월 6일 토요일,음식이 맛있어요_고기 질이 좋아요_반찬이 잘 나와요_친절해요_매장이 청결해요_
2096717957,요ㅇ,막창이진짜맛있어요,2026년 6월 6일 토요일,음식이 맛있어요_고기 질이 좋아요_특별한 메뉴가 있어요_매장이 넓어요_단체모임 하기 좋아요_
2096717957,박효희35,직원분들이친절하시고음식이맛있어요다음에또오고싶어요~~,2026년 6월 6일 토요일,음식이 맛있어요_인테리어가 멋져요_친절해요_매장이 청결해요_
2096717957,혜팔이ㅎ,바쁘지만친절하고맛있어서또방문했어요^^~,2026년 6월 6일 토요일,음식이 맛있어요_특별한 메뉴가 있어요_친절해요_매장이 청결해요_
2096717957,ssonil,진짜대박!!맛있고양도너무많아요,2026년 6월 6일 토요일,음식이 맛있어요_양이 많아요_가성비가 좋아요_매장이 넓어요_야외공간이 멋져요_
2096717957,가히15,처음왓는데맛잇는냄새폴폴이고맛집인것같아요웨이팅도잇어서기다렷다들어왓어요,2026년 6월 6일 토요일,친절해요_매장이 청결해요_환기가 잘 돼요_인테리어가 멋져요_메뉴 구성이 알차요_
2096717957,최귀문,정말맛있습니다쫄깃쫄깃막창도맛나.ㅛ,2026년 6월 6일 토요일,음식이 맛있어요_
2096717957,빨강머리앤46,전주여행와서들렀는데넘맛나요,2026년 6월 6일 토요일,음식이 맛있어요_특별한 메뉴가 있어요_친절해요_매장이 청결해요_
2096717957,dlw****,매장도청결하고친절하게설명도잘해주시고막창도짱맛이였어요!!!,2026년 6월 5일 금요일,인테리어가 멋져요_음식이 맛있어요_메뉴 구성이 알차요_친절해요_매장이 청결해요_
2096717957,phj****,아이랑가족끼리왔어요~반찬이깔끔하게나오고맛있어요^^,2026년 6월 5일 금요일,음식이 맛있어요_특별한 메뉴가 있어요_반찬이 잘 나와요_매장이 청결해요_친절해요_
2096717957,sun****,너무맛있고찍어먹을소스가많아서너무좋아요😻😻,2026년 6월 5일 금요일,음식이 맛있어요_고기 질이 좋아요_인테리어가 멋져요_친절해요_매장이 청결해요_
2096717957,새앙토끼21,친구랑시원한생맥에오두막창한판먹고왔는데조합이최고였어요🍺막창은쫄깃하고잡내없고부추랑같이먹으니술이술술들어갑니다.양도생각보다푸짐해서배부르게먹었고안주로도딱좋았어요.객사에서막창에한잔하기좋은곳으로추천합니다!😋🔥,2026년 6월 5일 금요일,양이 많아요_음식이 맛있어요_
2096717957,Blueday7,친구들이랑처음왔는데너무맛있어요💕최고✨️,2026년 6월 5일 금요일,음식이 맛있어요_고기 질이 좋아요_양이 많아요_메뉴 구성이 알차요_친절해요_
2096717957,히야2575,막창이냄새도안나고바삭바삭너무너무맛있어요..진짜최고...ㅠ,2026년 6월 4일 목요일,음식이 맛있어요_고기 질이 좋아요_친절해요_매장이 청결해요_
2096717957,khi****,직원이친절하시고정말맛있어요!강추!,2026년 6월 4일 목요일,양이 많아요_고기 질이 좋아요_음식이 맛있어요_매장이 넓어요_인테리어가 멋져요_
2096717957,우리집강아지는왜이렇게귀여운걸까,너무맛있어서재재방문했어요🖤,2026년 6월 4일 목요일,음식이 맛있어요_특별한 메뉴가 있어요_친절해요_
2096717957,정서73,와…….진짜진짜너무맛있어요…….진짜ㅠㅠ반찬도맛있고뇨끼떡볶이동죽칼국수옥수수막걸리까지뭐하나빠짐없이다너무맛있습니다반찬이랑소스도여러개잘나오고나중에부모님모시고도한번올게요!🙌🏻🤤🤤,2026년 6월 4일 목요일,음식이 맛있어요_코스요_리가 알차요_메뉴 구성이 알차요_반찬이 잘 나와요_고기 질이 좋아요_
2096717957,현2444,매장도깔끔하고구워져나와서너무좋았어요야외자리도있습니다소스도다양해서맛있게먹었습니다,2026년 6월 3일 수요일,음식이 맛있어요_고기 질이 좋아요_양이 많아요_매장이 넓어요_인테리어가 멋져요_
2096717957,내맘인데요,진찌개미친너무맛잇어서내돈내산두번째방문••••행벅해..진짜맛잇어요소스종류도다양하고..😭👍🏻👍🏻,2026년 6월 3일 수요일,음식이 맛있어요_양이 많아요_인테리어가 멋져요_친절해요_매장이 청결해요_
2096717957,bai****,진찌개미친너무맛잇어서내돈내산두번째방문••••행벅해..진짜맛잇어요소스종류도다양하고..😭👍🏻👍🏻,2026년 6월 3일 수요일,음식이 맛있어요_
2096717957,plumeriu,사진찍는걸잊어버릴정도로너무맛있네요직접구워줘서편하고냄새도안나서좋아요!,2026년 6월 3일 수요일,음식이 맛있어요_가성비가 좋아요_인테리어가 멋져요_단체모임 하기 좋아요_친절해요_
2096717957,yoogyoog,맛있어보여서왔는데역시맛있습니다!!!잘먹고갑니다ㅎㅎ👍🏻,2026년 6월 3일 수요일,음식이 맛있어요_양이 많아요_인테리어가 멋져요_
2096717957,ㅋㅋㅋ862,너무맛있어용~!!양도많아서배부르게먹고갑니다~!!,2026년 6월 3일 수요일,음식이 맛있어요_양이 많아요_가성비가 좋아요_
2096717957,sos3246,귣귣,2026년 6월 2일 화요일,음식이 맛있어요_가성비가 좋아요_매장이 청결해요_
2096717957,jie****,너무맛있고양도많습니다!!!,2026년 6월 2일 화요일,음식이 맛있어요_
2096717957,haxm****,매장이넓고쾌적하구사장님두너무친절하셔서자주올것같아요맛있습니다!!,2026년 6월 2일 화요일,음식이 맛있어요_특별한 메뉴가 있어요_반찬이 잘 나와요_친절해요_인테리어가 멋져요_
2096717957,문찬호35,매장이넓고쾌적하구사장님두너무친절하셔서자주올것같아요맛있습니다!!,2026년 6월 2일 화요일,음식이 맛있어요_고기 질이 좋아요_양이 많아요_특별한 메뉴가 있어요_가성비가 좋아요_
2096717957,안냥하새웅,돼지막창특유의잡내도전혀없고ㅇ겉바속촉너무맛잇어요칼국수도맛잇고특히양념막창존맛입니다!!🩷🩷🩷담에또방문할게용사장님도엄청친절하구가게분위기도좋아요히히,2026년 6월 2일 화요일,음식이 맛있어요_양이 많아요_인테리어가 멋져요_매장이 넓어요_친절해요_
2096717957,홍연잉,구워져서나와서편하고친절하시고너무맛있어서오두방정떨다왔네요뇨끼서비스도대박껍데기미쳐따리소스랑채소다신선하고맛있어요.감사합니다.번창하실거예용#오두막창#전주맛집#객사맛집#전주막창,2026년 6월 1일 월요일,음식이 맛있어요_고기 질이 좋아요_특별한 메뉴가 있어요_친절해요_직접 잘 구워줘요_
2096717957,liam200296,밑반찬이진짜야무지게나옵니다!!테라스자리도있고가게가고깃집이라고생각도안들만큼쾌적해요!고기도맛있고메뉴가맛돌이예요!!,2026년 5월 31일 일요일,음식이 맛있어요_고기 질이 좋아요_인테리어가 멋져요_
2096717957,오동통소금빵,막창맛집구워나와서깔끔하게먹기좋아요,2026년 5월 30일 토요일,음식이 맛있어요_잡내가 적어요_아늑해요_직접 잘 구워줘요_주차하기 편해요_
2096717957,snc****,처음방문했는데다구워져서나오고너무좋습니다지인추천으로왔는데기본상도너무좋고기본서비스칼국수도맛있어요~!술안주로너무좋고술술잘들어가요~^^주량을넘어서도기분좋게취할수있어다음에또방문예정확정!!!!,2026년 5월 30일 토요일,음식이 맛있어요_고기 질이 좋아요_양이 많아요_특별한 메뉴가 있어요_
2096717957,dud****,먹을수있는꿀조합들도많아서정말맛있게잘먹었어요❤️👍,2026년 5월 30일 토요일,음식이 맛있어요_인테리어가 멋져요_매장이 넓어요_친절해요_매장이 청결해요_
2096717957,베리귯74,냄새안나고맛있어요~소스류반찬다맛있어요^^또올께요:),2026년 5월 30일 토요일,음식이 맛있어요_고기 질이 좋아요_특별한 메뉴가 있어요_인테리어가 멋져요_매장이 넓어요_
2096717957,로그함수53,막창좋아해서자주먹으로다니는데여기너무맛있고직원분들이엄청친절하세요,2026년 5월 30일 토요일,음식이 맛있어요_인테리어가 멋져요_친절해요_매장이 청결해요_
2096717957,qkr****,너무맛있어요!,2026년 5월 30일 토요일,음식이 맛있어요_고기 질이 좋아요_매장이 넓어요_단체모임 하기 좋아요_컨셉이 독특해요_
2096717957,쀼2쀼,매장분위기도좋고맛도좋아요.,2026년 5월 30일 토요일,음식이 맛있어요_고기 질이 좋아요_인테리어가 멋져요_친절해요_
2096717957,종48,지림,2026년 5월 30일 토요일,음식이 맛있어요_고기 질이 좋아요_양이 많아요_특별한 메뉴가 있어요_인테리어가 멋져요_
2096717957,tnwlsl607,새로오픈했다고해서방문했는데우선구워나와서너무좋았구요깔끔한인테리어도좋았는데맛까지있어서금상첨화였어요~부모님모시고왔는데좋아하셔서뿌듯했어요~또방문할께요~,2026년 5월 30일 토요일,음식이 맛있어요_특별한 메뉴가 있어요_인테리어가 멋져요_친절해요_매장이 청결해요_
2096717957,뭐어쩌라고90,막창너무맛있어요구워져서나오는거너무좋구요치즈폭탄계란찜대박👍👍이렇게쾌적한막창집이라니😊먹고싶은메뉴가너무많은데배가부른게아쉬운곳,2026년 5월 30일 토요일,음식이 맛있어요_고기 질이 좋아요_양이 많아요_재료가 신선해요_잡내가 적어요_
2096717957,hon****,양도기가막히고맛도기가막힙니다..다시또올것같아요!,2026년 5월 29일 금요일,음식이 맛있어요_양이 많아요_인테리어가 멋져요_매장이 넓어요_친절해요_
2096717957,이청하78,막창냄새도안나고너무맛있어요!🩷🩷,2026년 5월 29일 금요일,음식이 맛있어요_인테리어가 멋져요_
2096717957,예수우,인스타에서홍보가많이되고있어서꼭방문해보고싶어서기억하고있다가방문했는데퀄리티무슨일!!!너무맛있어요!!!반찬도맛있고~~!!다들꼭와보셨으면좋겠어요☺️저도다음에또올게요~~,2026년 5월 29일 금요일,가성비가 좋아요_음식이 맛있어요_반찬이 잘 나와요_고기 질이 좋아요_인테리어가 멋져요_
2096717957,wldlsin,아진짜너무맛있어서이틀만에또왔어요진짜계속먹어도ㄹㅇ개맛있음니다치즈추가하시고껍데기도추가해드세요ㄹㅇ,2026년 5월 29일 금요일,음식이 맛있어요_고기 질이 좋아요_양이 많아요_친절해요_직접 잘 구워줘요_
2096717957,sun****,인스타보고처음방문안쪽테이블주셧는데더시원하고맛도좋아서와이프가좋아하네요재방문의사천퍼센트ㅎㅎㅎ,2026년 5월 29일 금요일,친절해요_혼밥하기 좋아요_음식이 맛있어요_
2089920251,성배배,완전히맛돌이맛집!전주최고야장입니당ㅎㅎ,2026년 6월 14일 일요일,음식이 맛있어요_재료가 신선해요_
2089920251,23멜롱23,맛있구직원분들두친절해용,2026년 6월 14일 일요일,친절해요_매장이 넓어요_인테리어가 멋져요_음식이 맛있어요_메뉴 구성이 알차요_
2089920251,홍익인간53,음식이너무맛있고분위기가좋아요.전주오면꼭들러보세요,2026년 6월 14일 일요일,음식이 맛있어요_재료가 신선해요_뷰가 좋아요_
2089920251,화이팅123456789,분위기좋아요,2026년 6월 14일 일요일,음식이 맛있어요_인테리어가 멋져요_친절해요_
2089920251,hhh28,분위기좋고친구들이랑다같이놀기좋아용🤍,2026년 6월 13일 토요일,음식이 맛있어요_재료가 신선해요_인테리어가 멋져요_매장이 넓어요_단체모임 하기 좋아요_
2089920251,ㅊ챙챙챙챙,야외가시원하고너무좋아요ㅎㅎ맛있게잘먹고가겠습니당~~🖤,2026년 6월 13일 토요일,매장이 넓어요_야외공간이 멋져요_친절해요_재료가 신선해요_음식이 맛있어요_
2089920251,멘딱,분위기너무좋고맛있어요!,2026년 6월 13일 토요일,음식이 맛있어요_재료가 신선해요_양이 많아요_
2089920251,보름달52,맛있고직원이친절해요재방문의사있어요❤️,2026년 6월 13일 토요일,음식이 맛있어요_인테리어가 멋져요_친절해요_
2089920251,키키키키마,야장분위기좋고친구들이랑시간보내기좋아요,2026년 6월 13일 토요일,음식이 맛있어요_재료가 신선해요_인테리어가 멋져요_
2089920251,감호누나,야장분위기최고!,2026년 6월 13일 토요일,매장이 넓어요_
2089920251,금융은 토스,전주의핫플!!!ㅎㅎ친구들과방문했는데분위기너무좋아요!음식도너무맛잇고기본으로한상세트추천합니다!!,2026년 6월 13일 토요일,음식이 맛있어요_
2089920251,namudol,분위기좋고음식맛있어오,2026년 6월 13일 토요일,음식이 맛있어요_재료가 신선해요_양이 많아요_뷰가 좋아요_야외공간이 멋져요_
2089920251,헬멧냥,분위기도너무좋고음식이너무맛있어요!!!!!!너무재밋었어요감사합니다!!!다음에또오고싶어요,2026년 6월 13일 토요일,음식이 맛있어요_재료가 신선해요_인테리어가 멋져요_단체모임 하기 좋아요_친절해요_
2089920251,md2****,양많고맛있어요,2026년 6월 12일 금요일,음식이 맛있어요_재료가 신선해요_양이 많아요_현지 맛에 가까워요_인테리어가 멋져요_
2089920251,j_****,객리단길야장하면세모가아닐까싶어요!!!금요일이라웨이팅있었지만웨이팅가치가있을만한퀄리티있는음식맛과분위기때문에다음에또방문할거같아용!!,2026년 6월 12일 금요일,음식이 맛있어요_메뉴 구성이 알차요_재료가 신선해요_야외공간이 멋져요_아늑해요_
2089920251,Ym373,분위기좋구음식도맛잇어요지금야장최고❤️😍❤️😍👍❤️👍❤️👍,2026년 6월 12일 금요일,음식이 맛있어요_재료가 신선해요_양이 많아요_
2089920251,ywo****,야장분위기도너무좋고크림새우맛잇어용ㅎㅎ,2026년 6월 10일 수요일,음식이 맛있어요_매장이 넓어요_단체모임 하기 좋아요_
2089920251,은서7186,인스타에서만보다가드디어와봤는데야장최고입니다..음식도너무너무맛있고분위기최고예요데이트로오고싶어요!,2026년 6월 10일 수요일,음식이 맛있어요_재료가 신선해요_인테리어가 멋져요_매장이 넓어요_
2089920251,msh****,맛있습니더!!!!!,2026년 6월 10일 수요일,음식이 맛있어요_혼밥하기 좋아요_단체모임 하기 좋아요_특별한 날 가기 좋아요_
2089920251,gusdn8287,야장인술집찾다가왔는데너무좋아요!안주도맛있고술도맛있어요!,2026년 6월 10일 수요일,음식이 맛있어요_매장이 넓어요_친절해요_화장실이 깨끗해요_
2089920251,lan****,매번웨이팅해서와서평일에왔는데모든음식이너무맛있고기본안주도시텨먹는것처럼맛있어서좋아요!!매번방문하느라세번째방문입니다ㅎㅎ전주오시면추천이요!!야장이너무예뻐요!,2026년 6월 9일 화요일,음식이 맛있어요_인테리어가 멋져요_친절해요_매장이 청결해요_
2089920251,피리토리,츄베릅💛💛💛💛💛💛💛💛💛,2026년 6월 9일 화요일,음식이 맛있어요_재료가 신선해요_양이 많아요_현지 맛에 가까워요_혼밥하기 좋아요_
2089920251,별4859,츄베릅💛💛💛💛💛💛💛💛💛,2026년 6월 9일 화요일,양이 많아요_재료가 신선해요_음식이 맛있어요_현지 맛에 가까워요_가성비가 좋아요_
2089920251,gnsek10,날씨좋은날야장에서술마시니기분이좋아요음식도맛있습니다.,2026년 6월 9일 화요일,음식이 맛있어요_재료가 신선해요_뷰가 좋아요_
2089920251,이성진9093,야장감성제대로에요,2026년 6월 8일 월요일,음식이 맛있어요_인테리어가 멋져요_매장이 넓어요_
2089920251,니모수족관,야외느낌이너무좋아요,2026년 6월 8일 월요일,음식이 맛있어요_인테리어가 멋져요_매장이 넓어요_친절해요_특별한 날 가기 좋아요_
2089920251,dduk10,맛있어요!,2026년 6월 7일 일요일,음식이 맛있어요_양이 많아요_단체모임 하기 좋아요_인테리어가 멋져요_
2089920251,iol,안주다맛있고분위기완전엠지감성ㅠㅠ담에또올게요,2026년 6월 7일 일요일,음식이 맛있어요_인테리어가 멋져요_매장이 넓어요_단체모임 하기 좋아요_
2089920251,당이14,친구들하고왔는데너무맛있고분위기가정말좋아요!!!꼭와보세요,2026년 6월 7일 일요일,인테리어가 멋져요_혼밥하기 좋아요_양이 많아요_음식이 맛있어요_
2089920251,ko****,전맛있어요~,2026년 6월 6일 토요일,음식이 맛있어요_인테리어가 멋져요_
2089920251,돈드,웨이팅길었는데개맛도리..분위기넘좋구맛있어요쵝오..!!,2026년 6월 6일 토요일,음식이 맛있어요_뷰가 좋아요_야외공간이 멋져요_친절해요_음식이 빨리 나와요_
2089920251,wj****,야장감성미쳐써요!인기많은인기가있네요ㅎㅎ,2026년 6월 6일 토요일,음식이 맛있어요_
2089920251,wldus2332,웨이팅10분하고들어왔어요!한상차림미쳤고넘흐맛있어요야외살짝덥지만분위기가미쳤습니다,2026년 6월 6일 토요일,음식이 맛있어요_가성비가 좋아요_매장이 넓어요_야외공간이 멋져요_뷰가 좋아요_
2089920251,eru****,분위기도좋고직원분들이친절해요!!음식도맛있어요ㅎㅎㅎ지금처럼날씨좋은날은특히추천이에용🤍🤍,2026년 6월 5일 금요일,음식이 맛있어요_인테리어가 멋져요_매장이 넓어요_특별한 날 가기 좋아요_
2089920251,내옆에고양이,너무맛있고분위기있어요!다음에또오고싶어요야장에사람완전많고핫플이예요,2026년 6월 5일 금요일,음식이 맛있어요_인테리어가 멋져요_친절해요_
2089920251,참을수없는존재의빵,분위기너무좋고간맥하기좋아요오데이트코스로추천하고음식도맛있습니다아💛,2026년 6월 5일 금요일,음식이 맛있어요_인테리어가 멋져요_차분한 분위기예요_
2089920251,moziii,저희는사람이많아서실내에앉았는데웨이팅가능하시면야장에서먹는게분위기는더좋을것같네요!!간단하게술한잔하고싶을때오면좋습니다-!-!,2026년 6월 5일 금요일,음식이 맛있어요_뷰가 좋아요_
2089920251,냠냠호잉,감성있어요ㅠㅠㅠㅠㅠㅠ전주놀러와서검색하다가발견했는데요즘날씨에야장도좋고내부분위기도너무좋아요..!!!!강추강추!!음식도맛있고금액도좋아요,2026년 6월 4일 목요일,음식이 맛있어요_인테리어가 멋져요_친절해요_매장이 청결해요_화장실이 깨끗해요_
2089920251,홍시6683,세모진쩌야장맛집별⭐️⭐️⭐️⭐️⭐️꼭수육먹어보세용수육맛집보다맛있어요~!그리고갑오징어튀김진짜너무부드러워용사장님최공요리맛집야장!!!,2026년 6월 4일 목요일,음식이 맛있어요_재료가 신선해요_가성비가 좋아요_메뉴 구성이 알차요_인테리어가 멋져요_
2089920251,wxdkddo,처음왔는데너무맛있고가게분위기가너무예뻤어요!!!바질크림수제비존맛임,2026년 6월 4일 목요일,음식이 맛있어요_메뉴 구성이 알차요_야외공간이 멋져요_매장이 청결해요_
2089920251,yyzu****,야장분위기도좋아요!!,2026년 6월 3일 수요일,음식이 맛있어요_재료가 신선해요_인테리어가 멋져요_매장이 넓어요_
2089920251,rla****,홍콩토스트짱맛입니다짱짤짤맛명란토스트내꺼부자되세요,2026년 6월 3일 수요일,음식이 맛있어요_재료가 신선해요_양이 많아요_
2089920251,내장산이,홍콩토스트짱맛입니다짱짤짤맛명란토스트내꺼부자되세요,2026년 6월 3일 수요일,음식이 맛있어요_특별한 메뉴가 있어요_야외공간이 멋져요_매장이 넓어요_
2089920251,ert****,다음에도이용하겠습니다.!!,2026년 6월 3일 수요일,인테리어가 멋져요_친절해요_매장이 청결해요_화장실이 깨끗해요_특별한 날 가기 좋아요_
2089920251,hjhj0218,광주에서방문했는데분위기도좋고너무좋아요~다음에또올게요💗,2026년 6월 3일 수요일,음식이 맛있어요_
2089920251,ert****,맛있는식사가되었습니다.,2026년 6월 2일 화요일,음식이 맛있어요_인테리어가 멋져요_친절해요_
2089920251,예진n,분위기도너무좋고맛도있어요:)!!!전주오면또올거에요잘먹다갑니당,2026년 6월 2일 화요일,음식이 맛있어요_특별한 메뉴가 있어요_메뉴 구성이 알차요_인테리어가 멋져요_컨셉이 독특해요_
2089920251,우산7677,날씨너무좋고맛도있어서데이트잘했어요!,2026년 6월 2일 화요일,음식이 맛있어요_인테리어가 멋져요_
2089920251,이승연67,분위기가너무예쁘고야장분위기참좋네요!!!야르야르~ㅋㅋ,2026년 6월 1일 월요일,인테리어가 멋져요_매장이 넓어요_
2089920251,sun****,미싯서여만취만추“ㅣ~~‘ㅜ!!,2026년 6월 1일 월요일,음식이 맛있어요_인테리어가 멋져요_뷰가 좋아요_야외공간이 멋져요_
2089920251,min****,음식이맛있고사장님이친절해요❤️❤️❤️,2026년 6월 1일 월요일,음식이 맛있어요_인테리어가 멋져요_
2089920251,uco****,더워지기전에객리단길핫플세모막차탔어요세모한상먹었는데양이진짜진짜많고맛있어요야장분위기너무좋아서더워지기전에와보시길추천합니다😍😍,2026년 6월 1일 월요일,음식이 맛있어요_양이 많아요_메뉴 구성이 알차요_야외공간이 멋져요_친절해요_
2089920251,hahahoho4670,홍콩토스트9000/갑오징어튀김13000아직은날이습하지않아야장이좋더라고요!시원하고분위기도괜찮고친절하세요맛은쏘쏘,2026년 6월 1일 월요일,야외공간이 멋져요_음식이 빨리 나와요_친절해요_
2089920251,elinm818,안주가특별하고맛있고야장분위기가너무좋아요👍,2026년 5월 31일 일요일,음식이 맛있어요_특별한 메뉴가 있어요_컨셉이 독특해요_인테리어가 멋져요_친절해요_
2089920251,wendy92,ㄴ분위기렐루굳!!!!넘맛잇어요~~또올게요~~,2026년 5월 31일 일요일,음식이 맛있어요_매장이 넓어요_
2089920251,bum****,완전맛있고분위기가좋아요!!,2026년 5월 31일 일요일,음식이 맛있어요_인테리어가 멋져요_야외공간이 멋져요_친절해요_특별한 날 가기 좋아요_
2089920251,최서영67,세번째방문이에요음식이너무맛있고분위기가좋아요다음에또오겠습니다,2026년 5월 30일 토요일,음식이 맛있어요_인테리어가 멋져요_매장이 넓어요_
2089920251,동동구리S2,분위기미쳤어요!!야장의정석ㅎㅎ,2026년 5월 30일 토요일,음식이 맛있어요_재료가 신선해요_인테리어가 멋져요_
2089920251,mjw****,양이진짜많고안주하나하나가다맛있어요!야장분위기가너무좋아서술이더맛있어지는것같아요!,2026년 5월 30일 토요일,인테리어가 멋져요_뷰가 좋아요_음식이 맛있어요_양이 많아요_친절해요_
2089920251,송지민6053,남자친구랑방문해서세모한상주문했는데스지수육이랑미나리전이정말루맛있네용ㅎㅎ6시부터는해가져서야장에서먹는게분위기도좋구선선해서좋았어요!담에특별한날에도방문하겠습니다💓💓🍻,2026년 5월 30일 토요일,음식이 맛있어요_건강한 맛이에요_특별한 메뉴가 있어요_야외공간이 멋져요_친절해요_
2089920251,Seong62,맛잇어요,2026년 5월 30일 토요일,음식이 맛있어요_재료가 신선해요_양이 많아요_현지 맛에 가까워요_인테리어가 멋져요_
2089920251,qkr****,야장갬성너무너무조아용!!!!!!!!ㅎㅎ맛집!!,2026년 5월 29일 금요일,음식이 맛있어요_인테리어가 멋져요_
2089920251,vul****,너무맛있고분위기도좋습니다,2026년 5월 29일 금요일,음식이 맛있어요_인테리어가 멋져요_매장이 넓어요_뷰가 좋아요_
2089920251,이이아에,역시지금날씨엔야장이죠,2026년 5월 29일 금요일,음식이 맛있어요_인테리어가 멋져요_매장이 청결해요_화장실이 깨끗해요_
2089920251,야무져2,객리단길에감성있는야장!날씨좋을때밖에서먹으니넘재밌어용안주도맛있어서자주오고싶어요ㅎㅎ,2026년 5월 29일 금요일,음식이 맛있어요_재료가 신선해요_양이 많아요_인테리어가 멋져요_뷰가 좋아요_
2089920251,ckstn,전주객리단길최고맛집세모!!야장분위기보고왔는데안주도너무맛있고가격도좋아요😊😊,2026년 5월 29일 금요일,음식이 맛있어요_재료가 신선해요_양이 많아요_인테리어가 멋져요_
2089920251,뚜뚜수수,야장분위기가좋고날씨좋은날가기좋아요!음식도맛있고분위기가좋아서다음에또오고싶어요!,2026년 5월 29일 금요일,야외공간이 멋져요_특별한 날 가기 좋아요_음식이 맛있어요_메뉴 구성이 알차요_
2089920251,오우오우아,야장분위기너무조아요굿!,2026년 5월 29일 금요일,음식이 맛있어요_재료가 신선해요_양이 많아요_인테리어가 멋져요_야외공간이 멋져요_
2089920251,뀨뀨꺄꺄7043,맛있어요,2026년 5월 29일 금요일,음식이 맛있어요_메뉴 구성이 알차요_특별한 메뉴가 있어요_컨셉이 독특해요_
2089920251,qpo****,날씨좋을때오기조아요,2026년 5월 28일 목요일,인테리어가 멋져요_
1053590271,liz****,고기먹고맛있어서추가주문했어여노포맛집으로강추,2026년 6월 14일 일요일,음식이 맛있어요_고기 질이 좋아요_
1053590271,유혜린2264,진짜너무맛잇어요치마살계란찜댕추천,2026년 6월 14일 일요일,음식이 맛있어요_고기 질이 좋아요_
1053590271,yeonjin16,랜만에방문했는데역시맛있습니다!여기는고기질이좋아서더맛있는것같아용ㅎㅎ,2026년 6월 14일 일요일,음식이 맛있어요_고기 질이 좋아요_양이 많아요_친절해요_
1053590271,정망고,네이버예약하고왔어요!웨이팅이있더라구용예약하고오시는거추천드려요🥰고기가너무때깔이좋아요!매장은많이더운편이라테라스가더좋을거같아요~!,2026년 6월 13일 토요일,음식이 맛있어요_고기 질이 좋아요_친절해요_
1053590271,120****,오래기다렸지만너무맛있게먹었어요!고기가두툼해서완전배부르게먹고가요~~~!!특히파김치가맛있었어요!!!!,2026년 6월 13일 토요일,음식이 맛있어요_양이 많아요_고기 질이 좋아요_
1053590271,예비맘5521,전주여행와서호텔근처맛집검색해서왔어요~웨이팅있었지만기다릴만한집이네요^^돼지한마리랑내장탕세트에냉면까지~딱좋아요!!!연탄구이라진짜맛있어요~~~,2026년 6월 13일 토요일,음식이 맛있어요_고기 질이 좋아요_코스요_리가 알차요_특별한 메뉴가 있어요_
1053590271,ko****,고기부터청국장까지진짜너무맛있습니다!!전주로이사와서맛집고깃집알아버렸당다음에또이용하겠습니다맛있는음식감사합니다:),2026년 6월 13일 토요일,음식이 맛있어요_고기 질이 좋아요_잡내가 적어요_
1053590271,호아앙,진짜오랜만에왔는데여전히너무너무너무맛있어요ㅠㅠ깍두기비빔밥은필수..!,2026년 6월 13일 토요일,음식이 맛있어요_고기 질이 좋아요_특별한 메뉴가 있어요_음식이 빨리 나와요_
1053590271,kon****,고기질도너무좋고맛잇게잘먹었습니다!!!,2026년 6월 12일 금요일,음식이 맛있어요_고기 질이 좋아요_특별한 메뉴가 있어요_
1053590271,ddh401,너무맛있어요!!,2026년 6월 12일 금요일,음식이 맛있어요_고기 질이 좋아요_메뉴 구성이 알차요_
1053590271,뉴뉴4874,인생고기집전주오면꼭드세요최고❤️,2026년 6월 11일 목요일,음식이 맛있어요_고기 질이 좋아요_특별한 메뉴가 있어요_
1053590271,니모4645,사장님왕왕친절하시고주문빠르고너~~~무맛있음야장의매력에빠지고갑니다🤍🤍,2026년 6월 11일 목요일,친절해요_비싼 만큼 가치있어요_야외공간이 멋져요_
1053590271,ran****,처음빙문너무맛있어요^^,2026년 6월 10일 수요일,음식이 맛있어요_고기 질이 좋아요_
1053590271,gks****,맛있어요,2026년 6월 9일 화요일,음식이 맛있어요_고기 질이 좋아요_양이 많아요_
1053590271,KJH552,저번에웨이팅길어서못먹어서아쉬웠는데오늘은일찍와서먹었어요ㅎㅎ너무맛있네요ㅎㅎㅎ또갈거에용,2026년 6월 9일 화요일,음식이 맛있어요_고기 질이 좋아요_잡내가 적어요_
1053590271,So31n,맛있게잘먹었어욥!!💕,2026년 6월 8일 월요일,음식이 맛있어요_고기 질이 좋아요_
1053590271,박성현16,반찬도많이나오고야장이라고기가더맛있게느껴져요!,2026년 6월 7일 일요일,음식이 맛있어요_고기 질이 좋아요_
1053590271,라떼까릉,고기가맛있고계란찜도추천드립니다!!,2026년 6월 7일 일요일,고기 질이 좋아요_음식이 맛있어요_잡내가 적어요_
1053590271,박병현94,고기도맛있고친절해요느낌도굿,2026년 6월 7일 일요일,음식이 맛있어요_고기 질이 좋아요_친절해요_
1053590271,김김김2810,여자친구랑전주놀러와서근처고기집왔는데웨이팅조금있는거부터심상치않았는데먹으니고기가ㅠ너무부드럽고맛있네요ㅎㅎ진짜너무맛있음..,2026년 6월 6일 토요일,음식이 맛있어요_고기 질이 좋아요_야외공간이 멋져요_아늑해요_친절해요_
1053590271,kkum99,맛있어요,2026년 6월 6일 토요일,음식이 맛있어요_고기 질이 좋아요_가성비가 좋아요_
1053590271,mjs****,너무맛있어요,2026년 6월 6일 토요일,음식이 맛있어요_고기 질이 좋아요_양이 많아요_
1053590271,rldgk,웨이팅만없어도좋은데ㅜㅜ맛있어요물통만좀깨끗하게주셧으면좋겟어요너무ㅠ맛잇어요추천해요,2026년 6월 5일 금요일,음식이 맛있어요_
1053590271,이오웅,웨이팅만없어도좋은데ㅜㅜ맛있어요물통만좀깨끗하게주셧으면좋겟어요너무ㅠ맛잇어요추천해요,2026년 6월 5일 금요일,음식이 맛있어요_고기 질이 좋아요_특별한 메뉴가 있어요_메뉴 구성이 알차요_
1053590271,fri****,전주맛집이라해서놀러온김에와봤는데넘친절하시고고기도맛있습니다!!,2026년 6월 5일 금요일,음식이 맛있어요_고기 질이 좋아요_가성비가 좋아요_친절해요_
1053590271,행복슬,언제와도맛있는다가생구이!!!몇년동안와도맛있어요!진짜여기깍둑볶음밥필수입니다존맛탱🩵남녀노소다좋아하는고기집이에요!!,2026년 6월 5일 금요일,음식이 맛있어요_고기 질이 좋아요_특별한 메뉴가 있어요_메뉴 구성이 알차요_코스요_리가 알차요_
1053590271,cod****,와진자너무마싯어요전주여행와서여기꼭가야한다해서갈비집?이랑고민하다왔는데너무너무쫄깃하고맛있어요ㅠ깍둑비빔밥도새콤하고고기가걍너무맛있습니다생각보다양도많구요!!!여행오면또먹으러올것같아요그리고무조건예약하고방문하세요!!예약하니시간맞춰세팅해놔주셔서너무좋았어요6시이후부터는손님몰려서예약하시는게조어요ㅎㅎ,2026년 6월 5일 금요일,음식이 맛있어요_고기 질이 좋아요_잡내가 적어요_친절해요_
1053590271,koo****,고기너무맛있고내장탕이진짜존맛소주두병순삭이에요,2026년 6월 4일 목요일,음식이 맛있어요_특별한 메뉴가 있어요_친절해요_환기가 잘 돼요_
1053590271,재 영,고기너무맛있고내장탕이진짜존맛소주두병순삭이에요,2026년 6월 3일 수요일,음식이 맛있어요_고기 질이 좋아요_양이 많아요_특별한 메뉴가 있어요_
1053590271,저 엉 원,맛잇어여!!!,2026년 6월 3일 수요일,음식이 맛있어요_고기 질이 좋아요_특별한 메뉴가 있어요_
1053590271,dltmdgus1020,항상너무맛있고테라스는처음앉아보는데분위기좋아요!!,2026년 6월 3일 수요일,음식이 맛있어요_고기 질이 좋아요_인테리어가 멋져요_
1053590271,pgy7835,가오리살맛있어요.다른반찬들도맛나구요^^또오겠습니다.,2026년 6월 2일 화요일,음식이 맛있어요_고기 질이 좋아요_특별한 메뉴가 있어요_뷰가 좋아요_특별한 날 가기 좋아요_
1053590271,Michelleee,고기너무맛있어요ㅠㅠ분위기도너무좋고자주올게요~~~,2026년 6월 2일 화요일,음식이 맛있어요_고기 질이 좋아요_양이 많아요_
1053590271,뀨뀨4211,진짜미친놈이에영,2026년 6월 1일 월요일,음식이 맛있어요_고기 질이 좋아요_
1053590271,ekd****,야장하기너무좋은거같아요!!오늘처음와봤는데고기도너무맛있고또또오려구합니다ㅜㅜ🤍,2026년 6월 1일 월요일,음식이 맛있어요_고기 질이 좋아요_특별한 메뉴가 있어요_뷰가 좋아요_야외공간이 멋져요_
1053590271,맛집탐방럿,굿굿,2026년 5월 31일 일요일,음식이 맛있어요_고기 질이 좋아요_양이 많아요_인테리어가 멋져요_단체모임 하기 좋아요_
1053590271,또링이야,고기너어어무맛있어요!!🫪폭탄계란찜은필수입니당ㅎㅎ,2026년 5월 30일 토요일,음식이 맛있어요_재료가 신선해요_고기 질이 좋아요_메뉴 구성이 알차요_
1053590271,손세영57,야장으로최고입니다아!!고기질도너무좋고너무너무친절해요!!,2026년 5월 30일 토요일,양이 많아요_음식이 맛있어요_고기 질이 좋아요_
1053590271,박떤딘,다가생구이오랜만에왔는데역시맛잇네요너무맛나게먹구가요~~~~감사합니다^^,2026년 5월 30일 토요일,음식이 맛있어요_고기 질이 좋아요_재료가 신선해요_메뉴 구성이 알차요_아늑해요_
1053590271,독타,여긴깍둑비빔밥이ㄹㅇ킥입니다올때마다고기도비빔밥도맛있어요~~!!!같이나오는청국장까지굿,2026년 5월 29일 금요일,음식이 맛있어요_양이 많아요_특별한 메뉴가 있어요_
1146796327,jim****,우연히가족들과문구점갔다들렸는데정말최고의맛집으로킵합니다!!!,2026년 5월 30일 토요일,음식이 맛있어요_재료가 신선해요_고기 질이 좋아요_인테리어가 멋져요_
1146796327,온달평강3,맛있어서일주일만에다시왔어요~오늘은1시간전에예약해서항아리삼겹살도먹었는데생삼겹도맛있고너무맛있어서또오고싶어요^^,2026년 5월 27일 수요일,음식이 맛있어요_특별한 메뉴가 있어요_고기 질이 좋아요_매장이 넓어요_아늑해요_
1146796327,Luzzy,처음방문했는데직원분친절하시고고기맛있어요맛있게잘먹고갑니다~!,2026년 5월 23일 토요일,음식이 맛있어요_고기 질이 좋아요_
1146796327,과일요정,여행와서너무맛있게먹었어요♡또올께요,2026년 5월 23일 토요일,음식이 맛있어요_재료가 신선해요_고기 질이 좋아요_매장이 넓어요_
1146796327,하하하하힣히,지나가다가보고항아리삼겹살맛있어보여서예약하고방문했어요.너무너무맛있아요밑반찬도다맛있고친절하세요,2026년 5월 23일 토요일,음식이 맛있어요_인테리어가 멋져요_
1146796327,정8468,전주여행왔다가고기먹고싶어서들렀어요!우대갈비가맛있고삽겹살도커팅되어나와서먹기편했어요!항아리바베큐삼겹살보고오긴한건데걸리는시간이있어서예약이필수라고하네욥ㅠㅠ드실분들은미리예약하고오셔요!,2026년 5월 23일 토요일,음식이 맛있어요_고기 질이 좋아요_특별한 메뉴가 있어요_친절해요_화장실이 깨끗해요_
1146796327,별이1178,고기가맛있어요,2026년 5월 2일 토요일,음식이 맛있어요_재료가 신선해요_양이 많아요_특별한 메뉴가 있어요_고기 질이 좋아요_
1146796327,ehd****,깔끔하게잘나오고맛도좋아요~~~잘먹고갑니당~,2026년 5월 2일 토요일,음식이 맛있어요_인테리어가 멋져요_
1146796327,jh196,반찬이랑세팅이엄청깔끔하고고기맛도좋아요!!!엄마랑삼촌이랑나왔는데정말맛있어요,2026년 5월 2일 토요일,음식이 맛있어요_재료가 신선해요_고기 질이 좋아요_가성비가 좋아요_매장이 넓어요_
1146796327,289477,친절하시고고기도맛있어요!!!,2026년 3월 22일 일요일,음식이 맛있어요_메뉴 구성이 알차요_양이 많아요_친절해요_직접 잘 구워줘요_
2066468826,우리함께169,빙수의신핫플레이스신선하고맛있습니다후회하지않은곳입니다,2026년 6월 14일 일요일,재료가 신선해요_화장실이 깨끗해요_아이와 가기 좋아요_친절해요_매장이 청결해요_
2066468826,ehyukjin,맛있어요ㅎㅎ너무맛있어요ㅎㅎ,2026년 6월 14일 일요일,음료가 맛있어요_재료가 신선해요_친절해요_매장이 청결해요_
2066468826,박지은79,색감이너무이쁜데맛은더좋아요!!인테리어도깔끔하고깨끗해서좋았습니다!!,2026년 6월 13일 토요일,인테리어가 멋져요_매장이 청결해요_디저트가 맛있어요_
2066468826,세연2044,생과일주스맛있어요!!,2026년 6월 13일 토요일,음료가 맛있어요_재료가 신선해요_종류가 다양해요_매장이 청결해요_친절해요_
2066468826,로즈마리b612,많이달지않고맛있어요.생과일이라좋네요.,2026년 6월 7일 일요일,비싼 만큼 가치있어요_
2066468826,안뇽5812,Wow…이정도망고빙수를이가격에????최근에23000원대로먹은적있는데….ㅜㅠ..여기먼저왔으면……..🥹🥹망고길고맛있고~~얼음이진짜맛있음…연유랑망고소스가얼음이랑너무잘스며들어서그냐으먹어도맛있는데망고랑먹으면그냥…🪽🪽🪽,2026년 6월 4일 목요일,재료가 신선해요_디저트가 맛있어요_가성비가 좋아요_양이 많아요_
2066468826,어린왕자87,수박쥬스리얼맛있어요~,2026년 6월 3일 수요일,음료가 맛있어요_사진이 잘 나와요_인테리어가 멋져요_친절해요_
2066468826,최유리7696,요즘날씨가더워서빙수자주찾는데요근래먹은빙수중에서제일맛있는거같아요🥹특히냉동이아니라생망고여서더맛있게먹었어요!한입먹고너무맛있어서감동한가득…너무맛있게잘먹었어요생망고빙수땡기면다시와야겠어요ㅎㅎ,2026년 6월 3일 수요일,음료가 맛있어요_재료가 신선해요_디저트가 맛있어요_특별한 메뉴가 있어요_
2066468826,myl****,신라호텔에서먹은망고빙수보다더더더맛있어요.앞에염통사와서같이먹을수있어서더더더굿👍시내나올때마다올것같아요😚,2026년 5월 30일 토요일,음료가 맛있어요_재료가 신선해요_
2066468826,hyeyoun81,망고빙수맛잇어요,2026년 5월 30일 토요일,음료가 맛있어요_재료가 신선해요_
2066468826,pim****,전주여행와서들렀는데시킨메뉴다맛있어요가게도시원하고쾌적합니다또방문하고싶어요,2026년 5월 30일 토요일,음료가 맛있어요_재료가 신선해요_특별한 메뉴가 있어요_음식이 맛있어요_
2066468826,진55,과일쥬스신선하고맛있었어요바로만들어주시니더좋긴했는데시간이좀오래걸리더라구요~~,2026년 5월 24일 일요일,음료가 맛있어요_재료가 신선해요_
2066468826,snrnduwk8511,아이들과생과일쥬스가먹고싶어서와봤는데ㅎ생각이상으로좋은거같아요♡♡망고빙수는샤르륵녹는..넘맛있어요ㅜㅜ피치..는아이가넘맛있다며ㅋ따봉을외쳐댔어요ㅎㅎ수박쥬스는어제먹은곳보다훨씬프레시한맛이라좋았답니다ㅎㅎ시내나올때마다들려야할방앗간같은곳?ㅋㅋㅋ,2026년 5월 24일 일요일,음료가 맛있어요_재료가 신선해요_특별한 메뉴가 있어요_인테리어가 멋져요_친절해요_
1270117665,cshwhw23,너무맛있고가격도좋아서2명이서5개시켜골고루섭취,2026년 6월 11일 목요일,음식이 맛있어요_
1270117665,tye****,사장님이친절하시고엄청맛있었어요~잘먹었습니다,2026년 6월 10일 수요일,음식이 맛있어요_
1270117665,serendipity0821,배가고파서음식사진은못찍었지만음식너무맛있게잘먹었습니다.깔끔하고간도담백하니진짜배불리기분좋게식사했습니다!다음에또방문할게요~,2026년 6월 6일 토요일,음식이 맛있어요_차분한 분위기예요_친절해요_
1270117665,GreenSky,최고❤️,2026년 5월 27일 수요일,음식이 맛있어요_재료가 신선해요_매장이 넓어요_
1270117665,에르모소14,사장님이친절하시고너무맛있어요양도많고자주오는곳인데반쎄오도맛있어요!,2026년 5월 26일 화요일,음식이 맛있어요_현지 맛에 가까워요_
1270117665,eh****,올때마다실패없는곳누구랑와도맛있다는말듣는곳이에요양지야들야들하고국물시원하고샌드위치고기듬뿍이에요오늘도맛있게먹고갑니다,2026년 5월 25일 월요일,음식이 맛있어요_재료가 신선해요_차분한 분위기예요_인테리어가 멋져요_아늑해요_
1270117665,크룽이얌,아이가있어서사진을못찍었지만지인짜배불게잘먹었어요!!아이가아직어려서공깃밥요청했는데서비스로큰밥으로주셔서너무너무잘먹었어요^^저희엄마픽은월남쌈픽저는반쎄오픽!잘먹었습니당!!,2026년 5월 25일 월요일,음식이 맛있어요_재료가 신선해요_건강한 맛이에요_양이 많아요_음식이 빨리 나와요_
1270117665,zzinkuk,가볍게먹기좋아요월남쌈이랑쌀국수먹었는데가끔먹기ㅡ좋아요,2026년 5월 23일 토요일,음식이 맛있어요_재료가 신선해요_매장이 넓어요_
1270117665,태리68,임신때알게돼서이사간지금까지도제최애베트남음식점이에요ㅎㅎ특히짜조는여기이상으로맛있는곳못봤어요.평생방문할거에요!!,2026년 5월 23일 토요일,음식이 맛있어요_재료가 신선해요_특별한 메뉴가 있어요_친절해요_아이와 가기 좋아요_
1270117665,소식꽃돼지,전주에서가장맛있은베트남음식입니다.매일먹어도안질려요.,2026년 5월 22일 금요일,음식이 맛있어요_특별한 메뉴가 있어요_메뉴 구성이 알차요_
1952498498,yweo27,최애메뉴들-!,2026년 6월 15일 월요일,디저트가 맛있어요_음악이 좋아요_차분한 분위기예요_친절해요_
1952498498,hlct,최애메뉴들-!,2026년 6월 15일 월요일,디저트가 맛있어요_빵이 맛있어요_매장이 넓어요_컨셉이 독특해요_
1952498498,yeong26,매장도넓고쾌적하고인테리어가너무예뻐요❤️휘낭시에맛집!다음에또오고싶어요~,2026년 6월 15일 월요일,디저트가 맛있어요_매장이 넓어요_인테리어가 멋져요_친절해요_매장이 청결해요_
1952498498,slo****,너무좋아여음료두맛있고분위기가편안해요,2026년 6월 15일 월요일,커피가 맛있어요_디저트가 맛있어요_메뉴 구성이 알차요_매장이 넓어요_음악이 좋아요_
1952498498,oli****,음료도맛있고분위기도좋아요,2026년 6월 15일 월요일,음악이 좋아요_사진이 잘 나와요_인테리어가 멋져요_매장이 넓어요_음료가 맛있어요_
1952498498,니이즈,맛있음더워서기분탓이라든가그런건아님진짜맛있음,2026년 6월 15일 월요일,빵이 맛있어요_커피가 맛있어요_차분한 분위기예요_
1952498498,리뷰하는이끼,너무귀엽고힐링되는분위기와어울리는음악!행복한맛의디저트와음료까지..🍃맨날오고싶어요…전주에오면다시꼭찾아올공간!!,2026년 6월 15일 월요일,디저트가 맛있어요_음료가 맛있어요_매장이 넓어요_음악이 좋아요_인테리어가 멋져요_
1952498498,유하영49,맛있었어요공간도넓고분위기좋아요특히휘낭시에가맛있었어요,2026년 6월 15일 월요일,빵이 맛있어요_디저트가 맛있어요_매장이 넓어요_
1952498498,또잉또잉3226,휘낭시에맛있어요!넓고분위기가좋아요,2026년 6월 15일 월요일,커피가 맛있어요_디저트가 맛있어요_매장이 넓어요_차분한 분위기예요_
1952498498,min****,핸드드립이아니라브루잉커피와평평만으음료라색깔있는카페였어요~휘낭시에맛집이라포장도이쁘게잘해주시고여름에넓은시내에서커피드시려면평평추천드립니당책읽거나작업하기에도좋고소품이나스티커메모장도감성이뻐서이뻤어요!,2026년 6월 15일 월요일,커피가 맛있어요_빵이 맛있어요_매장이 넓어요_
1952498498,홍주환,분위기도너무좋고휘낭시에도맛있어용,2026년 6월 15일 월요일,커피가 맛있어요_디저트가 맛있어요_인테리어가 멋져요_
1952498498,Heee05,평화로워지고싶은날가기넘좋네여~(◠‿◠),2026년 6월 15일 월요일,디저트가 맛있어요_매장이 넓어요_음악이 좋아요_차분한 분위기예요_인테리어가 멋져요_
1952498498,wng****,전주오기전에원픽이였던카페..✨분위기도맛도노래도다좋았습니다!,2026년 6월 15일 월요일,커피가 맛있어요_음악이 좋아요_매장이 넓어요_사진이 잘 나와요_매장이 청결해요_
1952498498,뀌쟁이,진짜휘낭시에맛집이에요ㅎㅎ물론커피도맛있어요!,2026년 6월 15일 월요일,커피가 맛있어요_디저트가 맛있어요_차분한 분위기예요_
1952498498,라떼2645,휘낭시에좋아하는데종류도많고맛도있어요!!커피도제가좋아하는종류들이많아서고르기힘들었습니다ㅠㅠ다음에전주올때또와서다른메뉴먹어보고싶네요🥹🤍,2026년 6월 15일 월요일,커피가 맛있어요_디저트가 맛있어요_빵이 맛있어요_특별한 메뉴가 있어요_메뉴 구성이 알차요_
1952498498,ull mooo,차분하고조용한분위기음식도맛나용,2026년 6월 15일 월요일,차분한 분위기예요_매장이 넓어요_
1952498498,움냠냠ㄴ먄먀,카페분위기가좋았어요~~~~,2026년 6월 14일 일요일,커피가 맛있어요_디저트가 맛있어요_매장이 넓어요_
1952498498,lm****,밤에방문하기도좋은카페네요좋습니다~~,2026년 6월 14일 일요일,커피가 맛있어요_디저트가 맛있어요_
1952498498,미믹0,너무맛있어용,2026년 6월 14일 일요일,커피가 맛있어요_디저트가 맛있어요_빵이 맛있어요_매장이 넓어요_단체모임 하기 좋아요_
1952498498,윤진road,서울출발전에글쓰려고들렸던카페인데카페이름대로평화로웠어요.md구경하는재미도있습니다.전주오면또오려고포인트만들었어요.,2026년 6월 14일 일요일,특별한 메뉴가 있어요_매장이 넓어요_음악이 좋아요_차분한 분위기예요_
1952498498,chi****,서울출발전에글쓰려고들렸던카페인데카페이름대로평화로웠어요.md구경하는재미도있습니다.전주오면또오려고포인트만들었어요.,2026년 6월 14일 일요일,커피가 맛있어요_
1952498498,햇비45,N번째오면서러스크는처음먹어봤는데맛이다른것들이섞여있어서맛있었어요,2026년 6월 14일 일요일,디저트가 맛있어요_특별한 메뉴가 있어요_인테리어가 멋져요_대화하기 좋아요_집중하기 좋아요_
1952498498,shd****,메뉴가리뉴얼되어서새로운음료를시도해보니여름에너무잘어울려요🌿다음에와서또마시고싶은청량함이에요,2026년 6월 14일 일요일,음료가 맛있어요_음식이 맛있어요_매장이 넓어요_대화하기 좋아요_매장이 청결해요_
1952498498,치치6837,휘낭시에넘맛나요ㅠㅠㅠ엉엉,2026년 6월 14일 일요일,커피가 맛있어요_디저트가 맛있어요_빵이 맛있어요_특별한 메뉴가 있어요_매장이 넓어요_
1952498498,안녕하세요178,율무크림라떼진짜맛있어요추천받고왔는데휘낭시에도빠작촉촉너무맛있어요ㅠㅠ이거먹으러다시전주오고싶을것같아요...🥹❤️,2026년 6월 14일 일요일,커피가 맛있어요_디저트가 맛있어요_빵이 맛있어요_음료가 맛있어요_음식이 맛있어요_
1952498498,aer****,커피가진짜맛있어요!흐린날왔는데분위기가더좋네요,2026년 6월 14일 일요일,커피가 맛있어요_컨셉이 독특해요_차분한 분위기예요_
1952498498,날아ㅋ,휘낭시에맛집~~~,2026년 6월 14일 일요일,커피가 맛있어요_빵이 맛있어요_매장이 넓어요_차분한 분위기예요_
1952498498,cha****,올때마다편안한카페좋아요,2026년 6월 14일 일요일,커피가 맛있어요_디저트가 맛있어요_매장이 넓어요_음악이 좋아요_
1952498498,boo****,맛잇고분위기도조아욤,2026년 6월 14일 일요일,디저트가 맛있어요_음료가 맛있어요_음악이 좋아요_아늑해요_
1952498498,얼짱7640,느좋카페그자체입니다.휘낭시에너무맛있고커피도맛있어요.직원분들도친절해서기분좋게잘있다갑니다!,2026년 6월 14일 일요일,커피가 맛있어요_디저트가 맛있어요_차분한 분위기예요_인테리어가 멋져요_
1952498498,이민석25,달에2-3번은꼭가는카페입니다!!!분위기너무좋고휘낭시에도맛있고커피맛도좋아요!!!!!,2026년 6월 14일 일요일,커피가 맛있어요_디저트가 맛있어요_매장이 넓어요_차분한 분위기예요_음악이 좋아요_
1952498498,dbc****,맛있어요믿고먹어요,2026년 6월 14일 일요일,커피가 맛있어요_디저트가 맛있어요_
1952498498,화영4063,맛있어요!!,2026년 6월 14일 일요일,디저트가 맛있어요_커피가 맛있어요_매장이 넓어요_
1952498498,아이어아오아어,분위기가좋고커피도맛있어요!,2026년 6월 14일 일요일,디저트가 맛있어요_커피가 맛있어요_차분한 분위기예요_
1952498498,shi****,정말사랑하는분위기전주에있어행복합니다:),2026년 6월 14일 일요일,커피가 맛있어요_빵이 맛있어요_음악이 좋아요_
1952498498,kim****,분위기대박이에요!일상의지침을힐링으로풀수있는장소☺️,2026년 6월 14일 일요일,커피가 맛있어요_차분한 분위기예요_음악이 좋아요_컨셉이 독특해요_인테리어가 멋져요_
1952498498,kimr204,저번주엔좋은주방에갔다가이번주는이곳으로!디카페인커피는평평니제일맛잇어요!티도넘상콤하고깔끔하고!언제와도좋은평평이에요💚,2026년 6월 14일 일요일,커피가 맛있어요_디저트가 맛있어요_특별한 메뉴가 있어요_
1952498498,흰둥3494,감성카페~~주말을맞이해서시외로놀러가고싶어방문했어요ㅎㅎ넘넘만족합니닷,2026년 6월 14일 일요일,커피가 맛있어요_
1952498498,땡땡잉양말,항상와보고싶었던곳인데마들렌도너무맛있고음료도너무좋았습니다.평소감성을느낄만한장소?를방문한적없었는데평화와평화와서오랜만에치유를받고가요..다음에또방문할게요..🥹,2026년 6월 14일 일요일,커피가 맛있어요_디저트가 맛있어요_빵이 맛있어요_매장이 넓어요_친절해요_
1952498498,문세36,전주여행와서평화와평화와뽰어요카페가너무감각이고좋은글들이많아요사장님센스가좋으신것같아요남자친구가휘낭시게맛있다고다먹네요번창하세요,2026년 6월 14일 일요일,커피가 맛있어요_차가 맛있어요_디저트가 맛있어요_매장이 넓어요_
1952498498,sbh****,휘낭시에가진짜겉빠삭속쫀득!!너무맛있어요매장인테리어도너무이쁘고굿즈도다양해서구경하는맛왐빵👍🏻친구따라왔는데다음엔제가친구데리고올려구요,2026년 6월 14일 일요일,디저트가 맛있어요_음료가 맛있어요_매장이 넓어요_인테리어가 멋져요_친절해요_
1952498498,y9****,평소에휘낭시에좋아해서여행온김에저장하고왔는데휘낭시에도맛있고분위기도너무좋아서오길너무잘했다는생각이드는카페에요!!!!모든곳에정성가득한디테일들이…✨꼭와보세요😍,2026년 6월 14일 일요일,디저트가 맛있어요_특별한 메뉴가 있어요_매장이 넓어요_사진이 잘 나와요_인테리어가 멋져요_
1952498498,Zzz73,분위기도좋고음료도빨리나오고맛있어뇨♥,2026년 6월 14일 일요일,커피가 맛있어요_디저트가 맛있어요_특별한 메뉴가 있어요_매장이 넓어요_차분한 분위기예요_
1952498498,Zzangi,엽서가개성있고각자개성이있어서친구에게선물하기좋은엽서입니다!!친구들과대화하기도좋은느좋카라서완전재방문의사100%!!!!,2026년 6월 14일 일요일,커피가 맛있어요_디저트가 맛있어요_인테리어가 멋져요_사진이 잘 나와요_대화하기 좋아요_
1952498498,미스배쏘,커피맛있어요!주말엔사람이많아요🥹,2026년 6월 14일 일요일,커피가 맛있어요_
1952498498,kgk****,말차라떼가진짜너무맛있고다른블렌딩티가달달한데“장마”음료처럼시원하고상큼해서딱어울리는맛이라서기분좋은티였어요!!,2026년 6월 14일 일요일,커피가 맛있어요_디저트가 맛있어요_차분한 분위기예요_인테리어가 멋져요_사진이 잘 나와요_
1952498498,dohee1593,오랜만에평화와평화왔는데너무좋은거같아요.사람들이너무많고카페분위기가너무좋아요.,2026년 6월 14일 일요일,매장이 넓어요_단체모임 하기 좋아요_커피가 맛있어요_
1952498498,onlywonyy,왜휘낭시에맛집이라고하는지알겠네요너무맛있게잘먹고갑니다🤍인테리어도소품도전부완내스에요!!전주카페로왕추천!!,2026년 6월 14일 일요일,커피가 맛있어요_디저트가 맛있어요_빵이 맛있어요_음악이 좋아요_인테리어가 멋져요_
1952498498,So8664,아쀨굿따라라라라라분위기굿맛도굿굿,2026년 6월 14일 일요일,커피가 맛있어요_디저트가 맛있어요_컨셉이 독특해요_
1952498498,hyeok9556,훌륭합니다아주친구들이랑항상여기와요,2026년 6월 14일 일요일,커피가 맛있어요_매장이 넓어요_음악이 좋아요_
1952498498,낢2,여자친구랑왔는데매장도멋지고음료와디저트도맛있어요^^,2026년 6월 14일 일요일,디저트가 맛있어요_매장이 넓어요_매장이 청결해요_
1952498498,임수성45,볼거많고힙해요!휘낭시에짱맛잇음...,2026년 6월 14일 일요일,커피가 맛있어요_빵이 맛있어요_특별한 메뉴가 있어요_차분한 분위기예요_컨셉이 독특해요_
1952498498,난행복해용,볼거많고힙해요!휘낭시에짱맛잇음...,2026년 6월 14일 일요일,커피가 맛있어요_디저트가 맛있어요_차분한 분위기예요_음악이 좋아요_매장이 넓어요_
1952498498,sss95,감성좋은카페같아요,2026년 6월 14일 일요일,커피가 맛있어요_디저트가 맛있어요_음악이 좋아요_
1952498498,카페가삶,느좋카페~~하나하나정성이느껴지는공간이에용,2026년 6월 14일 일요일,커피가 맛있어요_디저트가 맛있어요_컨셉이 독특해요_인테리어가 멋져요_
1952498498,xxunaa,분위기가너무코지하고커피도맛있고친절해요또오고싶어요…🫠☕️,2026년 6월 14일 일요일,커피가 맛있어요_디저트가 맛있어요_매장이 넓어요_인테리어가 멋져요_뷰가 좋아요_
1952498498,yy0616yy,카페분위기도좋고휘낭시에랑커피도너무맛있어요카페직원분들도친절하시고전주오면꼭가보세요,2026년 6월 14일 일요일,커피가 맛있어요_디저트가 맛있어요_매장이 넓어요_음악이 좋아요_인테리어가 멋져요_
1952498498,b6****,커피정말맛있어요,2026년 6월 14일 일요일,커피가 맛있어요_매장이 넓어요_음악이 좋아요_차분한 분위기예요_컨셉이 독특해요_
1952498498,알바로시자,매장분위기굳드입니다요자장자장가,2026년 6월 13일 토요일,커피가 맛있어요_
1952498498,gpw****,분위기도좋고휘낭시에도너무너무맛있어요~~또또간집입니다,2026년 6월 13일 토요일,커피가 맛있어요_디저트가 맛있어요_특별한 메뉴가 있어요_
1952498498,김휘밧,밤에가니까분위기더좋아요휘낭시에도여전히맛있습니다녹차라떼진해서아주맛있어요,2026년 6월 13일 토요일,커피가 맛있어요_디저트가 맛있어요_매장이 넓어요_
1952498498,hjh****,편안한분위기에서좋은시간보냈어요.🙂전주에온다면다시방문할게요!,2026년 6월 13일 토요일,커피가 맛있어요_매장이 넓어요_음악이 좋아요_차분한 분위기예요_컨셉이 독특해요_
1952498498,아모98,평화와평화카페구경만하다가와봤는데아늑하고좋아요~~,2026년 6월 13일 토요일,음악이 좋아요_차분한 분위기예요_인테리어가 멋져요_컨셉이 독특해요_사진이 잘 나와요_
1952498498,임은정97,커피맛이너무맛있어요!!,2026년 6월 13일 토요일,커피가 맛있어요_매장이 넓어요_
1952498498,헝션40,휘낭시에맛집!!!일주일에한번씩껵오는!!!!,2026년 6월 13일 토요일,커피가 맛있어요_디저트가 맛있어요_빵이 맛있어요_특별한 메뉴가 있어요_메뉴 구성이 알차요_
1952498498,znl****,이곳은전주여행올때마다들리는최애카페랍니다!4-5년전에는지점이하나였는데벌써많이생겼네요!그만큼커피도맛있고블렌딩티도맛있어요👏👏전주분들평세권이라너무부럽습니다..🥺,2026년 6월 13일 토요일,커피가 맛있어요_특별한 메뉴가 있어요_인테리어가 멋져요_
1952498498,고고마34,드립백을마셔보고꼭와보고싶었는데매장에서마시는게훨씬더좋아요~분위기가차분하고다양한굿즈도있어서구경하는재미가있습니다.전주올때마다들를게요~!,2026년 6월 13일 토요일,커피가 맛있어요_매장이 넓어요_차분한 분위기예요_음악이 좋아요_
1952498498,정아728,매장도넓고특히계절티가너무특이하고맛있어요ㅠㅠ재방문의사있어요~,2026년 6월 13일 토요일,커피가 맛있어요_매장이 넓어요_단체모임 하기 좋아요_음악이 좋아요_차분한 분위기예요_
1952498498,슝규리댱댱,오늘은매장에자리가많아서편하게이용했어요ㅎㅎ휘낭시에맛집!-!❤️💛🤎,2026년 6월 13일 토요일,커피가 맛있어요_디저트가 맛있어요_매장이 넓어요_
1952498498,njs1357,오늘은매장에자리가많아서편하게이용했어요ㅎㅎ휘낭시에맛집!-!❤️💛🤎,2026년 6월 13일 토요일,커피가 맛있어요_디저트가 맛있어요_컨셉이 독특해요_
1952498498,sj05****,전주올때마다평평에꼭와요오래오래있어주세요!,2026년 6월 13일 토요일,커피가 맛있어요_디저트가 맛있어요_매장이 넓어요_음악이 좋아요_차분한 분위기예요_
1952498498,sun****,커피맛있어용휘낭시에빠작,2026년 6월 13일 토요일,커피가 맛있어요_디저트가 맛있어요_매장이 넓어요_음악이 좋아요_친절해요_
1952498498,수키수키데,휘낭시에가너무맛있고커피도고소하고딱!좋아요~!매장도많이시끄럽지않고대화하기좋은거같아요😊,2026년 6월 13일 토요일,커피가 맛있어요_디저트가 맛있어요_매장이 넓어요_단체모임 하기 좋아요_친절해요_
1952498498,아아메리카노22,들어오자마자시원하고조용하고좋아요커피랑휘낭시에도넘맛있음ㅠ,2026년 6월 13일 토요일,커피가 맛있어요_디저트가 맛있어요_매장이 넓어요_
1952498498,응짱55,커피맛있어용,2026년 6월 13일 토요일,커피가 맛있어요_디저트가 맛있어요_
1952498498,립,유명한분좋카말차가증말로맛이져요최고,2026년 6월 13일 토요일,커피가 맛있어요_음료가 맛있어요_
1952498498,jiye Seo,음료가맛있구분위기너무좋아요!!여름나기넘좋을것같아용,2026년 6월 13일 토요일,커피가 맛있어요_디저트가 맛있어요_매장이 넓어요_단체모임 하기 좋아요_친절해요_
1952498498,서귤,평화가느껴지는곳...🤍,2026년 6월 13일 토요일,디저트가 맛있어요_특별한 메뉴가 있어요_매장이 넓어요_음악이 좋아요_컨셉이 독특해요_
1952498498,우나예용,분느좋카너무좋아유~~시끌시끌맘편햐여굳드,2026년 6월 13일 토요일,커피가 맛있어요_빵이 맛있어요_특별한 메뉴가 있어요_매장이 넓어요_단체모임 하기 좋아요_
1952498498,im1,전주여행와서방문했는데분위기도좋고커피도맛있었어요!,2026년 6월 13일 토요일,커피가 맛있어요_디저트가 맛있어요_매장이 넓어요_차분한 분위기예요_컨셉이 독특해요_
1952498498,11g****,휘낭시에넘맛있고귀여운소품들보는재미가있는좋은공간입니당~~~~🔥🫶,2026년 6월 13일 토요일,디저트가 맛있어요_커피가 맛있어요_매장이 넓어요_인테리어가 멋져요_
1952498498,비오니니니,전주오면꼭오고싶었던카페..휘낭시에도맛있고매장분위기가너무좋아요🥺🫶🏻🫶🏻,2026년 6월 13일 토요일,디저트가 맛있어요_매장이 넓어요_음악이 좋아요_
1952498498,혤힘이,작년에방문하고1년만에온평화와평화이번엔주말에방문해서웨이팅이있어지만금방빠졌어요!!그리고커피랑휘낭시에는여전히너무마싯네용너무잘먹고갑니다!!,2026년 6월 13일 토요일,커피가 맛있어요_디저트가 맛있어요_빵이 맛있어요_매장이 넓어요_
1952498498,람지54,휘낭시에맛도리카페!커피종류도맛있어서전주오면추천하는카페!웨이팅이있지만기다려도좋을듯해요👍🏻,2026년 6월 13일 토요일,커피가 맛있어요_디저트가 맛있어요_음료가 맛있어요_매장이 넓어요_
1952498498,뿌니7270,평화와평화블로그만보다가직접방문했는데매장도넒고얘기하기도좋고분위기도넘넘좋어용~♡︎다음에또방문할게용,2026년 6월 13일 토요일,커피가 맛있어요_디저트가 맛있어요_매장이 넓어요_음악이 좋아요_차분한 분위기예요_
1952498498,fromhaean,처음방문해보는평평..기대했던것보다더좋아서너무나만족중입니다*⸌☻ັ⸍*휘낭시에도넘맛있고블렌딩티는정말여름을먹는맛이랄까요..다음전주방문에도꼭들리고싶은카페에요!,2026년 6월 13일 토요일,커피가 맛있어요_디저트가 맛있어요_인테리어가 멋져요_매장이 넓어요_친절해요_
1952498498,jsy****,커피가빨리나오고너무맛있고분위기가좋어요,2026년 6월 13일 토요일,커피가 맛있어요_특별한 메뉴가 있어요_매장이 넓어요_음악이 좋아요_차분한 분위기예요_
1952498498,did****,분위기도커피맛도너무좋아여휘낭시에종류도다양하고맛있어요!,2026년 6월 13일 토요일,커피가 맛있어요_디저트가 맛있어요_매장이 넓어요_차분한 분위기예요_컨셉이 독특해요_
1952498498,꾸르꾸르7828,제가찾던감성입니다.전주갬성잘즐기다갑니다앗,2026년 6월 13일 토요일,디저트가 맛있어요_빵이 맛있어요_매장이 넓어요_
1952498498,토드와마리,계속오고싶던카페인데와서너무좋아요!귀여운엽서랑굿즈들도있고분위기도좋고넓고탁트여서좋네용☕️,2026년 6월 13일 토요일,디저트가 맛있어요_매장이 넓어요_사진이 잘 나와요_인테리어가 멋져요_친절해요_
1952498498,dlw****,분위기도좋고커피도맛있어요!,2026년 6월 13일 토요일,커피가 맛있어요_특별한 메뉴가 있어요_빵이 맛있어요_매장이 넓어요_음악이 좋아요_
1952498498,hae****,넓고분위기좋아요음료도맛있고추천해요,2026년 6월 13일 토요일,커피가 맛있어요_매장이 넓어요_차분한 분위기예요_
1952498498,sping3516,넓은공간과편안한분위기음료도맛있어서너무좋네요,2026년 6월 13일 토요일,커피가 맛있어요_매장이 넓어요_음악이 좋아요_차분한 분위기예요_
1952498498,YES531,여름티가너무제스타일입니다^^곳곳에재밌는포인트가많네요!또올게요,2026년 6월 13일 토요일,음료가 맛있어요_매장이 넓어요_
1952498498,JHi,전주여행왔다가유명해서들어와봤어요!점심시간쯔음오니까북적이지않구좋았습니당시원한드립커피랑아몬드플로랑탱시켰어요커피는고소하고깔끔했구아몬드플로랑탱은달달해서잘어울려요:)분위기도좋구중간중간적힌문구들읽는게재밌습니다~전주여행오면한번들러보세요🍀,2026년 6월 13일 토요일,커피가 맛있어요_디저트가 맛있어요_차분한 분위기예요_대화하기 좋아요_
1952498498,namumu,커피가너무맛있었어요구경할것도많아서시간보내기좋았어요,2026년 6월 13일 토요일,커피가 맛있어요_디저트가 맛있어요_매장이 넓어요_대화하기 좋아요_컨셉이 독특해요_
1952498498,김진족,잠깐전주올일이있어와보고싶던카페에와봤는데저녁에도분위기가너무좋아요!!♡다음에는휘낭시에도꼭먹어볼게용..!!!!,2026년 6월 12일 금요일,매장이 넓어요_음악이 좋아요_차분한 분위기예요_컨셉이 독특해요_인테리어가 멋져요_
1952498498,dla****,역시휘낭시에맛집답게시킨종류다넘맛있었구디카페인드립커피도고소하고너무맛있었어요!,2026년 6월 12일 금요일,커피가 맛있어요_디저트가 맛있어요_매장이 넓어요_
1952498498,dpq****,사진속에보이는것보다인테리어가훨씬예뻐요!!!기대없이입장했다가최애카페가되어벌임..🖤휘낭시에랑음료도너무마시써여..🤤,2026년 6월 12일 금요일,디저트가 맛있어요_빵이 맛있어요_매장이 넓어요_인테리어가 멋져요_
1952498498,chi****,사진속에보이는것보다인테리어가훨씬예뻐요!!!기대없이입장했다가최애카페가되어벌임..🖤휘낭시에랑음료도너무마시써여..🤤,2026년 6월 12일 금요일,커피가 맛있어요_디저트가 맛있어요_빵이 맛있어요_특별한 메뉴가 있어요_메뉴 구성이 알차요_
1990743046,나분홍,너무맛있어용☺,2026년 6월 15일 월요일,음식이 맛있어요_향신료가 강하지 않아요_메뉴 구성이 알차요_인테리어가 멋져요_사진이 잘 나와요_
1990743046,남민우199,호주식브런치가특이하면서맛있게잘먹었습니다.,2026년 6월 14일 일요일,음식이 맛있어요_특별한 메뉴가 있어요_인테리어가 멋져요_친절해요_
1990743046,kim****,맛있어요,2026년 6월 11일 목요일,음식이 맛있어요_재료가 신선해요_인테리어가 멋져요_친절해요_
1990743046,꽃뭉,맛있어요!!홍합스튜랑콘프리터랑같이먹어도어울려요,2026년 6월 10일 수요일,음식이 맛있어요_
1990743046,yik206204,음식이맛있고분위기가좋아요!,2026년 6월 9일 화요일,음식이 맛있어요_재료가 신선해요_인테리어가 멋져요_친절해요_
1990743046,오후님,전주여행중방문한헤이스트리트만석인걸보니현지인들픽인것같아요브런치도가볍게먹기좋도분위기도좋네요!,2026년 6월 9일 화요일,음식이 맛있어요_인테리어가 멋져요_친절해요_매장이 청결해요_
1990743046,tjf****,음식이예뻐요!!!맛있어요오세요~,2026년 6월 9일 화요일,음식이 맛있어요_재료가 신선해요_친절해요_
1990743046,새벽8170,처음방문했는데분위기좋고음식도맛있어요ㅎㅎ종종방문할것같아요,2026년 6월 7일 일요일,음식이 맛있어요_특별한 메뉴가 있어요_인테리어가 멋져요_컨셉이 독특해요_음악이 좋아요_
1990743046,jey****,맛있고깔끔해서좋아요!!,2026년 6월 6일 토요일,음식이 맛있어요_재료가 신선해요_야외공간이 멋져요_친절해요_매장이 청결해요_
1990743046,dav****,오랜만에왔는데역시맛있어요☺️👍🏻음식도예뻐서사진찍기좋습니다ㅎㅎ직원분들도친절하셔서좋았어요다음에또올게요~~🩵,2026년 6월 6일 토요일,음식이 맛있어요_특별한 메뉴가 있어요_대화하기 좋아요_친절해요_특별한 날 가기 좋아요_
1990743046,하루6490,음식도맛있고분위기도좋았어요!웨이팅이조금있었는데의자가있어서편하게기다리다가금방들어갔어요ㅎㅎㅎ,2026년 6월 6일 토요일,음식이 맛있어요_
1990743046,효자동불발빠닥,콘프리터생각나서왔어요ㅎㅎㅎ맛있어요🍀🍀🍀🍀🍀,2026년 6월 6일 토요일,음식이 맛있어요_재료가 신선해요_특별한 메뉴가 있어요_인테리어가 멋져요_
1990743046,gy9****,맛있게잘먹었습니당~~~~~!!!!,2026년 6월 5일 금요일,음식이 맛있어요_메뉴 구성이 알차요_
1990743046,선p,분위기좋고맛읶어여!!,2026년 6월 5일 금요일,음식이 맛있어요_재료가 신선해요_특별한 메뉴가 있어요_친절해요_인테리어가 멋져요_
1990743046,여쁘88,너무맛있어요!!브런치집으로강추드립니당!!!,2026년 6월 5일 금요일,음식이 맛있어요_재료가 신선해요_
1990743046,sjs****,처음방문했는데맛있게잘먹었습니다.매장도넓고인테리어도이뻐요!,2026년 6월 5일 금요일,음식이 맛있어요_인테리어가 멋져요_매장이 넓어요_친절해요_매장이 청결해요_
1990743046,hye****,너무맛있는곳또올게요!!,2026년 6월 5일 금요일,음식이 맛있어요_인테리어가 멋져요_매장이 청결해요_
1990743046,오즈8935,전주놀러왔다가생소한메뉴를팔길래방문해봤어요.콘프리터는맛표현을어떻게해야하나싶을정도로처음맛보고싱기한식감이에요!ㅋㅋㅋ근데루꼴라너무잘어울리구마싯댜...✨️하지만볶음밥존맛탱..!감칠맛넘치구반숙까지찰떡!!!소세지추가할껄엉엉울고가요.,2026년 6월 5일 금요일,음식이 맛있어요_특별한 메뉴가 있어요_인테리어가 멋져요_친절해요_매장이 청결해요_
1990743046,보람246,아이들과전주여행왔는데아침으로브런치카페에왔어요너무이쁜장소와맛있는브런치를먹고가서기분이너무좋네요!전주오면꼭다시들릴것같습니다!!,2026년 6월 5일 금요일,음식이 맛있어요_특별한 메뉴가 있어요_건강한 맛이에요_야외공간이 멋져요_매장이 청결해요_
1990743046,light8398,주방장이바뀐건지아니면사장님이바뀐건지아님레시피가바뀐건지..저번에왔을때웜샐러드는소스도많아서꾸덕하고견과류도많이들어있고양도많아서존맛탱이러고먹고자꾸생각났습니다.그런데이번웜샐러드는소스를아꼈는지소스가안묻은것도많고기름만많고견과류는5개정도있었어요..양도확실히줄은것같아서물어보니접시만바뀌고그람수재서나온다는데뭐..아무튼한번씩생각나던맛집이었는데이제는생각나지않을것같아아쉬운마음에리뷰남깁니다..사진은몇개먹고아쉬운마음에찍은사진입니다.사진상으로만봐도그꾸덕한소스가없고기름가득..,2026년 6월 3일 수요일,음식이 맛있어요_특별한 메뉴가 있어요_건강한 맛이에요_야외공간이 멋져요_매장이 청결해요_
1990743046,진냥이,예전에호주에서먹어봤던그맛그대로에요.브랙퍼스트맛있게하믄데가흔치않은데몇년전에와보고생각나서전주온김에또들렸어요ㅎㅎ전주오면콩나물국밥보다여기가더생각납니다ㅋ,2026년 6월 3일 수요일,음식이 맛있어요_재료가 신선해요_특별한 메뉴가 있어요_친절해요_
1990743046,woo****,호주식음식도전해보려고왔어요.맛있어서만족합니다.,2026년 6월 3일 수요일,음식이 맛있어요_특별한 메뉴가 있어요_
1990743046,04w****,가게도너무예쁘고직원분들도너무친절하세요❣️특히웜샐러드가너무너무맛있네요꼭꼭꼭시켜드세요😭유명한만큼너무좋은시간보내고좋은음식먹고가네요☺️전주브런치일등인정입니다👍,2026년 6월 3일 수요일,특별한 메뉴가 있어요_인테리어가 멋져요_친절해요_매장이 청결해요_특별한 날 가기 좋아요_
1990743046,dus****,너무맛있어요~~,2026년 6월 3일 수요일,음식이 맛있어요_재료가 신선해요_양이 많아요_특별한 메뉴가 있어요_
1990743046,Kyle3168,객리단길유명한브런치카페라서방문했습니다~콘프린터가정말별미로맛있고칠리머슬이취향저격입니다~~,2026년 6월 3일 수요일,음식이 맛있어요_인테리어가 멋져요_친절해요_매장이 청결해요_
1990743046,상큼맘039,맛있어요~,2026년 6월 3일 수요일,음식이 맛있어요_재료가 신선해요_
1990743046,윤댕1192,호주는안가봤으나호주를안가도될거같아요.브런치기분이좋고맛도끝내줘요👍,2026년 6월 3일 수요일,음식이 맛있어요_특별한 메뉴가 있어요_디저트가 맛있어요_현지 맛에 가까워요_인테리어가 멋져요_
1990743046,ㅊㅎㅇ1020,분위기도너무좋고맛있어요,2026년 6월 1일 월요일,인테리어가 멋져요_매장이 넓어요_음식이 맛있어요_
1990743046,조달팽2,여자친구랑브런치가먹고싶어서검색했는데가장맛있다는평이많아서방문했습니다!!에그베네틱은고소하니넘맛있고홍합스튜는부드럽고매콤하니너무맛도리였습니당ㅎㅎ다시재방문할것같아요!!ㅎㅎ,2026년 6월 1일 월요일,음식이 맛있어요_재료가 신선해요_특별한 메뉴가 있어요_메뉴 구성이 알차요_인테리어가 멋져요_
1990743046,용가리9,진실의렌즈를통과한맛입니다.호주브런치를경험해볼수있다는것도장점인데너무너무맛있어요.칠리머슬콘플리터그리고웜샐러드까지양도적당하고아내랑정말맛있게먹었습니다.감사해요.,2026년 6월 1일 월요일,음식이 맛있어요_특별한 메뉴가 있어요_재료가 신선해요_인테리어가 멋져요_
1990743046,clh903,전주에서유명한브런치카페처음방문해봤어요ㅎㅎ만족스러워요~><,2026년 5월 30일 토요일,음식이 맛있어요_재료가 신선해요_인테리어가 멋져요_단체모임 하기 좋아요_컨셉이 독특해요_
1990743046,nuyhe,오랜만에방문했는데변함없는맛과분위기에만족스로운시간을보냈습니다.,2026년 5월 30일 토요일,음식이 맛있어요_재료가 신선해요_특별한 메뉴가 있어요_단체모임 하기 좋아요_매장이 청결해요_
1990743046,qoq****,파블로바팬케이크따뜻하고브런치로먹기좋아요멜버른블랙퍼스트티부드럽고달콤한티에요,2026년 5월 25일 월요일,특별한 메뉴가 있어요_디저트가 맛있어요_인테리어가 멋져요_친절해요_
1990743046,pp****,파스타양이적어져서아쉬워요샌드위치는맛있게잘먹었어요,2026년 5월 25일 월요일,음식이 맛있어요_재료가 신선해요_가성비가 좋아요_친절해요_
1990743046,yan****,메뉴가다맛있어요!!스튜가품절이라아쉽습미다ㅜ,2026년 5월 25일 월요일,재료가 신선해요_음식이 맛있어요_
1990743046,갱쟈92,호주식브런치라해서기대하고도착했는데엄청엄청이쁘게정성스런음식이나왔어요~~~호주에서먹던칠리머슬!!아이를위한베이비치노천원이라니~~!!음식들이엄청이쁘기도하면서맛또한상상이상맛있어서싹싹다먹고왔어요.장소도예쁘고사장님이너무친절하셔요.나올땐꼭라떼한잔추천합니다,2026년 5월 24일 일요일,음식이 맛있어요_재료가 신선해요_특별한 메뉴가 있어요_인테리어가 멋져요_친절해요_
1990743046,Eunguzzi46,음식이맛있고분위기도좋아요!!지금날씨에테라스좋고데이트하기너무좋아요!,2026년 5월 24일 일요일,음식이 맛있어요_재료가 신선해요_인테리어가 멋져요_뷰가 좋아요_
1990743046,주월동별이누나,맛있어요~~메뉴도특이해서다시또오고싶어요,2026년 5월 24일 일요일,음식이 맛있어요_재료가 신선해요_
1990743046,minsu5658,지난번에왔다가또왔어요~~맛있습니다,2026년 5월 24일 일요일,음식이 맛있어요_재료가 신선해요_양이 많아요_특별한 메뉴가 있어요_가성비가 좋아요_
1990743046,행복한품바,정말맛나요ㅎㅎ전주찐맛집ㅎㅎ추천드려요,2026년 5월 23일 토요일,음식이 맛있어요_재료가 신선해요_매장이 넓어요_뷰가 좋아요_
2068753793,rla****,헤네시존맛이에용ㅜ,2026년 6월 15일 월요일,술이 다양해요_혼술하기 좋아요_음악이 좋아요_
2068753793,jbk****,분위기및친혼술바평일에즐겁게놀다갑니다~~!,2026년 6월 15일 월요일,술이 다양해요_음료가 맛있어요_기본 안주가 좋아요_혼술하기 좋아요_음악이 좋아요_
2068753793,mxxxn98,처음와봤는데칵테일도너무맛있어요🤤🤤담에또올게요~!~,2026년 6월 15일 월요일,음료가 맛있어요_음악이 좋아요_대화하기 좋아요_매장이 청결해요_
2068753793,애딩ㅇ,사장님이맛있고술이멋있어요😊,2026년 6월 15일 월요일,술이 다양해요_기본 안주가 좋아요_혼술하기 좋아요_대화하기 좋아요_
2068753793,ckd****,술도맛있고분위기가좋아요ㅎㅎ,2026년 6월 14일 일요일,술이 다양해요_음료가 맛있어요_기본 안주가 좋아요_혼술하기 좋아요_음악이 좋아요_
2068753793,qpa****,사장님이서비스도너무좋으시고혼술하기너무좋아요여기꼭오세요좋은인연만들수있습니다꼭오세요혼자와도잘챙겨주세요,2026년 6월 14일 일요일,술이 다양해요_음료가 맛있어요_혼술하기 좋아요_음악이 좋아요_컨셉이 독특해요_
2068753793,이진희82,술도너무맛있거분위기더좋고직원분도너무친절하세용혼자오기도너무너무조음ㅎㅎ추천드려여,2026년 6월 13일 토요일,술이 다양해요_음료가 맛있어요_혼술하기 좋아요_음악이 좋아요_대화하기 좋아요_
2068753793,whw****,가끔시간있을때방문하지만분위기너무좋아요,2026년 6월 13일 토요일,술이 다양해요_음료가 맛있어요_대화하기 좋아요_음악이 좋아요_친절해요_
2068753793,kyultae,분위기좋고친절하고혼술하기에너무좋은야화~~많이들찾아주세요!!전주웨리단길정말핫한혼술바🫶🫶🫶,2026년 6월 13일 토요일,술이 다양해요_음료가 맛있어요_혼술하기 좋아요_음악이 좋아요_대화하기 좋아요_
2068753793,suy****,사장님과알바생분들이친절하고재밌어요!술도딱제스타일이고음악도시끄럽지않게적당해서대화하기편해요.어색하지않게분위기이끌어가주셔서내향인인저도편하게대화했어요!,2026년 6월 13일 토요일,술이 다양해요_음료가 맛있어요_혼술하기 좋아요_대화하기 좋아요_친절해요_
2068753793,안녕3,분위기가적당히밝고잔잔해서좋고술이달달해서너무맛있어요!새로운사람이랑잘어울릴수있는곳이고스몰토크하기너무좋은곳입니다!각박한세상에서따뜻함을느낄수있었습니다.그리고사장님이너무재밌습니다.,2026년 6월 13일 토요일,술이 다양해요_혼술하기 좋아요_음악이 좋아요_대화하기 좋아요_인테리어가 멋져요_
2068753793,윤현서6,매장이되게깔끔합니다.때로는소박하게때론시끌벅적하게!!매장사람들모두가낯가리며들어오다가도나갈때엔웃음지으며나가는모습이인상적이네요ㅎㅎ고민하시는분들망설이지말고편한마음으로가볍게오셔도좋을것같습니다.사장님번창하세요!!,2026년 6월 13일 토요일,음료가 맛있어요_혼술하기 좋아요_특별한 날 가기 좋아요_친절해요_매장이 청결해요_
2068753793,매직엉덩벙글,혼술바자체를처음왔었는데첫방문을야화로오길너무잘했다..혼자와도금방두루두루친해지고분위기도너무좋고인테리어도너무이뻐여..뭔가..포근포근대화가잘되는그런기분..💓혼자술마시고싶을때처음보는사람들이랑얘기하면서친해지고싶을때언제든오시는걸추천합미당..전다섯번넘게왓어여..짱이에요징짜🥺🥺한명이라도더왔으면하는마음에..💓사장님적게일하시구많이버세영💓💓,2026년 6월 12일 금요일,술이 다양해요_대화하기 좋아요_혼술하기 좋아요_음악이 좋아요_인테리어가 멋져요_
2068753793,JYR,간판부터이끌려서방문했어요분위기가진짜!좋아요!!!조명이랑인테리어가고급스러워요혼자방문하시는분들도많아서자연스럽게친해지는분위기에요!칵테일종료도다양하고맛있어요!사장님너무재밌으세요!방문하셔서좋은추억만드세요❤️❤️❤️,2026년 6월 12일 금요일,술이 다양해요_음료가 맛있어요_기본 안주가 좋아요_혼술하기 좋아요_친절해요_
2068753793,wnrdlseps,사장님이맛있고칵테일이멋있어요♡,2026년 6월 12일 금요일,기본 안주가 좋아요_대화하기 좋아요_매장이 청결해요_친절해요_
2068753793,김민혁2375,분위기가너무좋고노래도좋아요!,2026년 6월 12일 금요일,술이 다양해요_음료가 맛있어요_혼술하기 좋아요_
2068753793,욱짱78,분위기가너무좋고노래도좋아요!,2026년 6월 12일 금요일,술이 다양해요_혼술하기 좋아요_대화하기 좋아요_인테리어가 멋져요_차분한 분위기예요_
2068753793,코알라4092,처음와본야화친절한직원님덕에분위기즐겨요👍,2026년 6월 12일 금요일,술이 다양해요_음료가 맛있어요_대화하기 좋아요_혼술하기 좋아요_
2068753793,스위치온,전주여행왔는데너무좋은추억남기고갑니다.재밌게놀다갑니다항상번창하세요!!,2026년 6월 10일 수요일,술이 다양해요_음료가 맛있어요_혼술하기 좋아요_친절해요_매장이 청결해요_
2068753793,입닫고술이나먹어,친구랑평일에웨리단길걷다가분위기좋아보이는혼술바야화!분위기에이끌려들어가직원분과재밌게대화하며맛있게마셨습니다진짜추천!,2026년 6월 10일 수요일,혼술하기 좋아요_아늑해요_음악이 좋아요_차분한 분위기예요_음료가 맛있어요_
2068753793,카티스,웨리단길놀러왔는데분위기좋고너무재밌어요사장님너무친절해요~!!,2026년 6월 10일 수요일,술이 다양해요_음료가 맛있어요_혼술하기 좋아요_음악이 좋아요_대화하기 좋아요_
2068753793,수학의명가,혼술하러방문했는데분위기가정말좋았습니다.조명이은은해서편안하게술한잔하기좋았고사장님도친절하게응대해주셔서부담없이즐길수있었어요.위스키와안주퀄리티도만족스러웠고조용하게이야기나누거나혼자생각정리하며마시기에도좋은공간인것같습니다.혼술좋아하시는분들께추천드립니다.다음에도재방문할예정입니다:),2026년 6월 10일 수요일,술이 다양해요_혼술하기 좋아요_
2068753793,sxeoth,분위기ㅜ좋고혼자술마시러와도전혀부담없이있다갈수있을거같아요!전주혼자놀러왔거나심심할때오기에추천합니다!,2026년 6월 9일 화요일,술이 다양해요_기본 안주가 좋아요_혼술하기 좋아요_대화하기 좋아요_친절해요_
2068753793,잉교95,친구랑방문했는데대화하기에좋은분위기인것같아요혼자오신분들도편하게얘기하는분위기같았어요,2026년 6월 9일 화요일,술이 다양해요_음료가 맛있어요_기본 안주가 좋아요_대화하기 좋아요_친절해요_
2068753793,Eastman,음악이좋아요!그리구혼자와도같이놀기좋아요내향인인데함께즐길수있어요술도맛있음!!ㅎㅎ전주제일핫한혼술바라던데이유를알겠어요,2026년 6월 9일 화요일,혼술하기 좋아요_음악이 좋아요_대화하기 좋아요_술이 다양해요_친절해요_
2068753793,1827373827,완전단골됐어여❤️❤️사장님너무착하시고너무재밌고오시는분들이랑친해지는거넘재밌어여!!술도다맛있고관광객들뿐만아니라전주사람들도자주오게되는곳!!다들오셔서친구사귀고가세용ㅎㅎ오늘은혼자왔는데다들친해져서게임하구너무재밌네여!!ㅎㅎ평일인데도분위기너무좋은곳이에여다들여기서만나용전주웨리단길혼술바는여기가제일느좋ㅎㅎ!!,2026년 6월 9일 화요일,음료가 맛있어요_대화하기 좋아요_음악이 좋아요_매장이 청결해요_친절해요_
2068753793,dd3988,너무맛있고많이소심한사람이와도사장님이먼저말걸어주시고긴장푸는데도움을주셔서혼자오기너무좋아요와서다른사람들과게임도하고서로얘기를하며친해질수있어요웨리단길에새로생긴곳인데다른혼술바보다인기가많아요서비스도많이주시고보드게임도있어너무좋아요.(너무맛있고술술들어가다보니사진찍는걸깜빡해빈잔을찍었어요),2026년 6월 8일 월요일,술이 다양해요_음료가 맛있어요_혼술하기 좋아요_매장이 청결해요_친절해요_
2068753793,김혜연434,웨리단길혼술바중에는최고에요!분위기도편안하고사장님도친절하게대해주셔서어색하지않게대화하기좋습니다😊,2026년 6월 8일 월요일,술이 다양해요_음료가 맛있어요_혼술하기 좋아요_음악이 좋아요_대화하기 좋아요_
2068753793,roy****,오순도순대화하기봏은곳입니다!강추!,2026년 6월 8일 월요일,대화하기 좋아요_매장이 청결해요_
2068753793,안녕3,술이너무맛있습니당분위기너무좋고대화하기너무좋았습니다!다양한사람들을만날수있어서너무재밌었어요😁앞으로자주올거같아요!,2026년 6월 7일 일요일,음료가 맛있어요_혼술하기 좋아요_대화하기 좋아요_아늑해요_친절해요_
2068753793,rng****,웨리단길혼술바인데칵테일맛있어요,2026년 6월 7일 일요일,술이 다양해요_음료가 맛있어요_기본 안주가 좋아요_혼술하기 좋아요_음악이 좋아요_
2068753793,axo****,전주웨리단길혼술하기너무좋고분위기도좋아요제가많이낯가림이심한데사장님이대화도해주시고다른분들과대화하기도편했어요꼭추천드립니다ㅎㅎ,2026년 6월 7일 일요일,술이 다양해요_음료가 맛있어요_혼술하기 좋아요_대화하기 좋아요_
2068753793,하루4397,음식에예민한데생각치도못하게맛있고사장님이친절하셔요.다음에또갈듯?,2026년 6월 7일 일요일,술이 다양해요_음식이 맛있어요_음료가 맛있어요_혼술하기 좋아요_혼밥하기 좋아요_
2068753793,Xmxmxl,오픈하시고두번째방문입니다:)공간이좋아서또생각나서찾아왔습니다.아무생각없이방문해서다양한지역직업을가진분들과새롭고경험해볼수없는대화나눌수있는공간이라생각이드네요.여유가흐르는공간..🌷,2026년 6월 7일 일요일,술이 다양해요_음료가 맛있어요_인테리어가 멋져요_혼술하기 좋아요_음악이 좋아요_
2068753793,ㅎㅎ1965,분위기가좋고칵테일이맛있어요!직원분?사장님?이친절하셔서지루할틈도없고너무조하요!진짜제일가는혼술바❤️너무행복한시간이였어요!!진짜추천합니당,2026년 6월 6일 토요일,술이 다양해요_음료가 맛있어요_혼술하기 좋아요_음악이 좋아요_대화하기 좋아요_
2068753793,gks****,혼자여행와서즐기기좋은것같아요!,2026년 6월 6일 토요일,술이 다양해요_혼술하기 좋아요_
2068753793,kyultae,전주웨리단길술집거리에놀러왔는데혼술바가있어서들어왔더니너무재밌게놀다갑니다~~전주혼술바는야화🫶🫶🫶,2026년 6월 6일 토요일,혼술하기 좋아요_대화하기 좋아요_아늑해요_술이 다양해요_음료가 맛있어요_
2068753793,프레디43,전주혼술바중에새로운사람들과어울리기가장좋은거같네요사장님이신경도써주시고덕분에좋은시간보내고갑니다,2026년 6월 6일 토요일,술이 다양해요_음료가 맛있어요_대화하기 좋아요_
2068753793,don****,가게분위기너무좋고사장님들ㄹㅇ친절해요혼자와도자연스레손님들이랑얘기할수있는분위기라부담없이오기좋아요,2026년 6월 6일 토요일,혼술하기 좋아요_인테리어가 멋져요_가성비가 좋아요_메뉴 구성이 알차요_술이 다양해요_
2068753793,천천히올라가자12,사장님매너서비스분위기너무좋고오신분들다느좋분들있어서즐겁게놀았어요~!술종류도너무좋고다음에도또올것같아요!,2026년 6월 6일 토요일,혼술하기 좋아요_음악이 좋아요_대화하기 좋아요_아늑해요_
2068753793,dbe****,분위기좋고술도맛있어요!,2026년 6월 5일 금요일,술이 다양해요_음료가 맛있어요_
2068753793,민이1898,안주도깔끔하게나와서혼술하러왔는데어색하지않고편하게머물다갈수있는분위기라만족했어요!재방문무조건입니다!!😁,2026년 6월 5일 금요일,술이 다양해요_음료가 맛있어요_혼술하기 좋아요_음악이 좋아요_대화하기 좋아요_
2068753793,kyultae,사장님도너무좋고기분도좋고분위기까지너무완벽해요~~~무조건강추많이들야화로놀러오세요🫶🫶,2026년 6월 5일 금요일,혼술하기 좋아요_대화하기 좋아요_
2068753793,이주헌3348,전주에혼술바가생겼다해서친구와와봤는데사람도많고직원분들도엄청친절하시고술도너무맛있어요직원분이특히친절하셔서즐거운시간보내고갑니다😁,2026년 6월 5일 금요일,혼술하기 좋아요_음악이 좋아요_대화하기 좋아요_컨셉이 독특해요_친절해요_
2068753793,완산구쯔,웨리단길혼술바가새로생겼다고해서처음이고혼자왔는데..너무친절하시고잘응대해주셔서감사합니다.혼술하시는분들강추드려요!!,2026년 6월 5일 금요일,술이 다양해요_혼술하기 좋아요_친절해요_
2068753793,우주최강7372,혼술바를처음왔는데분위기도너무좋고사장님께서주변분들과대화하기편하게대화를연결해주셔서너무좋습니다추천해주시는메뉴다만족하며마셨습니다혼자와서도부담없이즐길수있어서좋았어요,2026년 6월 4일 목요일,음료가 맛있어요_술이 다양해요_대화하기 좋아요_인테리어가 멋져요_
2068753793,kkk****,혼자오시는분들여기야화오시면진짜후회안해요사장님부터가루즈한걸안좋아해서분위기정말최곱니다,2026년 6월 4일 목요일,술이 다양해요_음료가 맛있어요_혼술하기 좋아요_
2068753793,ckd****,사장님이친절해서자주오는데칵테일도맛있고안주도잘챙겨주세요ㅎㅎ,2026년 6월 4일 목요일,술이 다양해요_음료가 맛있어요_기본 안주가 좋아요_특별한 메뉴가 있어요_혼술하기 좋아요_
2068753793,어떡하냐고시발,좋아요❤️❤️또오고싶어요,2026년 6월 3일 수요일,술이 다양해요_음료가 맛있어요_기본 안주가 좋아요_혼술하기 좋아요_음악이 좋아요_
2068753793,채린10,카타르시스좋아요~~좋아요~~🤤🤤🤤야화는올때마다분위기가좋은것같아요ㅎㅅㅎ❤️❤️,2026년 6월 3일 수요일,음악이 좋아요_아늑해요_음료가 맛있어요_친절해요_매장이 청결해요_
2068753793,이진희82,맛나고조아요혼술바분위기도좋고예쁘고웨리단길에서놀다가기도조아용,2026년 6월 3일 수요일,술이 다양해요_음료가 맛있어요_혼술하기 좋아요_대화하기 좋아요_컨셉이 독특해요_
2068753793,HISUAL0,맛있고분위기도좋아요!담에또올것같아용😋,2026년 6월 2일 화요일,혼술하기 좋아요_음료가 맛있어요_매장이 청결해요_친절해요_
2068753793,쁴잉v,사장님왕친절하고술왕왕맛있어요,2026년 6월 2일 화요일,술이 다양해요_음료가 맛있어요_기본 안주가 좋아요_
2068753793,rhk****,분위기가좋고사장님이친절하십니다!어색할줄알고걱정했는데편하게말도걸어주시고신선한경험했습니다👍🏻👍🏻어색할까두려우신분들편하게오셔도될것같아요,2026년 6월 2일 화요일,술이 다양해요_음료가 맛있어요_기본 안주가 좋아요_음악이 좋아요_혼술하기 좋아요_
2068753793,dls****,음악선곡이정말좋아서분위기에푹빠질수있는곳이었어요가게전체분위기도편안하고감성적이라친구들과이야기나누기좋았습니다사장님도친절하게응대해주셔서기분좋게시간을보냈네요음악분위기서비스까지모두만족스러웠던곳이라재방문의사있습니다,2026년 6월 1일 월요일,혼술하기 좋아요_인테리어가 멋져요_음악이 좋아요_음료가 맛있어요_술이 다양해요_
2068753793,훗쟈,혼술하기좋아요,2026년 6월 1일 월요일,술이 다양해요_음료가 맛있어요_혼술하기 좋아요_음악이 좋아요_
2068753793,1827373827,세번째리뷰입니당ㅎㅎ단골된것같아요ㅋㅋㅎ😊서비스도많이주시고칵테일너무맛있어요!혼자와도친구랑와도너무재밌는분위기에시간가는줄모르게떠들고게임하다갑니다!전주사시는분들여행온분들다양하게많이친해졌어요!전주혼술바는야화가최고ㅎㅎ!다들와보세용ㅎㅎ❤️,2026년 6월 1일 월요일,음료가 맛있어요_음악이 좋아요_대화하기 좋아요_친절해요_오래 머무르기 좋아요_
2068753793,tpe****,분위기가아늑하고조용해서혼자술한잔하기좋았습니다.바텐더분이친절하게칵테일을추천해주셔서편하게즐길수있었어요.술의퀄리티도좋고음악도적당한볼륨이라대화하거나생각정리하기좋았습니다.전주에서혼술하기좋은바를찾는다면다시방문하고싶은곳입니다.,2026년 6월 1일 월요일,술이 다양해요_음료가 맛있어요_기본 안주가 좋아요_혼술하기 좋아요_대화하기 좋아요_
2068753793,호8517,분위기좋고술도맛있고혼자서도편안하게와서즐기다갈수있는웨리단길혼술바야화!오늘도너무재밌게잘놀다가요🥰,2026년 6월 1일 월요일,술이 다양해요_음료가 맛있어요_혼술하기 좋아요_음악이 좋아요_친절해요_
2068753793,wie****,걷다가우연히발견한혼술바인데정말좋은곳인거같아요!!저는혼자왔는데직원?사장님?께서대화도열어주시고편안하게즐기디가는거같아요:)바에가면항상클래식으로먹는편인데클래식칵테일도정말괜찮은데시그니처칵테일은이름이정말예뻐서다음에또방문하면시도해보겠습니다!!!🥰,2026년 5월 31일 일요일,술이 다양해요_음악이 좋아요_대화하기 좋아요_혼술하기 좋아요_
2068753793,eod****,혼자놀기좋아하는어른들의최고의놀이터👍,2026년 5월 31일 일요일,술이 다양해요_혼술하기 좋아요_음악이 좋아요_대화하기 좋아요_사진이 잘 나와요_
2068753793,민이1898,혼자조용히한잔하기좋은곳이네요.분위기가편안하고음악소리도적당해서부담없이시간을보낼수있었습니다.직원분들도친절하고술종류가다양해서취향에맞게고르기좋았어요.안주도깔끔하게나와서술과잘어울렸습니다.혼술하러왔는데어색하지않고편하게머물다갈수있는분위기라만족했습니다.!!,2026년 5월 31일 일요일,술이 다양해요_혼술하기 좋아요_음악이 좋아요_대화하기 좋아요_
2068753793,초히19,분위기가좋아요!,2026년 5월 31일 일요일,술이 다양해요_음료가 맛있어요_기본 안주가 좋아요_대화하기 좋아요_인테리어가 멋져요_
2068753793,호8517,전주웨리단길혼술바찾으면야화🩷분위기도좋고혼자와도부담없이재밌게즐기다갈수있어서너무좋아요사장님두친절하시구!또올께요🥰,2026년 5월 31일 일요일,술이 다양해요_혼술하기 좋아요_음악이 좋아요_대화하기 좋아요_친절해요_
2068753793,아니뭔닉네임을다쓰고있디야,전주사람인데2차어디로갈까하다급하게들어간곳이였는데직원분들이너무친절하시고동생이랑같이갔는데근처에계신분들도매너가좋으셨어서기분좋게즐기다왔습니다~,2026년 5월 30일 토요일,술이 다양해요_음료가 맛있어요_기본 안주가 좋아요_파티하기 좋아요_친절해요_
2068753793,호8517,웨리단길에혼술바를검색했더니야화가있어서처음방문했는데분위기도너무좋고핫하네요혼자오기도좋고친구들이랑와도좋을것같아요또올께요😊👍,2026년 5월 30일 토요일,술이 다양해요_혼술하기 좋아요_음악이 좋아요_대화하기 좋아요_친절해요_
2068753793,rjs****,진짜지나가다가왔는데너무좋아요!,2026년 5월 30일 토요일,술이 다양해요_음료가 맛있어요_기본 안주가 좋아요_혼술하기 좋아요_대화하기 좋아요_
2068753793,노현호8992,술이맛있고분위기가너무좋아서다른사람추천할만힌슬집인거같아요,2026년 5월 30일 토요일,술이 다양해요_음료가 맛있어요_혼술하기 좋아요_음악이 좋아요_대화하기 좋아요_
2068753793,밍mig,은은한조명에감성적인인테리어라혼자앉아있어도전혀어색하지않고편안한느낌이구칵테일도비주얼이예쁘고맛도깔끔해서부담없이마시기조아요시끄러운술집분위기가아니라잔잔하게술한잔하면서하루마무리하기딱좋은공간!!,2026년 5월 29일 금요일,음악이 좋아요_기본 안주가 좋아요_
2068753793,ldh****,오늘2번째방문인데되게분위기도아늑하고전주에서여길찾으시는분들이가장많은것같은데그이유를알겠습니다다음에또올게요,2026년 5월 29일 금요일,혼술하기 좋아요_음악이 좋아요_대화하기 좋아요_아늑해요_음료가 맛있어요_
1479244783,먹는천국,전주여행중고기가너무먹고싶어왔어요!세트메뉴가너무좋았는데뼈삼겹이먹고싶어서바로!뼈삼겹으로진짜맛있어요ㅠㅠ묵사발기본된장국도나와요..리필도1회된데요..배불러서리필은못했지만미쳤어요ㅋㅋㅋ계란찜이포슬포슬맛있어서두개도전입니다~~,2026년 6월 13일 토요일,고기 질이 좋아요_메뉴 구성이 알차요_가성비가 좋아요_비싼 만큼 가치있어요_매장이 넓어요_
1479244783,띠용인디용,항상올때마다느끼지만고기도너무맛있구초벌에다구워주셔서먹기진짜너무편합니다☺️다음에또먹으러오겠습니다감사합니다🫶🏻🩷,2026년 6월 11일 목요일,고기 질이 좋아요_음식이 맛있어요_양이 많아요_특별한 메뉴가 있어요_가성비가 좋아요_
1479244783,cycycy28,맛있네요!,2026년 6월 10일 수요일,음식이 맛있어요_고기 질이 좋아요_인테리어가 멋져요_
1479244783,cla****,고기도맛있고볶음밥도넘맛있게잘먹고갑니다!특히된장술밥완전맛있어요!!다음에또방문할게요~,2026년 6월 10일 수요일,음식이 맛있어요_고기 질이 좋아요_매장이 넓어요_친절해요_직접 잘 구워줘요_
1479244783,min****,고기질부터맛과찬구성사이드메뉴까지완벽한구성이었습니다!!!타지에서놀러와서아주맛있게먹고갑니다~,2026년 6월 10일 수요일,음식이 맛있어요_고기 질이 좋아요_반찬이 잘 나와요_재료가 신선해요_메뉴 구성이 알차요_
1479244783,gjd****,고기가완전맛있고직원들이너무친절해요!!,2026년 6월 10일 수요일,음식이 맛있어요_고기 질이 좋아요_재료가 신선해요_인테리어가 멋져요_매장이 넓어요_
1479244783,san****,고기가완전맛있고직원들이너무친절해요!!,2026년 6월 9일 화요일,음식이 맛있어요_고기 질이 좋아요_친절해요_매장이 청결해요_직접 잘 구워줘요_
1479244783,uij****,친구들과전주놀러와서방문하게되었는데고기도직접구워주시고고기질도좋아서다음에또놀러올거같아요!,2026년 6월 9일 화요일,음식이 맛있어요_고기 질이 좋아요_매장이 청결해요_직접 잘 구워줘요_
1479244783,gsu****,친구들과전주놀러와서방문하게되었는데고기도직접구워주시고고기질도좋아서다음에또놀러올거같아요!,2026년 6월 9일 화요일,음식이 맛있어요_고기 질이 좋아요_매장이 넓어요_친절해요_
1479244783,Eileen12,밖에서보기만하다가들어와서먹었는데진짜맛있더라구요담엔애인데려오려구용💗,2026년 6월 9일 화요일,음식이 맛있어요_고기 질이 좋아요_인테리어가 멋져요_친절해요_매장이 청결해요_
1479244783,효자동가르시아,맛있어요,2026년 6월 9일 화요일,고기 질이 좋아요_음식이 맛있어요_양이 많아요_
1479244783,푸냥2,직접구워주시고맛있어요,2026년 6월 9일 화요일,음식이 맛있어요_
1479244783,10qp29wo,너무친절하고직접구워줘서편하고맛있어서또생각날거같아요~,2026년 6월 9일 화요일,고기 질이 좋아요_음식이 맛있어요_가성비가 좋아요_친절해요_직접 잘 구워줘요_
1479244783,춤입니다,양도많고맛도좋고꼭된장술밥드세요맛있어요~,2026년 6월 9일 화요일,음식이 맛있어요_양이 많아요_특별한 메뉴가 있어요_가성비가 좋아요_
1479244783,이새롬4673,고기도직접구워주시고맛있어용,2026년 6월 7일 일요일,고기 질이 좋아요_음식이 맛있어요_
1479244783,참치oo,몽유도전에도몇번왔는데올때마다맛있게먹고갑니다~~,2026년 6월 7일 일요일,음식이 맛있어요_고기 질이 좋아요_양이 많아요_특별한 메뉴가 있어요_가성비가 좋아요_
1479244783,뽀빠이1929,친절하게다일일히구워주시고매장도깨끗하고쾌적해서너무좋았어요!다음에도또오고싶어용,2026년 6월 7일 일요일,음식이 맛있어요_차분한 분위기예요_친절해요_직접 잘 구워줘요_매장이 청결해요_
1479244783,mn****,고기가야들야들구워주셔서너무편하게먹고왔어요!데이트로도좋고친구들끼리회식도좋을거같아여~!밑반찬들도맛있슴니다저녁맛있게먹고왓슴니당,2026년 6월 7일 일요일,음식이 맛있어요_고기 질이 좋아요_
1479244783,히키코모리54,맛있고직원이친절해요!,2026년 6월 7일 일요일,음식이 맛있어요_인테리어가 멋져요_친절해요_
1479244783,준준5894,마싯어요,2026년 6월 7일 일요일,음식이 맛있어요_
1479244783,AIRY,고기좋음허나………..구워주는사람에따라맛이굉장히달라지는데ㅠㅠ좋은고기를가지고……..가게는바쁘니까불만쎄게해서다태워버리고그을리고고기추가할때마다와서구워야하니까직원들만죽어남..또고기집인데쌈채소값을받고인권비를여기서땡겨버리는이상한…?고기는맛있는데..개선하면훨씬운영에좋을듯…그리고고객충전기없고ㅜ머리끈구비안되어잇고ㅜ고급분위기음식점에비해서비스가너무없음ㅜㅜ알바생은친절한데여긴운영에문제가…,2026년 6월 6일 토요일,차분한 분위기예요_인테리어가 멋져요_친절해요_직접 잘 구워줘요_특별한 날 가기 좋아요_
1479244783,정현빈28,고기가숙성된거라그런지그냥삼겹보다맛도좋고반찬도고루나와서곁들여먹으면정말맛있어요!조명도그렇고인테리어도그렇고아늑한느낌이좋아요🤗🤗,2026년 6월 5일 금요일,고기 질이 좋아요_음식이 맛있어요_반찬이 잘 나와요_재료가 신선해요_아늑해요_
1479244783,이희민5,오랜만에왔는데더맛있어진거같아요자주올게요,2026년 6월 5일 금요일,음식이 맛있어요_친절해요_직접 잘 구워줘요_
1479244783,ㅎ ㅅ ㅎ s2,직접구워주시는데진짜맛있어요!!~!~2층에서먹었는데청결하고시원했습니다술밥도진짜맛있음👍👍,2026년 6월 4일 목요일,음식이 맛있어요_고기 질이 좋아요_친절해요_매장이 청결해요_직접 잘 구워줘요_
1479244783,Jipol,너무맛있어요!,2026년 6월 3일 수요일,음식이 맛있어요_고기 질이 좋아요_인테리어가 멋져요_친절해요_직접 잘 구워줘요_
1479244783,끼영이,친절하시고일단고기가맛있고엄청잘구워주십니다!맛있게잘먹었습니다.,2026년 6월 3일 수요일,음식이 맛있어요_매장이 넓어요_인테리어가 멋져요_친절해요_직접 잘 구워줘요_
1479244783,seoyouxg,평일저녁시간에웨이팅살짝하고들어왔는데매장도깔끔하고맛있어요-!,2026년 6월 3일 수요일,음식이 맛있어요_고기 질이 좋아요_특별한 메뉴가 있어요_
1479244783,깍뚜기95,오랜만에먹었는데정말맛있게잘먹었습니다ㅎㅎ볶음밥도맛있어요,2026년 6월 3일 수요일,음식이 맛있어요_고기 질이 좋아요_건강한 맛이에요_매장이 넓어요_음식이 빨리 나와요_
1479244783,hyunhyun66,맛있게잘구워주세요!!맛있습니다~~,2026년 6월 3일 수요일,음식이 맛있어요_
1479244783,영화처럼53,전주에가족여행왔다가급검색해서찾은고기집인데만족스럽게잘먹고갑니다.추천해요.,2026년 6월 3일 수요일,음식이 맛있어요_고기 질이 좋아요_친절해요_직접 잘 구워줘요_주차하기 편해요_
1479244783,did****,전주에가족여행왔다가급검색해서찾은고기집인데만족스럽게잘먹고갑니다.추천해요.,2026년 6월 3일 수요일,음식이 맛있어요_
1479244783,gi****,전주맛집입니다,2026년 6월 3일 수요일,양이 많아요_매장이 넓어요_단체모임 하기 좋아요_
1479244783,eun****,진짜맛있어요,2026년 6월 3일 수요일,음식이 맛있어요_고기 질이 좋아요_직접 잘 구워줘요_
1479244783,oo****,고기구워주시고...친절하시고....음식양많고....그저최고되시겠다...내가사는동네에도생겼으면좋겠다!!기본인시래기된장국이랑묵사발도맛있는데된장술밥미쳤어요다들시켜드세요,2026년 6월 3일 수요일,음식이 맛있어요_고기 질이 좋아요_양이 많아요_인테리어가 멋져요_
1479244783,bogusking,직접구워주니좋고맛도있어요,2026년 6월 3일 수요일,음식이 맛있어요_고기 질이 좋아요_메뉴 구성이 알차요_
1479244783,챌2e,잘먹었습니다~,2026년 6월 3일 수요일,음식이 맛있어요_고기 질이 좋아요_양이 많아요_특별한 메뉴가 있어요_인테리어가 멋져요_
1479244783,봄봄535,직접구워주셔서너무좋고맛있습니다~!!된장술밥은다음에와도또시켜먹을거예요,2026년 6월 3일 수요일,음식이 맛있어요_고기 질이 좋아요_직접 잘 구워줘요_매장이 청결해요_
1479244783,qkqhtorl77,맛잇어용,2026년 6월 2일 화요일,음식이 맛있어요_고기 질이 좋아요_반찬이 잘 나와요_직접 잘 구워줘요_
1479244783,00003,너무맛있어서사진이초라하지만담에도전주오면꼭방문하고싶은집이예요,2026년 6월 2일 화요일,음식이 맛있어요_고기 질이 좋아요_양이 많아요_인테리어가 멋져요_매장이 넓어요_
1479244783,융811,뼈삼겹진짜맛있어요~직접구워주셔서편하고사이드반찬도하나하나맛있어요~,2026년 6월 2일 화요일,음식이 맛있어요_고기 질이 좋아요_친절해요_직접 잘 구워줘요_
1479244783,Zee517,직접구워주시고맛있어요!,2026년 6월 2일 화요일,음식이 맛있어요_비싼 만큼 가치있어요_차분한 분위기예요_매장이 넓어요_
1479244783,종표,너무맛있어요잘먹었습니다.,2026년 6월 2일 화요일,음식이 맛있어요_양이 많아요_특별한 메뉴가 있어요_
1479244783,자몽맛 푸딩,양많고진빠맛있어요!사이드도많고좋아요!,2026년 6월 2일 화요일,음식이 맛있어요_고기 질이 좋아요_양이 많아요_단체모임 하기 좋아요_
1479244783,조승호76,서비스도좋으시고고기가정말맛있어요!!,2026년 6월 1일 월요일,고기 질이 좋아요_
1479244783,낼81,고기맛있어요굿굿~또오고싶어요,2026년 6월 1일 월요일,음식이 맛있어요_고기 질이 좋아요_가성비가 좋아요_
1479244783,안용22,오랜만에왔는데여전히맛있습니다!,2026년 6월 1일 월요일,음식이 맛있어요_고기 질이 좋아요_
1479244783,컴맹3239,서비스가너무좋고맛있어욥!!!,2026년 6월 1일 월요일,음식이 맛있어요_고기 질이 좋아요_양이 많아요_인테리어가 멋져요_매장이 넓어요_
1479244783,jde****,된장술밥사진은없지만너무맛있어요..!고기도맛있고다음에또올게요ㅎㅎ,2026년 6월 1일 월요일,음식이 맛있어요_고기 질이 좋아요_매장이 넓어요_
1479244783,rla****,여자친구랑처음으로와봤는데고기도직접구워주시고주차도편하고정말좋아요!!,2026년 5월 30일 토요일,음식이 맛있어요_고기 질이 좋아요_친절해요_매장이 청결해요_직접 잘 구워줘요_
1479244783,블랑쉬63,맛있어요:)올때마다만족,2026년 5월 30일 토요일,음식이 맛있어요_매장이 넓어요_매장이 청결해요_직접 잘 구워줘요_
1479244783,워메98,기본반찬깔끔하고고기두께도적당해서좋아요!,2026년 5월 30일 토요일,음식이 맛있어요_고기 질이 좋아요_특별한 메뉴가 있어요_
1479244783,덴마크 초코,고기가초벌해서나오고직접구워주세요~맛있어요ㅎㅎㅎ,2026년 5월 30일 토요일,음식이 맛있어요_고기 질이 좋아요_양이 많아요_매장이 넓어요_
1479244783,rhkddnjs8197,전주여행왔는데저녁식사로몽유도왔어요!!고기질이좋고너무맛있네요ㅎㅎ자주애용하겠습니다~,2026년 5월 30일 토요일,음식이 맛있어요_고기 질이 좋아요_
1479244783,우나710,전주여행와서처음왔는데너무맛있고사이드메뉴도좋아여!!,2026년 5월 30일 토요일,음식이 맛있어요_고기 질이 좋아요_
1479244783,shj****,양도많고맛있어요,2026년 5월 30일 토요일,음식이 맛있어요_고기 질이 좋아요_메뉴 구성이 알차요_직접 잘 구워줘요_매장이 청결해요_
1479244783,미스테리스릴러,맛있게잘먹었어요구워주셔서편했습니다~,2026년 5월 30일 토요일,반찬이 잘 나와요_인테리어가 멋져요_아늑해요_
1479244783,ang****,삼겹살이신선하고부드러워서맛있게먹었고직원분들도친절해서만족스러웠습니다.,2026년 5월 30일 토요일,음식이 맛있어요_고기 질이 좋아요_재료가 신선해요_
1479244783,smi****,삼겹살이신선하고부드러워서맛있게먹었고직원분들도친절해서만족스러웠습니다.,2026년 5월 29일 금요일,음식이 맛있어요_고기 질이 좋아요_매장이 넓어요_친절해요_매장이 청결해요_
1479244783,harokmoon,반찬너무잘나오고무엇보다고기가맛있어서다음에또올거같아요ㅎㅎ,2026년 5월 29일 금요일,음식이 맛있어요_반찬이 잘 나와요_메뉴 구성이 알차요_인테리어가 멋져요_친절해요_
1479244783,최유정5234,서비스맛친절함어느하나다빠지는거없이너무완벽한전주최고의맛집이에용🩷🩷재방문만여러번째,2026년 5월 29일 금요일,음식이 맛있어요_고기 질이 좋아요_양이 많아요_매장이 넓어요_혼밥하기 좋아요_
1228549320,김주희3628,넘맛있게잘먹었습니다~!!,2026년 6월 14일 일요일,재료가 신선해요_현지 맛에 가까워요_양이 많아요_특별한 메뉴가 있어요_
1228549320,stardd,매장너무예쁘고타코도맛있어요리뷰이벤트도감사합니다객사오면꼭드세요~😀🤤,2026년 6월 14일 일요일,음식이 맛있어요_재료가 신선해요_인테리어가 멋져요_사진이 잘 나와요_매장이 넓어요_
1228549320,1uvy,인테리어도이국적으로예쁘고음식도맛있을것같아요~,2026년 6월 13일 토요일,코스요_리가 알차요_특별한 메뉴가 있어요_인테리어가 멋져요_
1228549320,song3178,맛있었슴다~~~!😎,2026년 6월 13일 토요일,음식이 맛있어요_재료가 신선해요_인테리어가 멋져요_매장이 넓어요_
1228549320,aoimonowa,가게인테리어가예쁘고직원분들이엄청친절하세요😽5번넘게방문했는데올때마다여전히양많고맛있습니다👐🏻👍🏻,2026년 6월 13일 토요일,음식이 맛있어요_양이 많아요_인테리어가 멋져요_친절해요_매장이 청결해요_
1228549320,구구57,힙한느낌의멕시코를느끼고싶으면추천!!인테리어나음식모두멋져요!타코도추천합니당,2026년 6월 13일 토요일,인테리어가 멋져요_컨셉이 독특해요_음식이 맛있어요_재료가 신선해요_
1228549320,dlw****,전주여행온김에타코먹으러깁미타코전주점방문했습니다~아침에오픈에맞춰갔는데웨이팅없이들어갔습니다재료도신선하고기본나쵸까지너무맛있게잘먹고왔습니다추천합니다~,2026년 6월 13일 토요일,음식이 맛있어요_재료가 신선해요_인테리어가 멋져요_단체모임 하기 좋아요_친절해요_
1228549320,두두8795,남편이타코를좋아해서첫방문때친구들과맛있게먹었던기억으로두번째방문을했습니다🤘남편입맛에도맞아서다행이었습니다~퀘사디아는이번에처음먹어봤는데안에치즈가듬뿍들어있어타코한입퀘사디아한입번갈아가며먹어도👍👍👍,2026년 6월 12일 금요일,음식이 맛있어요_재료가 신선해요_양이 많아요_특별한 메뉴가 있어요_비싼 만큼 가치있어요_
1228549320,모모894,와전주맛집이에요타코드시고싶으시면깊미타코에요!,2026년 6월 11일 목요일,음식이 맛있어요_재료가 신선해요_인테리어가 멋져요_친절해요_
1228549320,먹는냑,🍽️2인세트B고기도종류별로다양하고타코도신선하고너무맛있어요!!양완전많아요ㅋㅋㅋ,2026년 6월 11일 목요일,음식이 맛있어요_현지 맛에 가까워요_특별한 메뉴가 있어요_인테리어가 멋져요_매장이 넓어요_
1228549320,아롱디리아,음식맛도좋고재료가신선해서만족스러운식사였습니다.타코가푸짐하고소스조합도잘어울려맛있게먹었습니다.매장분위기가깔끔하고직원분들도친절했습니다.주문한메뉴가빠르게나와서편하게식사할수있었습니다.근처에오게되면다시방문하고싶은곳입니다.,2026년 6월 10일 수요일,음식이 맛있어요_재료가 신선해요_현지 맛에 가까워요_인테리어가 멋져요_친절해요_
1228549320,dem****,타코찐으론처음먹어보는데완전갬성있는맛(?)이에요ㅋㅋㅋㅋ또방문의사있습니다!,2026년 6월 10일 수요일,음식이 맛있어요_현지 맛에 가까워요_코스요_리가 알차요_가성비가 좋아요_양이 많아요_
1228549320,일격필살51,세트B먹었는데둘이서먹기딱좋고맛있습니다ㅎㅎ타코나멕시코음식먹고싶으면오면될듯?,2026년 6월 10일 수요일,음식이 맛있어요_인테리어가 멋져요_특별한 날 가기 좋아요_
1228549320,귤이86,양이증말많네여짱맛!!!,2026년 6월 9일 화요일,음식이 맛있어요_재료가 신선해요_현지 맛에 가까워요_코스요_리가 알차요_
1228549320,알콤,메뉴구성이알차고음식이다맛있어요!매장분위기도좋아요,2026년 6월 8일 월요일,음식이 맛있어요_재료가 신선해요_아늑해요_인테리어가 멋져요_매장이 넓어요_
1228549320,가르랑80,맛있게정말잘먹었어요~!!!메뉴도구성도아주좋아요!!추천합니다~!!!,2026년 6월 8일 월요일,음식이 맛있어요_재료가 신선해요_현지 맛에 가까워요_코스요_리가 알차요_인테리어가 멋져요_
1228549320,Tjejdgns,분위기가너무좋고음식이너무맛있어요~,2026년 6월 7일 일요일,음식이 맛있어요_재료가 신선해요_현지 맛에 가까워요_인테리어가 멋져요_매장이 넓어요_
1228549320,djc****,주문할때고수를뺄수있어서너무좋았고바삭한코코넛쉬림프타코랑치즈가득한비프퀘사디아둘다정말맛있었어요!세트메뉴가성비도좋고양도든든해서객사갈때마다생각날것같은맛집입니다!,2026년 6월 7일 일요일,음식이 맛있어요_현지 맛에 가까워요_사진이 잘 나와요_인테리어가 멋져요_친절해요_
1228549320,파워퍼프경,분위기가좋아서요즘시기에저녁에맥주하기좋습니다.,2026년 6월 6일 토요일,음식이 맛있어요_친절해요_매장이 청결해요_인테리어가 멋져요_
1228549320,Leomama,맛나욥,2026년 6월 6일 토요일,음식이 맛있어요_재료가 신선해요_인테리어가 멋져요_
1228549320,제이든89,진짜멕시코같은인테리어가참감성적이라눈이먼저즐거웠는데퀘사디아랑타코는정말가보지못했지만멕시코가느껴졌어요특히퀘사디아는무적권시키세요명령이예요,2026년 6월 6일 토요일,음식이 맛있어요_현지 맛에 가까워요_재료가 신선해요_컨셉이 독특해요_인테리어가 멋져요_
1228549320,rawon2,너무맛있어서자주오는곳이에요!!좋은음식맛있게해주셔서너무감사합니다!!또올께요!!,2026년 6월 5일 금요일,음식이 맛있어요_재료가 신선해요_현지 맛에 가까워요_코스요_리가 알차요_인테리어가 멋져요_
1228549320,emd****,맛있어요직원분들도엄청친절하셨어요,2026년 6월 5일 금요일,음식이 맛있어요_가성비가 좋아요_매장이 넓어요_친절해요_
1228549320,굿세라킹,멕시코요리먹고싶어서왔어요맛있네요분위기도좋아요,2026년 6월 5일 금요일,음식이 맛있어요_재료가 신선해요_인테리어가 멋져요_친절해요_특별한 날 가기 좋아요_
1228549320,초밥눈썹,타코먹으러항상오는맛집이에요!!!!!세트메뉴도있고설명도잘되어있어서고민없이주문할수있습니다🩵평일1시넘어서갓더니웨이팅은없었어요!!,2026년 6월 5일 금요일,음식이 맛있어요_혼밥하기 좋아요_친절해요_
1228549320,효자동먹보,너무맛있어용매일먹고싶어용~양도많아서배터진다요라면도빼놓을수없음..놓치지않을거에옹오늘도잘먹고갑니다!!,2026년 6월 5일 금요일,음식이 맛있어요_재료가 신선해요_현지 맛에 가까워요_코스요_리가 알차요_가성비가 좋아요_
1228549320,가보자고우유,소개팅할땐못오겠지만친구들이랑올때는최고입니다…치미창가는꼭드세요..!,2026년 6월 4일 목요일,음식이 맛있어요_매장이 넓어요_
1228549320,lim****,너무맛있어요!!!!,2026년 6월 4일 목요일,음식이 맛있어요_재료가 신선해요_현지 맛에 가까워요_인테리어가 멋져요_
1228549320,ymhssss8,맛있어요!,2026년 6월 4일 목요일,음식이 맛있어요_재료가 신선해요_인테리어가 멋져요_친절해요_매장이 청결해요_
1228549320,헴이24,두번째방문인데저번보다더맛잇게잘먹었어요!!새로나온칠리스도넘맛있구요!!잘먹었습니다~~,2026년 6월 4일 목요일,음식이 맛있어요_코스요_리가 알차요_인테리어가 멋져요_매장이 넓어요_친절해요_
1228549320,ddooin,유명해서방문햇는데이유가있네요!푸짐한건물론이고너무맛있어요!!내용물도알차고소스하나하나다맛있네요!타코좋아하신다면꼭방문해보세요~,2026년 6월 3일 수요일,음식이 맛있어요_재료가 신선해요_코스요_리가 알차요_메뉴 구성이 알차요_인테리어가 멋져요_
1228549320,장건우55,오픈할때가도사람이많고그만큼맛있어요!!,2026년 6월 3일 수요일,음식이 맛있어요_현지 맛에 가까워요_양이 많아요_인테리어가 멋져요_화장실이 깨끗해요_
1228549320,최코칩,주기적으로찾는깁미타코!!전주에서타코먹으려면깁미타코입니다사이드메뉴도좋아요!!,2026년 6월 2일 화요일,음식이 맛있어요_재료가 신선해요_현지 맛에 가까워요_코스요_리가 알차요_인테리어가 멋져요_
1228549320,dg****,멕시코에온것같은착각을불러일으키는음식들다너무맛있습니다.그리고모자쓰고있으면제공해주는써비스!너무재미있고알차고좋아요~~쾌적한장소에서친구들과좋은시간보내고싶으시다면깁미타코강추입니다,2026년 6월 2일 화요일,음식이 맛있어요_코스요_리가 알차요_매장이 넓어요_매장이 청결해요_친절해요_
1228549320,효자동먹보,맛있는~깁미타코~오늘은치즈스틱2개먹었어용~퀘사디아멕룽지도넘맛있음라면도꼭시켜야해용잘먹고갑니당안녕~~,2026년 6월 2일 화요일,음식이 맛있어요_가성비가 좋아요_매장이 넓어요_
1228549320,DEVIL to RAYS,개성강한다양한타코,2026년 6월 2일 화요일,음식이 맛있어요_
1228549320,김준현2146,점심에오픈하자마자왔어요너무맛있는한상입니다객사오면무조건,2026년 6월 1일 월요일,음식이 맛있어요_재료가 신선해요_
1228549320,ysh****,특별한메뉴로너무좋았어요~아이도맛있게잘먹고분위기도멕시칸느낌나고서비스모자썼더니과카몰리도서비스로주셨어요!,2026년 5월 31일 일요일,특별한 메뉴가 있어요_가성비가 좋아요_메뉴 구성이 알차요_
1228549320,aali****,혼자갔는데너무먹고싶어서이것저것시켰더니양이엄청많았어요ㅋㅋ그래도맛있어서만족~!!다음에또방문할예정입니다:)🌮,2026년 5월 31일 일요일,음식이 맛있어요_인테리어가 멋져요_혼밥하기 좋아요_사진이 잘 나와요_
1228549320,ccw****,너무맛있습니다전주1등타코집,2026년 5월 31일 일요일,음식이 맛있어요_재료가 신선해요_양이 많아요_
1228549320,you****,음식이너무맛있어요!!!매장분위기도너무좋고직원님들도친절하셔서기분좋게식사했습니다~~번창하세요🩷🩷,2026년 5월 30일 토요일,음식이 맛있어요_재료가 신선해요_현지 맛에 가까워요_인테리어가 멋져요_매장이 넓어요_
1228549320,MlN0,맛있어요!2인용A세트했는데둘이서먹기에는꽤많았어요곱창치미추리타고상큼하고달달해서다른느끼한메뉴들에질릴때쯤먹으면좋은것같아요:),2026년 5월 30일 토요일,양이 많아요_특별한 메뉴가 있어요_인테리어가 멋져요_사진이 잘 나와요_컨셉이 독특해요_
1228549320,캐미컬X,전주여행중들른곳이에요너무분위기도좋구서비스도좋습니다~~~강추드려요,2026년 5월 30일 토요일,음식이 맛있어요_현지 맛에 가까워요_코스요_리가 알차요_
1228549320,JJ15,직원분들너무친절하시고푸짐하고맛있어요🤩전주타코1등!,2026년 5월 28일 목요일,음식이 맛있어요_재료가 신선해요_인테리어가 멋져요_매장이 넓어요_
1228549320,junnnn,항상잘먹고있습니당ㅎㅎㅎ오늘은소스가많아서유독더맛있어요ㅠㅠㅠㅠ💛💛,2026년 5월 28일 목요일,음식이 맛있어요_가성비가 좋아요_혼밥하기 좋아요_매장이 넓어요_친절해요_
1228549320,lim****,전주놀러와서방문했는데정말맛있어요!!담에또오고싶은맛이에요다들전주놀러오면꼭들리면좋을거같아요,2026년 5월 27일 수요일,음식이 맛있어요_재료가 신선해요_인테리어가 멋져요_혼밥하기 좋아요_
1228549320,이주원123,치폴레퀘사디아에계란후라이올리고소스와꼭함께먹어보세요.레전도리도리맛도리입니다.나의또간집이되어줘💍🧎,2026년 5월 27일 수요일,음식이 맛있어요_재료가 신선해요_현지 맛에 가까워요_코스요_리가 알차요_인테리어가 멋져요_
1228549320,kye****,최고맛잇어용~!!!,2026년 5월 25일 월요일,컨셉이 독특해요_친절해요_매장이 청결해요_특별한 날 가기 좋아요_음식이 맛있어요_
1228549320,ㄸㅇ2,계속생각나고맛있어요..양도많고가성비가좋아요~~!!!!객사오면깁미타코♥,2026년 5월 25일 월요일,음식이 맛있어요_가성비가 좋아요_매장이 넓어요_
1228549320,yunseo52,맛있어요ㅎㅎㅎ,2026년 5월 25일 월요일,음식이 맛있어요_현지 맛에 가까워요_인테리어가 멋져요_
1253081680,gnl****,양도많고재료도정성스럽게준비해서항상믿고먹습니다,2026년 6월 16일 화요일,음식이 맛있어요_재료가 신선해요_양이 많아요_특별한 메뉴가 있어요_혼밥하기 좋아요_
1253081680,앵두9405,너무너무맛있어요~~~~매일올때마다맛있게잘먹고갑니다!!신메뉴도너무맛있었어요!!,2026년 6월 14일 일요일,음식이 맛있어요_혼밥하기 좋아요_친절해요_매장이 청결해요_
1253081680,gml****,츠케멘이랑카라토리파이탄먹었는데진짜첫입에너무너무맛있었어용...기대많이하고갔는데도후회안되는맛...또올것같아용번창하세용💕💕,2026년 6월 14일 일요일,음식이 맛있어요_재료가 신선해요_인테리어가 멋져요_매장이 넓어요_매장이 청결해요_
1253081680,태가9557,이렇게맛있는라멘너무오랜만에먹어보는거같아요!비주얼로한번먹고맛으로한번더먹는거같아요!강추입니다!!,2026년 6월 14일 일요일,음식이 맛있어요_양이 많아요_
1253081680,강소미4162,면이탱글해요,2026년 6월 14일 일요일,음식이 맛있어요_양이 많아요_인테리어가 멋져요_친절해요_매장이 청결해요_
1253081680,sls****,자가제면이라면도맛있고국물에찍어먹는츠케멘도좋고닭육수가시원한토리파이탄도맛있어용최고,2026년 6월 14일 일요일,음식이 맛있어요_
1253081680,강아지0707,진짜맛있고최고에요!자주오게되고좋아요!,2026년 6월 14일 일요일,특별한 메뉴가 있어요_음식이 맛있어요_재료가 신선해요_현지 맛에 가까워요_매장이 넓어요_
1253081680,또머거죠,매장넓고깨끗해용양도엄청많구맛나요,2026년 6월 14일 일요일,음식이 맛있어요_재료가 신선해요_양이 많아요_특별한 메뉴가 있어요_
1253081680,보라도리3561,국물이진하고너무너무맛있었어요!,2026년 6월 14일 일요일,음식이 맛있어요_재료가 신선해요_잡내가 적어요_매장이 넓어요_친절해요_
1253081680,이종호60,양도많고맛있어요처음와봤는데다른메뉴먹으러다시오고싶어요,2026년 6월 14일 일요일,음식이 맛있어요_재료가 신선해요_
1253081680,우쭈쭈쭈7332,국물엄청진하고맛있어요다음에또올거에요,2026년 6월 14일 일요일,음식이 맛있어요_인테리어가 멋져요_
1253081680,sbe****,면이너무맛있어용!벌써두번째방문백합시오청탕드셔보세용!,2026년 6월 14일 일요일,음식이 맛있어요_재료가 신선해요_
1253081680,그라목손의 나날들,고기밥무조건먹기!!!,2026년 6월 14일 일요일,음식이 맛있어요_매장이 청결해요_
1253081680,kim****,전주에서라멘먹으면늘찾아오는곳입니다.이에케라멘너무맛있어서자주찾아옵니다.이에케라멘오래오래팔아주세요!,2026년 6월 14일 일요일,음식이 맛있어요_특별한 메뉴가 있어요_인테리어가 멋져요_혼밥하기 좋아요_친절해요_
1253081680,Wardell,하ㅠㅠ진짜너무맛있어요!!정말올때마다감동하고갑니당정말체고!!오늘은시간이잘맞아서웨이팅없이들어와서더좋았어요!!맛있게먹었어용담에또올게요!,2026년 6월 13일 토요일,음식이 맛있어요_재료가 신선해요_특별한 메뉴가 있어요_가성비가 좋아요_인테리어가 멋져요_
1253081680,델리만쥬5236,한입먹자마자생면이라그런가면이굉장히쫀득해서놀랐어요.카라츠케멘국물도적당히칼칼해서좋았습니다!!정말맛있었는데제위가너무작아서다못먹은게너무아쉬웠어요ㅠㅠ전주라멘집찾으시면강추합니다!!,2026년 6월 13일 토요일,음식이 맛있어요_양이 많아요_혼밥하기 좋아요_
1253081680,배지46,맛있는라면과오픈주방믿고먹능맛집도파멘맛있게먹고갑니다,2026년 6월 13일 토요일,음식이 맛있어요_혼밥하기 좋아요_친절해요_매장이 청결해요_
1253081680,섬규66,항상맛있게먹고있습니다츠케맨맛집👍👍,2026년 6월 13일 토요일,음식이 맛있어요_양이 많아요_재료가 신선해요_
1253081680,이주성12,오랜만에왔는데도변함없이진한육수와부드러운고명과특색있는면발이입에감기네요.잘먹었습니다😋,2026년 6월 13일 토요일,음식이 맛있어요_재료가 신선해요_특별한 메뉴가 있어요_가성비가 좋아요_혼밥하기 좋아요_
1253081680,까탈스러운입맛,만날다른라멘만먹다가아부라소바도맛있대서먹으루왔습니다.도파멘에파는다른라멘에뒤지지않게맛있네요.가끔먹을것같습니다.,2026년 6월 13일 토요일,음식이 맛있어요_가성비가 좋아요_음악이 좋아요_
1253081680,plm0920,오픈주방이라가게가청결하고깔끔합니다.라멘도맛있고가격도합리적입니다.,2026년 6월 13일 토요일,음식이 맛있어요_양이 많아요_특별한 메뉴가 있어요_인테리어가 멋져요_매장이 넓어요_
1253081680,HAJEN,라멘먹고싶어서왔어요.전주도파멘라멘으로유명한건알고있어서왔는데정말맛있네요!!🍜,2026년 6월 13일 토요일,음식이 맛있어요_재료가 신선해요_매장이 청결해요_
1253081680,my nameis,전주여행에서맛있게먹고갑니다:),2026년 6월 13일 토요일,음식이 맛있어요_
1253081680,우진4554,매장분위기도좋고서비스도좋았고츠케멘이랑라멘진짜맛있어요!!,2026년 6월 13일 토요일,음식이 맛있어요_재료가 신선해요_양이 많아요_인테리어가 멋져요_매장이 넓어요_
1253081680,jinmus,닭육수좋아해서토리파이탄먹으러왔는데부드럽고진짜맛있어요~😋,2026년 6월 13일 토요일,음식이 맛있어요_인테리어가 멋져요_
1253081680,don****,오랜만에와서먹는데역시라멘은도파멘이에요!!다른곳에더생겼으면좋겠어요!,2026년 6월 13일 토요일,음식이 맛있어요_재료가 신선해요_양이 많아요_특별한 메뉴가 있어요_가성비가 좋아요_
1253081680,며딘,아직안나왔는데미리맛있어요,2026년 6월 13일 토요일,음식이 맛있어요_재료가 신선해요_양이 많아요_특별한 메뉴가 있어요_가성비가 좋아요_
1253081680,dlr****,넘넘맛있어요!또와야지…,2026년 6월 13일 토요일,음식이 맛있어요_재료가 신선해요_인테리어가 멋져요_혼밥하기 좋아요_친절해요_
1253081680,mywon0,맛잇어요!!!,2026년 6월 13일 토요일,음식이 맛있어요_
1253081680,룰룰랄랄70,맛있어요!,2026년 6월 13일 토요일,음식이 맛있어요_재료가 신선해요_
1253081680,ektha55228864,진짜와보고싶었어요!!1시쯤왔는데웨이팅4번이라금방먹을수있었어요이런라멘집을전주에서먹을수있어서너무좋아요!!,2026년 6월 13일 토요일,인테리어가 멋져요_사진이 잘 나와요_친절해요_매장이 청결해요_재료가 신선해요_
1253081680,lee****,도파멘의이에케라멘전주에서는비할곳이없는가게입니다.처음맛볼때는진한육수맛이나고마늘을추가하면국밥과비슷해집니다.다양한조미료를곁들여여러가지맛을경험할수있어좋은곳입니다.전주에서는라멘맛집으로최고입니다.,2026년 6월 13일 토요일,음식이 맛있어요_특별한 메뉴가 있어요_현지 맛에 가까워요_인테리어가 멋져요_친절해요_
1253081680,kwo****,분위기가좋고음식도맛있어요!다음에또올게요!,2026년 6월 13일 토요일,음식이 맛있어요_양이 많아요_특별한 메뉴가 있어요_가성비가 좋아요_
1253081680,우민우민,너무맛있어요!다음에또오고파여,2026년 6월 13일 토요일,음식이 맛있어요_재료가 신선해요_혼밥하기 좋아요_
1253081680,쮸826550,리뉴얼되고맛있어졌다고해서왔는데진짜마싯어요좋아요,2026년 6월 12일 금요일,음식이 맛있어요_특별한 메뉴가 있어요_인테리어가 멋져요_매장이 넓어요_
1253081680,김형민33,고기밥필수...,2026년 6월 12일 금요일,음식이 맛있어요_가성비가 좋아요_
1253081680,츄7268,전주에서가장맛있는라멘집👍🏻이에케라멘계속매뉴에있으면좋겠어요….💗,2026년 6월 12일 금요일,음식이 맛있어요_재료가 신선해요_매장이 넓어요_혼밥하기 좋아요_친절해요_
1253081680,yoo****,라멘먹고싶을때마다방문하는데정말맛있습니다ㅎㅎ오늘도잘먹고갑니다!!,2026년 6월 12일 금요일,음식이 맛있어요_재료가 신선해요_양이 많아요_인테리어가 멋져요_매장이 넓어요_
1253081680,skdus111282,라멘먹고싶을때마다방문하는데정말맛있습니다ㅎㅎ오늘도잘먹고갑니다!!,2026년 6월 12일 금요일,음식이 맛있어요_
1253081680,kkklg,항상맛있게먹습니다~~,2026년 6월 12일 금요일,음식이 맛있어요_특별한 메뉴가 있어요_매장이 넓어요_혼밥하기 좋아요_
1253081680,dig****,도파멘의음식은늘옳습니다!드시고싶은걸로드세요!!,2026년 6월 12일 금요일,음식이 맛있어요_인테리어가 멋져요_
1253081680,zzgg45,너무맛있습니다!!라멘맛집인것같아요ㅠㅠ,2026년 6월 12일 금요일,음식이 맛있어요_재료가 신선해요_양이 많아요_혼밥하기 좋아요_단체모임 하기 좋아요_
1253081680,son****,양도충분하고면소스고기세가지가다맛있고좋아서만족스러웠어요.치킨난반도같이시켰는데치킨조각이생각보다크더라고요.평소먹는양생각하면하마터면남길뻔했는데맛있어서남김없이다먹었어요.,2026년 6월 12일 금요일,음식이 맛있어요_양이 많아요_혼밥하기 좋아요_뷰가 좋아요_친절해요_
1253081680,blu****,두번째방문인데엄청맛있고직원분들이친절하십니다!,2026년 6월 12일 금요일,음식이 맛있어요_고기 질이 좋아요_친절해요_매장이 청결해요_
1253081680,세모아름뭉치,츠케멘먹고싶을때항상와여혼밥하기도딱좋구짭짤하고맛나요,2026년 6월 12일 금요일,음식이 맛있어요_재료가 신선해요_혼밥하기 좋아요_매장이 청결해요_
1253081680,초코송e,닭육수맛있어요!!!!도파멘유명해서와봤어용ㅎㅎ,2026년 6월 12일 금요일,음식이 맛있어요_특별한 메뉴가 있어요_인테리어가 멋져요_친절해요_
1253081680,서쿠76,닭육수맛있어요!!!!도파멘유명해서와봤어용ㅎㅎ,2026년 6월 12일 금요일,음식이 맛있어요_재료가 신선해요_양이 많아요_인테리어가 멋져요_매장이 넓어요_
1253081680,말하는감자832,오랜만에먹고싶어서익산에서왔습니다.역시맛있네요.,2026년 6월 12일 금요일,음식이 맛있어요_현지 맛에 가까워요_친절해요_인테리어가 멋져요_
1253081680,노지헌,객사올때마다가요너무마시써용,2026년 6월 12일 금요일,음식이 맛있어요_재료가 신선해요_양이 많아요_인테리어가 멋져요_혼밥하기 좋아요_
1253081680,놀아줘요54,회사점심시간에왔는데사람들도많고맛있어요!!,2026년 6월 12일 금요일,음식이 맛있어요_재료가 신선해요_혼밥하기 좋아요_
1253081680,해도로로로미,넘맛있어서또방문햇어요근데또너무맛있어서다음에또방문할거같아요,2026년 6월 12일 금요일,음식이 맛있어요_재료가 신선해요_메뉴 구성이 알차요_현지 맛에 가까워요_향신료가 강하지 않아요_
1253081680,후오옹,평소라멘좋아하는데츠케멘은처음이었어요.기대이상으로맛있고든든하게한끼해결했습니다!🍜✨,2026년 6월 12일 금요일,음식이 맛있어요_특별한 메뉴가 있어요_재료가 신선해요_혼밥하기 좋아요_매장이 청결해요_
1253081680,mct****,올때마다변함없이맛있어요,2026년 6월 12일 금요일,음식이 맛있어요_재료가 신선해요_혼밥하기 좋아요_친절해요_
1253081680,김첨지의 운수,정말맛있습니다계속오고싶어요이렇게맛있는음식을먹게해주셔서감사합니다사장님,2026년 6월 11일 목요일,음식이 맛있어요_특별한 메뉴가 있어요_혼밥하기 좋아요_친절해요_직접 잘 구워줘요_
1253081680,사이언스사스날59,맛있게잘먹었습니다자주올거같아요!,2026년 6월 11일 목요일,음식이 맛있어요_재료가 신선해요_양이 많아요_
1253081680,tjr****,도파멧첫방문인데뽀얀국물안에내용물은깊은닭육수맛이깔끔하네요맛있게잘먹었습니다,2026년 6월 11일 목요일,음식이 맛있어요_인테리어가 멋져요_혼밥하기 좋아요_친절해요_
1253081680,musang,츠케멘맛있습니다~,2026년 6월 11일 목요일,음식이 맛있어요_재료가 신선해요_양이 많아요_인테리어가 멋져요_혼밥하기 좋아요_
1253081680,lllll92546,진짜너무너무너무맛있어요!!!!!!다들꼭꼭와보세요!!!고기육수기엄청진하고다음에또올게요!!!ლლ,2026년 6월 11일 목요일,음식이 맛있어요_재료가 신선해요_특별한 메뉴가 있어요_양이 많아요_
1253081680,낭낭2682,맛있어요,2026년 6월 11일 목요일,음식이 맛있어요_양이 많아요_혼밥하기 좋아요_매장이 넓어요_
1253081680,홍드맘,매장도쾌적하고친절해요맛있는라멘집발견!,2026년 6월 11일 목요일,음식이 맛있어요_매장이 넓어요_친절해요_
1253081680,mangd,헉ㅠ진짜푸짐하고너무맛있어서재방문의사완전있습니다❤️,2026년 6월 11일 목요일,음식이 맛있어요_재료가 신선해요_매장이 청결해요_
1253081680,로제또뽑기,맛있어요.,2026년 6월 10일 수요일,음식이 맛있어요_인테리어가 멋져요_
1253081680,나3118,맛있게잘먹었습니다~!,2026년 6월 10일 수요일,음식이 맛있어요_재료가 신선해요_친절해요_매장이 넓어요_
1253081680,오늘은잘나가는걸까,친절하고좋아요~~,2026년 6월 10일 수요일,인테리어가 멋져요_매장이 넓어요_혼밥하기 좋아요_뷰가 좋아요_
1253081680,mar****,평양냉면처음먹어보는데육수가육향이진하고메밀면식감이좋아요!,2026년 6월 10일 수요일,음식이 맛있어요_혼밥하기 좋아요_친절해요_매장이 청결해요_
1253081680,설모3,맛잇어요여러종류맛보았눈데다매력있어요,2026년 6월 10일 수요일,음식이 맛있어요_재료가 신선해요_양이 많아요_특별한 메뉴가 있어요_혼밥하기 좋아요_
1253081680,han****,라멘도맛있었고고기밥도맛있었어요다음에또올게요!,2026년 6월 10일 수요일,특별한 메뉴가 있어요_음식이 맛있어요_재료가 신선해요_혼밥하기 좋아요_인테리어가 멋져요_
1253081680,만두링31,올때마다만족해요너무너무맛있게잘먹었습니다전주에이런곳이있어서좋아요오래오래장사해주세용♡,2026년 6월 10일 수요일,음식이 맛있어요_혼밥하기 좋아요_친절해요_매장이 청결해요_음식이 빨리 나와요_
1253081680,ljw0320,전주객사에서라멘맛집찾다가방문한도파멘.평일인데도손님이많아서기대하고들어갔는데기대이상이었어요.토리파이탄라멘은국물이진하면서도느끼하지않고깔끔해서끝까지맛있게먹었습니다.차슈도부드럽고면식감도좋아서전체적인밸런스가정말좋았어요.가게분위기도깔끔하고혼밥하기편한좌석구성이라부담없이식사하기좋았습니다.직원분들도친절해서기분좋게식사할수있었어요.웨이팅이있는이유를알겠던곳!전주객사에서라멘먹고싶다면한번쯤방문해볼만한맛집이라고생각합니다.다음에는츠케멘도먹어보려고요.,2026년 6월 10일 수요일,음식이 맛있어요_잡내가 적어요_고기 질이 좋아요_특별한 메뉴가 있어요_혼밥하기 좋아요_
1253081680,vkd****,존맛탱입니다전주에서1티어에영,2026년 6월 10일 수요일,음식이 맛있어요_매장이 넓어요_혼밥하기 좋아요_
1253081680,sha****,근무하고운동하고혼밥하러자주오는곳입니다맛있게잘먹었습니더,2026년 6월 10일 수요일,음식이 맛있어요_혼밥하기 좋아요_
1253081680,sys****,전주라멘1등입니다.너무맛있고또오고싶어요!감사합니다!맛도과하지않고맛있어요!,2026년 6월 9일 화요일,음식이 맛있어요_인테리어가 멋져요_친절해요_화장실이 깨끗해요_
1253081680,sbd****,전주여행와서근처라멘집찾다가와봤는데진짜맛있어요!!원래웨이팅엄청길다는데시간이늦어서그런지바로들어갈수있었어요!참고하세요!,2026년 6월 9일 화요일,음식이 맛있어요_재료가 신선해요_인테리어가 멋져요_매장이 넓어요_친절해요_
1253081680,rlawjd00,신메뉴나시즌메뉴나올때마다꼭들리는데이번엔평양냉면이나왔다고해서드디어와봤어요!!새로운메뉴나올때마다너무기대되고설레요ㅠㅠ앞으로도신메뉴나시즌메뉴많이내주세요ㅠㅠㅠ,2026년 6월 9일 화요일,음식이 맛있어요_특별한 메뉴가 있어요_친절해요_매장이 청결해요_
1253081680,mgp****,누나랑함께왔는데맛있어서좋았어요또먹으러오겠습니다!!,2026년 6월 9일 화요일,음식이 맛있어요_양이 많아요_재료가 신선해요_인테리어가 멋져요_매장이 넓어요_
1253081680,식빵됴아,유명한도파멘☺️☺️☺️,2026년 6월 9일 화요일,음식이 맛있어요_재료가 신선해요_인테리어가 멋져요_매장이 청결해요_
1253081680,cmy****,맛있고친절해요.매장이넓고시원해서좋아요.주차자리는한자리있어요.,2026년 6월 9일 화요일,음식이 맛있어요_잡내가 적어요_매장이 넓어요_혼밥하기 좋아요_친절해요_
1253081680,재홍93,너무맛있고좋아요최고입니다,2026년 6월 9일 화요일,음식이 맛있어요_재료가 신선해요_양이 많아요_인테리어가 멋져요_
1253081680,Blossom56,라멘하면생각나는곳입니다ㅎㅎ매장넓고내가먹는게어찌만들어지는지다볼수있음꿀잼,2026년 6월 9일 화요일,음식이 맛있어요_재료가 신선해요_인테리어가 멋져요_매장이 넓어요_혼밥하기 좋아요_
1253081680,hanjk0253,백합시오청탕진짜맛있어요라멘좋아하면꼭들려야하는곳!!,2026년 6월 9일 화요일,음식이 맛있어요_친절해요_화장실이 깨끗해요_매장이 넓어요_
1253081680,ley****,국물너무깔끔하구맛있어욤!!,2026년 6월 9일 화요일,음식이 맛있어요_재료가 신선해요_양이 많아요_특별한 메뉴가 있어요_혼밥하기 좋아요_
1253081680,OcO51,너무맛있어요!!!!,2026년 6월 9일 화요일,음식이 맛있어요_재료가 신선해요_양이 많아요_
1253081680,콜바주,이제대기가진짜많아졌네요점심시간은조금피하는게나을듯,2026년 6월 9일 화요일,음식이 맛있어요_혼밥하기 좋아요_매장이 청결해요_
1253081680,지워어어어니,오늘은오픈런해서먹었어요ㅎㅎ첫번째로입장해서그런지더맛있게먹은거같아요카라이토리파이탄많이안맵구맛있어요!!😋,2026년 6월 9일 화요일,뷰가 좋아요_혼밥하기 좋아요_매장이 넓어요_차분한 분위기예요_
1253081680,rut****,다른메뉴도먹어봤는데맛있어서이번에는백합시오청탕!깔끔하고개운해요.직원분들도매우친절하십니다.,2026년 6월 7일 일요일,음식이 맛있어요_재료가 신선해요_매장이 넓어요_혼밥하기 좋아요_친절해요_
1253081680,올라8873,간이딱맞고양도좋아요~냉면2번째먹으러오는데만족합니다!!,2026년 6월 7일 일요일,음식이 맛있어요_재료가 신선해요_건강한 맛이에요_특별한 메뉴가 있어요_매장이 청결해요_
1253081680,호우키70,흔한맛이아니어서좋아요!면도쫄깃하고맛있습니다!,2026년 6월 7일 일요일,음식이 맛있어요_메뉴 구성이 알차요_가성비가 좋아요_혼밥하기 좋아요_친절해요_
1253081680,sua****,처음온곳인데맛있었고고기밥도맛있었어요!!다들오시면고기밥도꼭같이드셔보세용😋,2026년 6월 7일 일요일,음식이 맛있어요_특별한 메뉴가 있어요_인테리어가 멋져요_매장이 넓어요_
1253081680,강랑콩,왕맛잇어용,2026년 6월 7일 일요일,음식이 맛있어요_재료가 신선해요_양이 많아요_특별한 메뉴가 있어요_매장이 넓어요_
1253081680,기글머그,사장님제발오래오래장사해주세요🥺,2026년 6월 7일 일요일,음식이 맛있어요_재료가 신선해요_특별한 메뉴가 있어요_친절해요_매장이 청결해요_
1253081680,우땨삐,너무맛있어요국물맛되게진하고밥도먹을수있어서좋았어요!아지타마고추가했는데짱맛있어요♡매장도쾌적하고시원해요!,2026년 6월 7일 일요일,음식이 맛있어요_재료가 신선해요_가성비가 좋아요_반찬이 잘 나와요_특별한 메뉴가 있어요_
1253081680,솔17,전주라멘맛집이라고해서찾아왔는데너무너무맛있게잘먹었어요어디가서먹어보기힘든조합의특별한라멘이어서더좋았어요면과육수어느하나빠질게없었습니다너무만족스러운점심이되어기분이좋았어요~~,2026년 6월 7일 일요일,음식이 맛있어요_특별한 메뉴가 있어요_메뉴 구성이 알차요_고기 질이 좋아요_음악이 좋아요_
1253081680,w12250,4번째방문!전주올때마더꼭들려요맛있어용,2026년 6월 7일 일요일,음식이 맛있어요_특별한 메뉴가 있어요_양이 많아요_매장이 넓어요_
1253081680,행운군30,오랜만에방문했습니다!여전히맛있네요!카다이프새우돌아온거너무좋아요!!,2026년 6월 7일 일요일,음식이 맛있어요_재료가 신선해요_혼밥하기 좋아요_차분한 분위기예요_
1253081680,지누파크,맛있어요:)일본에서먹은츠케멘이라우비슷해요고기밥적극추천:),2026년 6월 7일 일요일,음식이 맛있어요_양이 많아요_
1253081680,느음17,항상깔끔하고맛있게잘먹고있습니다.번창하세요!!♡,2026년 6월 7일 일요일,음식이 맛있어요_양이 많아요_혼밥하기 좋아요_
1253081680,znf****,전주에서거의유일하게라멘먹으러오는곳개방된부엌에츠케멘이평타이상으로맛있다,2026년 6월 7일 일요일,음식이 맛있어요_
1253081680,황태자에요,전주에서거의유일하게라멘먹으러오는곳개방된부엌에츠케멘이평타이상으로맛있다,2026년 6월 7일 일요일,음식이 맛있어요_메뉴 구성이 알차요_매장이 넓어요_
1253081680,hee****,맛있어서먹다가찍어버렸어요..!전주에제대로된라멘집별로없어서늘아쉬운데도파멘있어서너무좋아요앞으로도쭉번창하세요~~~~,2026년 6월 7일 일요일,음식이 맛있어요_양이 많아요_특별한 메뉴가 있어요_인테리어가 멋져요_친절해요_
1253081680,녑잉,오늘도너무맛있었어요최고역시아부라소바😍,2026년 6월 7일 일요일,음식이 맛있어요_양이 많아요_특별한 메뉴가 있어요_매장이 넓어요_친절해요_
452736623,미미당반91,음식이맛있고친절하네요메뉴도다양해서선탁의폭도넓고다음에또오고싶네요,2026년 6월 13일 토요일,음식이 맛있어요_재료가 신선해요_인테리어가 멋져요_매장이 청결해요_
452736623,커피658,음식이맛있고친절하네요메뉴도다양해서선탁의폭도넓고다음에또오고싶네요,2026년 6월 13일 토요일,음식이 맛있어요_친절해요_매장이 청결해요_
452736623,gyu****,네이버예약하고방문했는데~샐러드쿠폰은예약당시에넣어서사용해야되나봐요!참고해주시고리뷰가워낙많은곳이라기대되요ㅎㅎ,2026년 6월 13일 토요일,음식이 맛있어요_인테리어가 멋져요_매장이 청결해요_
452736623,앵비,양도많고맛있어요ㅎㅎㅎ,2026년 6월 13일 토요일,음식이 맛있어요_양이 많아요_대화하기 좋아요_인테리어가 멋져요_
452736623,lsl****,이베리코오일파스타맛있어요..!고기익힘정도가딱좋아서맛있게먹었습니다두음식다양도넉넉해서배부르게잘먹구갑니다,2026년 6월 12일 금요일,친절해요_양이 많아요_매장이 넓어요_
452736623,pre****,너무너무맛있고친절하고너무너무좋아서다음에또올께요!,2026년 6월 12일 금요일,음식이 맛있어요_재료가 신선해요_양이 많아요_특별한 메뉴가 있어요_가성비가 좋아요_
452736623,khc****,양이많아서메뉴4개로5명이충분히배부르게먹을수있어요ㅎㅎ,2026년 6월 12일 금요일,음식이 맛있어요_매장이 넓어요_친절해요_화장실이 깨끗해요_
452736623,kim****,잡내가적고다른곳은싼맛이나는데여긴아닌거같아요ㅎㅎ분위기좋아서데이트추천!,2026년 6월 11일 목요일,재료가 신선해요_잡내가 적어요_고기 질이 좋아요_인테리어가 멋져요_음악이 좋아요_
452736623,다이아몬드75,도미스테이크리조또정말맛있어요도미스테이크가바삭하게잘구워졌어요해물토마토파스타는해물이좀부실한게아쉬웠어요주차장은1시간무료라좀아쉽고주차장에서안내가미흡하더라구요조금헤맸어요전체적으로는만족했습니다,2026년 6월 10일 수요일,음식이 맛있어요_친절해요_
452736623,샤이니5337,데이트하러왔어요...뇨끼원래저렇게빈대떡처럼크게나왔나요?보통파스타집이랑다른거같아요뇨끼도간도안되있고파스타면도ㅎㅎㅎ뮬기도많고좀실망했어요예전에맛있었던기억가자고온건데다신안올듯,2026년 6월 9일 화요일,음식이 맛있어요_재료가 신선해요_양이 많아요_
452736623,이뿌니님56,맛있게잘먹고가요!!또올게요!!ㅎㅎㅎ,2026년 6월 8일 월요일,음식이 맛있어요_재료가 신선해요_매장이 청결해요_
452736623,gae****,분위기가너무좋고깔끔해서좋네요~많이시끄럽지않고대화하기도넘좋아요🖤음식도맛있고두번째방문인데만족스러워요!!,2026년 6월 8일 월요일,음식이 맛있어요_재료가 신선해요_인테리어가 멋져요_매장이 넓어요_대화하기 좋아요_
452736623,tpdud3233,분위기가너무좋고깔끔해서좋네요~많이시끄럽지않고대화하기도넘좋아요🖤음식도맛있고두번째방문인데만족스러워요!!,2026년 6월 6일 토요일,음식이 맛있어요_인테리어가 멋져요_친절해요_매장이 청결해요_특별한 날 가기 좋아요_
452736623,초이서260,분위기가너무좋고깔끔해서좋네요~많이시끄럽지않고대화하기도넘좋아요🖤음식도맛있고두번째방문인데만족스러워요!!,2026년 6월 6일 토요일,음식이 맛있어요_재료가 신선해요_특별한 메뉴가 있어요_인테리어가 멋져요_매장이 넓어요_
452736623,ada****,넘넘맛있고서비스도좋고분위기랑맛양가성비완벽해용!!,2026년 6월 5일 금요일,음식이 맛있어요_재료가 신선해요_인테리어가 멋져요_매장이 청결해요_화장실이 깨끗해요_
452736623,오로라5312,사진을못찍어서그런데정말맛잇고분위기도예뻐요!!직원분들도친절하시고또방문할것같습니다!,2026년 6월 5일 금요일,음식이 맛있어요_재료가 신선해요_특별한 메뉴가 있어요_인테리어가 멋져요_뷰가 좋아요_
452736623,dan****,음식이맛있고직원분들이친절합니다~~,2026년 6월 3일 수요일,음식이 맛있어요_재료가 신선해요_양이 많아요_특별한 메뉴가 있어요_
452736623,dkd****,짱맛있어요!!,2026년 6월 3일 수요일,음식이 맛있어요_
452736623,해스으으으으으응,애기랑다녀왔어요!맛있어요!,2026년 6월 3일 수요일,음식이 맛있어요_
452736623,진공9020,맛있어용!!💓,2026년 6월 3일 수요일,음식이 맛있어요_재료가 신선해요_양이 많아요_특별한 메뉴가 있어요_가성비가 좋아요_
452736623,아페르,매장들어서자마자클래식한원목소품들과유럽감성가득한인테리어가너무예뻐서기분좋아지는곳이에요!낮에갔더니통창으로들어오는햇살채광이정말예쁘더라고요✨친구들과수다떨다보니음식도금방나왔어요.통삼겹까르보나라는두툼한통삼겹이올라가서크림소스랑조화가최고였고고슬고슬한비프필라프는담백해서남녀노소호불호없이좋아할맛이에요.특히궁금해서시켜본빠따따돌체피자는도우가바삭한페스츄리라달콤한고구마무스랑치즈조합이대만족이었습니다🍕낮에도예쁘지만분위기가좋아서밤에데이트하러오면낭만있고더좋을것같아요!객리단길양식맛집으로완전추천합니다👍,2026년 6월 1일 월요일,음식이 맛있어요_양이 많아요_특별한 메뉴가 있어요_단체모임 하기 좋아요_인테리어가 멋져요_
452736623,sou****,우리가족최애서양주택♡오늘도너무맛있게싹비우고가요^^,2026년 5월 31일 일요일,음식이 맛있어요_특별한 메뉴가 있어요_매장이 청결해요_친절해요_특별한 날 가기 좋아요_
452736623,zzgg45,음식너무맛있습니다!!또오고싶네요!,2026년 5월 31일 일요일,음식이 맛있어요_재료가 신선해요_양이 많아요_단체모임 하기 좋아요_친절해요_
452736623,어이쿠야51,전주올때마다먹으러오는서양주택애들도잘먹고맛있어요^^,2026년 5월 31일 일요일,음식이 맛있어요_특별한 메뉴가 있어요_매장이 청결해요_대화하기 좋아요_사진이 잘 나와요_
452736623,김님13,분위기도좋고깔끔하고맛있어요!,2026년 5월 31일 일요일,음식이 맛있어요_메뉴 구성이 알차요_대화하기 좋아요_아늑해요_
452736623,도연09,분위기좋아서객사오면항상오는곳메뉴가다맛있어서데이트장소로추천해요🤍,2026년 5월 30일 토요일,음식이 맛있어요_인테리어가 멋져요_화장실이 깨끗해요_
452736623,hkj****,인테리어도예쁘고음식도맛있어요!꽤나많이재방문했는데n번째재방문이네요!브래이크타임도없어서오고싶을때편하게올수있어좋아요~!,2026년 5월 30일 토요일,인테리어가 멋져요_매장이 넓어요_음식이 맛있어요_재료가 신선해요_
452736623,김동욱174,너무맛있러용또한예약이벤트로받은샐러드에이드도정말맛있게먹었네요,2026년 5월 30일 토요일,음식이 맛있어요_재료가 신선해요_인테리어가 멋져요_
452736623,wsh****,아이생일이라서방문했어요분위기가좋고맛있어요,2026년 5월 30일 토요일,음식이 맛있어요_재료가 신선해요_인테리어가 멋져요_뷰가 좋아요_친절해요_
452736623,신염소씨,대전에서여행왔다가들립니다!오는길에급하게네이버예약하고오픈런?했어요자리가마음에안들어서궁시렁하니직원분께서바꿔주셨어요!!감사합니다!!덕분에더맛있게먹고갑니다!저는빠네가맛있었네용ㅎ,2026년 5월 30일 토요일,음식이 맛있어요_인테리어가 멋져요_뷰가 좋아요_친절해요_
452736623,프리스타일88,분위기도좋구음식도굿~!!재방문하고싶은곳~~!!,2026년 5월 29일 금요일,인테리어가 멋져요_음식이 맛있어요_
452736623,아이78743,지인들과친목하기좋고분위기도좋아서다시재방문하고싶습니다!,2026년 5월 29일 금요일,인테리어가 멋져요_뷰가 좋아요_음식이 맛있어요_친절해요_매장이 청결해요_
452736623,qkr****,음식도너무맛있고점원분들도친절하세요~,2026년 5월 29일 금요일,음식이 맛있어요_인테리어가 멋져요_친절해요_
452736623,D317,마싯어요,2026년 5월 29일 금요일,음식이 맛있어요_양이 많아요_
452736623,kel****,마싯어요,2026년 5월 26일 화요일,음식이 맛있어요_재료가 신선해요_메뉴 구성이 알차요_인테리어가 멋져요_
452736623,치즈58,마싯어요,2026년 5월 26일 화요일,음식이 맛있어요_인테리어가 멋져요_매장이 넓어요_
452736623,oowee,파스타랑이베리코스테이크너무맛있어요!!기념일때데이트로왔는데분위기도좋고양도많아서잘먹고갑니당😊,2026년 5월 26일 화요일,음식이 맛있어요_특별한 메뉴가 있어요_가성비가 좋아요_인테리어가 멋져요_매장이 넓어요_
452736623,jjun****,청양바질파스타는바질향이진하면서도청양고추의매콤함이있어서느끼하지않고끝까지맛있게먹었습니다.면익힘도딱좋았고요.이베리코스테이크는육즙이풍부하고고소한풍미가좋아서파스타랑잘어울렸어요.분위기도괜찮고직원분들도친절해서만족스러운식사였습니다!,2026년 5월 26일 화요일,음식이 맛있어요_재료가 신선해요_양이 많아요_인테리어가 멋져요_매장이 넓어요_
452736623,앙쥬3025,아가들과갔는데저희가족너무맛있게먹고왔어요!파스타랑리조또너무맛있었습니다😍,2026년 5월 25일 월요일,음식이 맛있어요_재료가 신선해요_양이 많아요_인테리어가 멋져요_아늑해요_
452736623,재민22,맛있어요,2026년 5월 25일 월요일,음식이 맛있어요_재료가 신선해요_
1893325633,미으리,진짜너~~무맛있게잘먹고가요!!메뉴양도많고맛있습니다♡,2026년 6월 3일 수요일,음식이 맛있어요_특별한 메뉴가 있어요_음악이 좋아요_인테리어가 멋져요_대화하기 좋아요_
1893325633,지구주민,막걸리종류가너무많아서죠아용,2026년 4월 25일 토요일,음식이 맛있어요_기본 안주가 좋아요_술이 다양해요_특별한 메뉴가 있어요_가성비가 좋아요_
1893325633,솔의눈9,막걸리생각나서왔는데기본안주도맛있고음식도맛있어요잘먹구갑니당🥹❤️,2026년 4월 5일 일요일,술이 다양해요_기본 안주가 좋아요_인테리어가 멋져요_대화하기 좋아요_친절해요_
1893325633,전국구식도락,안주도정성스럽고분위기도좋아요풍넘뮨막걸리와육전조합최고!,2026년 3월 11일 수요일,음식이 맛있어요_기본 안주가 좋아요_술이 다양해요_특별한 메뉴가 있어요_인테리어가 멋져요_
1893325633,조자룡이 간다,여기‘전’이대박맛있어요.전을제대로잘구워서내어주십니다👍🏼👍🏼👍🏼두부김치맛있고양도대박많아요.기본안주로편육도내어주셔서잘먹었습니다~,2026년 2월 27일 금요일,음식이 맛있어요_특별한 메뉴가 있어요_메뉴 구성이 알차요_아늑해요_대화하기 좋아요_
1893325633,ekg****,전주객사맛집이자술집인비의소리처럼에서오늘은제육볶음에국수먹고왔는데진짜너무맛있어서허겁지겁먹었습니다!!!풍남문막걸리에같이곁들였는데조합기가막히네요!!또갈게요사장님여기맛집인정👏👏,2026년 2월 25일 수요일,술이 다양해요_음식이 맛있어요_기본 안주가 좋아요_특별한 메뉴가 있어요_가성비가 좋아요_
1893325633,스벅47,안주맛있고분위기좋아요~~~~자주올게요!,2026년 2월 15일 일요일,음식이 맛있어요_가성비가 좋아요_
1893325633,바니바니당근당근74,분위기도좋고국수도칼칼하니맛있는데육전이최고예요...육전걍제가먹어본육전중세상제일맛있음양도다른곳2배예요알라부육전♡,2026년 2월 8일 일요일,음식이 맛있어요_기본 안주가 좋아요_술이 다양해요_특별한 메뉴가 있어요_가성비가 좋아요_
1893325633,안농111,전먹고싶어서시켰는데양도많고맛있어요!!혜자입니다ㅎㅎ,2026년 2월 7일 토요일,음식이 맛있어요_가성비가 좋아요_양이 많아요_인테리어가 멋져요_차분한 분위기예요_
1893325633,수연64,칼국수먹으려고왔어요ㅎㅎ넘맛있고사장님이친절하세용분위기도따뜻하니넘좋아여,2026년 1월 13일 화요일,음식이 맛있어요_기본 안주가 좋아요_인테리어가 멋져요_음악이 좋아요_친절해요_
1816492689,ㅎㅊㅎㅊㅎㅊㅎㅊ,매장분위기도좋고반찬도맛있고다맛있어요!!,2026년 6월 16일 화요일,음식이 맛있어요_재료가 신선해요_인테리어가 멋져요_매장이 넓어요_친절해요_
1816492689,홍주환,고기맛이좋고분위기도좋아영,2026년 6월 16일 화요일,음식이 맛있어요_재료가 신선해요_특별한 메뉴가 있어요_
1816492689,kcm7,웨이팅걸고먹을만큼맛있네요ㅎㅎ혼자서식사하기좋은곳입니다:),2026년 6월 16일 화요일,음식이 맛있어요_혼밥하기 좋아요_
1816492689,간이6,첫전주첫혼여행인데너무맛있게잘먹었습니다:)덕분에좋은추억만들고가요👍🏻♥️,2026년 6월 16일 화요일,음식이 맛있어요_고기 질이 좋아요_혼밥하기 좋아요_인테리어가 멋져요_친절해요_
1816492689,유연5420,너무맛있어서또왔어요!!♡♡,2026년 6월 16일 화요일,음식이 맛있어요_특별한 메뉴가 있어요_혼밥하기 좋아요_
1816492689,sim****,처음와봤는데대만족하고갑니다~!,2026년 6월 14일 일요일,음식이 맛있어요_재료가 신선해요_양이 많아요_
1816492689,hey****,전주지복점에방문했어요10분정도웨이팅후방문했어요직원분들도친절하시고항상맛있는함박과반찬리필되는밥과국으로만족스러운식사를했습니다!!,2026년 6월 14일 일요일,음식이 맛있어요_재료가 신선해요_양이 많아요_특별한 메뉴가 있어요_인테리어가 멋져요_
1816492689,90g****,전주맛집으로우연히찾아바로방문!함박스테이크에숯불향가득하고크림소스에밥비벼고추절임에함박한입가득!넘맛있네용!,2026년 6월 14일 일요일,음식이 맛있어요_고기 질이 좋아요_메뉴 구성이 알차요_아늑해요_차분한 분위기예요_
1816492689,kkk57660,맛있어서또와야될곳👍,2026년 6월 14일 일요일,음식이 맛있어요_
1816492689,dddddii,오래기다려서먹을만큼맛있어요!!!카레도맛있지만크림이진짜맛있어서꼭세트로드시길🤤🤍,2026년 6월 14일 일요일,음식이 맛있어요_재료가 신선해요_특별한 메뉴가 있어요_인테리어가 멋져요_
1816492689,서석쿠,전주에서맛집이래서와봤습니다!바로앞에서구워주는스테이크맛있네요!,2026년 6월 14일 일요일,음식이 맛있어요_친절해요_
1816492689,Fleecy,고기가부드럽고미니빵해먹으면맛있어요~,2026년 6월 14일 일요일,음식이 맛있어요_특별한 메뉴가 있어요_잡내가 적어요_고기 질이 좋아요_
1816492689,오서영631,너무너무마싯어용~,2026년 6월 13일 토요일,음식이 맛있어요_특별한 메뉴가 있어요_친절해요_차분한 분위기예요_
1816492689,jixxhyun,2~30분기다렸다가들어왔습니다!직원분들친절하고맛있어요!!,2026년 6월 13일 토요일,음식이 맛있어요_친절해요_매장이 청결해요_
1816492689,rlf****,분위기도좋고맛도맛있구연인이랑오기너무좋은것같아요ㅎㅎ역시지복점최고!!!!❤️‍🔥,2026년 6월 13일 토요일,음식이 맛있어요_재료가 신선해요_양이 많아요_특별한 메뉴가 있어요_인테리어가 멋져요_
1816492689,slpak,분위기도좋고맛도맛있구연인이랑오기너무좋은것같아요ㅎㅎ역시지복점최고!!!!❤️‍🔥,2026년 6월 13일 토요일,음식이 맛있어요_특별한 메뉴가 있어요_친절해요_직접 잘 구워줘요_
1816492689,lha****,재방문입니다.항상맛있어요,2026년 6월 13일 토요일,음식이 맛있어요_
1816492689,비공개3440,함박집중에서손꼽히는맛집이에요전주올때마다방문해서벌써n번째입니다.크림소스강추해요,2026년 6월 13일 토요일,음식이 맛있어요_특별한 메뉴가 있어요_혼밥하기 좋아요_
1816492689,yogijogi,지복점함박+크림조합은말모~본점은캐치테이블로오픈런무조건필수네용!!!!,2026년 6월 13일 토요일,음식이 맛있어요_
1816492689,lit****,사랑해요지복점,2026년 6월 13일 토요일,음식이 맛있어요_재료가 신선해요_양이 많아요_특별한 메뉴가 있어요_
1816492689,cho****,한번와보고싶었는데진짜너무맛있어요!다음에또오고싶습니다!,2026년 6월 13일 토요일,음식이 맛있어요_재료가 신선해요_양이 많아요_고기 질이 좋아요_반찬이 잘 나와요_
1816492689,hyo****,첫방문에너무너무만족해서못참고또왔어요ㅎㅎ육즙이정말살아있구요일단밥이랑국부터맛이끝내줍니다그리고직원분들시스템이너무잘되어있어서회전율도빨라요!,2026년 6월 13일 토요일,음식이 맛있어요_재료가 신선해요_현지 맛에 가까워요_
1816492689,don****,인테리어도깔끔하니좋고여기는크림함박완전추천,2026년 6월 12일 금요일,인테리어가 멋져요_음식이 맛있어요_
1816492689,fma****,매장도청결하고음식도깔끔하니맛있고친절하셔서좋습니다!함박스테이크가너무맛있어요!!💕,2026년 6월 12일 금요일,음식이 맛있어요_인테리어가 멋져요_친절해요_매장이 청결해요_특별한 날 가기 좋아요_
1816492689,김주엉,다시와도넘맛있어요장사가더더흥행해서매장이엄청넓어지길🙏🫶냠냠굿:),2026년 6월 12일 금요일,음식이 맛있어요_특별한 메뉴가 있어요_반찬이 잘 나와요_재료가 신선해요_친절해요_
1816492689,뉴뉴희,매번와도변하지않는맛이라좋아요!!특히크림이진짜사기템달달매콤이찐이에요,2026년 6월 12일 금요일,음식이 맛있어요_재료가 신선해요_특별한 메뉴가 있어요_
1816492689,푸른달여드레,타지에서놀러올때제일기대된곳이에요!평일인데도사람들기다리던데바로들어와서너무맛잇게먹었어요!먹은함박중에최고입니당ㅎㅎ추천해요❣️크림소스는필수입니둥,2026년 6월 12일 금요일,음식이 맛있어요_재료가 신선해요_특별한 메뉴가 있어요_친절해요_매장이 청결해요_
1816492689,pparkseo95,전주에서데이트하다가함박하는집이생겨서왔는데간도딱좋고고기도맛있어요.부산에서먹던함박집보다맛있음,2026년 6월 12일 금요일,음식이 맛있어요_특별한 메뉴가 있어요_고기 질이 좋아요_아늑해요_음식이 빨리 나와요_
1816492689,yun463,함박부드럽고맛있어요크림소스도같이시켰는데크림맛도립니다,2026년 6월 12일 금요일,음식이 맛있어요_혼밥하기 좋아요_매장이 청결해요_
1816492689,pde****,친구랑와서먹었어요!유명하대서기대많이했는데만족이에요🥩금요일13:45즈음왔는데앞에2팀정도대기있었고10분안되게기다렸어요!고기도부드럽고카레랑크림도맛있었습니다😋,2026년 6월 12일 금요일,음식이 맛있어요_고기 질이 좋아요_혼밥하기 좋아요_아늑해요_환기가 잘 돼요_
1816492689,shd****,사장님께서한피스씩따뜻하게바로구워주셔서너무맛있었어요!!,2026년 6월 12일 금요일,음식이 맛있어요_메뉴 구성이 알차요_반찬이 잘 나와요_특별한 메뉴가 있어요_대화하기 좋아요_
1816492689,nas****,기다린게후회가되지않을만큼너무맛있어요..!,2026년 6월 12일 금요일,음식이 맛있어요_재료가 신선해요_특별한 메뉴가 있어요_인테리어가 멋져요_혼밥하기 좋아요_
1816492689,m0****,너무맛있어용!!다음에또방문할게요,2026년 6월 12일 금요일,양이 많아요_재료가 신선해요_음식이 맛있어요_특별한 메뉴가 있어요_
1816492689,뽐뽐봄봄,숯불함박이랑크림세트로드세요맛있어요,2026년 6월 11일 목요일,음식이 맛있어요_아늑해요_친절해요_매장이 청결해요_
1816492689,soy****,맛있어요!!!,2026년 6월 11일 목요일,음식이 맛있어요_양이 많아요_혼밥하기 좋아요_인테리어가 멋져요_매장이 청결해요_
1816492689,셀52,웨이팅때문에못오다가처음왔어용맛있게잘먹고갑니당!!또올게요~,2026년 6월 11일 목요일,음식이 맛있어요_혼밥하기 좋아요_인테리어가 멋져요_
1816492689,fpw****,웨이팅때문에못오다가처음왔어용맛있게잘먹고갑니당!!또올게요~,2026년 6월 11일 목요일,음식이 맛있어요_특별한 메뉴가 있어요_가성비가 좋아요_
1816492689,김초현94,진짜넘너무맛잇어요이거먹으러전주다시옿정도평일에오픈런해서대기없이먹엇어욤크림진짜막익어요ㅠㅠㅜ사릉해요,2026년 6월 11일 목요일,음식이 맛있어요_재료가 신선해요_양이 많아요_특별한 메뉴가 있어요_가성비가 좋아요_
1816492689,ela****,맛도좋고친절해요,2026년 6월 11일 목요일,음식이 맛있어요_재료가 신선해요_특별한 메뉴가 있어요_가성비가 좋아요_
1816492689,leta****,한입먹고쓰러졌습니다ㅠ너무맛있어요..,2026년 6월 11일 목요일,음식이 맛있어요_재료가 신선해요_양이 많아요_
1816492689,lov****,너무맛있어서자주오는곳인데!손님은많고장소는좁아서웨이팅이생기는게조금아쉽네요ㅜㅜ,2026년 6월 11일 목요일,음식이 맛있어요_특별한 메뉴가 있어요_
1816492689,withmeksk,맛있어요~^^주차장찾기가어려웠지만맛있어요장소는좀작아요,2026년 6월 10일 수요일,음식이 맛있어요_혼밥하기 좋아요_친절해요_
1816492689,영이393,넘맛이쏘용~~~~~~지복점올때마다만족합니닷!굳,2026년 6월 10일 수요일,음식이 맛있어요_재료가 신선해요_친절해요_매장이 청결해요_
1816492689,seo****,바테이블형태이고혼밥하기도좋아요~주문하면바로함박스테이크구워주십니다!고기도맛있고빵도맛있고같이나오는반찬들도맛있어요!!,2026년 6월 10일 수요일,음식이 맛있어요_재료가 신선해요_특별한 메뉴가 있어요_혼밥하기 좋아요_매장이 청결해요_
1816492689,김우진3041,처음와봤는데너무너무맛있게먹었어요!,2026년 6월 9일 화요일,음식이 맛있어요_재료가 신선해요_양이 많아요_특별한 메뉴가 있어요_인테리어가 멋져요_
1816492689,YJ87,지인한테추천받아서왔는데분위기도너무좋고맛있어요~~!!,2026년 6월 9일 화요일,음식이 맛있어요_양이 많아요_혼밥하기 좋아요_차분한 분위기예요_
1816492689,전도,함박이부드럽고맜있어요,2026년 6월 9일 화요일,음식이 맛있어요_특별한 메뉴가 있어요_
1816492689,d751006,꼭와보고싶던지복점오픈런해서성공했습니다너무맛있어요다음에또올게요~,2026년 6월 9일 화요일,음식이 맛있어요_특별한 메뉴가 있어요_인테리어가 멋져요_친절해요_매장이 청결해요_
1816492689,tak****,와추천받아서갔는데진짜맛았어요.특히크림!진한양송이스프같기도하고진짜이건꼭시키셔야해요!,2026년 6월 9일 화요일,음식이 맛있어요_
1816492689,ARIELK00,고기도바로구워서주시고넘맛있었습니다:)가게랑밥도아기자기너무예뻐요!크림도맛있어보였는데카레좋아해서카레시켰는데깊은맛이있는것같아서더맛있게잘먹었습니다ㅎㅎ,2026년 6월 9일 화요일,음식이 맛있어요_특별한 메뉴가 있어요_건강한 맛이에요_차분한 분위기예요_음악이 좋아요_
1816492689,dls****,함박스테이크육즙이가득해서한입먹자마자만족했어요!숯불향이은은하게나고카레도진하고꾸덕해서빵이랑같이먹기딱좋았습니다.조합이생각보다훨씬잘어울렸고든든한한끼로추천해요.,2026년 6월 9일 화요일,음식이 맛있어요_재료가 신선해요_양이 많아요_특별한 메뉴가 있어요_가성비가 좋아요_
1816492689,대두817,친구가전주여행와서같이먹으러왔는데너무맛있구망요!전주살아서기다려서먹지는않았었는데!맛있어요!!함박특별하네요~,2026년 6월 9일 화요일,음식이 맛있어요_특별한 메뉴가 있어요_혼밥하기 좋아요_친절해요_
1816492689,cod****,맛있습니다.!!!!!^^^♡,2026년 6월 9일 화요일,음식이 맛있어요_재료가 신선해요_양이 많아요_특별한 메뉴가 있어요_
1816492689,ikw****,너무맛있어요ㅎㅎ,2026년 6월 9일 화요일,음식이 맛있어요_재료가 신선해요_인테리어가 멋져요_친절해요_
1816492689,020****,인당고기두조각에스프하나씩시켰는데너무맛있어요크림스프좀매콤해서더맛있네요!!!평일오전인데캐치테이블오픈런했슴다또올게요전주맛집,2026년 6월 9일 화요일,음식이 맛있어요_특별한 메뉴가 있어요_인테리어가 멋져요_
1816492689,탕탕위잉,반찬도맛있고밥도맛있게먹었네요~,2026년 6월 9일 화요일,음식이 맛있어요_재료가 신선해요_특별한 메뉴가 있어요_
1816492689,하다72,매번올때마다맛있어요또올게요,2026년 6월 7일 일요일,음식이 맛있어요_양이 많아요_특별한 메뉴가 있어요_메뉴 구성이 알차요_
1816492689,정관장이네,엄청맛있네용!!!,2026년 6월 7일 일요일,음식이 맛있어요_
1816492689,릴리릴리리토,주기적으로들리는지복점입니다!항상맛있고연인이랑같이오기좋은거같아요!재방문강력추천!!,2026년 6월 7일 일요일,양이 많아요_특별한 메뉴가 있어요_매장이 넓어요_친절해요_
1816492689,Ambivalent20,함박을다양하게곁들여먹을수있어서재밌기도하고맛도있어요!크림은마일드한투움바크림인데함박이랑도잘어울려서맛있게먹었습니다,2026년 6월 7일 일요일,음식이 맛있어요_특별한 메뉴가 있어요_혼밥하기 좋아요_친절해요_매장이 청결해요_
1816492689,Fnffn00,너무맛있어용,2026년 6월 7일 일요일,음식이 맛있어요_특별한 메뉴가 있어요_인테리어가 멋져요_
1816492689,sky8957,직접앞에서구워주셔서더맛있어요!,2026년 6월 7일 일요일,음식이 맛있어요_인테리어가 멋져요_친절해요_
1816492689,느리131,웨이팅이있었지만그만큼맛있고분위기도좋았어요!전주여행으로왔는데너무만족한식사였어요~,2026년 6월 7일 일요일,음식이 맛있어요_특별한 메뉴가 있어요_혼밥하기 좋아요_
1816492689,응ㅇ가응가,맛있어요!웨이팅오래한보람있어요양도많아요,2026년 6월 7일 일요일,음식이 맛있어요_양이 많아요_특별한 메뉴가 있어요_친절해요_매장이 청결해요_
1816492689,ㅇㅇ3985,아니너무맛있어요ㅠㅠㅠㅠ함박도맛있고크림이진짜너무맛나요느끼하지도않고왜이렇게맛있는지테이블링걸고웨이팅할만해요!!추천🫶🫶,2026년 6월 7일 일요일,음식이 맛있어요_재료가 신선해요_혼밥하기 좋아요_
1816492689,조우혁41,가게인테리어도귀엽고함박도기대한거이상으로너무맛있었어요!!,2026년 6월 7일 일요일,음식이 맛있어요_가성비가 좋아요_인테리어가 멋져요_친절해요_
1816492689,합마,웨이팅있었지만너무맛있게먹었습니다~,2026년 6월 7일 일요일,음식이 맛있어요_특별한 메뉴가 있어요_가성비가 좋아요_인테리어가 멋져요_차분한 분위기예요_
1816492689,묨묨묘묜,함박너무맛있어용!!!,2026년 6월 7일 일요일,특별한 메뉴가 있어요_인테리어가 멋져요_
1816492689,MINEARY,너무맛있어용나오자마자바로한입드셔보세요육즙터집니당,2026년 6월 7일 일요일,음식이 맛있어요_혼밥하기 좋아요_매장이 청결해요_
1816492689,빼액띠,함박스테이크불향이미쳤어요.그만큼맛도맛있구요.물리지않게표고와사비와고추절임도준비되어있는데표고와사비가되게특색있어요!!국도정말맛있어요!!!덕분에여행중에맛있는한끼먹을수있었어요!,2026년 6월 7일 일요일,음식이 맛있어요_양이 많아요_인테리어가 멋져요_매장이 넓어요_
1816492689,유반느,전주함박스테이크맛집이에요!웨이팅도가치있어요~,2026년 6월 7일 일요일,음식이 맛있어요_특별한 메뉴가 있어요_친절해요_
1816492689,kwj****,맛있어요,2026년 6월 7일 일요일,음식이 맛있어요_재료가 신선해요_
1816492689,뿌링맛조음,숯불함박눈앞에서바로구워주시고육즙도팡..넘맛있었어요토요일에오픈하자마자대기걸었는데두시간정도기다려서먹었네요,2026년 6월 6일 토요일,음식이 맛있어요_
1816492689,김9926,메뉴가특색있고맛있네요!!순환도빠른편입니다!,2026년 6월 6일 토요일,특별한 메뉴가 있어요_음식이 맛있어요_재료가 신선해요_인테리어가 멋져요_차분한 분위기예요_
1816492689,조미리이,두번째방문!!!!크림이특히맛잇고카레도직접만드시는것같아용반찬도하나하나다잘어울리고웨이팅이힘들지만보람있는맛집입니다!!💗💗🌿,2026년 6월 6일 토요일,음식이 맛있어요_메뉴 구성이 알차요_반찬이 잘 나와요_인테리어가 멋져요_아늑해요_
1816492689,ppoluv,너무맛있어서재방문했어요!!크림소스최고ㅠㅠㅠㅠㅠ,2026년 6월 6일 토요일,음식이 맛있어요_가성비가 좋아요_고기 질이 좋아요_인테리어가 멋져요_차분한 분위기예요_
1816492689,S E O A,너무맛있어요!,2026년 6월 6일 토요일,음식이 맛있어요_혼밥하기 좋아요_인테리어가 멋져요_
1816492689,겨운공쥬,전주까지와서굳이라고생각했지만워낙유명하다고해서와봤어요웨이팅이있긴했지만생각보다회전율좋은거같고너무맛있어요!다음여행때또올거같아요~~,2026년 6월 6일 토요일,음식이 맛있어요_특별한 메뉴가 있어요_반찬이 잘 나와요_
1816492689,tmd****,전주여행다녀온지인추천으로방문했는데웨이팅은있었지만너무맛있어요ㅠㅠㅠㅠ아이와같이먹기에도너무좋고크림소스킥입니다!!빵도꼭추가하세요!!!!기다린보람이있어요,2026년 6월 6일 토요일,음식이 맛있어요_특별한 메뉴가 있어요_친절해요_매장이 청결해요_아이와 가기 좋아요_
1816492689,loo3o,전주여행다녀온지인추천으로방문했는데웨이팅은있었지만너무맛있어요ㅠㅠㅠㅠ아이와같이먹기에도너무좋고크림소스킥입니다!!빵도꼭추가하세요!!!!기다린보람이있어요,2026년 6월 6일 토요일,음식이 맛있어요_가성비가 좋아요_아늑해요_차분한 분위기예요_음식이 빨리 나와요_
1816492689,psj0****,처음방문했는데너무맛있어요!다음에또오고싶은맛이에요오..🥹,2026년 6월 6일 토요일,음식이 맛있어요_재료가 신선해요_
1816492689,하하하하하7616,이거먹으랴고전주여행왔어요!여전히맛있네요~~~,2026년 6월 6일 토요일,음식이 맛있어요_재료가 신선해요_특별한 메뉴가 있어요_친절해요_
1816492689,09s****,여자친구랑여행와서방문했는데함박이너무맛있어요ㅎㅎ다음에전주오면또방문할게요!,2026년 6월 6일 토요일,재료가 신선해요_음식이 맛있어요_양이 많아요_인테리어가 멋져요_친절해요_
1816492689,몽뱁,너무맛있어요!,2026년 6월 6일 토요일,음식이 맛있어요_재료가 신선해요_양이 많아요_특별한 메뉴가 있어요_혼밥하기 좋아요_
1816492689,ahj****,숯불맛나고맛있어요오래기다렸지만맛있게먹었어요!,2026년 6월 6일 토요일,음식이 맛있어요_특별한 메뉴가 있어요_차분한 분위기예요_
1816492689,bom447,함박스테이크가정말뷰드럽고육즙이가득해서맛있게먹었습니다!!,2026년 6월 6일 토요일,음식이 맛있어요_
1816492689,박pa6,매장분위기도좋고특히카레랑크림소스가너무너무맛있어요!!함박스테이크에찍어먹으면풍미가폭팔합니다😋😋오픈20분전쯤에캐치테이블예약하고50분정도기다렸어요,2026년 6월 6일 토요일,음식이 맛있어요_양이 많아요_혼밥하기 좋아요_사진이 잘 나와요_친절해요_
1816492689,김학준4,너무맛있어요재방문할게요!,2026년 6월 5일 금요일,음식이 맛있어요_특별한 메뉴가 있어요_
1816492689,도영94,금요일저녁시간대방문해서10분정도웨이팅했고근처주차도예상보다여유있고음식도맛있어요,2026년 6월 5일 금요일,음식이 맛있어요_컨셉이 독특해요_
1816492689,knemo21c,너무맛있어용,2026년 6월 5일 금요일,음식이 맛있어요_재료가 신선해요_양이 많아요_인테리어가 멋져요_매장이 넓어요_
1816492689,seohui3,바로바로구워주시는게보여서더맛있게느껴져요벼르고온데라기대했는데도맛있네용다음에또올게요~!,2026년 6월 5일 금요일,음식이 맛있어요_재료가 신선해요_고기 질이 좋아요_음악이 좋아요_혼밥하기 좋아요_
1816492689,wodhql,함박생각날때마다오는곳이에요!여긴크림먹으러올정도로크림맛이미쳤어요넘맛있어용,2026년 6월 5일 금요일,재료가 신선해요_음식이 맛있어요_특별한 메뉴가 있어요_인테리어가 멋져요_혼밥하기 좋아요_
1816492689,김성민17,매장인테리어도너무예쁘고직원분들이전부친절하셔서기분좋게맛있게먹었어요,2026년 6월 5일 금요일,음식이 맛있어요_재료가 신선해요_인테리어가 멋져요_친절해요_매장이 청결해요_
1816492689,sal****,한달에한번은와야하는맛집!유명해서오픈런웨이팅은해야하지만너무맛있어서자주생각요!촉촉함박짱!,2026년 6월 5일 금요일,음식이 맛있어요_재료가 신선해요_양이 많아요_특별한 메뉴가 있어요_직접 잘 구워줘요_
1816492689,소금빵먹는멍이,한번쯤은웨이팅해도좋다멍!기다리면함박스테이크가나에게로온다멍!🐾,2026년 6월 5일 금요일,음식이 맛있어요_특별한 메뉴가 있어요_친절해요_직접 잘 구워줘요_
1816492689,빵원,전부터와보고싶었는데웨이팅이길어서못오다가드디어먹어봤어요!너무맛있고크림소스도짱이예요..🤍맛있게잘먹었습니당~~!!,2026년 6월 5일 금요일,음식이 맛있어요_특별한 메뉴가 있어요_인테리어가 멋져요_친절해요_매장이 청결해요_
1816492689,llIIlllIllII,여자친구랑왔는데느좋맛집이에요,2026년 6월 5일 금요일,음식이 맛있어요_인테리어가 멋져요_혼밥하기 좋아요_
1816492689,쁘디12,고기가너무맛있어요이거먹으러한시간거리와요,2026년 6월 5일 금요일,음식이 맛있어요_재료가 신선해요_특별한 메뉴가 있어요_혼밥하기 좋아요_친절해요_
1816492689,공주940,다들친절하시구왕마싯더요ㅠㅠㅠㅠㅠ🔥,2026년 6월 5일 금요일,음식이 맛있어요_재료가 신선해요_인테리어가 멋져요_친절해요_
1816492689,봄의경치,함박스테이크맛있다고해서들렸어요~5시30분오픈런~못하고40분에왔는데ㅜㅜ20분대기하고들어왔어요.덕분에근처구경좀하고맛있게먹었어요^^,2026년 6월 4일 목요일,음식이 맛있어요_특별한 메뉴가 있어요_
1998373722,ttilttili66,주차가편하고매장이넓고음식이너무맛있습니다직원분들도친절하셔서음식이더욱좋았습니다,2026년 6월 15일 월요일,음식이 맛있어요_양이 많아요_특별한 메뉴가 있어요_매장이 넓어요_인테리어가 멋져요_
1998373722,Yeeec,유명하다고해서와봤는데인테리어도멋지고음식이맛있어요!!또방문하겠습니다,2026년 6월 15일 월요일,음식이 맛있어요_인테리어가 멋져요_
1998373722,야자수90,가게분위기그좋고퓨전메뉴가많아서고르는재미가있음,2026년 6월 15일 월요일,음식이 맛있어요_재료가 신선해요_
1998373722,온마음7,친절하게메뉴설명잘해주셨고음식도맛있었습니다.,2026년 6월 15일 월요일,음식이 맛있어요_친절해요_
1998373722,Hello24,개마싯음걍첫입에반했음세상사람들이이걸로처음가지를먹게되었다면가지를싫어할사람은없었을텐데싶음감칠맛미쳤음꼭오세요,2026년 6월 15일 월요일,음식이 맛있어요_
1998373722,kys****,여기오고싶어서전주방문했어요!!!특색있는음식이있어서좋아요.전용주차장이있어서주차도편했습니다!아기와반려동물모두출입가능하고분위기도편안하고멋있어요.재방문의사만프로애요💛,2026년 6월 15일 월요일,음식이 맛있어요_특별한 메뉴가 있어요_주차하기 편해요_
1998373722,Nasty22,진찌와보시면압니다..너어무맛있어요먹어보지못한맛인데맛있는맛..!이게무국적식당의특색인걸까요?행복하네요ㅎㅎ전주와보시면여기는꼭한번와보시길추천해요!밥으로도안주로도°+(*´∀｀)ｂ°+°,2026년 6월 15일 월요일,음식이 맛있어요_양이 많아요_특별한 메뉴가 있어요_재료가 신선해요_
1998373722,dnt****,맛집이라더니존맛탱이에요~~~~~안느끼하고안물려요ㅎㅎ또올까에요애견동반도되서좋아요,2026년 6월 15일 월요일,음식이 맛있어요_재료가 신선해요_양이 많아요_특별한 메뉴가 있어요_
1998373722,the****,사진찍기전에금새먹어버려서예쁜사진이인니왔아요^^;;;너무맛있어요~메뉴도특별하고또오고싶어요~,2026년 6월 14일 일요일,음식이 맛있어요_특별한 메뉴가 있어요_컨셉이 독특해요_매장이 넓어요_
1998373722,아몽66,양식은여기가제일맛있는것같아요잘먹었습니다,2026년 6월 14일 일요일,음식이 맛있어요_재료가 신선해요_양이 많아요_특별한 메뉴가 있어요_
1998373722,무등산수박30만원,병맥과라즈지네기~일부러창가에앉았는데바람솔솔부니분위기너무좋아요🥰,2026년 6월 14일 일요일,음식이 맛있어요_양이 많아요_메뉴 구성이 알차요_매장이 넓어요_친절해요_
1998373722,복뽁,너무맛있고분위기도좋아요최고예용ㅎㅎ강아지도올수잇어서좋아요~~~,2026년 6월 14일 일요일,음식이 맛있어요_재료가 신선해요_특별한 메뉴가 있어요_인테리어가 멋져요_
1998373722,따우76,음식이정말맛있어요직원분들이서비스도계속주셔서다양한음식을먹을수있었습니당다들친절하세요다음에또방문할게요~,2026년 6월 14일 일요일,음식이 맛있어요_특별한 메뉴가 있어요_친절해요_매장이 청결해요_
1998373722,est****,너무너무맛있어요!,2026년 6월 14일 일요일,음식이 맛있어요_인테리어가 멋져요_친절해요_
1998373722,Jinnieeiee,음식맛있어요!!,2026년 6월 14일 일요일,음식이 맛있어요_매장이 넓어요_인테리어가 멋져요_
1998373722,우찌리77,베이컨갓김치파스타존맛탱구리!!!갓김치가맛있고조합이좋아요!!,2026년 6월 14일 일요일,음식이 맛있어요_인테리어가 멋져요_뷰가 좋아요_친절해요_매장이 청결해요_
1998373722,아름다운 오렌지,음식이너무너무맛있네요!!🥰분위기도좋아요!!오후4시쯤도착하니사람도없고좋네요!,2026년 6월 14일 일요일,음식이 맛있어요_특별한 메뉴가 있어요_인테리어가 멋져요_
1998373722,상미콩,무국무국적식당분위기도좋고음식맛있어요:)특히항정살구이🤍맛있게잘먹었습니다아,2026년 6월 14일 일요일,음식이 맛있어요_특별한 메뉴가 있어요_
1998373722,thd****,네기꼭드세요바질페스토랑대파의조화가너무좋아요가지튀김도커리랑만남이신선했고바삭바삭하게튀겨주셨어요파스타도양많아서배불러용👍,2026년 6월 13일 토요일,음식이 맛있어요_친절해요_인테리어가 멋져요_
1998373722,kimbnr,오늘점심은완벽했다!!메뉴뭐하나빠짐없이맛도눈도모두진짜완벽했어요👏애견동반도친절하게받아주시고직원분들그냥전부친절하심🫰너무맛있게잘먹었습니다👍,2026년 6월 13일 토요일,음식이 맛있어요_재료가 신선해요_특별한 메뉴가 있어요_인테리어가 멋져요_친절해요_
1998373722,JYS2JC,대부분의음식이다맛있습니다.다음에또와야겠어요,2026년 6월 13일 토요일,특별한 메뉴가 있어요_음식이 맛있어요_
1998373722,amy71055,전에도오고싶었는데확장이전되어서매장도넓고대화하기좋고안주도다맛있었어요또방문하고싶어요~~,2026년 6월 13일 토요일,음식이 맛있어요_매장이 넓어요_친절해요_
1998373722,bbbice,음식도맛있고빠르게나와요친구와좋은저녁되었습니다.또방문하겠습니다~~,2026년 6월 13일 토요일,음식이 맛있어요_인테리어가 멋져요_매장이 넓어요_친절해요_
1998373722,gkstls124,맛있어서두번째방문했어요👍🏻👍🏻쫀마탱구리~~👏🏻또올게용,2026년 6월 13일 토요일,음식이 맛있어요_특별한 메뉴가 있어요_인테리어가 멋져요_친절해요_매장이 청결해요_
1998373722,Soo2028,두번째방문인데맛있어요ㅎㅎ새로운거먹고싶을때가요ㅋㅋ,2026년 6월 12일 금요일,음식이 맛있어요_아늑해요_
1998373722,jiy****,여기는저의맛집!전주오면무조건데려가는곳입니당,2026년 6월 11일 목요일,음식이 맛있어요_양이 많아요_특별한 메뉴가 있어요_인테리어가 멋져요_친절해요_
1998373722,김미지78,처음왔는데소문대러정말맛있습니다!!왕추천!!분위기더너무좋고내부도넓어서데이트하기에딱좋아용❤️❤️,2026년 6월 11일 목요일,음식이 맛있어요_특별한 메뉴가 있어요_가성비가 좋아요_향신료가 강하지 않아요_뷰가 좋아요_
1998373722,리뷰천재수쨩,맛있게잘먹었습니당감자전왕추천카니미소파스타꼭드세용매장두넓구조아욘,2026년 6월 11일 목요일,음식이 맛있어요_재료가 신선해요_양이 많아요_특별한 메뉴가 있어요_인테리어가 멋져요_
1998373722,ㅎㅅㅇㅇㅇ,와여기레전드맛있습니다아는맛이나올줄알았는데독특하고가게만의개성이음식에도묻어나와서특별하다고느꼈습니다.원조아는맛보다더괜찮은것같아요ㅎㅎㅎ추천드림미다,2026년 6월 11일 목요일,음식이 맛있어요_특별한 메뉴가 있어요_매장이 넓어요_사진이 잘 나와요_매장이 청결해요_
1998373722,푸른달여드레,몇년전에왔다가너무만족해서이번여행에서도또왔어요!여전히맛있고궁금한메뉴가천지입니다ㅎㅎ언제또올지모르지만정말만족하고갑니다!추천해용,2026년 6월 11일 목요일,음식이 맛있어요_특별한 메뉴가 있어요_인테리어가 멋져요_매장이 넓어요_친절해요_
1998373722,secret비밀,매번고민하다가첨와봤는데진짜맛있어요완전강추!!!!퀄리티도너무좋고음식의밸런스가완전최고입니다~~다음에또오려구요ㅎㅎ,2026년 6월 11일 목요일,음식이 맛있어요_인테리어가 멋져요_친절해요_매장이 청결해요_
1998373722,이다경169,음식이전부다맛있어요^^ㅎㅎ스튜는빵이랑먹어도맛있고면추가해서먹어도넘나맛있네용ㅎㅎ가지튀김도꼭드셔보셔요,2026년 6월 11일 목요일,음식이 맛있어요_인테리어가 멋져요_친절해요_
1998373722,중끼,엄청엄청맛있었요!!항정살너무맛있었구스튜도양이많아서밥추가할려고했지만못했던거같아요ㅜ나중에는스튜에밥추가해서꼭먹어볼게요!!나중에또방문할게용,2026년 6월 11일 목요일,음식이 맛있어요_재료가 신선해요_양이 많아요_특별한 메뉴가 있어요_인테리어가 멋져요_
1998373722,Soo2028,음식이자극적이지않고양도많고맛있어요ㅎㅎ주차도바로앞에델수있어서편리해요ㅋㅎ,2026년 6월 11일 목요일,음식이 맛있어요_재료가 신선해요_
1998373722,수크림,메뉴다맛있어요전반적으로매콤~~,2026년 6월 11일 목요일,음식이 맛있어요_특별한 메뉴가 있어요_컨셉이 독특해요_
1998373722,맛집공유중,음식이너무맛있어요낮술하기도좋아요!,2026년 6월 10일 수요일,음식이 맛있어요_재료가 신선해요_술이 다양해요_인테리어가 멋져요_혼밥하기 좋아요_
1998373722,Youn05,음식하나하나정성이느껴져서정말만족스러웠어요!!남해알리오올리오는제입에딱맞아서끝까지맛있게먹었습니당!치즈스틱은바삭하고맛있어서계속손이갔고찹스테이크는고기가부드러워서계속먹었습니다!어느메뉴하나빠지는것없이전부맛있었어요!양도적당해서배부르게식사할수있었고전체적으로조화가좋았습니다.매장분위기도아늑하고편안해서식사하는내내기분좋았고직원분들도친절하셔서더욱만족스러운방문이었습니당!!맛있는음식덕분에좋은시간보내고왔고다음에또방문하고싶은곳이에요!😊,2026년 6월 10일 수요일,음식이 맛있어요_재료가 신선해요_사진이 잘 나와요_
1998373722,CYU93,맛있어요~~~😍😍,2026년 6월 10일 수요일,음식이 맛있어요_특별한 메뉴가 있어요_비싼 만큼 가치있어요_
1998373722,dubd****,네기정말마싯어용빵리필두했어요ㅎㅎ그리고친절하샤요새우크림파스도맛있었고김치파스타도맛있었습니다!다음엔항정살구이도도전해보려구요😊😊,2026년 6월 10일 수요일,음식이 맛있어요_친절해요_매장이 청결해요_매장이 넓어요_
1998373722,int****,음식이맛있고사장님이친절해요,2026년 6월 9일 화요일,음식이 맛있어요_인테리어가 멋져요_친절해요_
1998373722,돌핀파파,먼저아이가먹을수있게맵기랑조절할수있도록찾아와주시고너무친절하십니다.음식도특색있고너무맛있네요^^,2026년 6월 9일 화요일,음식이 맛있어요_양이 많아요_재료가 신선해요_특별한 메뉴가 있어요_
1998373722,냥냥빤취,음식이다특색있고맛있어요!!메뉴고르는재미도있습니다💖💖근데가지튀김은쏘쏘에요나머지는다마싯어요,2026년 6월 9일 화요일,음식이 맛있어요_특별한 메뉴가 있어요_대화하기 좋아요_
1998373722,wn****,와이제야여길오다니저인생맛집찾았습니다,2026년 6월 9일 화요일,음식이 맛있어요_재료가 신선해요_인테리어가 멋져요_매장이 넓어요_
1998373722,김다똥,넓고쾌적하고음식도맛있고넘친절하셔서좋은시간보내고갑니다💗바로앞에주차지원도돼서넘좋아요!!!!,2026년 6월 9일 화요일,음식이 맛있어요_재료가 신선해요_인테리어가 멋져요_친절해요_
1998373722,mxm****,인기많은곳이라고해서추천받아서평일시간대에왔습니다추천해주신음식정말맛있고다음에친구들이랑또오겠습니다감사합니다!최고,2026년 6월 8일 월요일,음식이 맛있어요_재료가 신선해요_건강한 맛이에요_인테리어가 멋져요_단체모임 하기 좋아요_
1998373722,도토리토리리,너무맛있어요!!다음에또방문하겠습니다둘이세개먹으ㅓㅆ네요,2026년 6월 8일 월요일,음식이 맛있어요_양이 많아요_특별한 메뉴가 있어요_인테리어가 멋져요_매장이 넓어요_
1998373722,퓽이풍,다너뮤맛있어요!!,2026년 6월 8일 월요일,음식이 맛있어요_특별한 메뉴가 있어요_
1998373722,gkssk0650,ㄴ무너무맛잇어용~~,2026년 6월 7일 일요일,음식이 맛있어요_양이 많아요_매장이 넓어요_단체모임 하기 좋아요_아늑해요_
1998373722,바다남자67,색다르고재밌는미식을원하시면강력추천합니다!!이제야알게되어아쉽네요ㅎㅎ자주올께요~~,2026년 6월 7일 일요일,음식이 맛있어요_재료가 신선해요_특별한 메뉴가 있어요_메뉴 구성이 알차요_향신료가 강하지 않아요_
1998373722,OHDOBI,와진짜정말맛있어요!다들동료들이나연인과함께와봤으면좋겠습니다:),2026년 6월 7일 일요일,인테리어가 멋져요_단체모임 하기 좋아요_특별한 메뉴가 있어요_양이 많아요_음식이 맛있어요_
1998373722,cham3033,늦은시간에먹었는데도맛있네요올리브는최고네요,2026년 6월 7일 일요일,음식이 맛있어요_매장이 넓어요_친절해요_
1998373722,박현진5316,전체적으로너무맛있는집..새우리가토니랑감자전은필수예요👍🏻🫶🫶,2026년 6월 7일 일요일,음식이 맛있어요_재료가 신선해요_양이 많아요_특별한 메뉴가 있어요_
1998373722,자유부인28,신랑과맛집찾아왔어요낮에분위기잡고먹는데넘맛있네요주말에애들과또와봐야겠어요직원분들이친절하시고맛도좋고주차도편하니😀👍,2026년 6월 7일 일요일,음식이 맛있어요_재료가 신선해요_친절해요_주차하기 편해요_매장이 청결해요_
1998373722,tr_****,다섯살아이와함께방문했어요!모든메뉴다맛있었어요.저녁에술한잔하면서먹었으면더좋았을것같아요~~사장님도직원분도모두친절하셨고아기의자도있어서좋아요~,2026년 6월 6일 토요일,음식이 맛있어요_특별한 메뉴가 있어요_주차하기 편해요_
1998373722,cog****,진짜진짜너무맛있어요!!!음식다처음먹어보는맛인데먹는내내맛있다고하면서먹었어요ㅜㅠ❤️다음에무조건재방문의사있습니당!!,2026년 6월 6일 토요일,음식이 맛있어요_재료가 신선해요_특별한 메뉴가 있어요_인테리어가 멋져요_매장이 넓어요_
1998373722,인동장씨태상공파,음식종류다양해요~~남퍈이랑데이트나왔는데분위기도좋고아시아느낌의음식집인줄알았는데양식도있고메뉴구성도알차더라구요~음식퀄리티도넘좋고가격도좋았어요!!!!너무시끄럽지도않고앞으로데이트로많이올것같아요!!!!사장님이음식에대한진정성과열정이느껴져서음식이더맛있었습니다~!!!자주올게요!!,2026년 6월 6일 토요일,음식이 맛있어요_재료가 신선해요_특별한 메뉴가 있어요_가성비가 좋아요_술이 다양해요_
1998373722,유바이o3,항상오는이유가잇습니다.저는크림파스타와찹스테이크를추천드립니다왜냐하면일단크림파스타는크림의꾸덕함과새우의감칠맛이어우러지고청양고추가자칫느끼할수잇는맛을잡아줍니다.글고찹스테이크는새콤달콤간이세지도않고딱적당해요그리고야채랑고기가잘어울려서탄단지챙기기딱좋아요♥️항상같은메뉴만먹어서많은음식을맛보진못했지만원래기본이되어잇음나머지도완볏하잖아요😽다음에또와서그걸인증해보겠습니다ㅎㅎ최공,2026년 6월 6일 토요일,음식이 맛있어요_비싼 만큼 가치있어요_사진이 잘 나와요_좌석이 편해요_
1998373722,yhe4****,레전드맛집을찾았습니당ㅜㅜ:)항정살수육너무맛있네요!무조건또올것같아요😻,2026년 6월 6일 토요일,음식이 맛있어요_재료가 신선해요_양이 많아요_특별한 메뉴가 있어요_인테리어가 멋져요_
1998373722,으야38,음식도분위기도만족했던곳!특히항정살구이는고소한풍미와식감이정말좋았고갓김치파스타는갓김치의감칠맛과파스타가의외로너무잘어울려서추천합니다😊,2026년 6월 6일 토요일,음식이 맛있어요_특별한 메뉴가 있어요_대화하기 좋아요_
1998373722,날동e,주변에서추천많이해서처음왔는데다음에또올게요!안먹어본다른메뉴들이기대되요!가지튀김바삭바삭하고스튜도깔끔해서싹비우고가요!엄청맛있었어요~,2026년 6월 6일 토요일,음식이 맛있어요_특별한 메뉴가 있어요_디저트가 맛있어요_반려동물과 가기 좋아요_
1998373722,요옹쯘,오랜만에먹으러왔는데역시나메뉴들다맛있습니다!낮도좋지만저녁에오니다른분위기에요!직원분도친절하시고메뉴들맛있어서다른메뉴들먹으러또방문할것같아요!,2026년 6월 6일 토요일,음식이 맛있어요_특별한 메뉴가 있어요_인테리어가 멋져요_단체모임 하기 좋아요_친절해요_
1998373722,귥ㅇ,분위기와맛양까지모두잡은식당입니다.전주에와서먹은음식들중제일맛있었어요!노래플레이리스트도좋아요!,2026년 6월 6일 토요일,음식이 맛있어요_양이 많아요_특별한 메뉴가 있어요_가성비가 좋아요_아늑해요_
1998373722,als****,당일예약후방문했는데친절하게안내해주셨고주문한메뉴다맛있었어요~모임으로도많이오시던데추천합니다🩷🩷,2026년 6월 6일 토요일,음식이 맛있어요_특별한 메뉴가 있어요_인테리어가 멋져요_매장이 넓어요_친절해요_
1998373722,gala97,전주놀러올때양식집가고싶을때마다오는곳인데너무맛있어요특히항정살이랑남해파스타너무맛있습니다!!!강추드려용분위기도넘좋아용,2026년 6월 6일 토요일,음식이 맛있어요_재료가 신선해요_인테리어가 멋져요_
1998373722,nani117,음식은너무맛있는데양이적어서인지맛있어서인지5분정도만에다먹었네요🤣🤣,2026년 6월 6일 토요일,음식이 맛있어요_
1998373722,cosmopolitan 희성76,다시또올곳입니다.처음방문했는데정말맛있어요..모든메뉴다먹을거에요!!,2026년 6월 6일 토요일,음식이 맛있어요_재료가 신선해요_가성비가 좋아요_매장이 청결해요_친절해요_
1998373722,홍겸댕,분위기좋아요음식도맛나고최공,2026년 6월 6일 토요일,음식이 맛있어요_인테리어가 멋져요_친절해요_매장이 청결해요_
1998373722,태구9341,전주여행을와서먹은식당중에단연1등입니다.일산에서왔는데또오고싶을만큼친절하시고파스타는먹는중에다른파스타도먹어보고싶다는생각이들만큼너무너무맛있었습니다~!!리뷰이벤트가아니라도리뷰를쓰고싶은적은처음이네요♡,2026년 6월 6일 토요일,음식이 맛있어요_특별한 메뉴가 있어요_인테리어가 멋져요_친절해요_
1998373722,YS90,항정살구이저번에는재료소진이라못먹었는데이번에와서먹어봤어요!!맛있어요🩷🩷🤤🤤,2026년 6월 6일 토요일,음식이 맛있어요_특별한 메뉴가 있어요_디저트가 맛있어요_인테리어가 멋져요_
1998373722,hwo****,가지튀김진짜맛있어요!!!그리고종업원선생임어무친절해서무더위를까먹을정도입니다.반다라쓰셨습니다.친절하고맛있었습니다!!!,2026년 6월 6일 토요일,음식이 맛있어요_양이 많아요_특별한 메뉴가 있어요_인테리어가 멋져요_
1998373722,qkr****,토닭스튜가진짜개존맛이에요~!,2026년 6월 6일 토요일,음식이 맛있어요_재료가 신선해요_특별한 메뉴가 있어요_매장이 넓어요_
1998373722,lov****,토닭스튜를먹고나면추가로파스타나볶음밥을추가할수있어요.파스타로주문했는데와!새메뉴를하나더주문한느낌이네요^^이런선택한나자신을칭찬함ㅎㅎ,2026년 6월 3일 수요일,음식이 맛있어요_향신료가 강하지 않아요_특별한 메뉴가 있어요_친절해요_매장이 청결해요_
1998373722,sm45sj,추천받아서왔는데너무맛있어요진짜강추!양도많아서너무배불리잘먹었어요어떤메뉴하나빠지는것없이맛있어요,2026년 6월 3일 수요일,음식이 맛있어요_양이 많아요_특별한 메뉴가 있어요_
1998373722,몬들75,두번째방문입니다정말맛나요,2026년 6월 3일 수요일,음식이 맛있어요_특별한 메뉴가 있어요_
1998373722,숩20,음식이다양하고너무맛있어용~!,2026년 6월 3일 수요일,음식이 맛있어요_특별한 메뉴가 있어요_인테리어가 멋져요_사진이 잘 나와요_친절해요_
1998373722,김기욱54,특별한메뉴들이있는것같아추천받아방문하였습니다.이색적인음식이한국식으로재해석된느낌이랄까?만족만족대만족이요.너무나맛있고분위기있게즐긴시간이었습니다.,2026년 6월 2일 화요일,음식이 맛있어요_특별한 메뉴가 있어요_양이 많아요_인테리어가 멋져요_친절해요_
1998373722,two****,다양한국적음식을한번에먹어볼수있다는것도좋고퀄리티도높아서만족스러워요.,2026년 6월 2일 화요일,음식이 맛있어요_재료가 신선해요_특별한 메뉴가 있어요_컨셉이 독특해요_특별한 날 가기 좋아요_
1998373722,hyo****,너무맛있어요재방문만몇번짼지제객사또간집입니당항상오면시키는갓김치파스타🫶🫶🫶다음에도또올게요너무맛있어용,2026년 6월 2일 화요일,음식이 맛있어요_재료가 신선해요_특별한 메뉴가 있어요_친절해요_인테리어가 멋져요_
1998373722,연3729,맛있다는이야기듣고왔는데역시나맛있네요ㅎㅎ맛있게잘먹었습니다!,2026년 6월 2일 화요일,음식이 맛있어요_특별한 메뉴가 있어요_재료가 신선해요_대화하기 좋아요_친절해요_
1998373722,mo****,시킨메뉴다맛있고2명이서와서너무아싀워요..먹고싶은매뉴가너무많아서다음에또와야겠어요!!!,2026년 6월 2일 화요일,음식이 맛있어요_매장이 넓어요_
1998373722,주당그레임,공휴일이라대기가많을걸예상하고갔는데12:45분쯤도착했는데그래도5분정도후에입장했습니다!오랜만에엄마랑방문했는데맛있게잘먹었습니다!커리나스덴카쿠랑새우청양크림파스타강추합니당~!!,2026년 6월 2일 화요일,음식이 맛있어요_메뉴 구성이 알차요_특별한 메뉴가 있어요_친절해요_매장이 청결해요_
1998373722,창연쓰,맛있어요!!,2026년 6월 2일 화요일,음식이 맛있어요_재료가 신선해요_양이 많아요_인테리어가 멋져요_매장이 넓어요_
1998373722,juheeeeee,맛있었어요!!ㅎㅎ사람도항상많고최공,2026년 6월 2일 화요일,음식이 맛있어요_재료가 신선해요_양이 많아요_특별한 메뉴가 있어요_
1998373722,leeth23,파스타메뉴가다정말맛있고감자전이킥입니다👍🏻👍🏻👍🏻👍🏻,2026년 6월 1일 월요일,음식이 맛있어요_
1998373722,섭짱짱맨와썹맨,처음보는메뉴들이많아서고르는재미가있고맛이개야르합니다!,2026년 6월 1일 월요일,음식이 맛있어요_양이 많아요_특별한 메뉴가 있어요_단체모임 하기 좋아요_친절해요_
1998373722,개롤,오랜만에왔는데청양파스타랑항정살맛있구감자전?그거도처음시켜봤는데진짜바삭하구맛있어요!!!,2026년 6월 1일 월요일,음식이 맛있어요_재료가 신선해요_인테리어가 멋져요_매장이 넓어요_단체모임 하기 좋아요_
1998373722,미우주몽,사장님너무친절하시구음식도다맛있고좋아용♡,2026년 6월 1일 월요일,음식이 맛있어요_특별한 메뉴가 있어요_인테리어가 멋져요_
1998373722,단아7537,인생파스타에요진짜로카니미소파스타진짜너무맛있어요먹은메뉴전부다너무맛있고특별했어요특히근데파스타는진짜완전추천이요🤍🤍🤍🤍,2026년 6월 1일 월요일,특별한 메뉴가 있어요_음식이 맛있어요_인테리어가 멋져요_음악이 좋아요_컨셉이 독특해요_
1998373722,kap****,맛있고또오고싶을정도로,2026년 6월 1일 월요일,음식이 맛있어요_인테리어가 멋져요_
1998373722,류4695,음식이다특별하고맛있어요!스튜에밥추가할때그냥밥넣어먹는건줄알았는데요리한대접이더나와서놀랐습니다ㅋㅋㅋ매장도빨간포인트로너무세련되게잘꾸며져있어요아주오래전에자리옮기기전에갔었는데그때도분위기있었지만넓어지니더좋네요!,2026년 5월 31일 일요일,음식이 맛있어요_특별한 메뉴가 있어요_인테리어가 멋져요_매장이 청결해요_
1998373722,jsa1605,전주에서가장사랑하는레스토랑..최고입니다.,2026년 5월 30일 토요일,음식이 맛있어요_재료가 신선해요_양이 많아요_특별한 메뉴가 있어요_인테리어가 멋져요_
1998373722,ChoHA,우연히방문한객리단길에무국ㅎㅎㅎ분위기도너무좋고음식다너무맛있게먹었어용ㅎㅎ양도짱많아요!다들친절하시고기분좋은저녁이였습니다!,2026년 5월 30일 토요일,양이 많아요_특별한 메뉴가 있어요_메뉴 구성이 알차요_인테리어가 멋져요_매장이 넓어요_
1998373722,shl****,분위기가너무좋고힙한감성낭낭해요✨음식다너무맛있고다른곳에서못먹어본맛인것도ㅠ있어요!진짜너무맛있습니다🫢진짜..어떻게이렇게다맛있나요….✨진짜꼭토닭스튜먹고밥도볶아먹어보세요…🥹,2026년 5월 30일 토요일,음식이 맛있어요_양이 많아요_특별한 메뉴가 있어요_메뉴 구성이 알차요_인테리어가 멋져요_
1998373722,소혀니8657,너무맛있어서싹슬이했습니다!다음에또올게요!,2026년 5월 30일 토요일,음식이 맛있어요_재료가 신선해요_특별한 메뉴가 있어요_
1998373722,kdy****,너무너무맛있었어요!!특히항정진짜맛있게잘먹었습니다ㅎㅎ,2026년 5월 30일 토요일,음식이 맛있어요_재료가 신선해요_특별한 메뉴가 있어요_가성비가 좋아요_메뉴 구성이 알차요_
1998373722,naias82,아이들과같이같는데맛있다고하네요.아이들입맛은정확한거!!!^^,2026년 5월 30일 토요일,음식이 맛있어요_특별한 메뉴가 있어요_메뉴 구성이 알차요_컨셉이 독특해요_친절해요_
1998373722,talk_J,지난번에오고나서너무맛있어서친구데리고또왔는데다들너무만족했습니다메뉴하나하나너무맛있고정성스러워요!전주오면꼭들리면좋을거같아요,2026년 5월 30일 토요일,음식이 맛있어요_재료가 신선해요_
1998373722,뤠드맹고,음식이유니크한데하나같이다맛있어요술한잔이랑같이곁들이기에딱인메뉴들이에요데이트코스로강추!!,2026년 5월 30일 토요일,음식이 맛있어요_특별한 메뉴가 있어요_음료가 맛있어요_메뉴 구성이 알차요_
1998373722,ks8****,매장깔끔하고이국적인음식특색있는음식많습니다객사내부에있지만주차도편해요맛집추천,2026년 5월 30일 토요일,음식이 맛있어요_특별한 메뉴가 있어요_인테리어가 멋져요_매장이 청결해요_주차하기 편해요_
1998373722,티벳여우1191,다른데에서맛볼수없는새롭고맛있는음식이많아서좋아요,2026년 5월 30일 토요일,음식이 맛있어요_특별한 메뉴가 있어요_특별한 날 가기 좋아요_
