store_name,store_code,store_category,store_address,store_phone,store_times_str,store_score_text,store_data_x,store_data_y,store_image_url,store_amenities_str,store_parking
아서원1920 전주본점,1647184627,중식당,도로명전북 전주시 덕진구 송천중앙로 225 파인트리몰 3층복사지번전북 전주시 덕진구 송천동2가 1422복사우편번호우편번호54827복사안내 레이어 닫기,0507-1360-1789,곧 영업 시작17:00에 영업 시작17시 0분에 영업 시작_곧 영업 시작17:00에 영업 시작17시 0분에 영업 시작_곧 영업 시작17:00에 영업 시작17시 0분에 영업 시작_곧 영업 시작_17:00에 영업 시작17시 0분에 영업 시작_17:00에 영업 시작_17시 0분에 영업 시작_수11:00 - 21:0015:00 - 17:00 브레이크타임20:20 라스트오더_수11:00 - 21:0015:00 - 17:00 브레이크타임20:20 라스트오더_수11:00 - 21:0015:00 - 17:00 브레이크타임20:20 라스트오더_수_11:00 - 21:0015:00 - 17:00 브레이크타임20:20 라스트오더_목11:00 - 21:0015:00 - 17:00 브레이크타임20:20 라스트오더_목11:00 - 21:0015:00 - 17:00 브레이크타임20:20 라스트오더_목11:00 - 21:0015:00 - 17:00 브레이크타임20:20 라스트오더_목_11:00 - 21:0015:00 - 17:00 브레이크타임20:20 라스트오더_금11:00 - 21:0015:00 - 17:00 브레이크타임20:20 라스트오더_금11:00 - 21:0015:00 - 17:00 브레이크타임20:20 라스트오더_금11:00 - 21:0015:00 - 17:00 브레이크타임20:20 라스트오더_금_11:00 - 21:0015:00 - 17:00 브레이크타임20:20 라스트오더_토11:00 - 21:0015:00 - 16:00 브레이크타임20:20 라스트오더_토11:00 - 21:0015:00 - 16:00 브레이크타임20:20 라스트오더_토11:00 - 21:0015:00 - 16:00 브레이크타임20:20 라스트오더_토_11:00 - 21:0015:00 - 16:00 브레이크타임20:20 라스트오더_일11:00 - 21:0015:00 - 16:00 브레이크타임20:20 라스트오더_일11:00 - 21:0015:00 - 16:00 브레이크타임20:20 라스트오더_일11:00 - 21:0015:00 - 16:00 브레이크타임20:20 라스트오더_일_11:00 - 21:0015:00 - 16:00 브레이크타임20:20 라스트오더_월11:00 - 21:0015:00 - 17:00 브레이크타임20:20 라스트오더_월11:00 - 21:0015:00 - 17:00 브레이크타임20:20 라스트오더_월11:00 - 21:0015:00 - 17:00 브레이크타임20:20 라스트오더_월_11:00 - 21:0015:00 - 17:00 브레이크타임20:20 라스트오더_화11:00 - 21:0015:00 - 17:00 브레이크타임20:20 라스트오더접기_화11:00 - 21:0015:00 - 17:00 브레이크타임20:20 라스트오더접기_화11:00 - 21:0015:00 - 17:00 브레이크타임20:20 라스트오더_화_11:00 - 21:0015:00 - 17:00 브레이크타임20:20 라스트오더_접기_접기,별점없음,0,0,https://search.pstatic.net/common/?autoRotate=true&type=w560_sharpen&src=https%3A%2F%2Fldb-phinf.pstatic.net%2F20250702_224%2F1751420679650vqGD6_PNG%2F%25BE%25C6%25BC%25AD%25BF%25F8_%25BA%25ED%25B7%25E7%25B8%25AE%25BA%25BB2025.png,콜키지 가능유료_무선 인터넷_남/녀 화장실 구분_포장_예약_단체 이용 가능_대기공간_유아의자_화장실 휠체어 이용가능_출입구 휠체어 이용가능_좌석 휠체어 이용가능_장애인 주차구역,주차가능무료
아서원1920 전주한옥마을꽃심호텔점,2099020069,중식당,도로명전북 전주시 완산구 팔달로 171 1층복사지번전북 전주시 완산구 경원동1가 102복사우편번호우편번호55038복사안내 레이어 닫기,0507-1443-1790,"영업 중20:20에 라스트오더20시 20분에 라스트오더_영업 중20:20에 라스트오더20시 20분에 라스트오더_영업 중20:20에 라스트오더20시 20분에 라스트오더_영업 중_20:20에 라스트오더20시 20분에 라스트오더_20:20에 라스트오더_20시 20분에 라스트오더_수11:00 - 21:0015:00 - 17:00 브레이크타임14:20, 20:20 라스트오더_수11:00 - 21:0015:00 - 17:00 브레이크타임14:20, 20:20 라스트오더_수11:00 - 21:0015:00 - 17:00 브레이크타임14:20, 20:20 라스트오더_수_11:00 - 21:0015:00 - 17:00 브레이크타임14:20, 20:20 라스트오더_목11:00 - 21:0015:00 - 17:00 브레이크타임14:20, 20:20 라스트오더_목11:00 - 21:0015:00 - 17:00 브레이크타임14:20, 20:20 라스트오더_목11:00 - 21:0015:00 - 17:00 브레이크타임14:20, 20:20 라스트오더_목_11:00 - 21:0015:00 - 17:00 브레이크타임14:20, 20:20 라스트오더_금11:00 - 21:0015:00 - 17:00 브레이크타임14:20, 20:20 라스트오더_금11:00 - 21:0015:00 - 17:00 브레이크타임14:20, 20:20 라스트오더_금11:00 - 21:0015:00 - 17:00 브레이크타임14:20, 20:20 라스트오더_금_11:00 - 21:0015:00 - 17:00 브레이크타임14:20, 20:20 라스트오더_토11:00 - 21:0015:00 - 16:30 브레이크타임14:20, 20:20 라스트오더_토11:00 - 21:0015:00 - 16:30 브레이크타임14:20, 20:20 라스트오더_토11:00 - 21:0015:00 - 16:30 브레이크타임14:20, 20:20 라스트오더_토_11:00 - 21:0015:00 - 16:30 브레이크타임14:20, 20:20 라스트오더_일11:00 - 21:0015:00 - 16:30 브레이크타임14:20, 20:20 라스트오더_일11:00 - 21:0015:00 - 16:30 브레이크타임14:20, 20:20 라스트오더_일11:00 - 21:0015:00 - 16:30 브레이크타임14:20, 20:20 라스트오더_일_11:00 - 21:0015:00 - 16:30 브레이크타임14:20, 20:20 라스트오더_월11:00 - 21:0015:00 - 17:00 브레이크타임14:20, 20:20 라스트오더_월11:00 - 21:0015:00 - 17:00 브레이크타임14:20, 20:20 라스트오더_월11:00 - 21:0015:00 - 17:00 브레이크타임14:20, 20:20 라스트오더_월_11:00 - 21:0015:00 - 17:00 브레이크타임14:20, 20:20 라스트오더_화11:00 - 21:0015:00 - 17:00 브레이크타임14:20, 20:20 라스트오더접기_화11:00 - 21:0015:00 - 17:00 브레이크타임14:20, 20:20 라스트오더접기_화11:00 - 21:0015:00 - 17:00 브레이크타임14:20, 20:20 라스트오더_화_11:00 - 21:0015:00 - 17:00 브레이크타임14:20, 20:20 라스트오더_접기_접기",별점없음,0,0,https://search.pstatic.net/common/?autoRotate=true&type=w560_sharpen&src=https%3A%2F%2Fldb-phinf.pstatic.net%2F20250704_237%2F1751596452416oropY_PNG%2F%25BE%25C6%25BC%25AD%25BF%25F8_%25BA%25ED%25B7%25E7%25B8%25AE%25BA%25BB2025.png,콜키지 가능유료_단체 이용 가능_예약_무선 인터넷_유아의자_포장_남/녀 화장실 구분_화장실 휠체어 이용가능_출입구 휠체어 이용가능_좌석 휠체어 이용가능_장애인 주차구역,주차가능무료
파쿠야 전주점,1340584191,이자카야,도로명전북 전주시 덕진구 기린대로 456 1층 파쿠야복사지번전북 전주시 덕진구 덕진동1가 1265-19복사우편번호우편번호54898복사안내 레이어 닫기,0507-1449-3739,영업 전17:30에 영업 시작17시 30분에 영업 시작_영업 전17:30에 영업 시작17시 30분에 영업 시작_영업 전17:30에 영업 시작17시 30분에 영업 시작_영업 전_17:30에 영업 시작17시 30분에 영업 시작_17:30에 영업 시작_17시 30분에 영업 시작_매일17:30 - 다음 날 04:00_매일17:30 - 다음 날 04:00_매일17:30 - 다음 날 04:00_매일_17:30 - 다음 날 04:00_- 오후17:30 ~ 새벽04:00까지 운영합니다.!!!!접기_- 오후17:30 ~ 새벽04:00까지 운영합니다.!!!!접기_- 오후17:30 ~ 새벽04:00까지 운영합니다.!!!!_- 오후17:30 ~ 새벽04:00까지 운영합니다.!!!!_접기_접기,별점없음,0,0,https://search.pstatic.net/common/?autoRotate=true&type=w560_sharpen&src=https%3A%2F%2Fldb-phinf.pstatic.net%2F20240307_6%2F1709808836290GwAk9_JPEG%2FIMG_3920.jpeg,콜키지 가능유료_단체 이용 가능_예약_남/녀 화장실 구분_무선 인터넷_\반려동물 동반_포장,주차가능무료
계도리,1163302976,한식,도로명전북 전주시 덕진구 명륜2길 15-16 1층 계도리복사지번전북 전주시 덕진구 덕진동1가 1314-185복사우편번호우편번호54898복사안내 레이어 닫기,0507-1326-3742,"영업 중21:30에 라스트오더21시 30분에 라스트오더_영업 중21:30에 라스트오더21시 30분에 라스트오더_영업 중21:30에 라스트오더21시 30분에 라스트오더_영업 중_21:30에 라스트오더21시 30분에 라스트오더_21:30에 라스트오더_21시 30분에 라스트오더_매일11:00 - 22:0015:00 - 17:00 브레이크타임14:30, 21:30 라스트오더_매일11:00 - 22:0015:00 - 17:00 브레이크타임14:30, 21:30 라스트오더_매일11:00 - 22:0015:00 - 17:00 브레이크타임14:30, 21:30 라스트오더_매일_11:00 - 22:0015:00 - 17:00 브레이크타임14:30, 21:30 라스트오더_- 5월 연휴기간 쉬는날 없이 운영합니다. 감사합니다.접기_- 5월 연휴기간 쉬는날 없이 운영합니다. 감사합니다.접기_- 5월 연휴기간 쉬는날 없이 운영합니다. 감사합니다._- 5월 연휴기간 쉬는날 없이 운영합니다. 감사합니다._접기_접기",별점없음,0,0,https://search.pstatic.net/common/?autoRotate=true&type=w560_sharpen&src=https%3A%2F%2Fldb-phinf.pstatic.net%2F20251102_101%2F17620755959204x66w_JPEG%2FIMG_8350.jpeg,포장_무선 인터넷_단체 이용 가능_예약_대기공간_남/녀 화장실 구분_유아의자,주차 불가
대설 본점,1598840565,"카페,디저트",도로명전북 전주시 덕진구 명륜4길 18 2층복사지번전북 전주시 덕진구 덕진동1가 1263-21복사우편번호우편번호54898복사안내 레이어 닫기,0507-1467-1534,영업 중다음 날 00:20에 라스트오더다음 날 0시 20분에 라스트오더_영업 중다음 날 00:20에 라스트오더다음 날 0시 20분에 라스트오더_영업 중다음 날 00:20에 라스트오더다음 날 0시 20분에 라스트오더_영업 중_다음 날 00:20에 라스트오더다음 날 0시 20분에 라스트오더_다음 날 00:20에 라스트오더_다음 날 0시 20분에 라스트오더_수12:00 - 다음 날 00:4000:20 라스트오더_수12:00 - 다음 날 00:4000:20 라스트오더_수12:00 - 다음 날 00:4000:20 라스트오더_수_12:00 - 다음 날 00:4000:20 라스트오더_목12:00 - 다음 날 00:4000:20 라스트오더_목12:00 - 다음 날 00:4000:20 라스트오더_목12:00 - 다음 날 00:4000:20 라스트오더_목_12:00 - 다음 날 00:4000:20 라스트오더_금12:00 - 다음 날 00:4000:20 라스트오더_금12:00 - 다음 날 00:4000:20 라스트오더_금12:00 - 다음 날 00:4000:20 라스트오더_금_12:00 - 다음 날 00:4000:20 라스트오더_토12:00 - 다음 날 00:4000:20 라스트오더_토12:00 - 다음 날 00:4000:20 라스트오더_토12:00 - 다음 날 00:4000:20 라스트오더_토_12:00 - 다음 날 00:4000:20 라스트오더_일15:00 - 다음 날 00:4000:20 라스트오더_일15:00 - 다음 날 00:4000:20 라스트오더_일15:00 - 다음 날 00:4000:20 라스트오더_일_15:00 - 다음 날 00:4000:20 라스트오더_월12:00 - 다음 날 00:4000:20 라스트오더_월12:00 - 다음 날 00:4000:20 라스트오더_월12:00 - 다음 날 00:4000:20 라스트오더_월_12:00 - 다음 날 00:4000:20 라스트오더_화12:00 - 다음 날 00:4000:20 라스트오더접기_화12:00 - 다음 날 00:4000:20 라스트오더접기_화12:00 - 다음 날 00:4000:20 라스트오더_화_12:00 - 다음 날 00:4000:20 라스트오더_접기_접기,별점없음,0,0,https://search.pstatic.net/common/?autoRotate=true&type=w278_sharpen&src=https%3A%2F%2Fldb-phinf.pstatic.net%2F20251119_142%2F1763547265913HTJqh_PNG%2FKakaoTalk_20231209_155549039.png,로스터리_테이크아웃 할인_배달_포장_예약_단체 이용 가능_남/녀 화장실 구분,주차 불가
서울깍두기 전북대점,2088731895,"곰탕,설렁탕",도로명전북 전주시 덕진구 명륜4길 25 1층복사지번전북 전주시 덕진구 덕진동1가 664-18복사우편번호우편번호54898복사안내 레이어 닫기,0507-1487-2160,24시간 영업연중무휴연중무휴_24시간 영업연중무휴연중무휴_24시간 영업연중무휴연중무휴_24시간 영업_연중무휴연중무휴_연중무휴_연중무휴_매일00:00 - 24:00접기_매일00:00 - 24:00접기_매일00:00 - 24:00_매일_00:00 - 24:00_접기_접기,별점없음,0,0,https://search.pstatic.net/common/?autoRotate=true&type=w278_sharpen&src=https%3A%2F%2Fldb-phinf.pstatic.net%2F20250605_72%2F1749103560168I6oTU_PNG%2F%25C1%25A6%25B8%25F1%25C0%25BB-%25C0%25D4%25B7%25C2%25C7%25D8%25C1%25D6%25BC%25BC%25BF%25E4_-001_%252834%2529.png,단체 이용 가능_포장_배달_예약_무선 인터넷_남/녀 화장실 구분_유아의자,주차가능무료
"평화와평화, 구내매점",2064186940,"카페,디저트",도로명전북 전주시 덕진구 명륜4길 6 3층복사지번전북 전주시 덕진구 덕진동1가 1266-20복사우편번호우편번호54898복사안내 레이어 닫기,0507-1410-9340,영업 중22:00에 영업 종료22시 0분에 영업 종료_영업 중22:00에 영업 종료22시 0분에 영업 종료_영업 중22:00에 영업 종료22시 0분에 영업 종료_영업 중_22:00에 영업 종료22시 0분에 영업 종료_22:00에 영업 종료_22시 0분에 영업 종료_매일11:00 - 22:00접기_매일11:00 - 22:00접기_매일11:00 - 22:00_매일_11:00 - 22:00_접기_접기,별점없음,0,0,https://search.pstatic.net/common/?autoRotate=true&type=w560_sharpen&src=https%3A%2F%2Fldb-phinf.pstatic.net%2F20251004_246%2F175953889463629qtc_JPEG%2FKakaoTalk_Photo_2025-10-04-09-36-46_006.jpeg,핸드드립_로스터리_테이크아웃 할인_단체 이용 가능_포장_배달_예약_남/녀 화장실 구분_대기공간_무선 인터넷,주차가능무료
만배식탁 전북대점,1379201438,한식,도로명전북 전주시 덕진구 명륜5길 20-2 1층 만배식탁복사지번전북 전주시 덕진구 덕진동1가 1314-160복사우편번호우편번호54898복사안내 레이어 닫기,0507-1406-3522,영업 중21:30에 라스트오더21시 30분에 라스트오더_영업 중21:30에 라스트오더21시 30분에 라스트오더_영업 중21:30에 라스트오더21시 30분에 라스트오더_영업 중_21:30에 라스트오더21시 30분에 라스트오더_21:30에 라스트오더_21시 30분에 라스트오더_매일10:00 - 22:0021:30 라스트오더접기_매일10:00 - 22:0021:30 라스트오더접기_매일10:00 - 22:0021:30 라스트오더_매일_10:00 - 22:0021:30 라스트오더_접기_접기,별점없음,0,0,https://search.pstatic.net/common/?autoRotate=true&type=w560_sharpen&src=https%3A%2F%2Fldb-phinf.pstatic.net%2F20250627_29%2F1751000056801rGGp8_JPEG%2F%25C0%25FC%25BA%25CF%25B4%25EB_%25B3%25D7%25C0%25CC%25B9%25F6%25C7%25C3%25B7%25B9%25C0%25CC%25BD%25BA_%25B4%25EB%25C7%25A5%25BB%25E7%25C1%25F8.jpg,단체 이용 가능_포장_배달_예약_남/녀 화장실 구분_대기공간_무선 인터넷,주차 불가
오일내 전북대점,1742540837,돼지고기구이,도로명전북 전주시 덕진구 명륜3길 20 2층복사지번전북 전주시 덕진구 덕진동1가 1314-179복사우편번호우편번호54898복사안내 레이어 닫기,0507-1354-6476,영업 중23:30에 라스트오더23시 30분에 라스트오더_영업 중23:30에 라스트오더23시 30분에 라스트오더_영업 중23:30에 라스트오더23시 30분에 라스트오더_영업 중_23:30에 라스트오더23시 30분에 라스트오더_23:30에 라스트오더_23시 30분에 라스트오더_매일11:00 - 24:0023:30 라스트오더접기_매일11:00 - 24:0023:30 라스트오더접기_매일11:00 - 24:0023:30 라스트오더_매일_11:00 - 24:0023:30 라스트오더_접기_접기,별점없음,0,0,https://search.pstatic.net/common/?autoRotate=true&type=w560_sharpen&src=https%3A%2F%2Fldb-phinf.pstatic.net%2F20240906_217%2F1725598609855bfzFx_JPEG%2F1000006054.jpg,단체 이용 가능_예약_유아의자_남/녀 화장실 구분_무선 인터넷,주차가능무료
고기듬뿍 국물두루치기 본점,1219346271,한식,도로명전북 전주시 덕진구 명륜4길 18-9 (덕진동1가)1층 고기듬뿍국물두루치기 본점복사지번전북 전주시 덕진구 덕진동1가 1314-174 1층 고기듬뿍국물두루치기 본점복사우편번호우편번호54898복사안내 레이어 닫기,0507-1435-4140,영업 중21:20에 라스트오더21시 20분에 라스트오더_영업 중21:20에 라스트오더21시 20분에 라스트오더_영업 중21:20에 라스트오더21시 20분에 라스트오더_영업 중_21:20에 라스트오더21시 20분에 라스트오더_21:20에 라스트오더_21시 20분에 라스트오더_매일11:00 - 22:0015:00 - 16:00 브레이크타임21:20 라스트오더_매일11:00 - 22:0015:00 - 16:00 브레이크타임21:20 라스트오더_매일11:00 - 22:0015:00 - 16:00 브레이크타임21:20 라스트오더_매일_11:00 - 22:0015:00 - 16:00 브레이크타임21:20 라스트오더_- 매장 화재로 인하여 재정비 후 빠르게 오픈 하겠습니다접기_- 매장 화재로 인하여 재정비 후 빠르게 오픈 하겠습니다접기_- 매장 화재로 인하여 재정비 후 빠르게 오픈 하겠습니다_- 매장 화재로 인하여 재정비 후 빠르게 오픈 하겠습니다_접기_접기,별점없음,0,0,https://search.pstatic.net/common/?autoRotate=true&type=w560_sharpen&src=https%3A%2F%2Fldb-phinf.pstatic.net%2F20250613_295%2F1749803096632BYGIf_PNG%2F210%25C8%25A3%25C1%25A1.png,생일 혜택_콜키지 가능유료_테이크아웃 할인_단체 이용 가능_포장_배달_예약_무선 인터넷_남/녀 화장실 구분_대기공간_화장실 휠체어 이용가능_출입구 휠체어 이용가능_좌석 휠체어 이용가능,주차가능무료
우노스,1530011364,베이커리,도로명전북 전주시 덕진구 권삼득로 350 우노스복사지번전북 전주시 덕진구 덕진동1가 1315-51복사우편번호우편번호54897복사안내 레이어 닫기,0507-1314-7181,영업 중18:00에 영업 종료18시 0분에 영업 종료_영업 중18:00에 영업 종료18시 0분에 영업 종료_영업 중18:00에 영업 종료18시 0분에 영업 종료_영업 중_18:00에 영업 종료18시 0분에 영업 종료_18:00에 영업 종료_18시 0분에 영업 종료_수09:00 - 18:00_수09:00 - 18:00_수09:00 - 18:00_수_09:00 - 18:00_목09:00 - 18:00_목09:00 - 18:00_목09:00 - 18:00_목_09:00 - 18:00_금09:00 - 18:00_금09:00 - 18:00_금09:00 - 18:00_금_09:00 - 18:00_토09:00 - 18:00_토09:00 - 18:00_토09:00 - 18:00_토_09:00 - 18:00_일09:00 - 18:00_일09:00 - 18:00_일09:00 - 18:00_일_09:00 - 18:00_월09:00 - 18:00_월09:00 - 18:00_월09:00 - 18:00_월_09:00 - 18:00_화09:00 - 18:00_화09:00 - 18:00_화09:00 - 18:00_화_09:00 - 18:00_- 모든 빵 매진시 조기마감접기_- 모든 빵 매진시 조기마감접기_- 모든 빵 매진시 조기마감_- 모든 빵 매진시 조기마감_접기_접기,별점4.4,0,0,https://search.pstatic.net/common/?autoRotate=true&type=w560_sharpen&src=https%3A%2F%2Fldb-phinf.pstatic.net%2F20250118_249%2F1737182917830ic4m6_JPEG%2FIMG_0498.jpeg,테이크아웃 할인_비건 메뉴_유기농 메뉴_포장_무선 인터넷,주차가능무료
코지버거,1496549723,햄버거,도로명전북 전주시 덕진구 명륜3길 9-4 1층복사지번전북 전주시 덕진구 덕진동1가 1263-9복사우편번호우편번호54898복사안내 레이어 닫기,063-902-9593,"영업 중21:00에 영업 종료21시 0분에 영업 종료_영업 중21:00에 영업 종료21시 0분에 영업 종료_영업 중21:00에 영업 종료21시 0분에 영업 종료_영업 중_21:00에 영업 종료21시 0분에 영업 종료_21:00에 영업 종료_21시 0분에 영업 종료_수11:00 - 21:0015:00 - 17:00 브레이크타임_수11:00 - 21:0015:00 - 17:00 브레이크타임_수11:00 - 21:0015:00 - 17:00 브레이크타임_수_11:00 - 21:0015:00 - 17:00 브레이크타임_목11:00 - 21:0015:00 - 17:00 브레이크타임_목11:00 - 21:0015:00 - 17:00 브레이크타임_목11:00 - 21:0015:00 - 17:00 브레이크타임_목_11:00 - 21:0015:00 - 17:00 브레이크타임_금11:00 - 21:0015:00 - 17:00 브레이크타임_금11:00 - 21:0015:00 - 17:00 브레이크타임_금11:00 - 21:0015:00 - 17:00 브레이크타임_금_11:00 - 21:0015:00 - 17:00 브레이크타임_토11:00 - 21:00_토11:00 - 21:00_토11:00 - 21:00_토_11:00 - 21:00_일11:00 - 21:00_일11:00 - 21:00_일11:00 - 21:00_일_11:00 - 21:00_월11:00 - 21:0015:00 - 17:00 브레이크타임_월11:00 - 21:0015:00 - 17:00 브레이크타임_월11:00 - 21:0015:00 - 17:00 브레이크타임_월_11:00 - 21:0015:00 - 17:00 브레이크타임_화11:00 - 21:0015:00 - 17:00 브레이크타임_화11:00 - 21:0015:00 - 17:00 브레이크타임_화11:00 - 21:0015:00 - 17:00 브레이크타임_화_11:00 - 21:0015:00 - 17:00 브레이크타임_- 재료소진 시, 조기마감 될 수 있습니다 🥹접기_- 재료소진 시, 조기마감 될 수 있습니다 🥹접기_- 재료소진 시, 조기마감 될 수 있습니다 🥹_- 재료소진 시, 조기마감 될 수 있습니다 🥹_접기_접기",별점없음,0,0,https://search.pstatic.net/common/?autoRotate=true&type=w560_sharpen&src=https%3A%2F%2Fldb-phinf.pstatic.net%2F20260312_269%2F1773241787454895th_JPEG%2FIMG_2871.jpeg,포장_배달_무선 인터넷,주차 불가
이너프샐러드 전북대 본점,1534410624,"다이어트,샐러드",도로명전북 전주시 덕진구 명륜4길 21-1복사지번전북 전주시 덕진구 덕진동1가 1314-168복사우편번호우편번호54898복사안내 레이어 닫기,0507-1430-4547,영업 중20:00에 영업 종료20시 0분에 영업 종료_영업 중20:00에 영업 종료20시 0분에 영업 종료_영업 중20:00에 영업 종료20시 0분에 영업 종료_영업 중_20:00에 영업 종료20시 0분에 영업 종료_20:00에 영업 종료_20시 0분에 영업 종료_수08:00 - 20:0014:00 - 15:00 브레이크타임_수08:00 - 20:0014:00 - 15:00 브레이크타임_수08:00 - 20:0014:00 - 15:00 브레이크타임_수_08:00 - 20:0014:00 - 15:00 브레이크타임_목08:00 - 20:0014:00 - 15:00 브레이크타임_목08:00 - 20:0014:00 - 15:00 브레이크타임_목08:00 - 20:0014:00 - 15:00 브레이크타임_목_08:00 - 20:0014:00 - 15:00 브레이크타임_금08:00 - 20:0014:00 - 15:00 브레이크타임_금08:00 - 20:0014:00 - 15:00 브레이크타임_금08:00 - 20:0014:00 - 15:00 브레이크타임_금_08:00 - 20:0014:00 - 15:00 브레이크타임_토08:00 - 19:3014:00 - 15:00 브레이크타임_토08:00 - 19:3014:00 - 15:00 브레이크타임_토08:00 - 19:3014:00 - 15:00 브레이크타임_토_08:00 - 19:3014:00 - 15:00 브레이크타임_일08:00 - 19:3014:00 - 15:00 브레이크타임_일08:00 - 19:3014:00 - 15:00 브레이크타임_일08:00 - 19:3014:00 - 15:00 브레이크타임_일_08:00 - 19:3014:00 - 15:00 브레이크타임_월08:00 - 20:0014:00 - 15:00 브레이크타임_월08:00 - 20:0014:00 - 15:00 브레이크타임_월08:00 - 20:0014:00 - 15:00 브레이크타임_월_08:00 - 20:0014:00 - 15:00 브레이크타임_화08:00 - 20:0014:00 - 15:00 브레이크타임_화08:00 - 20:0014:00 - 15:00 브레이크타임_화08:00 - 20:0014:00 - 15:00 브레이크타임_화_08:00 - 20:0014:00 - 15:00 브레이크타임_- 2026년 설 연휴 정상 운영접기_- 2026년 설 연휴 정상 운영접기_- 2026년 설 연휴 정상 운영_- 2026년 설 연휴 정상 운영_접기_접기,별점4.68,0,0,https://search.pstatic.net/common/?autoRotate=true&type=w560_sharpen&src=https%3A%2F%2Fldb-phinf.pstatic.net%2F20240816_178%2F1723787276947h6V0J_JPEG%2F3D6A2887.jpg,비건 메뉴_포장_배달_대기공간,주차 불가
효자동 스테이크펍,1036508971,양식,도로명전북 전주시 완산구 송정중앙로 62 스테이크펍복사지번전북 전주시 완산구 효자동1가 555-1복사우편번호우편번호55082복사안내 레이어 닫기,0507-1368-9875,영업 중21:00에 영업 종료21시 0분에 영업 종료_영업 중21:00에 영업 종료21시 0분에 영업 종료_영업 중21:00에 영업 종료21시 0분에 영업 종료_영업 중_21:00에 영업 종료21시 0분에 영업 종료_21:00에 영업 종료_21시 0분에 영업 종료_수17:00 - 21:00_수17:00 - 21:00_수17:00 - 21:00_수_17:00 - 21:00_목11:00 - 21:0015:00 - 17:00 브레이크타임_목11:00 - 21:0015:00 - 17:00 브레이크타임_목11:00 - 21:0015:00 - 17:00 브레이크타임_목_11:00 - 21:0015:00 - 17:00 브레이크타임_금11:00 - 21:0015:00 - 17:00 브레이크타임_금11:00 - 21:0015:00 - 17:00 브레이크타임_금11:00 - 21:0015:00 - 17:00 브레이크타임_금_11:00 - 21:0015:00 - 17:00 브레이크타임_토11:00 - 21:0015:00 - 17:00 브레이크타임_토11:00 - 21:0015:00 - 17:00 브레이크타임_토11:00 - 21:0015:00 - 17:00 브레이크타임_토_11:00 - 21:0015:00 - 17:00 브레이크타임_일17:00 - 21:00_일17:00 - 21:00_일17:00 - 21:00_일_17:00 - 21:00_월11:00 - 21:0015:00 - 17:00 브레이크타임_월11:00 - 21:0015:00 - 17:00 브레이크타임_월11:00 - 21:0015:00 - 17:00 브레이크타임_월_11:00 - 21:0015:00 - 17:00 브레이크타임_화11:00 - 21:0015:00 - 17:00 브레이크타임_화11:00 - 21:0015:00 - 17:00 브레이크타임_화11:00 - 21:0015:00 - 17:00 브레이크타임_화_11:00 - 21:0015:00 - 17:00 브레이크타임_- 홀 식사마감 시간 9시접기_- 홀 식사마감 시간 9시접기_- 홀 식사마감 시간 9시_- 홀 식사마감 시간 9시_접기_접기,별점없음,0,0,https://search.pstatic.net/common/?autoRotate=true&type=w560_sharpen&src=https%3A%2F%2Fldb-phinf.pstatic.net%2F20260214_238%2F1771071198851AEamO_PNG%2F1000070196.png,콜키지 가능유료_테이크아웃 할인_단체 이용 가능_포장_배달_예약_무선 인터넷_남/녀 화장실 구분_방문접수/출장_\반려동물 동반_유아의자_대기공간_출입구 휠체어 이용가능_좌석 휠체어 이용가능,주차가능무료
카페타이니하우스,1003090099,"카페,디저트",도로명전북 전주시 덕진구 전주천동로 473 르네블루빌딩 1층 카페타이니하우스복사지번전북 전주시 덕진구 금암동 768-10복사우편번호우편번호54932복사안내 레이어 닫기,0507-1316-1409,영업 중17:45에 라스트오더17시 45분에 라스트오더_영업 중17:45에 라스트오더17시 45분에 라스트오더_영업 중17:45에 라스트오더17시 45분에 라스트오더_영업 중_17:45에 라스트오더17시 45분에 라스트오더_17:45에 라스트오더_17시 45분에 라스트오더_수08:30 - 18:0017:45 라스트오더_수08:30 - 18:0017:45 라스트오더_수08:30 - 18:0017:45 라스트오더_수_08:30 - 18:0017:45 라스트오더_목08:30 - 18:0017:45 라스트오더_목08:30 - 18:0017:45 라스트오더_목08:30 - 18:0017:45 라스트오더_목_08:30 - 18:0017:45 라스트오더_금08:30 - 18:0017:45 라스트오더_금08:30 - 18:0017:45 라스트오더_금08:30 - 18:0017:45 라스트오더_금_08:30 - 18:0017:45 라스트오더_토09:00 - 18:0017:45 라스트오더_토09:00 - 18:0017:45 라스트오더_토09:00 - 18:0017:45 라스트오더_토_09:00 - 18:0017:45 라스트오더_일09:00 - 18:0017:45 라스트오더_일09:00 - 18:0017:45 라스트오더_일09:00 - 18:0017:45 라스트오더_일_09:00 - 18:0017:45 라스트오더_월08:30 - 18:0017:45 라스트오더_월08:30 - 18:0017:45 라스트오더_월08:30 - 18:0017:45 라스트오더_월_08:30 - 18:0017:45 라스트오더_화08:30 - 18:0017:45 라스트오더접기_화08:30 - 18:0017:45 라스트오더접기_화08:30 - 18:0017:45 라스트오더_화_08:30 - 18:0017:45 라스트오더_접기_접기,별점없음,0,0,https://search.pstatic.net/common/?autoRotate=true&type=w560_sharpen&src=https%3A%2F%2Fldb-phinf.pstatic.net%2F20260529_46%2F1780021704069IITlF_JPEG%2F2313836C-88CA-4660-A581-3768CF7C5235.jpg,포장_남/녀 화장실 구분_단체 이용 가능_대기공간_예약_배달_화장실 휠체어 이용가능_출입구 휠체어 이용가능_좌석 휠체어 이용가능,주차가능무료
만만 전북대점,2065226658,요리주점,도로명전북 전주시 덕진구 명륜3길 18-5 1층복사지번전북 전주시 덕진구 덕진동1가 1314-183복사우편번호우편번호54898복사안내 레이어 닫기,0507-1328-7610,영업 중다음 날 05:00에 영업 종료다음 날 5시 0분에 영업 종료_영업 중다음 날 05:00에 영업 종료다음 날 5시 0분에 영업 종료_영업 중다음 날 05:00에 영업 종료다음 날 5시 0분에 영업 종료_영업 중_다음 날 05:00에 영업 종료다음 날 5시 0분에 영업 종료_다음 날 05:00에 영업 종료_다음 날 5시 0분에 영업 종료_매일17:00 - 다음 날 05:00접기_매일17:00 - 다음 날 05:00접기_매일17:00 - 다음 날 05:00_매일_17:00 - 다음 날 05:00_접기_접기,별점없음,0,0,https://search.pstatic.net/common/?autoRotate=true&type=w278_sharpen&src=https%3A%2F%2Fldb-phinf.pstatic.net%2F20260425_60%2F1777050892768JdKJg_JPEG%2F%25B4%25D9%25BF%25EE%25B7%25CE%25B5%25E5_%25286%2529.jpg,생일 혜택_단체 이용 가능_예약_무선 인터넷_남/녀 화장실 구분,주차 불가
통집,17474756,한식,도로명전북 전주시 덕진구 삼송1길 35복사지번전북 전주시 덕진구 금암동 627-5복사우편번호우편번호54899복사안내 레이어 닫기,063-277-8454,영업 중다음 날 02:00에 영업 종료다음 날 2시 0분에 영업 종료_영업 중다음 날 02:00에 영업 종료다음 날 2시 0분에 영업 종료_영업 중다음 날 02:00에 영업 종료다음 날 2시 0분에 영업 종료_영업 중_다음 날 02:00에 영업 종료다음 날 2시 0분에 영업 종료_다음 날 02:00에 영업 종료_다음 날 2시 0분에 영업 종료_수10:30 - 다음 날 02:00_수10:30 - 다음 날 02:00_수10:30 - 다음 날 02:00_수_10:30 - 다음 날 02:00_목10:30 - 다음 날 02:00_목10:30 - 다음 날 02:00_목10:30 - 다음 날 02:00_목_10:30 - 다음 날 02:00_금10:30 - 다음 날 02:00_금10:30 - 다음 날 02:00_금10:30 - 다음 날 02:00_금_10:30 - 다음 날 02:00_토10:30 - 다음 날 02:00_토10:30 - 다음 날 02:00_토10:30 - 다음 날 02:00_토_10:30 - 다음 날 02:00_일17:00 - 24:00_일17:00 - 24:00_일17:00 - 24:00_일_17:00 - 24:00_월10:30 - 다음 날 02:00_월10:30 - 다음 날 02:00_월10:30 - 다음 날 02:00_월_10:30 - 다음 날 02:00_화10:30 - 다음 날 02:00접기_화10:30 - 다음 날 02:00접기_화10:30 - 다음 날 02:00_화_10:30 - 다음 날 02:00_접기_접기,별점없음,0,0,https://search.pstatic.net/common/?autoRotate=true&type=w560_sharpen&src=https%3A%2F%2Fldb-phinf.pstatic.net%2F20200519_83%2F1589827136900jKVyd_JPEG%2Fmwwu4wBBNZoo8RnFIpDLyP6E.jpeg.jpg,단체 이용 가능_포장_남/녀 화장실 구분,주차 불가
금암소바,17122958,"우동,소바",도로명전북 전주시 덕진구 기린대로 400-75 금암소바복사지번전북 전주시 덕진구 금암동 729-6복사우편번호우편번호54931복사안내 레이어 닫기,0507-1341-0945,영업 중19:00에 라스트오더19시 0분에 라스트오더_영업 중19:00에 라스트오더19시 0분에 라스트오더_영업 중19:00에 라스트오더19시 0분에 라스트오더_영업 중_19:00에 라스트오더19시 0분에 라스트오더_19:00에 라스트오더_19시 0분에 라스트오더_수11:00 - 19:3019:00 라스트오더_수11:00 - 19:3019:00 라스트오더_수11:00 - 19:3019:00 라스트오더_수_11:00 - 19:3019:00 라스트오더_목11:00 - 19:3019:00 라스트오더_목11:00 - 19:3019:00 라스트오더_목11:00 - 19:3019:00 라스트오더_목_11:00 - 19:3019:00 라스트오더_금11:00 - 19:3019:00 라스트오더_금11:00 - 19:3019:00 라스트오더_금11:00 - 19:3019:00 라스트오더_금_11:00 - 19:3019:00 라스트오더_토11:00 - 19:3019:00 라스트오더_토11:00 - 19:3019:00 라스트오더_토11:00 - 19:3019:00 라스트오더_토_11:00 - 19:3019:00 라스트오더_일11:00 - 19:3019:00 라스트오더_일11:00 - 19:3019:00 라스트오더_일11:00 - 19:3019:00 라스트오더_일_11:00 - 19:3019:00 라스트오더_월11:00 - 19:3019:00 라스트오더_월11:00 - 19:3019:00 라스트오더_월11:00 - 19:3019:00 라스트오더_월_11:00 - 19:3019:00 라스트오더_화정기휴무 (매주 화요일)접기_화정기휴무 (매주 화요일)접기_화정기휴무 (매주 화요일)_화_정기휴무 (매주 화요일)_정기휴무 (매주 화요일)_접기_접기,별점없음,0,0,https://search.pstatic.net/common/?autoRotate=true&type=w560_sharpen&src=https%3A%2F%2Fldb-phinf.pstatic.net%2F20190429_65%2F15565044973327q2gl_JPEG%2FSYYFDrMpjVPW7h5I7LXzut9y.jpeg.jpg,남/녀 화장실 구분,주차가능무료
에그하우스,2049748405,오므라이스,도로명전북 전주시 덕진구 권삼득로 319-1 1층복사지번전북 전주시 덕진구 덕진동1가 664-34복사우편번호우편번호54898복사안내 레이어 닫기,0507-1308-9673,영업 중20:30에 라스트오더20시 30분에 라스트오더_영업 중20:30에 라스트오더20시 30분에 라스트오더_영업 중20:30에 라스트오더20시 30분에 라스트오더_영업 중_20:30에 라스트오더20시 30분에 라스트오더_20:30에 라스트오더_20시 30분에 라스트오더_매일11:00 - 21:0015:00 - 16:30 브레이크타임20:30 라스트오더접기_매일11:00 - 21:0015:00 - 16:30 브레이크타임20:30 라스트오더접기_매일11:00 - 21:0015:00 - 16:30 브레이크타임20:30 라스트오더_매일_11:00 - 21:0015:00 - 16:30 브레이크타임20:30 라스트오더_접기_접기,별점없음,0,0,https://search.pstatic.net/common/?autoRotate=true&type=w278_sharpen&src=https%3A%2F%2Fldb-phinf.pstatic.net%2F20260512_75%2F17785461249458OTFP_JPEG%2F%25BB%25E7%25C1%25F81.jpg,무선 인터넷_유아의자_포장_배달_단체 이용 가능,주차가능무료
멘야케이 금암본점,375214427,일본식라면,도로명전북 전주시 덕진구 떡전4길 18 멘야케이복사지번전북 전주시 덕진구 금암동 757-1복사우편번호우편번호54932복사안내 레이어 닫기,0507-1375-2365,영업 중20:30에 라스트오더20시 30분에 라스트오더_영업 중20:30에 라스트오더20시 30분에 라스트오더_영업 중20:30에 라스트오더20시 30분에 라스트오더_영업 중_20:30에 라스트오더20시 30분에 라스트오더_20:30에 라스트오더_20시 30분에 라스트오더_매일11:00 - 21:0020:30 라스트오더_매일11:00 - 21:0020:30 라스트오더_매일11:00 - 21:0020:30 라스트오더_매일_11:00 - 21:0020:30 라스트오더_- 육수소진시 조기마감합니다/브레이크타임은 없습니다!접기_- 육수소진시 조기마감합니다/브레이크타임은 없습니다!접기_- 육수소진시 조기마감합니다/브레이크타임은 없습니다!_- 육수소진시 조기마감합니다/브레이크타임은 없습니다!_접기_접기,별점4.52,0,0,https://search.pstatic.net/common/?autoRotate=true&type=w278_sharpen&src=https%3A%2F%2Fldb-phinf.pstatic.net%2F20260531_153%2F1780215655573dyikt_JPEG%2FKakaoTalk_20260531_135129929.jpg,무선 인터넷_포장_배달,주차 불가
The담다,1729691935,돈가스,도로명전북 전주시 덕진구 권삼득로 333 원플러스빌딩 1층복사지번전북 전주시 덕진구 덕진동1가 664-6복사우편번호우편번호54898복사안내 레이어 닫기,063-275-7778,영업 중20:20에 라스트오더20시 20분에 라스트오더_영업 중20:20에 라스트오더20시 20분에 라스트오더_영업 중20:20에 라스트오더20시 20분에 라스트오더_영업 중_20:20에 라스트오더20시 20분에 라스트오더_20:20에 라스트오더_20시 20분에 라스트오더_수11:00 - 20:5014:30 - 17:00 브레이크타임20:20 라스트오더_수11:00 - 20:5014:30 - 17:00 브레이크타임20:20 라스트오더_수11:00 - 20:5014:30 - 17:00 브레이크타임20:20 라스트오더_수_11:00 - 20:5014:30 - 17:00 브레이크타임20:20 라스트오더_목11:00 - 20:5014:30 - 17:00 브레이크타임20:20 라스트오더_목11:00 - 20:5014:30 - 17:00 브레이크타임20:20 라스트오더_목11:00 - 20:5014:30 - 17:00 브레이크타임20:20 라스트오더_목_11:00 - 20:5014:30 - 17:00 브레이크타임20:20 라스트오더_금11:00 - 20:5014:30 - 17:00 브레이크타임20:20 라스트오더_금11:00 - 20:5014:30 - 17:00 브레이크타임20:20 라스트오더_금11:00 - 20:5014:30 - 17:00 브레이크타임20:20 라스트오더_금_11:00 - 20:5014:30 - 17:00 브레이크타임20:20 라스트오더_토11:00 - 20:5014:30 - 17:00 브레이크타임20:20 라스트오더_토11:00 - 20:5014:30 - 17:00 브레이크타임20:20 라스트오더_토11:00 - 20:5014:30 - 17:00 브레이크타임20:20 라스트오더_토_11:00 - 20:5014:30 - 17:00 브레이크타임20:20 라스트오더_일11:00 - 20:5014:30 - 17:00 브레이크타임20:20 라스트오더_일11:00 - 20:5014:30 - 17:00 브레이크타임20:20 라스트오더_일11:00 - 20:5014:30 - 17:00 브레이크타임20:20 라스트오더_일_11:00 - 20:5014:30 - 17:00 브레이크타임20:20 라스트오더_월11:00 - 20:5014:30 - 17:00 브레이크타임20:20 라스트오더_월11:00 - 20:5014:30 - 17:00 브레이크타임20:20 라스트오더_월11:00 - 20:5014:30 - 17:00 브레이크타임20:20 라스트오더_월_11:00 - 20:5014:30 - 17:00 브레이크타임20:20 라스트오더_화11:00 - 20:5014:30 - 17:00 브레이크타임20:20 라스트오더접기_화11:00 - 20:5014:30 - 17:00 브레이크타임20:20 라스트오더접기_화11:00 - 20:5014:30 - 17:00 브레이크타임20:20 라스트오더_화_11:00 - 20:5014:30 - 17:00 브레이크타임20:20 라스트오더_접기_접기,별점없음,0,0,https://search.pstatic.net/common/?autoRotate=true&type=w560_sharpen&src=https%3A%2F%2Fldb-phinf.pstatic.net%2F20171020_79%2F1508427327501V7TCc_JPEG%2FhK8Q6jI_d9TuGSmsWbddGCmc.jpg,포장_무선 인터넷_남/녀 화장실 구분,주차가능무료
치히로 전북대점,1446516924,일식당,도로명전북 전주시 덕진구 권삼득로 305-1복사지번전북 전주시 덕진구 금암동 664-48복사우편번호우편번호54898복사안내 레이어 닫기,070-8287-0913,영업 중21:00에 영업 종료21시 0분에 영업 종료_영업 중21:00에 영업 종료21시 0분에 영업 종료_영업 중21:00에 영업 종료21시 0분에 영업 종료_영업 중_21:00에 영업 종료21시 0분에 영업 종료_21:00에 영업 종료_21시 0분에 영업 종료_수11:00 - 21:0015:00 - 17:00 브레이크타임_수11:00 - 21:0015:00 - 17:00 브레이크타임_수11:00 - 21:0015:00 - 17:00 브레이크타임_수_11:00 - 21:0015:00 - 17:00 브레이크타임_목11:00 - 21:0015:00 - 17:00 브레이크타임_목11:00 - 21:0015:00 - 17:00 브레이크타임_목11:00 - 21:0015:00 - 17:00 브레이크타임_목_11:00 - 21:0015:00 - 17:00 브레이크타임_금11:00 - 21:0015:00 - 17:00 브레이크타임_금11:00 - 21:0015:00 - 17:00 브레이크타임_금11:00 - 21:0015:00 - 17:00 브레이크타임_금_11:00 - 21:0015:00 - 17:00 브레이크타임_토11:00 - 21:0015:00 - 17:00 브레이크타임_토11:00 - 21:0015:00 - 17:00 브레이크타임_토11:00 - 21:0015:00 - 17:00 브레이크타임_토_11:00 - 21:0015:00 - 17:00 브레이크타임_일11:00 - 21:0015:00 - 17:00 브레이크타임_일11:00 - 21:0015:00 - 17:00 브레이크타임_일11:00 - 21:0015:00 - 17:00 브레이크타임_일_11:00 - 21:0015:00 - 17:00 브레이크타임_월11:00 - 21:0015:00 - 17:00 브레이크타임_월11:00 - 21:0015:00 - 17:00 브레이크타임_월11:00 - 21:0015:00 - 17:00 브레이크타임_월_11:00 - 21:0015:00 - 17:00 브레이크타임_화11:00 - 21:0015:00 - 17:00 브레이크타임접기_화11:00 - 21:0015:00 - 17:00 브레이크타임접기_화11:00 - 21:0015:00 - 17:00 브레이크타임_화_11:00 - 21:0015:00 - 17:00 브레이크타임_접기_접기,별점없음,0,0,https://search.pstatic.net/common/?autoRotate=true&type=w560_sharpen&src=https%3A%2F%2Fldb-phinf.pstatic.net%2F20230111_101%2F1673435874183uiuX1_JPEG%2F%25B4%25EB%25B9%25AE.jpg,예약_포장,주차 불가
메르밀진미집 금암동직영점,34825919,국수,도로명전북 전주시 덕진구 권삼득로 202복사지번전북 전주시 덕진구 금암동 522-56복사우편번호우편번호54930복사안내 레이어 닫기,063-276-4020,영업 중19:30에 라스트오더19시 30분에 라스트오더_영업 중19:30에 라스트오더19시 30분에 라스트오더_영업 중19:30에 라스트오더19시 30분에 라스트오더_영업 중_19:30에 라스트오더19시 30분에 라스트오더_19:30에 라스트오더_19시 30분에 라스트오더_수10:00 - 20:0019:30 라스트오더_수10:00 - 20:0019:30 라스트오더_수10:00 - 20:0019:30 라스트오더_수_10:00 - 20:0019:30 라스트오더_목10:00 - 20:0019:30 라스트오더_목10:00 - 20:0019:30 라스트오더_목10:00 - 20:0019:30 라스트오더_목_10:00 - 20:0019:30 라스트오더_금10:00 - 20:0019:30 라스트오더_금10:00 - 20:0019:30 라스트오더_금10:00 - 20:0019:30 라스트오더_금_10:00 - 20:0019:30 라스트오더_토10:00 - 20:0019:30 라스트오더_토10:00 - 20:0019:30 라스트오더_토10:00 - 20:0019:30 라스트오더_토_10:00 - 20:0019:30 라스트오더_일10:00 - 20:0019:30 라스트오더_일10:00 - 20:0019:30 라스트오더_일10:00 - 20:0019:30 라스트오더_일_10:00 - 20:0019:30 라스트오더_월10:00 - 20:0019:30 라스트오더_월10:00 - 20:0019:30 라스트오더_월10:00 - 20:0019:30 라스트오더_월_10:00 - 20:0019:30 라스트오더_화10:00 - 20:0019:30 라스트오더접기_화10:00 - 20:0019:30 라스트오더접기_화10:00 - 20:0019:30 라스트오더_화_10:00 - 20:0019:30 라스트오더_접기_접기,별점4.23,0,0,https://search.pstatic.net/common/?autoRotate=true&type=w560_sharpen&src=https%3A%2F%2Fldb-phinf.pstatic.net%2F20260531_232%2F1780215958079oFyI0_JPEG%2F2026_6%25BF%25F9_7%25BF%25F9_%25C0%25DA%25BB%25F6%25B0%25ED%25B1%25B8%25B8%25B6_%25C4%25E1%25B1%25B9%25BC%25F6___%25B0%25F8%25C1%25F6%25BF%25EB.jpg,테이크아웃 할인_단체 이용 가능_포장_배달_예약_남/녀 화장실 구분_무선 인터넷_유아의자_\반려동물 동반_대기공간_장애인 주차구역,주차가능무료
계근상 전북대점,2012739239,닭볶음탕,도로명전북 전주시 덕진구 명륜4길 11-1 계근상복사지번전북 전주시 덕진구 덕진동1가 1262-8복사우편번호우편번호54898복사안내 레이어 닫기,0507-1385-9111,24시간 영업연중무휴연중무휴_24시간 영업연중무휴연중무휴_24시간 영업연중무휴연중무휴_24시간 영업_연중무휴연중무휴_연중무휴_연중무휴_매일00:00 - 24:00접기_매일00:00 - 24:00접기_매일00:00 - 24:00_매일_00:00 - 24:00_접기_접기,별점없음,0,0,https://search.pstatic.net/common/?autoRotate=true&type=w560_sharpen&src=https%3A%2F%2Fldb-phinf.pstatic.net%2F20260524_121%2F1779595363459cre6q_JPEG%2F72643.jpg,콜키지 가능무료_무한 리필_단체 이용 가능_포장_배달_남/녀 화장실 구분_무선 인터넷,주차 불가
투썸플레이스 전주전북대점,32708547,카페,도로명전북 전주시 덕진구 권삼득로 307복사지번전북 전주시 덕진구 금암동 664-46복사우편번호우편번호54898복사안내 레이어 닫기,0507-1304-2388,영업 중22:00에 영업 종료22시 0분에 영업 종료_영업 중22:00에 영업 종료22시 0분에 영업 종료_영업 중22:00에 영업 종료22시 0분에 영업 종료_영업 중_22:00에 영업 종료22시 0분에 영업 종료_22:00에 영업 종료_22시 0분에 영업 종료_매일10:00 - 22:00접기_매일10:00 - 22:00접기_매일10:00 - 22:00_매일_10:00 - 22:00_접기_접기,별점없음,0,0,https://search.pstatic.net/common/?autoRotate=true&type=w560_sharpen&src=https%3A%2F%2Fldb-phinf.pstatic.net%2F20231024_28%2F1698116956974WBAFd_JPEG%2F1000011006.jpg,예약_무선 인터넷,주차 불가
한국관 본점,11728244,비빔밥,도로명전북 전주시 덕진구 기린대로 425복사지번전북 전주시 덕진구 금암동 712-3복사우편번호우편번호54932복사안내 레이어 닫기,063-272-9229,영업 중20:30에 영업 종료20시 30분에 영업 종료_영업 중20:30에 영업 종료20시 30분에 영업 종료_영업 중20:30에 영업 종료20시 30분에 영업 종료_영업 중_20:30에 영업 종료20시 30분에 영업 종료_20:30에 영업 종료_20시 30분에 영업 종료_수11:30 - 20:3016:00 - 17:00 브레이크타임_수11:30 - 20:3016:00 - 17:00 브레이크타임_수11:30 - 20:3016:00 - 17:00 브레이크타임_수_11:30 - 20:3016:00 - 17:00 브레이크타임_목11:30 - 20:3016:00 - 17:00 브레이크타임_목11:30 - 20:3016:00 - 17:00 브레이크타임_목11:30 - 20:3016:00 - 17:00 브레이크타임_목_11:30 - 20:3016:00 - 17:00 브레이크타임_금11:30 - 20:3016:00 - 17:00 브레이크타임_금11:30 - 20:3016:00 - 17:00 브레이크타임_금11:30 - 20:3016:00 - 17:00 브레이크타임_금_11:30 - 20:3016:00 - 17:00 브레이크타임_토11:30 - 20:3016:00 - 17:00 브레이크타임_토11:30 - 20:3016:00 - 17:00 브레이크타임_토11:30 - 20:3016:00 - 17:00 브레이크타임_토_11:30 - 20:3016:00 - 17:00 브레이크타임_일11:30 - 20:3016:00 - 17:00 브레이크타임_일11:30 - 20:3016:00 - 17:00 브레이크타임_일11:30 - 20:3016:00 - 17:00 브레이크타임_일_11:30 - 20:3016:00 - 17:00 브레이크타임_월11:30 - 20:3016:00 - 17:00 브레이크타임_월11:30 - 20:3016:00 - 17:00 브레이크타임_월11:30 - 20:3016:00 - 17:00 브레이크타임_월_11:30 - 20:3016:00 - 17:00 브레이크타임_화11:30 - 20:3016:00 - 17:00 브레이크타임접기_화11:30 - 20:3016:00 - 17:00 브레이크타임접기_화11:30 - 20:3016:00 - 17:00 브레이크타임_화_11:30 - 20:3016:00 - 17:00 브레이크타임_접기_접기,별점4.34,0,0,https://search.pstatic.net/common/?autoRotate=true&type=w560_sharpen&src=https%3A%2F%2Fldb-phinf.pstatic.net%2F20160705_64%2F1467710121086DgfMY_JPEG%2F1.jpg,편의시설 정보 없음,주차가능
도야짬뽕 전북대점,1195097272,중식당,도로명전북 전주시 덕진구 명륜4길 20 2층복사지번전북 전주시 덕진구 덕진동1가 1314-170복사우편번호우편번호54898복사안내 레이어 닫기,0507-1413-5009,영업 중다음 날 02:00에 라스트오더다음 날 2시 0분에 라스트오더_영업 중다음 날 02:00에 라스트오더다음 날 2시 0분에 라스트오더_영업 중다음 날 02:00에 라스트오더다음 날 2시 0분에 라스트오더_영업 중_다음 날 02:00에 라스트오더다음 날 2시 0분에 라스트오더_다음 날 02:00에 라스트오더_다음 날 2시 0분에 라스트오더_수10:50 - 다음 날 02:3002:00 라스트오더_수10:50 - 다음 날 02:3002:00 라스트오더_수10:50 - 다음 날 02:3002:00 라스트오더_수_10:50 - 다음 날 02:3002:00 라스트오더_목10:50 - 다음 날 02:3002:00 라스트오더_목10:50 - 다음 날 02:3002:00 라스트오더_목10:50 - 다음 날 02:3002:00 라스트오더_목_10:50 - 다음 날 02:3002:00 라스트오더_금10:50 - 다음 날 02:3002:00 라스트오더_금10:50 - 다음 날 02:3002:00 라스트오더_금10:50 - 다음 날 02:3002:00 라스트오더_금_10:50 - 다음 날 02:3002:00 라스트오더_토10:50 - 다음 날 02:3002:00 라스트오더_토10:50 - 다음 날 02:3002:00 라스트오더_토10:50 - 다음 날 02:3002:00 라스트오더_토_10:50 - 다음 날 02:3002:00 라스트오더_일10:50 - 다음 날 02:3002:00 라스트오더_일10:50 - 다음 날 02:3002:00 라스트오더_일10:50 - 다음 날 02:3002:00 라스트오더_일_10:50 - 다음 날 02:3002:00 라스트오더_월10:50 - 다음 날 02:3002:00 라스트오더_월10:50 - 다음 날 02:3002:00 라스트오더_월10:50 - 다음 날 02:3002:00 라스트오더_월_10:50 - 다음 날 02:3002:00 라스트오더_화10:50 - 다음 날 02:3021:00 - 22:00 브레이크타임02:00 라스트오더접기_화10:50 - 다음 날 02:3021:00 - 22:00 브레이크타임02:00 라스트오더접기_화10:50 - 다음 날 02:3021:00 - 22:00 브레이크타임02:00 라스트오더_화_10:50 - 다음 날 02:3021:00 - 22:00 브레이크타임02:00 라스트오더_접기_접기,별점없음,0,0,https://search.pstatic.net/common/?autoRotate=true&type=w560_sharpen&src=https%3A%2F%2Fldb-phinf.pstatic.net%2F20240818_108%2F1723966588368sNNo2_JPEG%2FA9Y03902.jpg,무한 리필_단체 이용 가능_포장_배달_예약_무선 인터넷_남/녀 화장실 구분_유아의자,주차 불가
순정닭발 전북대점,95978698,닭발,도로명전북 전주시 덕진구 명륜5길 18복사지번전북 전주시 덕진구 덕진동1가 1314-157복사우편번호우편번호54898복사안내 레이어 닫기,0507-1434-5889,영업 중다음 날 02:00에 영업 종료다음 날 2시 0분에 영업 종료_영업 중다음 날 02:00에 영업 종료다음 날 2시 0분에 영업 종료_영업 중다음 날 02:00에 영업 종료다음 날 2시 0분에 영업 종료_영업 중_다음 날 02:00에 영업 종료다음 날 2시 0분에 영업 종료_다음 날 02:00에 영업 종료_다음 날 2시 0분에 영업 종료_매일16:00 - 다음 날 02:00접기_매일16:00 - 다음 날 02:00접기_매일16:00 - 다음 날 02:00_매일_16:00 - 다음 날 02:00_접기_접기,별점4.42,0,0,https://search.pstatic.net/common/?autoRotate=true&type=w560_sharpen&src=https%3A%2F%2Fldb-phinf.pstatic.net%2F20240418_252%2F1713423620411cgh8I_JPEG%2FIMG_9039.jpeg,단체 이용 가능_포장_배달_무선 인터넷_\반려동물 동반,주차 불가
뉴뉴키친,1687072934,양식,도로명전북 전주시 덕진구 권삼득로 311 1층복사지번전북 전주시 덕진구 금암동 664-42복사우편번호우편번호54898복사안내 레이어 닫기,0507-1328-9775,영업 중20:15에 라스트오더20시 15분에 라스트오더_영업 중20:15에 라스트오더20시 15분에 라스트오더_영업 중20:15에 라스트오더20시 15분에 라스트오더_영업 중_20:15에 라스트오더20시 15분에 라스트오더_20:15에 라스트오더_20시 15분에 라스트오더_수11:00 - 21:0020:15 라스트오더_수11:00 - 21:0020:15 라스트오더_수11:00 - 21:0020:15 라스트오더_수_11:00 - 21:0020:15 라스트오더_목11:00 - 21:0020:15 라스트오더_목11:00 - 21:0020:15 라스트오더_목11:00 - 21:0020:15 라스트오더_목_11:00 - 21:0020:15 라스트오더_금11:00 - 21:0020:15 라스트오더_금11:00 - 21:0020:15 라스트오더_금11:00 - 21:0020:15 라스트오더_금_11:00 - 21:0020:15 라스트오더_토11:00 - 21:0020:15 라스트오더_토11:00 - 21:0020:15 라스트오더_토11:00 - 21:0020:15 라스트오더_토_11:00 - 21:0020:15 라스트오더_일11:00 - 21:0020:15 라스트오더_일11:00 - 21:0020:15 라스트오더_일11:00 - 21:0020:15 라스트오더_일_11:00 - 21:0020:15 라스트오더_월11:00 - 21:0020:15 라스트오더_월11:00 - 21:0020:15 라스트오더_월11:00 - 21:0020:15 라스트오더_월_11:00 - 21:0020:15 라스트오더_화11:00 - 21:0020:15 라스트오더접기_화11:00 - 21:0020:15 라스트오더접기_화11:00 - 21:0020:15 라스트오더_화_11:00 - 21:0020:15 라스트오더_접기_접기,별점없음,0,0,https://search.pstatic.net/common/?autoRotate=true&type=w560_sharpen&src=https%3A%2F%2Fldb-phinf.pstatic.net%2F20260423_256%2F1776915141149BDCnV_JPEG%2FIMG_8959.jpeg,편의시설 정보 없음,주차가능유료
태평집,13163796,국수,도로명전북 전주시 덕진구 조경단로 3-6복사지번전북 전주시 덕진구 금암동 522-31복사우편번호우편번호54931복사안내 레이어 닫기,063-255-2252,영업 종료10:30에 영업 시작10시 30분에 영업 시작_영업 종료10:30에 영업 시작10시 30분에 영업 시작_영업 종료10:30에 영업 시작10시 30분에 영업 시작_영업 종료_10:30에 영업 시작10시 30분에 영업 시작_10:30에 영업 시작_10시 30분에 영업 시작_수10:30 - 15:0014:45 라스트오더_수10:30 - 15:0014:45 라스트오더_수10:30 - 15:0014:45 라스트오더_수_10:30 - 15:0014:45 라스트오더_목10:30 - 15:0014:45 라스트오더_목10:30 - 15:0014:45 라스트오더_목10:30 - 15:0014:45 라스트오더_목_10:30 - 15:0014:45 라스트오더_금10:30 - 15:0014:45 라스트오더_금10:30 - 15:0014:45 라스트오더_금10:30 - 15:0014:45 라스트오더_금_10:30 - 15:0014:45 라스트오더_토10:30 - 15:0014:45 라스트오더_토10:30 - 15:0014:45 라스트오더_토10:30 - 15:0014:45 라스트오더_토_10:30 - 15:0014:45 라스트오더_일10:30 - 15:0014:45 라스트오더_일10:30 - 15:0014:45 라스트오더_일10:30 - 15:0014:45 라스트오더_일_10:30 - 15:0014:45 라스트오더_월정기휴무 (매주 월요일)_월정기휴무 (매주 월요일)_월정기휴무 (매주 월요일)_월_정기휴무 (매주 월요일)_정기휴무 (매주 월요일)_화10:30 - 15:0014:45 라스트오더접기_화10:30 - 15:0014:45 라스트오더접기_화10:30 - 15:0014:45 라스트오더_화_10:30 - 15:0014:45 라스트오더_접기_접기,별점없음,0,0,https://search.pstatic.net/common/?autoRotate=true&type=w560_sharpen&src=https%3A%2F%2Fldb-phinf.pstatic.net%2F20150831_27%2F1441000643620kmd0h_JPEG%2FSUBMIT_1430376803921_13163796.jpg,편의시설 정보 없음,주차가능
가마,34006669,양식,도로명전북 전주시 완산구 전주객사4길 74 2층 가마복사지번전북 전주시 완산구 고사동 172-1복사우편번호우편번호54999복사안내 레이어 닫기,0507-1309-8521,영업 종료11:30에 영업 시작11시 30분에 영업 시작_영업 종료11:30에 영업 시작11시 30분에 영업 시작_영업 종료11:30에 영업 시작11시 30분에 영업 시작_영업 종료_11:30에 영업 시작11시 30분에 영업 시작_11:30에 영업 시작_11시 30분에 영업 시작_수11:30 - 22:0015:00 - 16:30 브레이크타임21:10 라스트오더_수11:30 - 22:0015:00 - 16:30 브레이크타임21:10 라스트오더_수11:30 - 22:0015:00 - 16:30 브레이크타임21:10 라스트오더_수_11:30 - 22:0015:00 - 16:30 브레이크타임21:10 라스트오더_목11:30 - 22:0015:00 - 16:30 브레이크타임21:10 라스트오더_목11:30 - 22:0015:00 - 16:30 브레이크타임21:10 라스트오더_목11:30 - 22:0015:00 - 16:30 브레이크타임21:10 라스트오더_목_11:30 - 22:0015:00 - 16:30 브레이크타임21:10 라스트오더_금11:30 - 22:0015:00 - 16:30 브레이크타임21:10 라스트오더_금11:30 - 22:0015:00 - 16:30 브레이크타임21:10 라스트오더_금11:30 - 22:0015:00 - 16:30 브레이크타임21:10 라스트오더_금_11:30 - 22:0015:00 - 16:30 브레이크타임21:10 라스트오더_토11:30 - 22:0015:00 - 16:30 브레이크타임21:10 라스트오더_토11:30 - 22:0015:00 - 16:30 브레이크타임21:10 라스트오더_토11:30 - 22:0015:00 - 16:30 브레이크타임21:10 라스트오더_토_11:30 - 22:0015:00 - 16:30 브레이크타임21:10 라스트오더_일11:30 - 22:0015:00 - 16:30 브레이크타임21:10 라스트오더_일11:30 - 22:0015:00 - 16:30 브레이크타임21:10 라스트오더_일11:30 - 22:0015:00 - 16:30 브레이크타임21:10 라스트오더_일_11:30 - 22:0015:00 - 16:30 브레이크타임21:10 라스트오더_월11:30 - 22:0015:00 - 16:30 브레이크타임21:10 라스트오더_월11:30 - 22:0015:00 - 16:30 브레이크타임21:10 라스트오더_월11:30 - 22:0015:00 - 16:30 브레이크타임21:10 라스트오더_월_11:30 - 22:0015:00 - 16:30 브레이크타임21:10 라스트오더_화11:30 - 22:0015:00 - 16:30 브레이크타임21:10 라스트오더_화11:30 - 22:0015:00 - 16:30 브레이크타임21:10 라스트오더_화11:30 - 22:0015:00 - 16:30 브레이크타임21:10 라스트오더_화_11:30 - 22:0015:00 - 16:30 브레이크타임21:10 라스트오더_- 숙성생도우사용으로 정해진 도우가 팔리면 조기 마감됩니다접기_- 숙성생도우사용으로 정해진 도우가 팔리면 조기 마감됩니다접기_- 숙성생도우사용으로 정해진 도우가 팔리면 조기 마감됩니다_- 숙성생도우사용으로 정해진 도우가 팔리면 조기 마감됩니다_접기_접기,별점4.67,0,0,https://search.pstatic.net/common/?autoRotate=true&type=w560_sharpen&src=https%3A%2F%2Fldb-phinf.pstatic.net%2F20260309_40%2F1773031718705T0Ifb_JPEG%2FP20260227_132034672_502321F5-DB07-4B2A-8CBC-C996E40E0FC3.jpg,예약_포장_무선 인터넷_남/녀 화장실 구분_단체 이용 가능_유아의자_대기공간_장애인 주차구역,주차가능무료
양반가,11782597,한정식,도로명전북 전주시 완산구 최명희길 30-2복사지번전북 전주시 완산구 풍남동3가 79-2복사우편번호우편번호55042복사안내 레이어 닫기,063-282-0054,영업 종료11:00에 영업 시작11시 0분에 영업 시작_영업 종료11:00에 영업 시작11시 0분에 영업 시작_영업 종료11:00에 영업 시작11시 0분에 영업 시작_영업 종료_11:00에 영업 시작11시 0분에 영업 시작_11:00에 영업 시작_11시 0분에 영업 시작_수11:00 - 21:0015:00 - 17:00 브레이크타임_수11:00 - 21:0015:00 - 17:00 브레이크타임_수11:00 - 21:0015:00 - 17:00 브레이크타임_수_11:00 - 21:0015:00 - 17:00 브레이크타임_목11:00 - 21:0015:00 - 17:00 브레이크타임_목11:00 - 21:0015:00 - 17:00 브레이크타임_목11:00 - 21:0015:00 - 17:00 브레이크타임_목_11:00 - 21:0015:00 - 17:00 브레이크타임_금11:00 - 21:0015:00 - 17:00 브레이크타임_금11:00 - 21:0015:00 - 17:00 브레이크타임_금11:00 - 21:0015:00 - 17:00 브레이크타임_금_11:00 - 21:0015:00 - 17:00 브레이크타임_토11:00 - 21:0015:00 - 17:00 브레이크타임_토11:00 - 21:0015:00 - 17:00 브레이크타임_토11:00 - 21:0015:00 - 17:00 브레이크타임_토_11:00 - 21:0015:00 - 17:00 브레이크타임_일11:00 - 21:0015:00 - 17:00 브레이크타임_일11:00 - 21:0015:00 - 17:00 브레이크타임_일11:00 - 21:0015:00 - 17:00 브레이크타임_일_11:00 - 21:0015:00 - 17:00 브레이크타임_월11:00 - 21:0015:00 - 17:00 브레이크타임_월11:00 - 21:0015:00 - 17:00 브레이크타임_월11:00 - 21:0015:00 - 17:00 브레이크타임_월_11:00 - 21:0015:00 - 17:00 브레이크타임_화정기휴무 (매주 화요일)_화정기휴무 (매주 화요일)_화정기휴무 (매주 화요일)_화_정기휴무 (매주 화요일)_정기휴무 (매주 화요일)_- 매주화요일정기휴무접기_- 매주화요일정기휴무접기_- 매주화요일정기휴무_- 매주화요일정기휴무_접기_접기,별점4.01,0,0,https://search.pstatic.net/common/?autoRotate=true&type=w560_sharpen&src=https%3A%2F%2Fldb-phinf.pstatic.net%2F20240420_294%2F1713544695636uc4dE_JPEG%2F1713544556488.jpg,콜키지 가능유료_유기농 메뉴_비건 메뉴_단체 이용 가능_남/녀 화장실 구분_무선 인터넷_예약_포장_대기공간_출입구 휠체어 이용가능_좌석 휠체어 이용가능,주차 불가
정희 전주한옥마을점,2052033549,한식,도로명전북 전주시 완산구 은행로 40 정희 전주 한옥마을점복사지번전북 전주시 완산구 풍남동3가 76-12복사우편번호우편번호55042복사안내 레이어 닫기,0507-1386-5099,영업 종료11:00에 영업 시작11시 0분에 영업 시작_영업 종료11:00에 영업 시작11시 0분에 영업 시작_영업 종료11:00에 영업 시작11시 0분에 영업 시작_영업 종료_11:00에 영업 시작11시 0분에 영업 시작_11:00에 영업 시작_11시 0분에 영업 시작_수11:00 - 21:0015:00 - 17:00 브레이크타임20:20 라스트오더_수11:00 - 21:0015:00 - 17:00 브레이크타임20:20 라스트오더_수11:00 - 21:0015:00 - 17:00 브레이크타임20:20 라스트오더_수_11:00 - 21:0015:00 - 17:00 브레이크타임20:20 라스트오더_목11:00 - 21:0015:00 - 17:00 브레이크타임20:20 라스트오더_목11:00 - 21:0015:00 - 17:00 브레이크타임20:20 라스트오더_목11:00 - 21:0015:00 - 17:00 브레이크타임20:20 라스트오더_목_11:00 - 21:0015:00 - 17:00 브레이크타임20:20 라스트오더_금11:00 - 21:0015:00 - 17:00 브레이크타임20:20 라스트오더_금11:00 - 21:0015:00 - 17:00 브레이크타임20:20 라스트오더_금11:00 - 21:0015:00 - 17:00 브레이크타임20:20 라스트오더_금_11:00 - 21:0015:00 - 17:00 브레이크타임20:20 라스트오더_토11:00 - 21:0015:30 - 17:00 브레이크타임20:20 라스트오더_토11:00 - 21:0015:30 - 17:00 브레이크타임20:20 라스트오더_토11:00 - 21:0015:30 - 17:00 브레이크타임20:20 라스트오더_토_11:00 - 21:0015:30 - 17:00 브레이크타임20:20 라스트오더_일11:00 - 21:0015:30 - 17:00 브레이크타임20:20 라스트오더_일11:00 - 21:0015:30 - 17:00 브레이크타임20:20 라스트오더_일11:00 - 21:0015:30 - 17:00 브레이크타임20:20 라스트오더_일_11:00 - 21:0015:30 - 17:00 브레이크타임20:20 라스트오더_월11:00 - 21:0015:00 - 17:00 브레이크타임20:20 라스트오더_월11:00 - 21:0015:00 - 17:00 브레이크타임20:20 라스트오더_월11:00 - 21:0015:00 - 17:00 브레이크타임20:20 라스트오더_월_11:00 - 21:0015:00 - 17:00 브레이크타임20:20 라스트오더_화11:00 - 21:0015:00 - 17:00 브레이크타임20:20 라스트오더접기_화11:00 - 21:0015:00 - 17:00 브레이크타임20:20 라스트오더접기_화11:00 - 21:0015:00 - 17:00 브레이크타임20:20 라스트오더_화_11:00 - 21:0015:00 - 17:00 브레이크타임20:20 라스트오더_접기_접기,별점없음,0,0,https://search.pstatic.net/common/?autoRotate=true&type=w560_sharpen&src=https%3A%2F%2Fldb-phinf.pstatic.net%2F20260226_35%2F1772087313017Co3pN_PNG%2F%25BD%25BA%25C5%25A9%25B8%25B0%25BC%25A6_2026-01-20_162910.png,무선 인터넷_유아의자_남/녀 화장실 구분,주차가능유료
메르밀진미집 본점,19545775,국수,도로명전북 전주시 완산구 전주천동로 94 메르밀진미집 본점복사지번전북 전주시 완산구 전동 237복사우편번호우편번호55044복사안내 레이어 닫기,063-288-4020,영업 종료10:00에 영업 시작10시 0분에 영업 시작_영업 종료10:00에 영업 시작10시 0분에 영업 시작_영업 종료10:00에 영업 시작10시 0분에 영업 시작_영업 종료_10:00에 영업 시작10시 0분에 영업 시작_10:00에 영업 시작_10시 0분에 영업 시작_수10:00 - 20:0019:30 라스트오더_수10:00 - 20:0019:30 라스트오더_수10:00 - 20:0019:30 라스트오더_수_10:00 - 20:0019:30 라스트오더_목10:00 - 20:0019:30 라스트오더_목10:00 - 20:0019:30 라스트오더_목10:00 - 20:0019:30 라스트오더_목_10:00 - 20:0019:30 라스트오더_금10:00 - 20:0019:30 라스트오더_금10:00 - 20:0019:30 라스트오더_금10:00 - 20:0019:30 라스트오더_금_10:00 - 20:0019:30 라스트오더_토10:00 - 20:0019:30 라스트오더_토10:00 - 20:0019:30 라스트오더_토10:00 - 20:0019:30 라스트오더_토_10:00 - 20:0019:30 라스트오더_일10:00 - 20:0019:30 라스트오더_일10:00 - 20:0019:30 라스트오더_일10:00 - 20:0019:30 라스트오더_일_10:00 - 20:0019:30 라스트오더_월10:00 - 20:0019:30 라스트오더_월10:00 - 20:0019:30 라스트오더_월10:00 - 20:0019:30 라스트오더_월_10:00 - 20:0019:30 라스트오더_화10:00 - 20:0019:30 라스트오더접기_화10:00 - 20:0019:30 라스트오더접기_화10:00 - 20:0019:30 라스트오더_화_10:00 - 20:0019:30 라스트오더_접기_접기,별점4.27,0,0,https://search.pstatic.net/common/?autoRotate=true&type=w560_sharpen&src=https%3A%2F%2Fldb-phinf.pstatic.net%2F20260531_121%2F1780215939923s1yXk_JPEG%2F2026_6%25BF%25F9_7%25BF%25F9_%25C0%25DA%25BB%25F6%25B0%25ED%25B1%25B8%25B8%25B6_%25C4%25E1%25B1%25B9%25BC%25F6___%25B0%25F8%25C1%25F6%25BF%25EB.jpg,예약_단체 이용 가능_포장_배달_남/녀 화장실 구분_무선 인터넷_\반려동물 동반_유아의자_대기공간_화장실 휠체어 이용가능_출입구 휠체어 이용가능_좌석 휠체어 이용가능,주차가능무료
포스트빈,1152003157,"카페,디저트",도로명전북 전주시 완산구 은행로 49복사지번전북 전주시 완산구 풍남동3가 55-11복사우편번호우편번호55041복사안내 레이어 닫기,063-282-6007,영업 종료09:00에 영업 시작9시 0분에 영업 시작_영업 종료09:00에 영업 시작9시 0분에 영업 시작_영업 종료09:00에 영업 시작9시 0분에 영업 시작_영업 종료_09:00에 영업 시작9시 0분에 영업 시작_09:00에 영업 시작_9시 0분에 영업 시작_매일09:00 - 22:00접기_매일09:00 - 22:00접기_매일09:00 - 22:00_매일_09:00 - 22:00_접기_접기,별점없음,0,0,https://search.pstatic.net/common/?autoRotate=true&type=w560_sharpen&src=https%3A%2F%2Fldb-phinf.pstatic.net%2F20240522_140%2F1716355111297zQlXS_JPEG%2FKakaoTalk_20240516_140908625_02.jpg,단체 이용 가능_포장_예약_무선 인터넷_남/녀 화장실 구분,주차 불가
카페1938,1317484628,"카페,디저트",도로명전북 전주시 완산구 어진길 78 카페1938복사지번전북 전주시 완산구 경원동2가 63복사우편번호우편번호55039복사안내 레이어 닫기,0507-1425-3124,영업 종료09:00에 영업 시작9시 0분에 영업 시작_영업 종료09:00에 영업 시작9시 0분에 영업 시작_영업 종료09:00에 영업 시작9시 0분에 영업 시작_영업 종료_09:00에 영업 시작9시 0분에 영업 시작_09:00에 영업 시작_9시 0분에 영업 시작_수09:00 - 23:00_수09:00 - 23:00_수09:00 - 23:00_수_09:00 - 23:00_목09:00 - 23:00_목09:00 - 23:00_목09:00 - 23:00_목_09:00 - 23:00_금09:00 - 23:00_금09:00 - 23:00_금09:00 - 23:00_금_09:00 - 23:00_토09:00 - 23:00_토09:00 - 23:00_토09:00 - 23:00_토_09:00 - 23:00_일08:30 - 22:30_일08:30 - 22:30_일08:30 - 22:30_일_08:30 - 22:30_월09:00 - 23:00_월09:00 - 23:00_월09:00 - 23:00_월_09:00 - 23:00_화09:00 - 23:00_화09:00 - 23:00_화09:00 - 23:00_화_09:00 - 23:00_- 테이크아웃 가능시간 마감 30분전접기_- 테이크아웃 가능시간 마감 30분전접기_- 테이크아웃 가능시간 마감 30분전_- 테이크아웃 가능시간 마감 30분전_접기_접기,별점없음,0,0,https://search.pstatic.net/common/?autoRotate=true&type=w560_sharpen&src=https%3A%2F%2Fldb-phinf.pstatic.net%2F20251121_8%2F1763690510566A04dA_JPEG%2FKHS_5824_%25C1%25A4%25BB%25E7%25B0%25A2%25C7%25FC.jpeg,단체 이용 가능_예약_남/녀 화장실 구분_무선 인터넷_\반려동물 동반,주차가능무료
카페이르리,1111317495,"카페,디저트",도로명전북 전주시 완산구 은행로 69복사지번전북 전주시 완산구 교동 63-13복사우편번호우편번호55045복사안내 레이어 닫기,0507-1363-1528,영업 종료09:00에 영업 시작9시 0분에 영업 시작_영업 종료09:00에 영업 시작9시 0분에 영업 시작_영업 종료09:00에 영업 시작9시 0분에 영업 시작_영업 종료_09:00에 영업 시작9시 0분에 영업 시작_09:00에 영업 시작_9시 0분에 영업 시작_매일09:00 - 23:0022:30 라스트오더접기_매일09:00 - 23:0022:30 라스트오더접기_매일09:00 - 23:0022:30 라스트오더_매일_09:00 - 23:0022:30 라스트오더_접기_접기,별점4.45,0,0,https://search.pstatic.net/common/?autoRotate=true&type=w560_sharpen&src=https%3A%2F%2Fldb-phinf.pstatic.net%2F20240827_171%2F1724740816376ml9Eb_JPEG%2FKakaoTalk_20240827_153732548_11.jpg,단체 이용 가능_남/녀 화장실 구분,주차가능무료
PNB 풍년제과 본점,16784383,베이커리,도로명전북 전주시 완산구 팔달로 180복사지번전북 전주시 완산구 경원동1가 40-5복사우편번호우편번호55039복사안내 레이어 닫기,0507-1426-6666,영업 종료08:00에 영업 시작8시 0분에 영업 시작_영업 종료08:00에 영업 시작8시 0분에 영업 시작_영업 종료08:00에 영업 시작8시 0분에 영업 시작_영업 종료_08:00에 영업 시작8시 0분에 영업 시작_08:00에 영업 시작_8시 0분에 영업 시작_매일08:00 - 22:00접기_매일08:00 - 22:00접기_매일08:00 - 22:00_매일_08:00 - 22:00_접기_접기,별점4.37,0,0,https://search.pstatic.net/common/?autoRotate=true&type=w560_sharpen&src=https%3A%2F%2Fldb-phinf.pstatic.net%2F20160921_216%2F1474419723827S9GVI_JPEG%2F176871503223614_0.jpeg,무선 인터넷,주차가능
원스타임오프 전주한옥마을점,1142633504,"카페,디저트",도로명전북 전주시 완산구 전라감영로 75 원스타임오프복사지번전북 전주시 완산구 전동 140-1복사우편번호우편번호55038복사안내 레이어 닫기,0507-1323-2584,영업 종료09:00에 영업 시작9시 0분에 영업 시작_영업 종료09:00에 영업 시작9시 0분에 영업 시작_영업 종료09:00에 영업 시작9시 0분에 영업 시작_영업 종료_09:00에 영업 시작9시 0분에 영업 시작_09:00에 영업 시작_9시 0분에 영업 시작_수09:00 - 19:0018:30 라스트오더_수09:00 - 19:0018:30 라스트오더_수09:00 - 19:0018:30 라스트오더_수_09:00 - 19:0018:30 라스트오더_목09:00 - 19:0018:30 라스트오더_목09:00 - 19:0018:30 라스트오더_목09:00 - 19:0018:30 라스트오더_목_09:00 - 19:0018:30 라스트오더_금09:00 - 19:0018:30 라스트오더_금09:00 - 19:0018:30 라스트오더_금09:00 - 19:0018:30 라스트오더_금_09:00 - 19:0018:30 라스트오더_토09:00 - 21:0020:30 라스트오더_토09:00 - 21:0020:30 라스트오더_토09:00 - 21:0020:30 라스트오더_토_09:00 - 21:0020:30 라스트오더_일09:00 - 21:0020:30 라스트오더_일09:00 - 21:0020:30 라스트오더_일09:00 - 21:0020:30 라스트오더_일_09:00 - 21:0020:30 라스트오더_월09:00 - 19:0018:30 라스트오더_월09:00 - 19:0018:30 라스트오더_월09:00 - 19:0018:30 라스트오더_월_09:00 - 19:0018:30 라스트오더_화09:00 - 19:0018:30 라스트오더접기_화09:00 - 19:0018:30 라스트오더접기_화09:00 - 19:0018:30 라스트오더_화_09:00 - 19:0018:30 라스트오더_접기_접기,별점없음,0,0,https://search.pstatic.net/common/?autoRotate=true&type=w560_sharpen&src=https%3A%2F%2Fldb-phinf.pstatic.net%2F20260325_118%2F1774402384675kQyMB_PNG%2F12788.png,테이크아웃 할인_단체 이용 가능_포장_무선 인터넷_예약_배달_남/녀 화장실 구분,주차가능무료
풍년제과 본점,33277058,베이커리,도로명전북 전주시 완산구 팔달로 141 풍년제과 본점복사지번전북 전주시 완산구 전동 100복사우편번호우편번호55043복사안내 레이어 닫기,063-231-3366,영업 종료08:00에 영업 시작8시 0분에 영업 시작_영업 종료08:00에 영업 시작8시 0분에 영업 시작_영업 종료08:00에 영업 시작8시 0분에 영업 시작_영업 종료_08:00에 영업 시작8시 0분에 영업 시작_08:00에 영업 시작_8시 0분에 영업 시작_수08:00 - 22:0021:00 라스트오더_수08:00 - 22:0021:00 라스트오더_수08:00 - 22:0021:00 라스트오더_수_08:00 - 22:0021:00 라스트오더_목08:00 - 22:0021:00 라스트오더_목08:00 - 22:0021:00 라스트오더_목08:00 - 22:0021:00 라스트오더_목_08:00 - 22:0021:00 라스트오더_금08:00 - 22:0021:00 라스트오더_금08:00 - 22:0021:00 라스트오더_금08:00 - 22:0021:00 라스트오더_금_08:00 - 22:0021:00 라스트오더_토08:00 - 22:0021:00 라스트오더_토08:00 - 22:0021:00 라스트오더_토08:00 - 22:0021:00 라스트오더_토_08:00 - 22:0021:00 라스트오더_일08:00 - 22:0021:00 라스트오더_일08:00 - 22:0021:00 라스트오더_일08:00 - 22:0021:00 라스트오더_일_08:00 - 22:0021:00 라스트오더_월08:00 - 22:0021:00 라스트오더_월08:00 - 22:0021:00 라스트오더_월08:00 - 22:0021:00 라스트오더_월_08:00 - 22:0021:00 라스트오더_화08:00 - 22:0021:00 라스트오더접기_화08:00 - 22:0021:00 라스트오더접기_화08:00 - 22:0021:00 라스트오더_화_08:00 - 22:0021:00 라스트오더_접기_접기,별점4.42,0,0,https://search.pstatic.net/common/?autoRotate=true&type=w560_sharpen&src=https%3A%2F%2Fldb-phinf.pstatic.net%2F20260603_95%2F1780472465688kGafy_JPEG%2FKakaoTalk_20260602_165634405_01.jpg,포장_배달_단체 이용 가능_무선 인터넷_남/녀 화장실 구분_화장실 휠체어 이용가능_장애인 주차구역,주차가능유료
전주는전주 전주한옥마을 본점,1694616852,한식,"도로명전북 전주시 완산구 태조로 31 1층, 2층복사지번전북 전주시 완산구 교동 72-2복사우편번호우편번호55044복사안내 레이어 닫기",0507-1369-4405,영업 종료11:00에 영업 시작11시 0분에 영업 시작_영업 종료11:00에 영업 시작11시 0분에 영업 시작_영업 종료11:00에 영업 시작11시 0분에 영업 시작_영업 종료_11:00에 영업 시작11시 0분에 영업 시작_11:00에 영업 시작_11시 0분에 영업 시작_매일11:00 - 23:0022:10 라스트오더_매일11:00 - 23:0022:10 라스트오더_매일11:00 - 23:0022:10 라스트오더_매일_11:00 - 23:0022:10 라스트오더_- 21:30분 식사 메뉴 라스트 오더접기_- 21:30분 식사 메뉴 라스트 오더접기_- 21:30분 식사 메뉴 라스트 오더_- 21:30분 식사 메뉴 라스트 오더_접기_접기,별점없음,0,0,https://search.pstatic.net/common/?autoRotate=true&type=w278_sharpen&src=https%3A%2F%2Fnaverbooking-phinf.pstatic.net%2F20240108_88%2F1704700336373NUWac_JPEG%2FDSC08583.jpg,비건 메뉴_단체 이용 가능_예약_무선 인터넷_포장_남/녀 화장실 구분_유아의자_출입구 휠체어 이용가능,주차 불가
베테랑 칼국수,1246677842,종합분식,도로명전북 전주시 완산구 경기전길 135복사지번전북 전주시 완산구 교동 84-10복사우편번호우편번호55044복사안내 레이어 닫기,063-285-9898,영업 종료09:00에 영업 시작9시 0분에 영업 시작_영업 종료09:00에 영업 시작9시 0분에 영업 시작_영업 종료09:00에 영업 시작9시 0분에 영업 시작_영업 종료_09:00에 영업 시작9시 0분에 영업 시작_09:00에 영업 시작_9시 0분에 영업 시작_수09:00 - 20:00_수09:00 - 20:00_수09:00 - 20:00_수_09:00 - 20:00_목09:00 - 20:00_목09:00 - 20:00_목09:00 - 20:00_목_09:00 - 20:00_금09:00 - 20:00_금09:00 - 20:00_금09:00 - 20:00_금_09:00 - 20:00_토09:00 - 20:00_토09:00 - 20:00_토09:00 - 20:00_토_09:00 - 20:00_일09:00 - 20:00_일09:00 - 20:00_일09:00 - 20:00_일_09:00 - 20:00_월09:00 - 20:00_월09:00 - 20:00_월09:00 - 20:00_월_09:00 - 20:00_화09:00 - 20:00접기_화09:00 - 20:00접기_화09:00 - 20:00_화_09:00 - 20:00_접기_접기,별점없음,0,0,https://search.pstatic.net/common/?autoRotate=true&type=w560_sharpen&src=https%3A%2F%2Fldb-phinf.pstatic.net%2F20210110_298%2F16102184769318mwxQ_JPEG%2FhHd25L6MhM7NUuIGw6fNp704.jpeg.jpg,편의시설 정보 없음,주차가능
구프오프 전주본점,1848527934,양식,도로명전북 전주시 완산구 천경로 27-1 구프오프복사지번전북 전주시 완산구 동서학동 166-9복사우편번호우편번호55100복사안내 레이어 닫기,0507-1382-1677,"영업 종료11:00에 영업 시작11시 0분에 영업 시작_영업 종료11:00에 영업 시작11시 0분에 영업 시작_영업 종료11:00에 영업 시작11시 0분에 영업 시작_영업 종료_11:00에 영업 시작11시 0분에 영업 시작_11:00에 영업 시작_11시 0분에 영업 시작_수11:00 - 21:0015:30 - 17:00 브레이크타임14:30, 20:00 라스트오더_수11:00 - 21:0015:30 - 17:00 브레이크타임14:30, 20:00 라스트오더_수11:00 - 21:0015:30 - 17:00 브레이크타임14:30, 20:00 라스트오더_수_11:00 - 21:0015:30 - 17:00 브레이크타임14:30, 20:00 라스트오더_목11:00 - 21:0015:30 - 17:00 브레이크타임14:30, 20:00 라스트오더_목11:00 - 21:0015:30 - 17:00 브레이크타임14:30, 20:00 라스트오더_목11:00 - 21:0015:30 - 17:00 브레이크타임14:30, 20:00 라스트오더_목_11:00 - 21:0015:30 - 17:00 브레이크타임14:30, 20:00 라스트오더_금11:00 - 21:0015:30 - 17:00 브레이크타임14:30, 20:00 라스트오더_금11:00 - 21:0015:30 - 17:00 브레이크타임14:30, 20:00 라스트오더_금11:00 - 21:0015:30 - 17:00 브레이크타임14:30, 20:00 라스트오더_금_11:00 - 21:0015:30 - 17:00 브레이크타임14:30, 20:00 라스트오더_토11:00 - 21:0016:00 - 17:00 브레이크타임15:00, 20:00 라스트오더_토11:00 - 21:0016:00 - 17:00 브레이크타임15:00, 20:00 라스트오더_토11:00 - 21:0016:00 - 17:00 브레이크타임15:00, 20:00 라스트오더_토_11:00 - 21:0016:00 - 17:00 브레이크타임15:00, 20:00 라스트오더_일11:00 - 21:0016:00 - 17:00 브레이크타임15:00, 20:00 라스트오더_일11:00 - 21:0016:00 - 17:00 브레이크타임15:00, 20:00 라스트오더_일11:00 - 21:0016:00 - 17:00 브레이크타임15:00, 20:00 라스트오더_일_11:00 - 21:0016:00 - 17:00 브레이크타임15:00, 20:00 라스트오더_월11:00 - 21:0015:30 - 17:00 브레이크타임14:30, 20:00 라스트오더_월11:00 - 21:0015:30 - 17:00 브레이크타임14:30, 20:00 라스트오더_월11:00 - 21:0015:30 - 17:00 브레이크타임14:30, 20:00 라스트오더_월_11:00 - 21:0015:30 - 17:00 브레이크타임14:30, 20:00 라스트오더_화11:00 - 21:0015:30 - 17:00 브레이크타임14:30, 20:00 라스트오더_화11:00 - 21:0015:30 - 17:00 브레이크타임14:30, 20:00 라스트오더_화11:00 - 21:0015:30 - 17:00 브레이크타임14:30, 20:00 라스트오더_화_11:00 - 21:0015:30 - 17:00 브레이크타임14:30, 20:00 라스트오더_- 평일14:30,주말15:00까지 마지막주문시간입니다접기_- 평일14:30,주말15:00까지 마지막주문시간입니다접기_- 평일14:30,주말15:00까지 마지막주문시간입니다_- 평일14:30,주말15:00까지 마지막주문시간입니다_접기_접기",별점4.77,0,0,https://search.pstatic.net/common/?autoRotate=true&type=w560_sharpen&src=https%3A%2F%2Fldb-phinf.pstatic.net%2F20250503_217%2F1746237024389tMMTB_JPEG%2F1000021627.jpg,와인 페어링_콜키지 가능유료_단체 이용 가능_무선 인터넷_남/녀 화장실 구분_포장_배달_예약_유아의자_대기공간_좌석 휠체어 이용가능,주차가능무료
이탈리돈,1857315164,돈가스,도로명전북 전주시 완산구 간납로 4복사지번전북 전주시 완산구 풍남동3가 7-7복사우편번호우편번호55036복사안내 레이어 닫기,1661-8418,영업 종료11:00에 영업 시작11시 0분에 영업 시작_영업 종료11:00에 영업 시작11시 0분에 영업 시작_영업 종료11:00에 영업 시작11시 0분에 영업 시작_영업 종료_11:00에 영업 시작11시 0분에 영업 시작_11:00에 영업 시작_11시 0분에 영업 시작_수11:00 - 20:3014:30 - 16:30 브레이크타임20:00 라스트오더_수11:00 - 20:3014:30 - 16:30 브레이크타임20:00 라스트오더_수11:00 - 20:3014:30 - 16:30 브레이크타임20:00 라스트오더_수_11:00 - 20:3014:30 - 16:30 브레이크타임20:00 라스트오더_목11:00 - 20:3014:30 - 16:30 브레이크타임20:00 라스트오더_목11:00 - 20:3014:30 - 16:30 브레이크타임20:00 라스트오더_목11:00 - 20:3014:30 - 16:30 브레이크타임20:00 라스트오더_목_11:00 - 20:3014:30 - 16:30 브레이크타임20:00 라스트오더_금11:00 - 20:3014:30 - 16:30 브레이크타임20:00 라스트오더_금11:00 - 20:3014:30 - 16:30 브레이크타임20:00 라스트오더_금11:00 - 20:3014:30 - 16:30 브레이크타임20:00 라스트오더_금_11:00 - 20:3014:30 - 16:30 브레이크타임20:00 라스트오더_토11:00 - 20:3020:00 라스트오더_토11:00 - 20:3020:00 라스트오더_토11:00 - 20:3020:00 라스트오더_토_11:00 - 20:3020:00 라스트오더_일11:00 - 20:3020:00 라스트오더_일11:00 - 20:3020:00 라스트오더_일11:00 - 20:3020:00 라스트오더_일_11:00 - 20:3020:00 라스트오더_월정기휴무 (매주 월요일)_월정기휴무 (매주 월요일)_월정기휴무 (매주 월요일)_월_정기휴무 (매주 월요일)_정기휴무 (매주 월요일)_화11:00 - 20:3014:30 - 16:30 브레이크타임20:00 라스트오더_화11:00 - 20:3014:30 - 16:30 브레이크타임20:00 라스트오더_화11:00 - 20:3014:30 - 16:30 브레이크타임20:00 라스트오더_화_11:00 - 20:3014:30 - 16:30 브레이크타임20:00 라스트오더_- 월 정기휴무 (공휴일 정상영업)접기_- 월 정기휴무 (공휴일 정상영업)접기_- 월 정기휴무 (공휴일 정상영업)_- 월 정기휴무 (공휴일 정상영업)_접기_접기,별점없음,0,0,https://search.pstatic.net/common/?autoRotate=true&type=w560_sharpen&src=https%3A%2F%2Fldb-phinf.pstatic.net%2F20251001_207%2F1759292307277reLIu_GIF%2F%25C0%25CC%25C5%25BB%25B8%25AE%25B5%25B7_gif.gif,남/녀 화장실 구분_예약_배달_무선 인터넷_포장,주차 불가
자매갈비전골,16792504,"육류,고기요리",도로명전북 전주시 완산구 기린대로 121 자매갈비전골복사지번전북 전주시 완산구 남노송동 536-1복사우편번호우편번호55040복사안내 레이어 닫기,0507-1420-7953,영업 종료10:30에 영업 시작10시 30분에 영업 시작_영업 종료10:30에 영업 시작10시 30분에 영업 시작_영업 종료10:30에 영업 시작10시 30분에 영업 시작_영업 종료_10:30에 영업 시작10시 30분에 영업 시작_10:30에 영업 시작_10시 30분에 영업 시작_수10:30 - 21:0015:30 - 16:30 브레이크타임_수10:30 - 21:0015:30 - 16:30 브레이크타임_수10:30 - 21:0015:30 - 16:30 브레이크타임_수_10:30 - 21:0015:30 - 16:30 브레이크타임_목10:30 - 21:0015:30 - 16:30 브레이크타임_목10:30 - 21:0015:30 - 16:30 브레이크타임_목10:30 - 21:0015:30 - 16:30 브레이크타임_목_10:30 - 21:0015:30 - 16:30 브레이크타임_금10:30 - 21:0015:30 - 16:30 브레이크타임_금10:30 - 21:0015:30 - 16:30 브레이크타임_금10:30 - 21:0015:30 - 16:30 브레이크타임_금_10:30 - 21:0015:30 - 16:30 브레이크타임_토10:30 - 21:00_토10:30 - 21:00_토10:30 - 21:00_토_10:30 - 21:00_일10:30 - 21:00_일10:30 - 21:00_일10:30 - 21:00_일_10:30 - 21:00_월10:30 - 21:0015:30 - 16:30 브레이크타임_월10:30 - 21:0015:30 - 16:30 브레이크타임_월10:30 - 21:0015:30 - 16:30 브레이크타임_월_10:30 - 21:0015:30 - 16:30 브레이크타임_화정기휴무 (매주 화요일)접기_화정기휴무 (매주 화요일)접기_화정기휴무 (매주 화요일)_화_정기휴무 (매주 화요일)_정기휴무 (매주 화요일)_접기_접기,별점4.34,0,0,https://search.pstatic.net/common/?autoRotate=true&type=w560_sharpen&src=https%3A%2F%2Fldb-phinf.pstatic.net%2F20240722_248%2F1721605468763fVNOE_JPEG%2F1721480242290.jpg,단체 이용 가능_예약_포장_남/녀 화장실 구분_무선 인터넷_대기공간_유아의자_방문접수/출장_배달_좌석 휠체어 이용가능,주차 불가
제일제과,1595618342,베이커리,도로명전북 전주시 완산구 기린대로 123 제일제과복사지번전북 전주시 완산구 남노송동 540-6복사우편번호우편번호55040복사안내 레이어 닫기,063-286-2828,영업 종료10:00에 영업 시작10시 0분에 영업 시작_영업 종료10:00에 영업 시작10시 0분에 영업 시작_영업 종료10:00에 영업 시작10시 0분에 영업 시작_영업 종료_10:00에 영업 시작10시 0분에 영업 시작_10:00에 영업 시작_10시 0분에 영업 시작_수10:00 - 22:0021:30 라스트오더_수10:00 - 22:0021:30 라스트오더_수10:00 - 22:0021:30 라스트오더_수_10:00 - 22:0021:30 라스트오더_목10:00 - 22:0021:30 라스트오더_목10:00 - 22:0021:30 라스트오더_목10:00 - 22:0021:30 라스트오더_목_10:00 - 22:0021:30 라스트오더_금10:00 - 22:0021:30 라스트오더_금10:00 - 22:0021:30 라스트오더_금10:00 - 22:0021:30 라스트오더_금_10:00 - 22:0021:30 라스트오더_토10:00 - 23:0022:30 라스트오더_토10:00 - 23:0022:30 라스트오더_토10:00 - 23:0022:30 라스트오더_토_10:00 - 23:0022:30 라스트오더_일10:00 - 22:0021:30 라스트오더_일10:00 - 22:0021:30 라스트오더_일10:00 - 22:0021:30 라스트오더_일_10:00 - 22:0021:30 라스트오더_월10:00 - 22:0021:30 라스트오더_월10:00 - 22:0021:30 라스트오더_월10:00 - 22:0021:30 라스트오더_월_10:00 - 22:0021:30 라스트오더_화10:00 - 22:0021:30 라스트오더접기_화10:00 - 22:0021:30 라스트오더접기_화10:00 - 22:0021:30 라스트오더_화_10:00 - 22:0021:30 라스트오더_접기_접기,별점없음,0,0,https://search.pstatic.net/common/?autoRotate=true&type=w560_sharpen&src=https%3A%2F%2Fldb-phinf.pstatic.net%2F20260123_41%2F1769170572820s1QPA_PNG%2FKakaoTalk_20260123_203833861.png,콜키지 가능유료_와인 페어링_단체 이용 가능_포장_배달_무선 인터넷_남/녀 화장실 구분_대기공간_예약,주차가능유료
전주왱이콩나물국밥전문점,33342797,국밥,도로명전북 전주시 완산구 동문길 88복사지번전북 전주시 완산구 경원동2가 12-1복사우편번호우편번호55039복사안내 레이어 닫기,063-287-6980,영업 종료07:00에 영업 시작7시 0분에 영업 시작_영업 종료07:00에 영업 시작7시 0분에 영업 시작_영업 종료07:00에 영업 시작7시 0분에 영업 시작_영업 종료_07:00에 영업 시작7시 0분에 영업 시작_07:00에 영업 시작_7시 0분에 영업 시작_매일07:00 - 21:00접기_매일07:00 - 21:00접기_매일07:00 - 21:00_매일_07:00 - 21:00_접기_접기,별점없음,0,0,https://search.pstatic.net/common/?autoRotate=true&type=w560_sharpen&src=https%3A%2F%2Fldb-phinf.pstatic.net%2F20150901_7%2F14410566252572NDae_JPEG%2F146951415372007_0.jpeg,편의시설 정보 없음,주차가능무료
메가MGC커피 전주한옥마을경기전점,1457865014,카페,도로명전북 전주시 완산구 팔달로 128 1층복사지번전북 전주시 완산구 전동 69-1복사우편번호우편번호55042복사안내 레이어 닫기,0507-1431-2886,영업 종료09:00에 영업 시작9시 0분에 영업 시작_영업 종료09:00에 영업 시작9시 0분에 영업 시작_영업 종료09:00에 영업 시작9시 0분에 영업 시작_영업 종료_09:00에 영업 시작9시 0분에 영업 시작_09:00에 영업 시작_9시 0분에 영업 시작_수09:00 - 20:00_수09:00 - 20:00_수09:00 - 20:00_수_09:00 - 20:00_목09:00 - 20:00_목09:00 - 20:00_목09:00 - 20:00_목_09:00 - 20:00_금09:00 - 21:00_금09:00 - 21:00_금09:00 - 21:00_금_09:00 - 21:00_토08:00 - 21:00_토08:00 - 21:00_토08:00 - 21:00_토_08:00 - 21:00_일08:00 - 21:00_일08:00 - 21:00_일08:00 - 21:00_일_08:00 - 21:00_월09:00 - 20:00_월09:00 - 20:00_월09:00 - 20:00_월_09:00 - 20:00_화09:00 - 20:00접기_화09:00 - 20:00접기_화09:00 - 20:00_화_09:00 - 20:00_접기_접기,별점없음,0,0,https://search.pstatic.net/common/?autoRotate=true&type=w560_sharpen&src=https%3A%2F%2Fldb-phinf.pstatic.net%2F20250413_300%2F1744546280881kmavG_PNG%2F%25B8%25DE%25B0%25A1%25B7%25CE%25B0%25ED.png,편의시설 정보 없음,주차 불가
한울밥상,36668406,한정식,도로명전북 전주시 완산구 기린대로 104복사지번전북 전주시 완산구 남노송동 529-21복사우편번호우편번호55036복사안내 레이어 닫기,063-227-4321,오늘 휴무매주 수요일 휴무매주 수요일 휴무_오늘 휴무매주 수요일 휴무매주 수요일 휴무_오늘 휴무매주 수요일 휴무매주 수요일 휴무_오늘 휴무_매주 수요일 휴무매주 수요일 휴무_매주 수요일 휴무_매주 수요일 휴무_수정기휴무 (매주 수요일)_수정기휴무 (매주 수요일)_수정기휴무 (매주 수요일)_수_정기휴무 (매주 수요일)_정기휴무 (매주 수요일)_목10:30 - 21:0015:00 - 17:00 브레이크타임20:00 라스트오더_목10:30 - 21:0015:00 - 17:00 브레이크타임20:00 라스트오더_목10:30 - 21:0015:00 - 17:00 브레이크타임20:00 라스트오더_목_10:30 - 21:0015:00 - 17:00 브레이크타임20:00 라스트오더_금10:30 - 21:0015:00 - 17:00 브레이크타임20:00 라스트오더_금10:30 - 21:0015:00 - 17:00 브레이크타임20:00 라스트오더_금10:30 - 21:0015:00 - 17:00 브레이크타임20:00 라스트오더_금_10:30 - 21:0015:00 - 17:00 브레이크타임20:00 라스트오더_토10:30 - 21:0015:00 - 17:00 브레이크타임20:00 라스트오더_토10:30 - 21:0015:00 - 17:00 브레이크타임20:00 라스트오더_토10:30 - 21:0015:00 - 17:00 브레이크타임20:00 라스트오더_토_10:30 - 21:0015:00 - 17:00 브레이크타임20:00 라스트오더_일10:30 - 21:0015:00 - 17:00 브레이크타임20:00 라스트오더_일10:30 - 21:0015:00 - 17:00 브레이크타임20:00 라스트오더_일10:30 - 21:0015:00 - 17:00 브레이크타임20:00 라스트오더_일_10:30 - 21:0015:00 - 17:00 브레이크타임20:00 라스트오더_월10:30 - 21:0015:00 - 17:00 브레이크타임20:00 라스트오더_월10:30 - 21:0015:00 - 17:00 브레이크타임20:00 라스트오더_월10:30 - 21:0015:00 - 17:00 브레이크타임20:00 라스트오더_월_10:30 - 21:0015:00 - 17:00 브레이크타임20:00 라스트오더_화10:30 - 21:0015:00 - 17:00 브레이크타임20:00 라스트오더_화10:30 - 21:0015:00 - 17:00 브레이크타임20:00 라스트오더_화10:30 - 21:0015:00 - 17:00 브레이크타임20:00 라스트오더_화_10:30 - 21:0015:00 - 17:00 브레이크타임20:00 라스트오더_- 점심 마지막 주문시간 15:00까지접기_- 점심 마지막 주문시간 15:00까지접기_- 점심 마지막 주문시간 15:00까지_- 점심 마지막 주문시간 15:00까지_접기_접기,별점없음,0,0,https://search.pstatic.net/common/?autoRotate=true&type=w560_sharpen&src=https%3A%2F%2Fldb-phinf.pstatic.net%2F20211210_110%2F1639117070681Wa4bP_JPEG%2FKakaoTalk_20211210_145321843_05.jpg,예약_단체 이용 가능_남/녀 화장실 구분_무선 인터넷,주차가능
한국집,16795216,비빔밥,도로명전북 전주시 완산구 어진길 119복사지번전북 전주시 완산구 전동 2-1복사우편번호우편번호55042복사안내 레이어 닫기,0507-1317-2286,영업 종료09:50에 영업 시작9시 50분에 영업 시작_영업 종료09:50에 영업 시작9시 50분에 영업 시작_영업 종료09:50에 영업 시작9시 50분에 영업 시작_영업 종료_09:50에 영업 시작9시 50분에 영업 시작_09:50에 영업 시작_9시 50분에 영업 시작_수09:50 - 20:5020:15 라스트오더_수09:50 - 20:5020:15 라스트오더_수09:50 - 20:5020:15 라스트오더_수_09:50 - 20:5020:15 라스트오더_목09:50 - 20:5020:15 라스트오더_목09:50 - 20:5020:15 라스트오더_목09:50 - 20:5020:15 라스트오더_목_09:50 - 20:5020:15 라스트오더_금09:50 - 20:5020:15 라스트오더_금09:50 - 20:5020:15 라스트오더_금09:50 - 20:5020:15 라스트오더_금_09:50 - 20:5020:15 라스트오더_토09:50 - 20:5020:15 라스트오더_토09:50 - 20:5020:15 라스트오더_토09:50 - 20:5020:15 라스트오더_토_09:50 - 20:5020:15 라스트오더_일09:50 - 20:5020:15 라스트오더_일09:50 - 20:5020:15 라스트오더_일09:50 - 20:5020:15 라스트오더_일_09:50 - 20:5020:15 라스트오더_월09:50 - 20:5020:15 라스트오더_월09:50 - 20:5020:15 라스트오더_월09:50 - 20:5020:15 라스트오더_월_09:50 - 20:5020:15 라스트오더_화09:50 - 20:5020:15 라스트오더_화09:50 - 20:5020:15 라스트오더_화09:50 - 20:5020:15 라스트오더_화_09:50 - 20:5020:15 라스트오더_- 매장 상황에 따라 브레이크타임이 발생될 수 있습니다.접기_- 매장 상황에 따라 브레이크타임이 발생될 수 있습니다.접기_- 매장 상황에 따라 브레이크타임이 발생될 수 있습니다._- 매장 상황에 따라 브레이크타임이 발생될 수 있습니다._접기_접기,별점4.05,0,0,https://search.pstatic.net/common/?autoRotate=true&type=w560_sharpen&src=https%3A%2F%2Fldb-phinf.pstatic.net%2F20151209_77%2F1449632514456FsLOI_JPEG%2F167159527173268_0.jpg,비건 메뉴_단체 이용 가능_포장_무선 인터넷_남/녀 화장실 구분_출입구 휠체어 이용가능_좌석 휠체어 이용가능_장애인 주차구역,주차가능무료
45년전통비빔밥 종로회관,11540579,비빔밥,도로명전북 전주시 완산구 전동성당길 98복사지번전북 전주시 완산구 전동 60-2복사우편번호우편번호55042복사안내 레이어 닫기,063-288-4578,영업 종료10:50에 영업 시작10시 50분에 영업 시작_영업 종료10:50에 영업 시작10시 50분에 영업 시작_영업 종료10:50에 영업 시작10시 50분에 영업 시작_영업 종료_10:50에 영업 시작10시 50분에 영업 시작_10:50에 영업 시작_10시 50분에 영업 시작_수10:50 - 20:0019:40 라스트오더_수10:50 - 20:0019:40 라스트오더_수10:50 - 20:0019:40 라스트오더_수_10:50 - 20:0019:40 라스트오더_목10:50 - 20:0019:40 라스트오더_목10:50 - 20:0019:40 라스트오더_목10:50 - 20:0019:40 라스트오더_목_10:50 - 20:0019:40 라스트오더_금10:50 - 20:0019:40 라스트오더_금10:50 - 20:0019:40 라스트오더_금10:50 - 20:0019:40 라스트오더_금_10:50 - 20:0019:40 라스트오더_토10:50 - 20:0019:40 라스트오더_토10:50 - 20:0019:40 라스트오더_토10:50 - 20:0019:40 라스트오더_토_10:50 - 20:0019:40 라스트오더_일10:50 - 20:0019:40 라스트오더_일10:50 - 20:0019:40 라스트오더_일10:50 - 20:0019:40 라스트오더_일_10:50 - 20:0019:40 라스트오더_월10:50 - 20:0019:40 라스트오더_월10:50 - 20:0019:40 라스트오더_월10:50 - 20:0019:40 라스트오더_월_10:50 - 20:0019:40 라스트오더_화10:50 - 20:0019:40 라스트오더접기_화10:50 - 20:0019:40 라스트오더접기_화10:50 - 20:0019:40 라스트오더_화_10:50 - 20:0019:40 라스트오더_접기_접기,별점없음,0,0,https://search.pstatic.net/common/?autoRotate=true&type=w560_sharpen&src=https%3A%2F%2Fldb-phinf.pstatic.net%2F20171027_215%2F1509091765177WdHKe_JPEG%2FZBZAB_OdUE4PGYtqjPj5DP7P.jpg,콜키지 가능유료_비건 메뉴_예약_단체 이용 가능_포장_남/녀 화장실 구분_무선 인터넷_출입구 휠체어 이용가능,주차가능무료
길거리야 한옥마을점,1705369488,베이커리,도로명전북 전주시 완산구 경기전길 124복사지번전북 전주시 완산구 교동 267-2복사우편번호우편번호55044복사안내 레이어 닫기,063-286-5533,영업 종료09:30에 영업 시작9시 30분에 영업 시작_영업 종료09:30에 영업 시작9시 30분에 영업 시작_영업 종료09:30에 영업 시작9시 30분에 영업 시작_영업 종료_09:30에 영업 시작9시 30분에 영업 시작_09:30에 영업 시작_9시 30분에 영업 시작_수09:30 - 21:00_수09:30 - 21:00_수09:30 - 21:00_수_09:30 - 21:00_목09:30 - 21:00_목09:30 - 21:00_목09:30 - 21:00_목_09:30 - 21:00_금09:30 - 21:00_금09:30 - 21:00_금09:30 - 21:00_금_09:30 - 21:00_토09:30 - 21:00_토09:30 - 21:00_토09:30 - 21:00_토_09:30 - 21:00_일09:30 - 21:00_일09:30 - 21:00_일09:30 - 21:00_일_09:30 - 21:00_월09:30 - 21:00_월09:30 - 21:00_월09:30 - 21:00_월_09:30 - 21:00_화09:30 - 21:00접기_화09:30 - 21:00접기_화09:30 - 21:00_화_09:30 - 21:00_접기_접기,별점4.42,0,0,https://search.pstatic.net/common/?autoRotate=true&type=w560_sharpen&src=https%3A%2F%2Fldb-phinf.pstatic.net%2F20210208_17%2F1612750924387KxDc0_JPEG%2FuCwOCHxuDwUK7nV0ggXDm6YO.jpg,편의시설 정보 없음,주차가능무료
진할머니갈비국밥,1196809444,한식,도로명전북 전주시 완산구 풍남문1길 15복사지번전북 전주시 완산구 전동 296-7복사우편번호우편번호55043복사안내 레이어 닫기,0507-1491-8522,영업 종료07:00에 영업 시작7시 0분에 영업 시작_영업 종료07:00에 영업 시작7시 0분에 영업 시작_영업 종료07:00에 영업 시작7시 0분에 영업 시작_영업 종료_07:00에 영업 시작7시 0분에 영업 시작_07:00에 영업 시작_7시 0분에 영업 시작_수07:00 - 22:0021:30 라스트오더_수07:00 - 22:0021:30 라스트오더_수07:00 - 22:0021:30 라스트오더_수_07:00 - 22:0021:30 라스트오더_목07:00 - 22:0021:30 라스트오더_목07:00 - 22:0021:30 라스트오더_목07:00 - 22:0021:30 라스트오더_목_07:00 - 22:0021:30 라스트오더_금07:00 - 22:0021:30 라스트오더_금07:00 - 22:0021:30 라스트오더_금07:00 - 22:0021:30 라스트오더_금_07:00 - 22:0021:30 라스트오더_토07:00 - 22:0021:30 라스트오더_토07:00 - 22:0021:30 라스트오더_토07:00 - 22:0021:30 라스트오더_토_07:00 - 22:0021:30 라스트오더_일07:00 - 22:0021:30 라스트오더_일07:00 - 22:0021:30 라스트오더_일07:00 - 22:0021:30 라스트오더_일_07:00 - 22:0021:30 라스트오더_월07:00 - 22:0021:30 라스트오더_월07:00 - 22:0021:30 라스트오더_월07:00 - 22:0021:30 라스트오더_월_07:00 - 22:0021:30 라스트오더_화07:00 - 22:0021:30 라스트오더접기_화07:00 - 22:0021:30 라스트오더접기_화07:00 - 22:0021:30 라스트오더_화_07:00 - 22:0021:30 라스트오더_접기_접기,별점없음,0,0,https://search.pstatic.net/common/?autoRotate=true&type=w560_sharpen&src=https%3A%2F%2Fldb-phinf.pstatic.net%2F20240705_185%2F1720119710102ok8PW_JPEG%2FScreenshot_20240705_035306_NAVER.jpg,단체 이용 가능_포장_남/녀 화장실 구분_무선 인터넷,주차가능무료
교동석쇠불고기,1547379426,"육류,고기요리",도로명전북 전주시 완산구 은행로 70 교동석쇠불고기복사지번전북 전주시 완산구 교동 80-5 석쇠불고기복사우편번호우편번호55044복사안내 레이어 닫기,063-285-7989,영업 종료11:00에 영업 시작11시 0분에 영업 시작_영업 종료11:00에 영업 시작11시 0분에 영업 시작_영업 종료11:00에 영업 시작11시 0분에 영업 시작_영업 종료_11:00에 영업 시작11시 0분에 영업 시작_11:00에 영업 시작_11시 0분에 영업 시작_매일11:00 - 21:00접기_매일11:00 - 21:00접기_매일11:00 - 21:00_매일_11:00 - 21:00_접기_접기,별점4.28,0,0,https://search.pstatic.net/common/?autoRotate=true&type=w560_sharpen&src=https%3A%2F%2Fldb-phinf.pstatic.net%2F20250317_73%2F17421818805766AM6n_JPEG%2F1000025668.jpg,편의시설 정보 없음,주차가능유료
전주한옥마을전망대카페,1988260686,"카페,디저트",도로명전북 전주시 완산구 어진길 15복사지번전북 전주시 완산구 남노송동 98-13복사우편번호우편번호55041복사안내 레이어 닫기,063-231-0703,영업 종료09:00에 영업 시작9시 0분에 영업 시작_영업 종료09:00에 영업 시작9시 0분에 영업 시작_영업 종료09:00에 영업 시작9시 0분에 영업 시작_영업 종료_09:00에 영업 시작9시 0분에 영업 시작_09:00에 영업 시작_9시 0분에 영업 시작_매일09:00 - 23:00접기_매일09:00 - 23:00접기_매일09:00 - 23:00_매일_09:00 - 23:00_접기_접기,별점4.16,0,0,https://search.pstatic.net/common/?autoRotate=true&type=w560_sharpen&src=https%3A%2F%2Fldb-phinf.pstatic.net%2F20231210_144%2F1702140182326f2VHu_JPEG%2FIMG_0368.JPG,예약_단체 이용 가능,주차 불가
은우정육식당,1978054842,정육식당,도로명전북 전주시 완산구 홍산중앙로 13 돌핀빌딩 104호복사지번전북 전주시 완산구 효자동2가 1155-10복사우편번호우편번호54969복사안내 레이어 닫기,0507-1498-8200,영업 종료11:30에 영업 시작11시 30분에 영업 시작_영업 종료11:30에 영업 시작11시 30분에 영업 시작_영업 종료11:30에 영업 시작11시 30분에 영업 시작_영업 종료_11:30에 영업 시작11시 30분에 영업 시작_11:30에 영업 시작_11시 30분에 영업 시작_목11:30 - 22:0014:00 - 16:00 브레이크타임21:10 라스트오더_목11:30 - 22:0014:00 - 16:00 브레이크타임21:10 라스트오더_목11:30 - 22:0014:00 - 16:00 브레이크타임21:10 라스트오더_목_11:30 - 22:0014:00 - 16:00 브레이크타임21:10 라스트오더_금11:30 - 22:0014:00 - 16:00 브레이크타임21:10 라스트오더_금11:30 - 22:0014:00 - 16:00 브레이크타임21:10 라스트오더_금11:30 - 22:0014:00 - 16:00 브레이크타임21:10 라스트오더_금_11:30 - 22:0014:00 - 16:00 브레이크타임21:10 라스트오더_토12:00 - 22:0014:00 - 17:00 브레이크타임21:10 라스트오더_토12:00 - 22:0014:00 - 17:00 브레이크타임21:10 라스트오더_토12:00 - 22:0014:00 - 17:00 브레이크타임21:10 라스트오더_토_12:00 - 22:0014:00 - 17:00 브레이크타임21:10 라스트오더_일12:00 - 21:0014:00 - 16:00 브레이크타임20:10 라스트오더_일12:00 - 21:0014:00 - 16:00 브레이크타임20:10 라스트오더_일12:00 - 21:0014:00 - 16:00 브레이크타임20:10 라스트오더_일_12:00 - 21:0014:00 - 16:00 브레이크타임20:10 라스트오더_월11:30 - 22:0014:00 - 16:00 브레이크타임21:10 라스트오더_월11:30 - 22:0014:00 - 16:00 브레이크타임21:10 라스트오더_월11:30 - 22:0014:00 - 16:00 브레이크타임21:10 라스트오더_월_11:30 - 22:0014:00 - 16:00 브레이크타임21:10 라스트오더_화11:30 - 22:0014:00 - 16:00 브레이크타임21:10 라스트오더_화11:30 - 22:0014:00 - 16:00 브레이크타임21:10 라스트오더_화11:30 - 22:0014:00 - 16:00 브레이크타임21:10 라스트오더_화_11:30 - 22:0014:00 - 16:00 브레이크타임21:10 라스트오더_수11:30 - 22:0014:00 - 16:00 브레이크타임21:10 라스트오더접기_수11:30 - 22:0014:00 - 16:00 브레이크타임21:10 라스트오더접기_수11:30 - 22:0014:00 - 16:00 브레이크타임21:10 라스트오더_수_11:30 - 22:0014:00 - 16:00 브레이크타임21:10 라스트오더_접기_접기,별점없음,0,0,https://search.pstatic.net/common/?autoRotate=true&type=w560_sharpen&src=https%3A%2F%2Fldb-phinf.pstatic.net%2F20250827_112%2F1756284685116knS0M_JPEG%2FKakaoTalk_20250519_160753161_17.jpg,콜키지 가능무료_단체 이용 가능_포장_유아의자_예약_무선 인터넷_출입구 휠체어 이용가능,주차가능무료
사계 전주본점,1674437430,이자카야,도로명전북 전주시 완산구 홍산북로 20 102호복사지번전북 전주시 완산구 효자동2가 1236-1복사우편번호우편번호54966복사안내 레이어 닫기,0507-1485-3017,영업 종료16:00에 영업 시작16시 0분에 영업 시작_영업 종료16:00에 영업 시작16시 0분에 영업 시작_영업 종료16:00에 영업 시작16시 0분에 영업 시작_영업 종료_16:00에 영업 시작16시 0분에 영업 시작_16:00에 영업 시작_16시 0분에 영업 시작_목16:00 - 24:0023:30 라스트오더_목16:00 - 24:0023:30 라스트오더_목16:00 - 24:0023:30 라스트오더_목_16:00 - 24:0023:30 라스트오더_금16:00 - 24:0023:30 라스트오더_금16:00 - 24:0023:30 라스트오더_금16:00 - 24:0023:30 라스트오더_금_16:00 - 24:0023:30 라스트오더_토16:00 - 24:0023:30 라스트오더_토16:00 - 24:0023:30 라스트오더_토16:00 - 24:0023:30 라스트오더_토_16:00 - 24:0023:30 라스트오더_일정기휴무 (매주 일요일)_일정기휴무 (매주 일요일)_일정기휴무 (매주 일요일)_일_정기휴무 (매주 일요일)_정기휴무 (매주 일요일)_월16:00 - 24:0023:30 라스트오더_월16:00 - 24:0023:30 라스트오더_월16:00 - 24:0023:30 라스트오더_월_16:00 - 24:0023:30 라스트오더_화16:00 - 24:0023:30 라스트오더_화16:00 - 24:0023:30 라스트오더_화16:00 - 24:0023:30 라스트오더_화_16:00 - 24:0023:30 라스트오더_수16:00 - 24:0023:30 라스트오더_수16:00 - 24:0023:30 라스트오더_수16:00 - 24:0023:30 라스트오더_수_16:00 - 24:0023:30 라스트오더_- 변경시 사전공지 예정접기_- 변경시 사전공지 예정접기_- 변경시 사전공지 예정_- 변경시 사전공지 예정_접기_접기,별점없음,0,0,https://search.pstatic.net/common/?autoRotate=true&type=w278_sharpen&src=https%3A%2F%2Fldb-phinf.pstatic.net%2F20240205_136%2F1707118325384htbMQ_JPEG%2F%25C7%25C3%25B7%25B9%25C0%25CC%25BD%25BA_%25281%2529.jpg,콜키지 가능유료_단체 이용 가능_예약_무선 인터넷_포장_배달_남/녀 화장실 구분_출입구 휠체어 이용가능_좌석 휠체어 이용가능,주차가능무료
홀로설 전북도청 본점,1179533799,"육류,고기요리",도로명전북 전주시 완산구 효자로 194 104호복사지번전북 전주시 완산구 효자동3가 1525-1복사우편번호우편번호54969복사안내 레이어 닫기,0507-1347-3067,영업 종료11:00에 영업 시작11시 0분에 영업 시작_영업 종료11:00에 영업 시작11시 0분에 영업 시작_영업 종료11:00에 영업 시작11시 0분에 영업 시작_영업 종료_11:00에 영업 시작11시 0분에 영업 시작_11:00에 영업 시작_11시 0분에 영업 시작_목11:00 - 21:3020:40 라스트오더_목11:00 - 21:3020:40 라스트오더_목11:00 - 21:3020:40 라스트오더_목_11:00 - 21:3020:40 라스트오더_금11:00 - 21:3020:40 라스트오더_금11:00 - 21:3020:40 라스트오더_금11:00 - 21:3020:40 라스트오더_금_11:00 - 21:3020:40 라스트오더_토11:00 - 21:3020:40 라스트오더_토11:00 - 21:3020:40 라스트오더_토11:00 - 21:3020:40 라스트오더_토_11:00 - 21:3020:40 라스트오더_일11:00 - 21:3020:40 라스트오더_일11:00 - 21:3020:40 라스트오더_일11:00 - 21:3020:40 라스트오더_일_11:00 - 21:3020:40 라스트오더_월11:00 - 21:3020:40 라스트오더_월11:00 - 21:3020:40 라스트오더_월11:00 - 21:3020:40 라스트오더_월_11:00 - 21:3020:40 라스트오더_화11:00 - 21:3020:40 라스트오더_화11:00 - 21:3020:40 라스트오더_화11:00 - 21:3020:40 라스트오더_화_11:00 - 21:3020:40 라스트오더_수11:00 - 21:3020:40 라스트오더접기_수11:00 - 21:3020:40 라스트오더접기_수11:00 - 21:3020:40 라스트오더_수_11:00 - 21:3020:40 라스트오더_접기_접기,별점없음,0,0,https://search.pstatic.net/common/?autoRotate=true&type=w560_sharpen&src=https%3A%2F%2Fldb-phinf.pstatic.net%2F20250906_131%2F1757150846143Id7wb_JPEG%2FKakaoTalk_20250826_165615501.jpg,생일 혜택_단체 이용 가능_예약_남/녀 화장실 구분_대기공간_무선 인터넷_화장실 휠체어 이용가능_출입구 휠체어 이용가능_장애인 주차구역,주차가능무료
석암생소금구이 전주신시가지점,2035360458,"육류,고기요리",도로명전북 전주시 완산구 홍산중앙로 30 103호복사지번전북 전주시 완산구 효자동3가 1536-6복사우편번호우편번호54969복사안내 레이어 닫기,0507-1449-9595,영업 종료16:00에 영업 시작16시 0분에 영업 시작_영업 종료16:00에 영업 시작16시 0분에 영업 시작_영업 종료16:00에 영업 시작16시 0분에 영업 시작_영업 종료_16:00에 영업 시작16시 0분에 영업 시작_16:00에 영업 시작_16시 0분에 영업 시작_목16:00 - 다음 날 02:00_목16:00 - 다음 날 02:00_목16:00 - 다음 날 02:00_목_16:00 - 다음 날 02:00_금16:00 - 다음 날 02:00_금16:00 - 다음 날 02:00_금16:00 - 다음 날 02:00_금_16:00 - 다음 날 02:00_토16:00 - 다음 날 02:00_토16:00 - 다음 날 02:00_토16:00 - 다음 날 02:00_토_16:00 - 다음 날 02:00_일16:00 - 다음 날 02:00_일16:00 - 다음 날 02:00_일16:00 - 다음 날 02:00_일_16:00 - 다음 날 02:00_월16:00 - 다음 날 02:00_월16:00 - 다음 날 02:00_월16:00 - 다음 날 02:00_월_16:00 - 다음 날 02:00_화16:00 - 다음 날 02:00_화16:00 - 다음 날 02:00_화16:00 - 다음 날 02:00_화_16:00 - 다음 날 02:00_수16:00 - 다음 날 02:00접기_수16:00 - 다음 날 02:00접기_수16:00 - 다음 날 02:00_수_16:00 - 다음 날 02:00_접기_접기,별점없음,0,0,https://search.pstatic.net/common/?autoRotate=true&type=w560_sharpen&src=https%3A%2F%2Fldb-phinf.pstatic.net%2F20260422_190%2F1776827646412KmFYQ_JPEG%2F0_2.jpg,콜키지 가능유료_단체 이용 가능_예약,주차가능무료
올리빈,2050064407,브런치,도로명전북 전주시 완산구 척동4길 11 올리빈복사지번전북 전주시 완산구 효자동3가 1649-8복사우편번호우편번호54961복사안내 레이어 닫기,0507-1361-5930,영업 전10:00에 영업 시작10시 0분에 영업 시작_영업 전10:00에 영업 시작10시 0분에 영업 시작_영업 전10:00에 영업 시작10시 0분에 영업 시작_영업 전_10:00에 영업 시작10시 0분에 영업 시작_10:00에 영업 시작_10시 0분에 영업 시작_목10:00 - 21:0015:00 - 17:00 브레이크타임20:00 라스트오더_목10:00 - 21:0015:00 - 17:00 브레이크타임20:00 라스트오더_목10:00 - 21:0015:00 - 17:00 브레이크타임20:00 라스트오더_목_10:00 - 21:0015:00 - 17:00 브레이크타임20:00 라스트오더_금10:00 - 21:0015:00 - 17:00 브레이크타임20:00 라스트오더_금10:00 - 21:0015:00 - 17:00 브레이크타임20:00 라스트오더_금10:00 - 21:0015:00 - 17:00 브레이크타임20:00 라스트오더_금_10:00 - 21:0015:00 - 17:00 브레이크타임20:00 라스트오더_토10:00 - 21:0015:00 - 17:00 브레이크타임20:00 라스트오더_토10:00 - 21:0015:00 - 17:00 브레이크타임20:00 라스트오더_토10:00 - 21:0015:00 - 17:00 브레이크타임20:00 라스트오더_토_10:00 - 21:0015:00 - 17:00 브레이크타임20:00 라스트오더_일10:00 - 21:0015:00 - 17:00 브레이크타임20:00 라스트오더_일10:00 - 21:0015:00 - 17:00 브레이크타임20:00 라스트오더_일10:00 - 21:0015:00 - 17:00 브레이크타임20:00 라스트오더_일_10:00 - 21:0015:00 - 17:00 브레이크타임20:00 라스트오더_월10:00 - 21:0015:00 - 17:00 브레이크타임20:00 라스트오더_월10:00 - 21:0015:00 - 17:00 브레이크타임20:00 라스트오더_월10:00 - 21:0015:00 - 17:00 브레이크타임20:00 라스트오더_월_10:00 - 21:0015:00 - 17:00 브레이크타임20:00 라스트오더_화10:00 - 21:0015:00 - 17:00 브레이크타임20:00 라스트오더_화10:00 - 21:0015:00 - 17:00 브레이크타임20:00 라스트오더_화10:00 - 21:0015:00 - 17:00 브레이크타임20:00 라스트오더_화_10:00 - 21:0015:00 - 17:00 브레이크타임20:00 라스트오더_수10:00 - 21:0015:00 - 17:00 브레이크타임20:00 라스트오더접기_수10:00 - 21:0015:00 - 17:00 브레이크타임20:00 라스트오더접기_수10:00 - 21:0015:00 - 17:00 브레이크타임20:00 라스트오더_수_10:00 - 21:0015:00 - 17:00 브레이크타임20:00 라스트오더_접기_접기,별점없음,0,0,https://search.pstatic.net/common/?autoRotate=true&type=w560_sharpen&src=https%3A%2F%2Fldb-phinf.pstatic.net%2F20250513_109%2F1747065734996sCp9l_JPEG%2F%25BF%25AC%25C3%25E21_%25287%2529.jpg,비건 메뉴_유기농 메뉴_단체 이용 가능_포장_예약_무선 인터넷_남/녀 화장실 구분_유아의자,주차 불가
호르몬치치 전주신시가지점,2040733389,"육류,고기요리","도로명전북 전주시 완산구 홍산북로 84-20 101, 102호복사지번전북 전주시 완산구 효자동3가 1538-3복사우편번호우편번호54969복사안내 레이어 닫기",0507-1481-5945,영업 종료16:00에 영업 시작16시 0분에 영업 시작_영업 종료16:00에 영업 시작16시 0분에 영업 시작_영업 종료16:00에 영업 시작16시 0분에 영업 시작_영업 종료_16:00에 영업 시작16시 0분에 영업 시작_16:00에 영업 시작_16시 0분에 영업 시작_목16:00 - 다음 날 01:0000:30 라스트오더_목16:00 - 다음 날 01:0000:30 라스트오더_목16:00 - 다음 날 01:0000:30 라스트오더_목_16:00 - 다음 날 01:0000:30 라스트오더_금16:00 - 다음 날 01:0000:30 라스트오더_금16:00 - 다음 날 01:0000:30 라스트오더_금16:00 - 다음 날 01:0000:30 라스트오더_금_16:00 - 다음 날 01:0000:30 라스트오더_토16:00 - 다음 날 01:0000:30 라스트오더_토16:00 - 다음 날 01:0000:30 라스트오더_토16:00 - 다음 날 01:0000:30 라스트오더_토_16:00 - 다음 날 01:0000:30 라스트오더_일16:00 - 다음 날 01:0000:30 라스트오더_일16:00 - 다음 날 01:0000:30 라스트오더_일16:00 - 다음 날 01:0000:30 라스트오더_일_16:00 - 다음 날 01:0000:30 라스트오더_월16:00 - 다음 날 01:0000:30 라스트오더_월16:00 - 다음 날 01:0000:30 라스트오더_월16:00 - 다음 날 01:0000:30 라스트오더_월_16:00 - 다음 날 01:0000:30 라스트오더_화16:00 - 다음 날 01:0000:30 라스트오더_화16:00 - 다음 날 01:0000:30 라스트오더_화16:00 - 다음 날 01:0000:30 라스트오더_화_16:00 - 다음 날 01:0000:30 라스트오더_수16:00 - 다음 날 01:0000:30 라스트오더접기_수16:00 - 다음 날 01:0000:30 라스트오더접기_수16:00 - 다음 날 01:0000:30 라스트오더_수_16:00 - 다음 날 01:0000:30 라스트오더_접기_접기,별점없음,0,0,https://search.pstatic.net/common/?autoRotate=true&type=w560_sharpen&src=https%3A%2F%2Fnaverbooking-phinf.pstatic.net%2F20250511_63%2F174689214195254u2T_JPEG%2FKakaoTalk_20250307_092237394_07.jpg,무한 리필_콜키지 가능유료_단체 이용 가능_예약_무선 인터넷_남/녀 화장실 구분_유아의자,주차가능무료
달빛에구운고등어 전북도청점,1658039837,생선구이,도로명전북 전주시 완산구 홍산남로 20 101호복사지번전북 전주시 완산구 효자동2가 1242-4복사우편번호우편번호54966복사안내 레이어 닫기,0507-1487-2121,영업 종료11:00에 영업 시작11시 0분에 영업 시작_영업 종료11:00에 영업 시작11시 0분에 영업 시작_영업 종료11:00에 영업 시작11시 0분에 영업 시작_영업 종료_11:00에 영업 시작11시 0분에 영업 시작_11:00에 영업 시작_11시 0분에 영업 시작_목11:00 - 20:30_목11:00 - 20:30_목11:00 - 20:30_목_11:00 - 20:30_금11:00 - 20:30_금11:00 - 20:30_금11:00 - 20:30_금_11:00 - 20:30_토11:00 - 20:30_토11:00 - 20:30_토11:00 - 20:30_토_11:00 - 20:30_일11:00 - 20:30_일11:00 - 20:30_일11:00 - 20:30_일_11:00 - 20:30_월11:00 - 20:30_월11:00 - 20:30_월11:00 - 20:30_월_11:00 - 20:30_화11:00 - 20:30_화11:00 - 20:30_화11:00 - 20:30_화_11:00 - 20:30_수11:00 - 20:30접기_수11:00 - 20:30접기_수11:00 - 20:30_수_11:00 - 20:30_접기_접기,별점없음,0,0,https://search.pstatic.net/common/?autoRotate=true&type=w560_sharpen&src=https%3A%2F%2Fldb-phinf.pstatic.net%2F20260526_223%2F1779768661868yDbhH_JPEG%2F2.jpg,포장_배달_예약_남/녀 화장실 구분_무선 인터넷,주차가능
다산돼지와낙지 본점,35262409,한식,도로명전북 전주시 완산구 홍산북로 83-9 에코빌딩 1층복사지번전북 전주시 완산구 효자동3가 1530-5복사우편번호우편번호54969복사안내 레이어 닫기,063-221-7005,"영업 종료11:20에 영업 시작11시 20분에 영업 시작_영업 종료11:20에 영업 시작11시 20분에 영업 시작_영업 종료11:20에 영업 시작11시 20분에 영업 시작_영업 종료_11:20에 영업 시작11시 20분에 영업 시작_11:20에 영업 시작_11시 20분에 영업 시작_목11:20 - 22:0015:00 - 17:00 브레이크타임14:00, 21:00 라스트오더_목11:20 - 22:0015:00 - 17:00 브레이크타임14:00, 21:00 라스트오더_목11:20 - 22:0015:00 - 17:00 브레이크타임14:00, 21:00 라스트오더_목_11:20 - 22:0015:00 - 17:00 브레이크타임14:00, 21:00 라스트오더_금11:20 - 22:0015:00 - 17:00 브레이크타임14:00, 21:00 라스트오더_금11:20 - 22:0015:00 - 17:00 브레이크타임14:00, 21:00 라스트오더_금11:20 - 22:0015:00 - 17:00 브레이크타임14:00, 21:00 라스트오더_금_11:20 - 22:0015:00 - 17:00 브레이크타임14:00, 21:00 라스트오더_토11:20 - 22:0015:00 - 17:00 브레이크타임14:00, 21:00 라스트오더_토11:20 - 22:0015:00 - 17:00 브레이크타임14:00, 21:00 라스트오더_토11:20 - 22:0015:00 - 17:00 브레이크타임14:00, 21:00 라스트오더_토_11:20 - 22:0015:00 - 17:00 브레이크타임14:00, 21:00 라스트오더_일정기휴무 (매주 일요일)_일정기휴무 (매주 일요일)_일정기휴무 (매주 일요일)_일_정기휴무 (매주 일요일)_정기휴무 (매주 일요일)_월11:20 - 22:0015:00 - 17:00 브레이크타임14:00, 21:00 라스트오더_월11:20 - 22:0015:00 - 17:00 브레이크타임14:00, 21:00 라스트오더_월11:20 - 22:0015:00 - 17:00 브레이크타임14:00, 21:00 라스트오더_월_11:20 - 22:0015:00 - 17:00 브레이크타임14:00, 21:00 라스트오더_화11:20 - 22:0015:00 - 17:00 브레이크타임14:00, 21:00 라스트오더_화11:20 - 22:0015:00 - 17:00 브레이크타임14:00, 21:00 라스트오더_화11:20 - 22:0015:00 - 17:00 브레이크타임14:00, 21:00 라스트오더_화_11:20 - 22:0015:00 - 17:00 브레이크타임14:00, 21:00 라스트오더_수11:20 - 22:0015:00 - 17:00 브레이크타임14:00, 21:00 라스트오더접기_수11:20 - 22:0015:00 - 17:00 브레이크타임14:00, 21:00 라스트오더접기_수11:20 - 22:0015:00 - 17:00 브레이크타임14:00, 21:00 라스트오더_수_11:20 - 22:0015:00 - 17:00 브레이크타임14:00, 21:00 라스트오더_접기_접기",별점없음,0,0,https://search.pstatic.net/common/?autoRotate=true&type=w560_sharpen&src=https%3A%2F%2Fldb-phinf.pstatic.net%2F20251129_141%2F17644247612277ERwV_JPEG%2F1000017374.jpg,예약_단체 이용 가능_포장_남/녀 화장실 구분_무선 인터넷_대기공간,주차가능무료
시오베이커리,2092423541,베이커리,도로명전북 전주시 완산구 구룡1길 14-1 1층 101호복사지번전북 전주시 완산구 효자동2가 1266-1복사우편번호우편번호55061복사안내 레이어 닫기,0507-1351-5790,영업 전10:00에 영업 시작10시 0분에 영업 시작_영업 전10:00에 영업 시작10시 0분에 영업 시작_영업 전10:00에 영업 시작10시 0분에 영업 시작_영업 전_10:00에 영업 시작10시 0분에 영업 시작_10:00에 영업 시작_10시 0분에 영업 시작_목10:00 - 19:00_목10:00 - 19:00_목10:00 - 19:00_목_10:00 - 19:00_금10:00 - 19:00_금10:00 - 19:00_금10:00 - 19:00_금_10:00 - 19:00_토10:00 - 19:00_토10:00 - 19:00_토10:00 - 19:00_토_10:00 - 19:00_일10:00 - 19:00_일10:00 - 19:00_일10:00 - 19:00_일_10:00 - 19:00_월10:00 - 19:00_월10:00 - 19:00_월10:00 - 19:00_월_10:00 - 19:00_화정기휴무 (매주 화요일)_화정기휴무 (매주 화요일)_화정기휴무 (매주 화요일)_화_정기휴무 (매주 화요일)_정기휴무 (매주 화요일)_수10:00 - 19:00_수10:00 - 19:00_수10:00 - 19:00_수_10:00 - 19:00_- 재고소진시 영업시간이 단축될 수 있습니다.접기_- 재고소진시 영업시간이 단축될 수 있습니다.접기_- 재고소진시 영업시간이 단축될 수 있습니다._- 재고소진시 영업시간이 단축될 수 있습니다._접기_접기,별점없음,0,0,https://search.pstatic.net/common/?autoRotate=true&type=w278_sharpen&src=https%3A%2F%2Fldb-phinf.pstatic.net%2F20260511_291%2F17784823743441BmlR_JPEG%2FKakaoTalk_20260504_182742834_01.jpg,포장_예약_무선 인터넷_출입구 휠체어 이용가능,주차가능무료
진담동&소바 전주효자동신시가지본점,1767903379,"우동,소바",도로명전북 전주시 완산구 홍산남로 55 103호복사지번전북 전주시 완산구 효자동3가 1534-5복사우편번호우편번호54969복사안내 레이어 닫기,0507-1357-4853,영업 전11:00에 영업 시작11시 0분에 영업 시작_영업 전11:00에 영업 시작11시 0분에 영업 시작_영업 전11:00에 영업 시작11시 0분에 영업 시작_영업 전_11:00에 영업 시작11시 0분에 영업 시작_11:00에 영업 시작_11시 0분에 영업 시작_목11:00 - 21:0015:00 - 17:00 브레이크타임20:30 라스트오더_목11:00 - 21:0015:00 - 17:00 브레이크타임20:30 라스트오더_목11:00 - 21:0015:00 - 17:00 브레이크타임20:30 라스트오더_목_11:00 - 21:0015:00 - 17:00 브레이크타임20:30 라스트오더_금11:00 - 21:0015:00 - 17:00 브레이크타임20:30 라스트오더_금11:00 - 21:0015:00 - 17:00 브레이크타임20:30 라스트오더_금11:00 - 21:0015:00 - 17:00 브레이크타임20:30 라스트오더_금_11:00 - 21:0015:00 - 17:00 브레이크타임20:30 라스트오더_토11:00 - 21:0020:30 라스트오더_토11:00 - 21:0020:30 라스트오더_토11:00 - 21:0020:30 라스트오더_토_11:00 - 21:0020:30 라스트오더_일11:00 - 21:0020:30 라스트오더_일11:00 - 21:0020:30 라스트오더_일11:00 - 21:0020:30 라스트오더_일_11:00 - 21:0020:30 라스트오더_월11:00 - 21:0015:00 - 17:00 브레이크타임20:30 라스트오더_월11:00 - 21:0015:00 - 17:00 브레이크타임20:30 라스트오더_월11:00 - 21:0015:00 - 17:00 브레이크타임20:30 라스트오더_월_11:00 - 21:0015:00 - 17:00 브레이크타임20:30 라스트오더_화11:00 - 21:0015:00 - 17:00 브레이크타임20:30 라스트오더_화11:00 - 21:0015:00 - 17:00 브레이크타임20:30 라스트오더_화11:00 - 21:0015:00 - 17:00 브레이크타임20:30 라스트오더_화_11:00 - 21:0015:00 - 17:00 브레이크타임20:30 라스트오더_수11:00 - 21:0015:00 - 17:00 브레이크타임20:30 라스트오더접기_수11:00 - 21:0015:00 - 17:00 브레이크타임20:30 라스트오더접기_수11:00 - 21:0015:00 - 17:00 브레이크타임20:30 라스트오더_수_11:00 - 21:0015:00 - 17:00 브레이크타임20:30 라스트오더_접기_접기,별점없음,0,0,https://search.pstatic.net/common/?autoRotate=true&type=w560_sharpen&src=https%3A%2F%2Fldb-phinf.pstatic.net%2F20241121_276%2F1732185265283EJnuj_JPEG%2FKakaoTalk_20240117_201955257_07.jpg,포장_배달_남/녀 화장실 구분_무선 인터넷_출입구 휠체어 이용가능_장애인 주차구역,주차가능무료
몽유도 신시가지점,1954251906,"육류,고기요리",도로명전북 전주시 완산구 홍산중앙로 47 1층복사지번전북 전주시 완산구 효자동3가 1527-10복사우편번호우편번호54969복사안내 레이어 닫기,0507-1305-0493,영업 종료16:00에 영업 시작16시 0분에 영업 시작_영업 종료16:00에 영업 시작16시 0분에 영업 시작_영업 종료16:00에 영업 시작16시 0분에 영업 시작_영업 종료_16:00에 영업 시작16시 0분에 영업 시작_16:00에 영업 시작_16시 0분에 영업 시작_매일16:00 - 24:0023:00 라스트오더접기_매일16:00 - 24:0023:00 라스트오더접기_매일16:00 - 24:0023:00 라스트오더_매일_16:00 - 24:0023:00 라스트오더_접기_접기,별점없음,0,0,https://search.pstatic.net/common/?autoRotate=true&type=w560_sharpen&src=https%3A%2F%2Fldb-phinf.pstatic.net%2F20220112_36%2F164196193604297jOn_JPEG%2FKakaoTalk_20220111_103034523_03.jpg,콜키지 가능유료_대관_단체 이용 가능_무선 인터넷_남/녀 화장실 구분_예약_유아의자,주차가능무료
오티씨커피,1027304409,"카페,디저트",도로명전북 전주시 완산구 마전중앙로 21 1층 103호복사지번전북 전주시 완산구 효자동3가 1633-7복사우편번호우편번호54962복사안내 레이어 닫기,0507-1414-4339,영업 전10:00에 영업 시작10시 0분에 영업 시작_영업 전10:00에 영업 시작10시 0분에 영업 시작_영업 전10:00에 영업 시작10시 0분에 영업 시작_영업 전_10:00에 영업 시작10시 0분에 영업 시작_10:00에 영업 시작_10시 0분에 영업 시작_목10:00 - 22:30_목10:00 - 22:30_목10:00 - 22:30_목_10:00 - 22:30_금10:00 - 23:00_금10:00 - 23:00_금10:00 - 23:00_금_10:00 - 23:00_토10:00 - 23:00_토10:00 - 23:00_토10:00 - 23:00_토_10:00 - 23:00_일10:00 - 23:00_일10:00 - 23:00_일10:00 - 23:00_일_10:00 - 23:00_월10:00 - 22:30_월10:00 - 22:30_월10:00 - 22:30_월_10:00 - 22:30_화10:00 - 22:30_화10:00 - 22:30_화10:00 - 22:30_화_10:00 - 22:30_수10:00 - 22:30접기_수10:00 - 22:30접기_수10:00 - 22:30_수_10:00 - 22:30_접기_접기,별점없음,0,0,https://search.pstatic.net/common/?autoRotate=true&type=w560_sharpen&src=https%3A%2F%2Fldb-phinf.pstatic.net%2F20250411_80%2F1744355314165ej5TU_JPEG%2FIMG_3751.jpeg,단체 이용 가능_포장_무선 인터넷_남/녀 화장실 구분_예약,주차가능무료
후후소금빵,2077158695,"카페,디저트",도로명전북 전주시 완산구 마전3길 2 1층복사지번전북 전주시 완산구 효자동3가 1630-4복사우편번호우편번호54962복사안내 레이어 닫기,063-714-4376,영업 전10:00에 영업 시작10시 0분에 영업 시작_영업 전10:00에 영업 시작10시 0분에 영업 시작_영업 전10:00에 영업 시작10시 0분에 영업 시작_영업 전_10:00에 영업 시작10시 0분에 영업 시작_10:00에 영업 시작_10시 0분에 영업 시작_목10:00 - 18:00_목10:00 - 18:00_목10:00 - 18:00_목_10:00 - 18:00_금10:00 - 18:00_금10:00 - 18:00_금10:00 - 18:00_금_10:00 - 18:00_토10:00 - 18:00_토10:00 - 18:00_토10:00 - 18:00_토_10:00 - 18:00_일정기휴무 (매주 일요일)_일정기휴무 (매주 일요일)_일정기휴무 (매주 일요일)_일_정기휴무 (매주 일요일)_정기휴무 (매주 일요일)_월10:00 - 18:00_월10:00 - 18:00_월10:00 - 18:00_월_10:00 - 18:00_화10:00 - 18:00_화10:00 - 18:00_화10:00 - 18:00_화_10:00 - 18:00_수10:00 - 18:00_수10:00 - 18:00_수10:00 - 18:00_수_10:00 - 18:00_- 소금빵 전메뉴 소진 시 조기마감합니다:)접기_- 소금빵 전메뉴 소진 시 조기마감합니다:)접기_- 소금빵 전메뉴 소진 시 조기마감합니다:)_- 소금빵 전메뉴 소진 시 조기마감합니다:)_접기_접기,별점없음,0,0,https://search.pstatic.net/common/?autoRotate=true&type=w560_sharpen&src=https%3A%2F%2Fldb-phinf.pstatic.net%2F20260428_68%2F1777367570798lXlj8_JPEG%2FIMG_0357.jpg,포장,주차가능무료
양누리 신시가지점,1119515452,"육류,고기요리","도로명전북 전주시 완산구 마전들로 49 1층, 2층 양누리복사지번전북 전주시 완산구 효자동3가 1667-9복사우편번호우편번호54961복사안내 레이어 닫기",0507-1453-9032,영업 종료16:00에 영업 시작16시 0분에 영업 시작_영업 종료16:00에 영업 시작16시 0분에 영업 시작_영업 종료16:00에 영업 시작16시 0분에 영업 시작_영업 종료_16:00에 영업 시작16시 0분에 영업 시작_16:00에 영업 시작_16시 0분에 영업 시작_목16:00 - 23:00_목16:00 - 23:00_목16:00 - 23:00_목_16:00 - 23:00_금16:00 - 23:00_금16:00 - 23:00_금16:00 - 23:00_금_16:00 - 23:00_토16:00 - 22:00_토16:00 - 22:00_토16:00 - 22:00_토_16:00 - 22:00_일16:00 - 22:00_일16:00 - 22:00_일16:00 - 22:00_일_16:00 - 22:00_월16:00 - 23:00_월16:00 - 23:00_월16:00 - 23:00_월_16:00 - 23:00_화16:00 - 23:00_화16:00 - 23:00_화16:00 - 23:00_화_16:00 - 23:00_수16:00 - 23:00접기_수16:00 - 23:00접기_수16:00 - 23:00_수_16:00 - 23:00_접기_접기,별점없음,0,0,https://search.pstatic.net/common/?autoRotate=true&type=w560_sharpen&src=https%3A%2F%2Fldb-phinf.pstatic.net%2F20240901_278%2F1725173258957wAjP0_JPEG%2FB13A4169.JPG,와인 페어링_예약_단체 이용 가능_남/녀 화장실 구분_무선 인터넷_유아의자,주차가능무료
다 레오,1651846978,이탈리아음식,도로명전북 전주시 완산구 홍산로 269 108호복사지번전북 전주시 완산구 효자동2가 1232-3복사우편번호우편번호54966복사안내 레이어 닫기,0507-1324-6005,영업 종료11:30에 영업 시작11시 30분에 영업 시작_영업 종료11:30에 영업 시작11시 30분에 영업 시작_영업 종료11:30에 영업 시작11시 30분에 영업 시작_영업 종료_11:30에 영업 시작11시 30분에 영업 시작_11:30에 영업 시작_11시 30분에 영업 시작_목11:30 - 21:0015:00 - 17:00 브레이크타임20:00 라스트오더_목11:30 - 21:0015:00 - 17:00 브레이크타임20:00 라스트오더_목11:30 - 21:0015:00 - 17:00 브레이크타임20:00 라스트오더_목_11:30 - 21:0015:00 - 17:00 브레이크타임20:00 라스트오더_금11:30 - 21:0015:00 - 17:00 브레이크타임20:00 라스트오더_금11:30 - 21:0015:00 - 17:00 브레이크타임20:00 라스트오더_금11:30 - 21:0015:00 - 17:00 브레이크타임20:00 라스트오더_금_11:30 - 21:0015:00 - 17:00 브레이크타임20:00 라스트오더_토11:30 - 21:0015:00 - 17:00 브레이크타임20:00 라스트오더_토11:30 - 21:0015:00 - 17:00 브레이크타임20:00 라스트오더_토11:30 - 21:0015:00 - 17:00 브레이크타임20:00 라스트오더_토_11:30 - 21:0015:00 - 17:00 브레이크타임20:00 라스트오더_일11:30 - 15:0014:00 라스트오더_일11:30 - 15:0014:00 라스트오더_일11:30 - 15:0014:00 라스트오더_일_11:30 - 15:0014:00 라스트오더_월정기휴무 (매주 월요일)_월정기휴무 (매주 월요일)_월정기휴무 (매주 월요일)_월_정기휴무 (매주 월요일)_정기휴무 (매주 월요일)_화11:30 - 21:0015:00 - 17:00 브레이크타임20:00 라스트오더_화11:30 - 21:0015:00 - 17:00 브레이크타임20:00 라스트오더_화11:30 - 21:0015:00 - 17:00 브레이크타임20:00 라스트오더_화_11:30 - 21:0015:00 - 17:00 브레이크타임20:00 라스트오더_수11:30 - 21:0015:00 - 17:00 브레이크타임20:00 라스트오더접기_수11:30 - 21:0015:00 - 17:00 브레이크타임20:00 라스트오더접기_수11:30 - 21:0015:00 - 17:00 브레이크타임20:00 라스트오더_수_11:30 - 21:0015:00 - 17:00 브레이크타임20:00 라스트오더_접기_접기,별점없음,0,0,https://search.pstatic.net/common/?autoRotate=true&type=w560_sharpen&src=https%3A%2F%2Fldb-phinf.pstatic.net%2F20220823_232%2F1661252253110JluUY_JPEG%2FE06B7477-1DD1-4B8C-9AAB-E248B07C39D4.jpeg,콜키지 가능무료_단체 이용 가능_포장_남/녀 화장실 구분_예약,주차가능무료
EIGHT FLOOR,1582706255,요리주점,도로명전북 전주시 완산구 마전들로 74 8층 에이트플로어복사지번전북 전주시 완산구 효자동3가 1694-2복사우편번호우편번호54963복사안내 레이어 닫기,0507-1382-7812,영업 종료17:00에 영업 시작17시 0분에 영업 시작_영업 종료17:00에 영업 시작17시 0분에 영업 시작_영업 종료17:00에 영업 시작17시 0분에 영업 시작_영업 종료_17:00에 영업 시작17시 0분에 영업 시작_17:00에 영업 시작_17시 0분에 영업 시작_목17:00 - 다음 날 00:50_목17:00 - 다음 날 00:50_목17:00 - 다음 날 00:50_목_17:00 - 다음 날 00:50_금17:00 - 다음 날 00:50_금17:00 - 다음 날 00:50_금17:00 - 다음 날 00:50_금_17:00 - 다음 날 00:50_토17:00 - 다음 날 00:50_토17:00 - 다음 날 00:50_토17:00 - 다음 날 00:50_토_17:00 - 다음 날 00:50_일정기휴무 (매주 일요일)_일정기휴무 (매주 일요일)_일정기휴무 (매주 일요일)_일_정기휴무 (매주 일요일)_정기휴무 (매주 일요일)_월17:00 - 다음 날 00:50_월17:00 - 다음 날 00:50_월17:00 - 다음 날 00:50_월_17:00 - 다음 날 00:50_화17:00 - 다음 날 00:50_화17:00 - 다음 날 00:50_화17:00 - 다음 날 00:50_화_17:00 - 다음 날 00:50_수17:00 - 다음 날 00:50접기_수17:00 - 다음 날 00:50접기_수17:00 - 다음 날 00:50_수_17:00 - 다음 날 00:50_접기_접기,별점없음,0,0,https://search.pstatic.net/common/?autoRotate=true&type=w560_sharpen&src=https%3A%2F%2Fldb-phinf.pstatic.net%2F20230117_32%2F1673931440624vk2gm_JPEG%2F1673931435718-1.jpg,단체 이용 가능_남/녀 화장실 구분_무선 인터넷_예약_노키즈존_출입구 휠체어 이용가능_좌석 휠체어 이용가능_장애인 주차구역,주차가능무료
메종드쁘띠푸르 전주점,1881842274,베이커리,"도로명전북 전주시 완산구 홍산남로 29-15 휴본빌딩 1F, 2F복사지번전북 전주시 완산구 효자동2가 1238-5복사우편번호우편번호54966복사안내 레이어 닫기",063-227-0919,영업 전08:00에 영업 시작8시 0분에 영업 시작_영업 전08:00에 영업 시작8시 0분에 영업 시작_영업 전08:00에 영업 시작8시 0분에 영업 시작_영업 전_08:00에 영업 시작8시 0분에 영업 시작_08:00에 영업 시작_8시 0분에 영업 시작_목08:00 - 22:00_목08:00 - 22:00_목08:00 - 22:00_목_08:00 - 22:00_금08:00 - 22:00_금08:00 - 22:00_금08:00 - 22:00_금_08:00 - 22:00_토08:00 - 22:00_토08:00 - 22:00_토08:00 - 22:00_토_08:00 - 22:00_일08:00 - 22:00_일08:00 - 22:00_일08:00 - 22:00_일_08:00 - 22:00_월08:00 - 22:00_월08:00 - 22:00_월08:00 - 22:00_월_08:00 - 22:00_화08:00 - 22:00_화08:00 - 22:00_화08:00 - 22:00_화_08:00 - 22:00_수08:00 - 22:00접기_수08:00 - 22:00접기_수08:00 - 22:00_수_08:00 - 22:00_접기_접기,별점없음,0,0,https://search.pstatic.net/common/?autoRotate=true&type=w560_sharpen&src=https%3A%2F%2Fldb-phinf.pstatic.net%2F20200916_216%2F1600249186119ewrmR_JPEG%2F2bg0aSZPmQpFe-j6gSV8z8lW.jpg,무선 인터넷_남/녀 화장실 구분_단체 이용 가능_배달_포장_유아의자_\반려동물 동반_화장실 휠체어 이용가능_출입구 휠체어 이용가능_좌석 휠체어 이용가능_장애인 주차구역,주차가능무료
성산제줏간 전주신시가지,2046308559,돼지고기구이,도로명전북 전주시 완산구 홍산북로 69-9 1층 성산제줏간 전주신시가지점복사지번전북 전주시 완산구 효자동3가 1528-12복사우편번호우편번호54969복사안내 레이어 닫기,0507-1378-4280,영업 종료16:00에 영업 시작16시 0분에 영업 시작_영업 종료16:00에 영업 시작16시 0분에 영업 시작_영업 종료16:00에 영업 시작16시 0분에 영업 시작_영업 종료_16:00에 영업 시작16시 0분에 영업 시작_16:00에 영업 시작_16시 0분에 영업 시작_목16:00 - 다음 날 01:0000:30 라스트오더_목16:00 - 다음 날 01:0000:30 라스트오더_목16:00 - 다음 날 01:0000:30 라스트오더_목_16:00 - 다음 날 01:0000:30 라스트오더_금16:00 - 다음 날 01:0000:30 라스트오더_금16:00 - 다음 날 01:0000:30 라스트오더_금16:00 - 다음 날 01:0000:30 라스트오더_금_16:00 - 다음 날 01:0000:30 라스트오더_토12:00 - 다음 날 01:0000:30 라스트오더_토12:00 - 다음 날 01:0000:30 라스트오더_토12:00 - 다음 날 01:0000:30 라스트오더_토_12:00 - 다음 날 01:0000:30 라스트오더_일12:00 - 다음 날 01:0000:30 라스트오더_일12:00 - 다음 날 01:0000:30 라스트오더_일12:00 - 다음 날 01:0000:30 라스트오더_일_12:00 - 다음 날 01:0000:30 라스트오더_월16:00 - 다음 날 01:0000:30 라스트오더_월16:00 - 다음 날 01:0000:30 라스트오더_월16:00 - 다음 날 01:0000:30 라스트오더_월_16:00 - 다음 날 01:0000:30 라스트오더_화16:00 - 다음 날 01:0000:30 라스트오더_화16:00 - 다음 날 01:0000:30 라스트오더_화16:00 - 다음 날 01:0000:30 라스트오더_화_16:00 - 다음 날 01:0000:30 라스트오더_수16:00 - 다음 날 01:0000:30 라스트오더접기_수16:00 - 다음 날 01:0000:30 라스트오더접기_수16:00 - 다음 날 01:0000:30 라스트오더_수_16:00 - 다음 날 01:0000:30 라스트오더_접기_접기,별점없음,0,0,https://search.pstatic.net/common/?autoRotate=true&type=w560_sharpen&src=https%3A%2F%2Fldb-phinf.pstatic.net%2F20260417_16%2F1776416504381hndQG_PNG%2F%25C0%25FC%25C1%25D6%25BD%25C5%25BD%25C3%25B0%25A1%25C1%25F6_%25C0%25CC%25B9%25CC%25C1%25F6.png,단체 이용 가능_무선 인터넷_대기공간_유아의자_남/녀 화장실 구분_예약,주차가능무료
가츠연,1517836857,일식당,도로명전북 전주시 완산구 홍산북로 46-21 성준빌딩 2층 가츠연복사지번전북 전주시 완산구 효자동3가 1533-3복사우편번호우편번호54969복사안내 레이어 닫기,0507-1309-2277,영업 종료11:30에 영업 시작11시 30분에 영업 시작_영업 종료11:30에 영업 시작11시 30분에 영업 시작_영업 종료11:30에 영업 시작11시 30분에 영업 시작_영업 종료_11:30에 영업 시작11시 30분에 영업 시작_11:30에 영업 시작_11시 30분에 영업 시작_목11:30 - 21:3015:30 - 17:00 브레이크타임_목11:30 - 21:3015:30 - 17:00 브레이크타임_목11:30 - 21:3015:30 - 17:00 브레이크타임_목_11:30 - 21:3015:30 - 17:00 브레이크타임_금11:30 - 21:3015:30 - 17:00 브레이크타임_금11:30 - 21:3015:30 - 17:00 브레이크타임_금11:30 - 21:3015:30 - 17:00 브레이크타임_금_11:30 - 21:3015:30 - 17:00 브레이크타임_토11:30 - 21:30_토11:30 - 21:30_토11:30 - 21:30_토_11:30 - 21:30_일11:30 - 21:30_일11:30 - 21:30_일11:30 - 21:30_일_11:30 - 21:30_월11:30 - 21:3015:30 - 17:00 브레이크타임_월11:30 - 21:3015:30 - 17:00 브레이크타임_월11:30 - 21:3015:30 - 17:00 브레이크타임_월_11:30 - 21:3015:30 - 17:00 브레이크타임_화11:30 - 21:3015:30 - 17:00 브레이크타임_화11:30 - 21:3015:30 - 17:00 브레이크타임_화11:30 - 21:3015:30 - 17:00 브레이크타임_화_11:30 - 21:3015:30 - 17:00 브레이크타임_수11:30 - 21:3015:30 - 17:00 브레이크타임접기_수11:30 - 21:3015:30 - 17:00 브레이크타임접기_수11:30 - 21:3015:30 - 17:00 브레이크타임_수_11:30 - 21:3015:30 - 17:00 브레이크타임_접기_접기,별점없음,0,0,https://search.pstatic.net/common/?autoRotate=true&type=w560_sharpen&src=https%3A%2F%2Fldb-phinf.pstatic.net%2F20180102_295%2F1514868826334yqI7v_JPEG%2FDrT6kZ_59bFTVArNdq1qIjl9.jpg,화장실 휠체어 이용가능_출입구 휠체어 이용가능_좌석 휠체어 이용가능_장애인 주차구역,주차가능무료
프랭크커핀바&베이커리 효자점,1681529226,"카페,디저트",도로명전북 전주시 완산구 마전중앙로 14 1층 101호복사지번전북 전주시 완산구 효자동3가 1644-4복사우편번호우편번호54962복사안내 레이어 닫기,0507-1321-6310,영업 전08:30에 영업 시작8시 30분에 영업 시작_영업 전08:30에 영업 시작8시 30분에 영업 시작_영업 전08:30에 영업 시작8시 30분에 영업 시작_영업 전_08:30에 영업 시작8시 30분에 영업 시작_08:30에 영업 시작_8시 30분에 영업 시작_매일08:30 - 22:0021:30 라스트오더_매일08:30 - 22:0021:30 라스트오더_매일08:30 - 22:0021:30 라스트오더_매일_08:30 - 22:0021:30 라스트오더_- 오전8시30분~오후22시접기_- 오전8시30분~오후22시접기_- 오전8시30분~오후22시_- 오전8시30분~오후22시_접기_접기,별점없음,0,0,https://search.pstatic.net/common/?autoRotate=true&type=w560_sharpen&src=https%3A%2F%2Fldb-phinf.pstatic.net%2F20250918_273%2F1758166145758FUETs_JPEG%2FIMG_7518.jpeg,테이크아웃 할인_남/녀 화장실 구분_무선 인터넷_단체 이용 가능_포장_배달_방문접수/출장_유아의자,주차가능무료
나나방콕 전주신시가지점,2000922127,태국음식,도로명전북 전주시 완산구 홍산로 250 1층복사지번전북 전주시 완산구 효자동3가 1531-4복사우편번호우편번호54969복사안내 레이어 닫기,0507-1309-6132,영업 전11:00에 영업 시작11시 0분에 영업 시작_영업 전11:00에 영업 시작11시 0분에 영업 시작_영업 전11:00에 영업 시작11시 0분에 영업 시작_영업 전_11:00에 영업 시작11시 0분에 영업 시작_11:00에 영업 시작_11시 0분에 영업 시작_목11:00 - 21:3015:00 - 17:00 브레이크타임20:30 라스트오더_목11:00 - 21:3015:00 - 17:00 브레이크타임20:30 라스트오더_목11:00 - 21:3015:00 - 17:00 브레이크타임20:30 라스트오더_목_11:00 - 21:3015:00 - 17:00 브레이크타임20:30 라스트오더_금11:00 - 21:3015:00 - 17:00 브레이크타임20:30 라스트오더_금11:00 - 21:3015:00 - 17:00 브레이크타임20:30 라스트오더_금11:00 - 21:3015:00 - 17:00 브레이크타임20:30 라스트오더_금_11:00 - 21:3015:00 - 17:00 브레이크타임20:30 라스트오더_토11:00 - 21:3015:00 - 17:00 브레이크타임20:30 라스트오더_토11:00 - 21:3015:00 - 17:00 브레이크타임20:30 라스트오더_토11:00 - 21:3015:00 - 17:00 브레이크타임20:30 라스트오더_토_11:00 - 21:3015:00 - 17:00 브레이크타임20:30 라스트오더_일11:00 - 21:3015:00 - 17:00 브레이크타임20:30 라스트오더_일11:00 - 21:3015:00 - 17:00 브레이크타임20:30 라스트오더_일11:00 - 21:3015:00 - 17:00 브레이크타임20:30 라스트오더_일_11:00 - 21:3015:00 - 17:00 브레이크타임20:30 라스트오더_월11:00 - 21:3015:00 - 17:00 브레이크타임20:30 라스트오더_월11:00 - 21:3015:00 - 17:00 브레이크타임20:30 라스트오더_월11:00 - 21:3015:00 - 17:00 브레이크타임20:30 라스트오더_월_11:00 - 21:3015:00 - 17:00 브레이크타임20:30 라스트오더_화11:00 - 21:3015:00 - 17:00 브레이크타임20:30 라스트오더_화11:00 - 21:3015:00 - 17:00 브레이크타임20:30 라스트오더_화11:00 - 21:3015:00 - 17:00 브레이크타임20:30 라스트오더_화_11:00 - 21:3015:00 - 17:00 브레이크타임20:30 라스트오더_수11:00 - 21:3015:00 - 17:00 브레이크타임20:30 라스트오더_수11:00 - 21:3015:00 - 17:00 브레이크타임20:30 라스트오더_수11:00 - 21:3015:00 - 17:00 브레이크타임20:30 라스트오더_수_11:00 - 21:3015:00 - 17:00 브레이크타임20:30 라스트오더_- 런치타임 라스트오더 14:50/16시까지 식사 가능접기_- 런치타임 라스트오더 14:50/16시까지 식사 가능접기_- 런치타임 라스트오더 14:50/16시까지 식사 가능_- 런치타임 라스트오더 14:50/16시까지 식사 가능_접기_접기,별점없음,0,0,https://search.pstatic.net/common/?autoRotate=true&type=w560_sharpen&src=https%3A%2F%2Fldb-phinf.pstatic.net%2F20260128_94%2F1769563598915UQ35b_PNG%2F%25B9%25E4%252C_%25B1%25B9%25B9%25B0_%25B9%25AB%25B7%25E1_%25B8%25AE%25C7%25CA.png,콜키지 가능무료_단체 이용 가능_포장_배달_무선 인터넷_유아의자_남/녀 화장실 구분_대기공간_화장실 휠체어 이용가능,주차가능무료
멘야케이 전주신시가지점,1444733898,일본식라면,도로명전북 전주시 완산구 홍산남로 14 1층 A101호복사지번전북 전주시 완산구 효자동2가 1242-1복사우편번호우편번호54966복사안내 레이어 닫기,0507-1411-2365,"영업 전11:00에 영업 시작11시 0분에 영업 시작_영업 전11:00에 영업 시작11시 0분에 영업 시작_영업 전11:00에 영업 시작11시 0분에 영업 시작_영업 전_11:00에 영업 시작11시 0분에 영업 시작_11:00에 영업 시작_11시 0분에 영업 시작_매일11:00 - 21:0020:30 라스트오더_매일11:00 - 21:0020:30 라스트오더_매일11:00 - 21:0020:30 라스트오더_매일_11:00 - 21:0020:30 라스트오더_- 육수 소진시 조기마감 합니다, 브레이크타임은 없습니다!접기_- 육수 소진시 조기마감 합니다, 브레이크타임은 없습니다!접기_- 육수 소진시 조기마감 합니다, 브레이크타임은 없습니다!_- 육수 소진시 조기마감 합니다, 브레이크타임은 없습니다!_접기_접기",별점없음,0,0,https://search.pstatic.net/common/?autoRotate=true&type=w278_sharpen&src=https%3A%2F%2Fldb-phinf.pstatic.net%2F20260531_86%2F1780215695183lTGP1_JPEG%2FKakaoTalk_20260531_135129929_01.jpg,편의시설 정보 없음,주차가능무료
솔가숯불갈비 신시가지점,1308357339,"육류,고기요리",도로명전북 전주시 완산구 석산2길 17-15 솔가숯불갈비 신시가지점복사지번전북 전주시 완산구 효자동3가 1697-2복사우편번호우편번호54963복사안내 레이어 닫기,0507-1477-1184,"영업 전11:00에 영업 시작11시 0분에 영업 시작_영업 전11:00에 영업 시작11시 0분에 영업 시작_영업 전11:00에 영업 시작11시 0분에 영업 시작_영업 전_11:00에 영업 시작11시 0분에 영업 시작_11:00에 영업 시작_11시 0분에 영업 시작_매일11:00 - 23:00_매일11:00 - 23:00_매일11:00 - 23:00_매일_11:00 - 23:00_- 브레이크타임 없이 운영되오니, 편하게 방문해주세요.접기_- 브레이크타임 없이 운영되오니, 편하게 방문해주세요.접기_- 브레이크타임 없이 운영되오니, 편하게 방문해주세요._- 브레이크타임 없이 운영되오니, 편하게 방문해주세요._접기_접기",별점4.64,0,0,https://search.pstatic.net/common/?autoRotate=true&type=w560_sharpen&src=https%3A%2F%2Fldb-phinf.pstatic.net%2F20241212_126%2F1733981530884bgF8l_JPEG%2F%25BD%25C5%25BD%25C3%25B0%25A1%25C1%25F6_%25B8%25C0%25C1%25FD_%252810%2529.jpg,단체 이용 가능_포장_배달_예약_무선 인터넷_남/녀 화장실 구분_유아의자_대기공간_출입구 휠체어 이용가능_좌석 휠체어 이용가능_장애인 주차구역,주차가능무료
일층집 본점,1497463405,"육류,고기요리",도로명전북 전주시 완산구 홍산남로 69-7복사지번전북 전주시 완산구 효자동3가 1536-5복사우편번호우편번호54969복사안내 레이어 닫기,063-221-6258,영업 종료16:00에 영업 시작16시 0분에 영업 시작_영업 종료16:00에 영업 시작16시 0분에 영업 시작_영업 종료16:00에 영업 시작16시 0분에 영업 시작_영업 종료_16:00에 영업 시작16시 0분에 영업 시작_16:00에 영업 시작_16시 0분에 영업 시작_목16:00 - 다음 날 01:00_목16:00 - 다음 날 01:00_목16:00 - 다음 날 01:00_목_16:00 - 다음 날 01:00_금16:00 - 다음 날 01:00_금16:00 - 다음 날 01:00_금16:00 - 다음 날 01:00_금_16:00 - 다음 날 01:00_토15:30 - 다음 날 01:00_토15:30 - 다음 날 01:00_토15:30 - 다음 날 01:00_토_15:30 - 다음 날 01:00_일15:30 - 다음 날 01:00_일15:30 - 다음 날 01:00_일15:30 - 다음 날 01:00_일_15:30 - 다음 날 01:00_월16:00 - 다음 날 01:00_월16:00 - 다음 날 01:00_월16:00 - 다음 날 01:00_월_16:00 - 다음 날 01:00_화16:00 - 다음 날 01:00_화16:00 - 다음 날 01:00_화16:00 - 다음 날 01:00_화_16:00 - 다음 날 01:00_수16:00 - 다음 날 01:00접기_수16:00 - 다음 날 01:00접기_수16:00 - 다음 날 01:00_수_16:00 - 다음 날 01:00_접기_접기,별점없음,0,0,https://search.pstatic.net/common/?autoRotate=true&type=w560_sharpen&src=https%3A%2F%2Fldb-phinf.pstatic.net%2F20230923_163%2F1695448230466iedDp_JPEG%2F1000009857.jpg,예약_단체 이용 가능,주차가능
크럼,34016552,베이커리,도로명전북 전주시 완산구 홍산중앙로 42 6층복사지번전북 전주시 완산구 효자동3가 1536-1복사우편번호우편번호54969복사안내 레이어 닫기,063-237-3618,영업 전10:00에 영업 시작10시 0분에 영업 시작_영업 전10:00에 영업 시작10시 0분에 영업 시작_영업 전10:00에 영업 시작10시 0분에 영업 시작_영업 전_10:00에 영업 시작10시 0분에 영업 시작_10:00에 영업 시작_10시 0분에 영업 시작_목10:00 - 22:0021:30 라스트오더_목10:00 - 22:0021:30 라스트오더_목10:00 - 22:0021:30 라스트오더_목_10:00 - 22:0021:30 라스트오더_금10:00 - 22:0021:30 라스트오더_금10:00 - 22:0021:30 라스트오더_금10:00 - 22:0021:30 라스트오더_금_10:00 - 22:0021:30 라스트오더_토10:00 - 22:0021:30 라스트오더_토10:00 - 22:0021:30 라스트오더_토10:00 - 22:0021:30 라스트오더_토_10:00 - 22:0021:30 라스트오더_일10:00 - 21:0020:30 라스트오더_일10:00 - 21:0020:30 라스트오더_일10:00 - 21:0020:30 라스트오더_일_10:00 - 21:0020:30 라스트오더_월정기휴무 (매주 월요일)_월정기휴무 (매주 월요일)_월정기휴무 (매주 월요일)_월_정기휴무 (매주 월요일)_정기휴무 (매주 월요일)_화10:00 - 22:0021:30 라스트오더_화10:00 - 22:0021:30 라스트오더_화10:00 - 22:0021:30 라스트오더_화_10:00 - 22:0021:30 라스트오더_수10:00 - 22:0021:30 라스트오더_수10:00 - 22:0021:30 라스트오더_수10:00 - 22:0021:30 라스트오더_수_10:00 - 22:0021:30 라스트오더_- 영업종료접기_- 영업종료접기_- 영업종료_- 영업종료_접기_접기,별점없음,0,0,https://search.pstatic.net/common/?autoRotate=true&type=w560_sharpen&src=https%3A%2F%2Fldb-phinf.pstatic.net%2F20250604_2%2F1749014592022fernN_PNG%2F1000011523.png,핸드드립_포장_배달_무선 인터넷_단체 이용 가능_남/녀 화장실 구분_예약_출입구 휠체어 이용가능_좌석 휠체어 이용가능_장애인 주차구역,주차가능무료
돈카츠흑심 효자점,1559037357,돈가스,도로명전북 전주시 완산구 홍산로 263 104호 돈카츠흑심복사지번전북 전주시 완산구 효자동2가 1239-1복사우편번호우편번호54966복사안내 레이어 닫기,0507-1445-2294,영업 전11:00에 영업 시작11시 0분에 영업 시작_영업 전11:00에 영업 시작11시 0분에 영업 시작_영업 전11:00에 영업 시작11시 0분에 영업 시작_영업 전_11:00에 영업 시작11시 0분에 영업 시작_11:00에 영업 시작_11시 0분에 영업 시작_목11:00 - 21:0015:00 - 17:00 브레이크타임20:20 라스트오더_목11:00 - 21:0015:00 - 17:00 브레이크타임20:20 라스트오더_목11:00 - 21:0015:00 - 17:00 브레이크타임20:20 라스트오더_목_11:00 - 21:0015:00 - 17:00 브레이크타임20:20 라스트오더_금11:00 - 21:0015:00 - 17:00 브레이크타임20:20 라스트오더_금11:00 - 21:0015:00 - 17:00 브레이크타임20:20 라스트오더_금11:00 - 21:0015:00 - 17:00 브레이크타임20:20 라스트오더_금_11:00 - 21:0015:00 - 17:00 브레이크타임20:20 라스트오더_토11:00 - 21:0015:00 - 17:00 브레이크타임20:20 라스트오더_토11:00 - 21:0015:00 - 17:00 브레이크타임20:20 라스트오더_토11:00 - 21:0015:00 - 17:00 브레이크타임20:20 라스트오더_토_11:00 - 21:0015:00 - 17:00 브레이크타임20:20 라스트오더_일정기휴무 (매주 일요일)_일정기휴무 (매주 일요일)_일정기휴무 (매주 일요일)_일_정기휴무 (매주 일요일)_정기휴무 (매주 일요일)_월11:00 - 21:0015:00 - 17:00 브레이크타임20:20 라스트오더_월11:00 - 21:0015:00 - 17:00 브레이크타임20:20 라스트오더_월11:00 - 21:0015:00 - 17:00 브레이크타임20:20 라스트오더_월_11:00 - 21:0015:00 - 17:00 브레이크타임20:20 라스트오더_화11:00 - 21:0015:00 - 17:00 브레이크타임20:20 라스트오더_화11:00 - 21:0015:00 - 17:00 브레이크타임20:20 라스트오더_화11:00 - 21:0015:00 - 17:00 브레이크타임20:20 라스트오더_화_11:00 - 21:0015:00 - 17:00 브레이크타임20:20 라스트오더_수11:00 - 21:0015:00 - 17:00 브레이크타임20:20 라스트오더_수11:00 - 21:0015:00 - 17:00 브레이크타임20:20 라스트오더_수11:00 - 21:0015:00 - 17:00 브레이크타임20:20 라스트오더_수_11:00 - 21:0015:00 - 17:00 브레이크타임20:20 라스트오더_- 점심 마지막주문 14:20 입니다 :)접기_- 점심 마지막주문 14:20 입니다 :)접기_- 점심 마지막주문 14:20 입니다 :)_- 점심 마지막주문 14:20 입니다 :)_접기_접기,별점없음,0,0,https://search.pstatic.net/common/?autoRotate=true&type=w560_sharpen&src=https%3A%2F%2Fldb-phinf.pstatic.net%2F20230515_36%2F16841317246690GBhW_JPEG%2FIMG_0780.jpeg,배달_포장_남/녀 화장실 구분_무선 인터넷_유아의자_장애인 주차구역,주차가능무료
스시이안앤 도청신시가지점,2097209094,"초밥,롤",도로명전북 전주시 완산구 마전중앙로 13 101호복사지번전북 전주시 완산구 효자동3가 1633-4복사우편번호우편번호54962복사안내 레이어 닫기,0507-1419-1573,"영업 종료11:30에 영업 시작11시 30분에 영업 시작_영업 종료11:30에 영업 시작11시 30분에 영업 시작_영업 종료11:30에 영업 시작11시 30분에 영업 시작_영업 종료_11:30에 영업 시작11시 30분에 영업 시작_11:30에 영업 시작_11시 30분에 영업 시작_매일11:30 - 22:0015:00 - 17:00 브레이크타임14:30, 21:30 라스트오더접기_매일11:30 - 22:0015:00 - 17:00 브레이크타임14:30, 21:30 라스트오더접기_매일11:30 - 22:0015:00 - 17:00 브레이크타임14:30, 21:30 라스트오더_매일_11:30 - 22:0015:00 - 17:00 브레이크타임14:30, 21:30 라스트오더_접기_접기",별점없음,0,0,https://search.pstatic.net/common/?autoRotate=true&type=w560_sharpen&src=https%3A%2F%2Fldb-phinf.pstatic.net%2F20260419_102%2F1776564898844MvVE3_JPEG%2F81174.jpg,생일 혜택_예약_무선 인터넷_남/녀 화장실 구분_단체 이용 가능_포장_유아의자,주차가능무료
이너프샐러드 도청 직영점,1439019759,"다이어트,샐러드",도로명전북 전주시 완산구 홍산3길 7 1F 이너프샐러드 도청점복사지번전북 전주시 완산구 효자동3가 1527-7복사우편번호우편번호54969복사안내 레이어 닫기,0507-1397-4547,"영업 전08:00에 영업 시작8시 0분에 영업 시작_영업 전08:00에 영업 시작8시 0분에 영업 시작_영업 전08:00에 영업 시작8시 0분에 영업 시작_영업 전_08:00에 영업 시작8시 0분에 영업 시작_08:00에 영업 시작_8시 0분에 영업 시작_목08:00 - 20:0014:00 - 15:00 브레이크타임_목08:00 - 20:0014:00 - 15:00 브레이크타임_목08:00 - 20:0014:00 - 15:00 브레이크타임_목_08:00 - 20:0014:00 - 15:00 브레이크타임_금08:00 - 20:0014:00 - 15:00 브레이크타임_금08:00 - 20:0014:00 - 15:00 브레이크타임_금08:00 - 20:0014:00 - 15:00 브레이크타임_금_08:00 - 20:0014:00 - 15:00 브레이크타임_토08:00 - 19:3014:00 - 15:00 브레이크타임_토08:00 - 19:3014:00 - 15:00 브레이크타임_토08:00 - 19:3014:00 - 15:00 브레이크타임_토_08:00 - 19:3014:00 - 15:00 브레이크타임_일08:00 - 19:3014:00 - 15:00 브레이크타임_일08:00 - 19:3014:00 - 15:00 브레이크타임_일08:00 - 19:3014:00 - 15:00 브레이크타임_일_08:00 - 19:3014:00 - 15:00 브레이크타임_월08:00 - 20:0014:00 - 15:00 브레이크타임_월08:00 - 20:0014:00 - 15:00 브레이크타임_월08:00 - 20:0014:00 - 15:00 브레이크타임_월_08:00 - 20:0014:00 - 15:00 브레이크타임_화08:00 - 20:0014:00 - 15:00 브레이크타임_화08:00 - 20:0014:00 - 15:00 브레이크타임_화08:00 - 20:0014:00 - 15:00 브레이크타임_화_08:00 - 20:0014:00 - 15:00 브레이크타임_수08:00 - 20:0014:00 - 15:00 브레이크타임_수08:00 - 20:0014:00 - 15:00 브레이크타임_수08:00 - 20:0014:00 - 15:00 브레이크타임_수_08:00 - 20:0014:00 - 15:00 브레이크타임_- 2026년 설 연휴 정상 운영, 당일은 도청점만 휴무접기_- 2026년 설 연휴 정상 운영, 당일은 도청점만 휴무접기_- 2026년 설 연휴 정상 운영, 당일은 도청점만 휴무_- 2026년 설 연휴 정상 운영, 당일은 도청점만 휴무_접기_접기",별점없음,0,0,https://search.pstatic.net/common/?autoRotate=true&type=w560_sharpen&src=https%3A%2F%2Fldb-phinf.pstatic.net%2F20220922_216%2F1663845036910gSv3B_JPEG%2FKakaoTalk_20220922_192700602_03.jpg,비건 메뉴_배달_포장_무선 인터넷_남/녀 화장실 구분_출입구 휠체어 이용가능,주차가능무료
효자동아귀찜본점,1531723988,"아귀찜,해물찜",도로명전북 전주시 완산구 바우배기2길 23 1층복사지번전북 전주시 완산구 효자동2가 1236-4복사우편번호우편번호54966복사안내 레이어 닫기,063-236-4642,영업 전11:00에 영업 시작11시 0분에 영업 시작_영업 전11:00에 영업 시작11시 0분에 영업 시작_영업 전11:00에 영업 시작11시 0분에 영업 시작_영업 전_11:00에 영업 시작11시 0분에 영업 시작_11:00에 영업 시작_11시 0분에 영업 시작_매일11:00 - 21:0020:30 라스트오더접기_매일11:00 - 21:0020:30 라스트오더접기_매일11:00 - 21:0020:30 라스트오더_매일_11:00 - 21:0020:30 라스트오더_접기_접기,별점없음,0,0,https://search.pstatic.net/common/?autoRotate=true&type=w560_sharpen&src=https%3A%2F%2Fldb-phinf.pstatic.net%2F20240919_94%2F1726724623889pil7Y_JPEG%2F11.jpg,남/녀 화장실 구분_유아의자_포장_배달_단체 이용 가능_예약,주차가능무료
카츠모리조,1106670769,돈가스,도로명전북 전주시 완산구 선너머2길 26 2층복사지번전북 전주시 완산구 중화산동2가 24-15복사우편번호우편번호54986복사안내 레이어 닫기,0507-1333-6735,"영업 중14:30에 라스트오더14시 30분에 라스트오더_영업 중14:30에 라스트오더14시 30분에 라스트오더_영업 중14:30에 라스트오더14시 30분에 라스트오더_영업 중_14:30에 라스트오더14시 30분에 라스트오더_14:30에 라스트오더_14시 30분에 라스트오더_목11:30 - 21:0015:00 - 17:00 브레이크타임14:30, 20:30 라스트오더_목11:30 - 21:0015:00 - 17:00 브레이크타임14:30, 20:30 라스트오더_목11:30 - 21:0015:00 - 17:00 브레이크타임14:30, 20:30 라스트오더_목_11:30 - 21:0015:00 - 17:00 브레이크타임14:30, 20:30 라스트오더_금11:30 - 21:0015:00 - 17:00 브레이크타임14:30, 20:30 라스트오더_금11:30 - 21:0015:00 - 17:00 브레이크타임14:30, 20:30 라스트오더_금11:30 - 21:0015:00 - 17:00 브레이크타임14:30, 20:30 라스트오더_금_11:30 - 21:0015:00 - 17:00 브레이크타임14:30, 20:30 라스트오더_토11:30 - 21:0020:30 라스트오더_토11:30 - 21:0020:30 라스트오더_토11:30 - 21:0020:30 라스트오더_토_11:30 - 21:0020:30 라스트오더_일11:30 - 21:0020:30 라스트오더_일11:30 - 21:0020:30 라스트오더_일11:30 - 21:0020:30 라스트오더_일_11:30 - 21:0020:30 라스트오더_월11:30 - 21:0015:00 - 17:00 브레이크타임14:30, 20:30 라스트오더_월11:30 - 21:0015:00 - 17:00 브레이크타임14:30, 20:30 라스트오더_월11:30 - 21:0015:00 - 17:00 브레이크타임14:30, 20:30 라스트오더_월_11:30 - 21:0015:00 - 17:00 브레이크타임14:30, 20:30 라스트오더_화11:30 - 21:0015:00 - 17:00 브레이크타임14:30, 20:30 라스트오더_화11:30 - 21:0015:00 - 17:00 브레이크타임14:30, 20:30 라스트오더_화11:30 - 21:0015:00 - 17:00 브레이크타임14:30, 20:30 라스트오더_화_11:30 - 21:0015:00 - 17:00 브레이크타임14:30, 20:30 라스트오더_수11:30 - 21:0015:00 - 17:00 브레이크타임14:30, 20:30 라스트오더_수11:30 - 21:0015:00 - 17:00 브레이크타임14:30, 20:30 라스트오더_수11:30 - 21:0015:00 - 17:00 브레이크타임14:30, 20:30 라스트오더_수_11:30 - 21:0015:00 - 17:00 브레이크타임14:30, 20:30 라스트오더_- 토요일/일요일/법정공휴일/은 브레이크 타임없이운영합니다접기_- 토요일/일요일/법정공휴일/은 브레이크 타임없이운영합니다접기_- 토요일/일요일/법정공휴일/은 브레이크 타임없이운영합니다_- 토요일/일요일/법정공휴일/은 브레이크 타임없이운영합니다_접기_접기",별점없음,0,0,https://search.pstatic.net/common/?autoRotate=true&type=w560_sharpen&src=https%3A%2F%2Fldb-phinf.pstatic.net%2F20220825_50%2F1661412839994FPg79_JPEG%2FKakaoTalk_20220825_111814541.jpg,무선 인터넷,주차가능무료
생활맥주 전주객리단길점,1034080506,"맥주,호프",도로명전북 전주시 완산구 전주객사2길 28-3 생활맥주복사지번전북 전주시 완산구 고사동 459-2복사우편번호우편번호54999복사안내 레이어 닫기,0507-1405-2200,영업 전17:00에 영업 시작17시 0분에 영업 시작_영업 전17:00에 영업 시작17시 0분에 영업 시작_영업 전17:00에 영업 시작17시 0분에 영업 시작_영업 전_17:00에 영업 시작17시 0분에 영업 시작_17:00에 영업 시작_17시 0분에 영업 시작_목17:00 - 다음 날 02:00_목17:00 - 다음 날 02:00_목17:00 - 다음 날 02:00_목_17:00 - 다음 날 02:00_금17:00 - 다음 날 03:00_금17:00 - 다음 날 03:00_금17:00 - 다음 날 03:00_금_17:00 - 다음 날 03:00_토17:00 - 다음 날 03:00_토17:00 - 다음 날 03:00_토17:00 - 다음 날 03:00_토_17:00 - 다음 날 03:00_일16:00 - 다음 날 01:00_일16:00 - 다음 날 01:00_일16:00 - 다음 날 01:00_일_16:00 - 다음 날 01:00_월17:00 - 다음 날 02:00_월17:00 - 다음 날 02:00_월17:00 - 다음 날 02:00_월_17:00 - 다음 날 02:00_화17:00 - 다음 날 02:00_화17:00 - 다음 날 02:00_화17:00 - 다음 날 02:00_화_17:00 - 다음 날 02:00_수17:00 - 다음 날 02:00접기_수17:00 - 다음 날 02:00접기_수17:00 - 다음 날 02:00_수_17:00 - 다음 날 02:00_접기_접기,별점없음,0,0,https://search.pstatic.net/common/?autoRotate=true&type=w560_sharpen&src=https%3A%2F%2Fldb-phinf.pstatic.net%2F20250409_288%2F1744202634328Cmojp_JPEG%2F%25B8%25C5%25C0%25E5%25B3%25BB%25BA%25CE.jpg,포장_단체 이용 가능_배달_무선 인터넷_예약_\반려동물 동반_남/녀 화장실 구분,주차가능무료
르프랭크,2045705129,"카페,디저트",도로명전북 전주시 완산구 전주객사1길 46-12 1층복사지번전북 전주시 완산구 다가동3가 44-2복사우편번호우편번호54999복사안내 레이어 닫기,0507-1360-4611,영업 중21:30에 라스트오더21시 30분에 라스트오더_영업 중21:30에 라스트오더21시 30분에 라스트오더_영업 중21:30에 라스트오더21시 30분에 라스트오더_영업 중_21:30에 라스트오더21시 30분에 라스트오더_21:30에 라스트오더_21시 30분에 라스트오더_매일10:00 - 22:0021:30 라스트오더접기_매일10:00 - 22:0021:30 라스트오더접기_매일10:00 - 22:0021:30 라스트오더_매일_10:00 - 22:0021:30 라스트오더_접기_접기,별점없음,0,0,https://search.pstatic.net/common/?autoRotate=true&type=w560_sharpen&src=https%3A%2F%2Fldb-phinf.pstatic.net%2F20260517_10%2F1779002279106TtBhT_JPEG%2FIMG_5980.jpg,대관_단체 이용 가능_포장_대기공간_예약,주차 불가
치히로,1710381899,일식당,도로명전북 전주시 완산구 전주객사3길 73-56복사지번전북 전주시 완산구 고사동 324-15복사우편번호우편번호54999복사안내 레이어 닫기,070-4300-6099,영업 중15:00에 브레이크타임15시 0분에 브레이크타임_영업 중15:00에 브레이크타임15시 0분에 브레이크타임_영업 중15:00에 브레이크타임15시 0분에 브레이크타임_영업 중_15:00에 브레이크타임15시 0분에 브레이크타임_15:00에 브레이크타임_15시 0분에 브레이크타임_매일11:00 - 22:0015:00 - 16:30 브레이크타임20:30 라스트오더접기_매일11:00 - 22:0015:00 - 16:30 브레이크타임20:30 라스트오더접기_매일11:00 - 22:0015:00 - 16:30 브레이크타임20:30 라스트오더_매일_11:00 - 22:0015:00 - 16:30 브레이크타임20:30 라스트오더_접기_접기,별점없음,0,0,https://search.pstatic.net/common/?autoRotate=true&type=w560_sharpen&src=https%3A%2F%2Fldb-phinf.pstatic.net%2F20190613_247%2F15604172750339COq8_JPEG%2F9UixlSYqh62srddrJPXL4gAB.jpeg.jpg,포장_배달_무선 인터넷_남/녀 화장실 구분_유아의자,주차 불가
누보닭갈비,1465327582,닭갈비,도로명전북 전주시 완산구 전주객사4길 74-54복사지번전북 전주시 완산구 고사동 185복사우편번호우편번호54999복사안내 레이어 닫기,0507-1379-0743,영업 중15:30에 브레이크타임15시 30분에 브레이크타임_영업 중15:30에 브레이크타임15시 30분에 브레이크타임_영업 중15:30에 브레이크타임15시 30분에 브레이크타임_영업 중_15:30에 브레이크타임15시 30분에 브레이크타임_15:30에 브레이크타임_15시 30분에 브레이크타임_목11:00 - 22:0015:30 - 17:00 브레이크타임21:20 라스트오더_목11:00 - 22:0015:30 - 17:00 브레이크타임21:20 라스트오더_목11:00 - 22:0015:30 - 17:00 브레이크타임21:20 라스트오더_목_11:00 - 22:0015:30 - 17:00 브레이크타임21:20 라스트오더_금11:00 - 22:0015:30 - 17:00 브레이크타임21:20 라스트오더_금11:00 - 22:0015:30 - 17:00 브레이크타임21:20 라스트오더_금11:00 - 22:0015:30 - 17:00 브레이크타임21:20 라스트오더_금_11:00 - 22:0015:30 - 17:00 브레이크타임21:20 라스트오더_토11:00 - 22:0021:20 라스트오더_토11:00 - 22:0021:20 라스트오더_토11:00 - 22:0021:20 라스트오더_토_11:00 - 22:0021:20 라스트오더_일11:00 - 22:0021:20 라스트오더_일11:00 - 22:0021:20 라스트오더_일11:00 - 22:0021:20 라스트오더_일_11:00 - 22:0021:20 라스트오더_월11:00 - 22:0015:30 - 17:00 브레이크타임21:20 라스트오더_월11:00 - 22:0015:30 - 17:00 브레이크타임21:20 라스트오더_월11:00 - 22:0015:30 - 17:00 브레이크타임21:20 라스트오더_월_11:00 - 22:0015:30 - 17:00 브레이크타임21:20 라스트오더_화11:00 - 22:0015:30 - 17:00 브레이크타임21:20 라스트오더_화11:00 - 22:0015:30 - 17:00 브레이크타임21:20 라스트오더_화11:00 - 22:0015:30 - 17:00 브레이크타임21:20 라스트오더_화_11:00 - 22:0015:30 - 17:00 브레이크타임21:20 라스트오더_수11:00 - 22:0015:30 - 17:00 브레이크타임21:20 라스트오더접기_수11:00 - 22:0015:30 - 17:00 브레이크타임21:20 라스트오더접기_수11:00 - 22:0015:30 - 17:00 브레이크타임21:20 라스트오더_수_11:00 - 22:0015:30 - 17:00 브레이크타임21:20 라스트오더_접기_접기,별점없음,0,0,https://search.pstatic.net/common/?autoRotate=true&type=w560_sharpen&src=https%3A%2F%2Fldb-phinf.pstatic.net%2F20200629_244%2F15934037158273bBAo_JPEG%2F7RgR7KFodMYVE7ipAXBjmcBV.jpg,단체 이용 가능_예약_포장_배달_무선 인터넷_남/녀 화장실 구분_유아의자,주차가능무료
파도산장,2064592564,한식,도로명전북 전주시 완산구 전라감영2길 11 1층 파도산장복사지번전북 전주시 완산구 다가동1가 46-3복사우편번호우편번호55038복사안내 레이어 닫기,0507-1408-1280,영업 전17:00에 영업 시작17시 0분에 영업 시작_영업 전17:00에 영업 시작17시 0분에 영업 시작_영업 전17:00에 영업 시작17시 0분에 영업 시작_영업 전_17:00에 영업 시작17시 0분에 영업 시작_17:00에 영업 시작_17시 0분에 영업 시작_목17:00 - 다음 날 01:0000:00 라스트오더_목17:00 - 다음 날 01:0000:00 라스트오더_목17:00 - 다음 날 01:0000:00 라스트오더_목_17:00 - 다음 날 01:0000:00 라스트오더_금17:00 - 다음 날 02:0001:00 라스트오더_금17:00 - 다음 날 02:0001:00 라스트오더_금17:00 - 다음 날 02:0001:00 라스트오더_금_17:00 - 다음 날 02:0001:00 라스트오더_토17:00 - 다음 날 02:0001:00 라스트오더_토17:00 - 다음 날 02:0001:00 라스트오더_토17:00 - 다음 날 02:0001:00 라스트오더_토_17:00 - 다음 날 02:0001:00 라스트오더_일17:00 - 다음 날 01:0000:00 라스트오더_일17:00 - 다음 날 01:0000:00 라스트오더_일17:00 - 다음 날 01:0000:00 라스트오더_일_17:00 - 다음 날 01:0000:00 라스트오더_월17:00 - 다음 날 01:0000:00 라스트오더_월17:00 - 다음 날 01:0000:00 라스트오더_월17:00 - 다음 날 01:0000:00 라스트오더_월_17:00 - 다음 날 01:0000:00 라스트오더_화17:00 - 다음 날 01:0000:00 라스트오더_화17:00 - 다음 날 01:0000:00 라스트오더_화17:00 - 다음 날 01:0000:00 라스트오더_화_17:00 - 다음 날 01:0000:00 라스트오더_수17:00 - 다음 날 01:0000:00 라스트오더접기_수17:00 - 다음 날 01:0000:00 라스트오더접기_수17:00 - 다음 날 01:0000:00 라스트오더_수_17:00 - 다음 날 01:0000:00 라스트오더_접기_접기,별점없음,0,0,https://search.pstatic.net/common/?autoRotate=true&type=w560_sharpen&src=https%3A%2F%2Fldb-phinf.pstatic.net%2F20251103_14%2F1762171732649Sw8uC_JPEG%2F%25B0%25A1%25B0%25D4_%25C0%25FC%25B8%25E9%25BA%25CE.jpg,콜키지 가능무료_콜키지 가능유료_생일 혜택_단체 이용 가능_포장_예약_\반려동물 동반_무선 인터넷_대기공간_좌석 휠체어 이용가능,주차가능무료
디저트39 전주 객사점,1496680906,카페,도로명전북 전주시 완산구 팔달로 201-4 하모니빌딩 1층 디저트39 전주객사점복사지번전북 전주시 완산구 고사동 25복사우편번호우편번호54999복사안내 레이어 닫기,0507-1402-3930,영업 중22:30에 라스트오더22시 30분에 라스트오더_영업 중22:30에 라스트오더22시 30분에 라스트오더_영업 중22:30에 라스트오더22시 30분에 라스트오더_영업 중_22:30에 라스트오더22시 30분에 라스트오더_22:30에 라스트오더_22시 30분에 라스트오더_목08:30 - 23:0022:30 라스트오더_목08:30 - 23:0022:30 라스트오더_목08:30 - 23:0022:30 라스트오더_목_08:30 - 23:0022:30 라스트오더_금08:30 - 24:0023:30 라스트오더_금08:30 - 24:0023:30 라스트오더_금08:30 - 24:0023:30 라스트오더_금_08:30 - 24:0023:30 라스트오더_토09:00 - 24:0023:30 라스트오더_토09:00 - 24:0023:30 라스트오더_토09:00 - 24:0023:30 라스트오더_토_09:00 - 24:0023:30 라스트오더_일09:00 - 24:0023:30 라스트오더_일09:00 - 24:0023:30 라스트오더_일09:00 - 24:0023:30 라스트오더_일_09:00 - 24:0023:30 라스트오더_월08:30 - 23:0022:30 라스트오더_월08:30 - 23:0022:30 라스트오더_월08:30 - 23:0022:30 라스트오더_월_08:30 - 23:0022:30 라스트오더_화08:30 - 23:0022:30 라스트오더_화08:30 - 23:0022:30 라스트오더_화08:30 - 23:0022:30 라스트오더_화_08:30 - 23:0022:30 라스트오더_수08:30 - 23:0022:30 라스트오더접기_수08:30 - 23:0022:30 라스트오더접기_수08:30 - 23:0022:30 라스트오더_수_08:30 - 23:0022:30 라스트오더_접기_접기,별점없음,0,0,https://search.pstatic.net/common/?autoRotate=true&type=w560_sharpen&src=https%3A%2F%2Fldb-phinf.pstatic.net%2F20251028_48%2F17616522903361XfsG_JPEG%2F518811_533856_4319.jpg,포장_무선 인터넷_남/녀 화장실 구분_단체 이용 가능_배달_\반려동물 동반_대기공간_화장실 휠체어 이용가능_좌석 휠체어 이용가능,주차가능무료
플랫메이트,2014405010,"카페,디저트",도로명전북 전주시 완산구 전라감영로 44-1복사지번전북 전주시 완산구 중앙동4가 33-3복사우편번호우편번호55043복사안내 레이어 닫기,0507-1351-4778,영업 중22:00에 영업 종료22시 0분에 영업 종료_영업 중22:00에 영업 종료22시 0분에 영업 종료_영업 중22:00에 영업 종료22시 0분에 영업 종료_영업 중_22:00에 영업 종료22시 0분에 영업 종료_22:00에 영업 종료_22시 0분에 영업 종료_목08:00 - 22:00_목08:00 - 22:00_목08:00 - 22:00_목_08:00 - 22:00_금08:00 - 22:00_금08:00 - 22:00_금08:00 - 22:00_금_08:00 - 22:00_토08:00 - 22:00_토08:00 - 22:00_토08:00 - 22:00_토_08:00 - 22:00_일08:00 - 22:00_일08:00 - 22:00_일08:00 - 22:00_일_08:00 - 22:00_월08:00 - 22:00_월08:00 - 22:00_월08:00 - 22:00_월_08:00 - 22:00_화08:00 - 22:00_화08:00 - 22:00_화08:00 - 22:00_화_08:00 - 22:00_수정기휴무 (매주 수요일)접기_수정기휴무 (매주 수요일)접기_수정기휴무 (매주 수요일)_수_정기휴무 (매주 수요일)_정기휴무 (매주 수요일)_접기_접기,별점없음,0,0,https://search.pstatic.net/common/?autoRotate=true&type=w560_sharpen&src=https%3A%2F%2Fldb-phinf.pstatic.net%2F20260409_48%2F1775720849864QEHI4_JPEG%2FKakaoTalk_20260406_212635990.jpg,핸드드립_비건 메뉴_테이크아웃 할인_포장_무선 인터넷_남/녀 화장실 구분_단체 이용 가능_방문접수/출장_예약_대기공간,주차가능무료
오두막창 전주객사점,2096717957,"곱창,막창,양",도로명전북 전주시 완산구 전주객사2길 73-1 1층복사지번전북 전주시 완산구 다가동4가 61-1복사우편번호우편번호54999복사안내 레이어 닫기,0507-1328-6393,영업 전16:30에 영업 시작16시 30분에 영업 시작_영업 전16:30에 영업 시작16시 30분에 영업 시작_영업 전16:30에 영업 시작16시 30분에 영업 시작_영업 전_16:30에 영업 시작16시 30분에 영업 시작_16:30에 영업 시작_16시 30분에 영업 시작_매일16:30 - 다음 날 01:00접기_매일16:30 - 다음 날 01:00접기_매일16:30 - 다음 날 01:00_매일_16:30 - 다음 날 01:00_접기_접기,별점없음,0,0,https://search.pstatic.net/common/?autoRotate=true&type=w278_sharpen&src=https%3A%2F%2Fldb-phinf.pstatic.net%2F20260502_104%2F1777652916563keW7w_JPEG%2F11.jpg,단체 이용 가능_포장,주차 불가
세모 객리단길점,2089920251,아시아음식,도로명전북 전주시 완산구 전주객사2길 38-5 1층복사지번전북 전주시 완산구 고사동 484-2복사우편번호우편번호54999복사안내 레이어 닫기,0507-1423-4755,영업 전17:30에 영업 시작17시 30분에 영업 시작_영업 전17:30에 영업 시작17시 30분에 영업 시작_영업 전17:30에 영업 시작17시 30분에 영업 시작_영업 전_17:30에 영업 시작17시 30분에 영업 시작_17:30에 영업 시작_17시 30분에 영업 시작_목17:30 - 다음 날 01:00_목17:30 - 다음 날 01:00_목17:30 - 다음 날 01:00_목_17:30 - 다음 날 01:00_금17:30 - 다음 날 02:00_금17:30 - 다음 날 02:00_금17:30 - 다음 날 02:00_금_17:30 - 다음 날 02:00_토17:30 - 다음 날 02:00_토17:30 - 다음 날 02:00_토17:30 - 다음 날 02:00_토_17:30 - 다음 날 02:00_일17:30 - 다음 날 01:00_일17:30 - 다음 날 01:00_일17:30 - 다음 날 01:00_일_17:30 - 다음 날 01:00_월17:30 - 다음 날 01:00_월17:30 - 다음 날 01:00_월17:30 - 다음 날 01:00_월_17:30 - 다음 날 01:00_화17:30 - 다음 날 01:00_화17:30 - 다음 날 01:00_화17:30 - 다음 날 01:00_화_17:30 - 다음 날 01:00_수17:30 - 다음 날 01:00접기_수17:30 - 다음 날 01:00접기_수17:30 - 다음 날 01:00_수_17:30 - 다음 날 01:00_접기_접기,별점없음,0,0,https://search.pstatic.net/common/?autoRotate=true&type=w560_sharpen&src=https%3A%2F%2Fldb-phinf.pstatic.net%2F20251230_6%2F1767089582277Ad0n2_JPEG%2FIMG_0380.jpeg,편의시설 정보 없음,주차 불가
다가생구이 본점,1053590271,"육류,고기요리",도로명전북 전주시 완산구 전주객사2길 38-6복사지번전북 전주시 완산구 고사동 462-9복사우편번호우편번호54999복사안내 레이어 닫기,0507-1303-9892,영업 전16:00에 영업 시작16시 0분에 영업 시작_영업 전16:00에 영업 시작16시 0분에 영업 시작_영업 전16:00에 영업 시작16시 0분에 영업 시작_영업 전_16:00에 영업 시작16시 0분에 영업 시작_16:00에 영업 시작_16시 0분에 영업 시작_매일16:00 - 24:0023:00 라스트오더접기_매일16:00 - 24:0023:00 라스트오더접기_매일16:00 - 24:0023:00 라스트오더_매일_16:00 - 24:0023:00 라스트오더_접기_접기,별점없음,0,0,https://search.pstatic.net/common/?autoRotate=true&type=w560_sharpen&src=https%3A%2F%2Fldb-phinf.pstatic.net%2F20250728_169%2F1753692379769Lf4uP_JPEG%2FKakaoTalk_20250718_183303507_04.jpg,단체 이용 가능_예약_무선 인터넷,주차가능무료
중앙동고깃집,1146796327,한식,도로명전북 전주시 완산구 전라감영로 42-1 1층 중앙동 고깃집복사지번전북 전주시 완산구 중앙동4가 32-2복사우편번호우편번호55043복사안내 레이어 닫기,0507-1336-7602,영업 중15:00에 브레이크타임15시 0분에 브레이크타임_영업 중15:00에 브레이크타임15시 0분에 브레이크타임_영업 중15:00에 브레이크타임15시 0분에 브레이크타임_영업 중_15:00에 브레이크타임15시 0분에 브레이크타임_15:00에 브레이크타임_15시 0분에 브레이크타임_목10:00 - 22:0015:00 - 16:30 브레이크타임21:30 라스트오더_목10:00 - 22:0015:00 - 16:30 브레이크타임21:30 라스트오더_목10:00 - 22:0015:00 - 16:30 브레이크타임21:30 라스트오더_목_10:00 - 22:0015:00 - 16:30 브레이크타임21:30 라스트오더_금10:00 - 22:0015:00 - 16:30 브레이크타임21:30 라스트오더_금10:00 - 22:0015:00 - 16:30 브레이크타임21:30 라스트오더_금10:00 - 22:0015:00 - 16:30 브레이크타임21:30 라스트오더_금_10:00 - 22:0015:00 - 16:30 브레이크타임21:30 라스트오더_토10:00 - 22:0021:30 라스트오더_토10:00 - 22:0021:30 라스트오더_토10:00 - 22:0021:30 라스트오더_토_10:00 - 22:0021:30 라스트오더_일10:00 - 21:3021:00 라스트오더_일10:00 - 21:3021:00 라스트오더_일10:00 - 21:3021:00 라스트오더_일_10:00 - 21:3021:00 라스트오더_월정기휴무 (매주 월요일)_월정기휴무 (매주 월요일)_월정기휴무 (매주 월요일)_월_정기휴무 (매주 월요일)_정기휴무 (매주 월요일)_화10:00 - 22:0015:00 - 16:30 브레이크타임21:30 라스트오더_화10:00 - 22:0015:00 - 16:30 브레이크타임21:30 라스트오더_화10:00 - 22:0015:00 - 16:30 브레이크타임21:30 라스트오더_화_10:00 - 22:0015:00 - 16:30 브레이크타임21:30 라스트오더_수10:00 - 22:0015:00 - 16:30 브레이크타임21:30 라스트오더접기_수10:00 - 22:0015:00 - 16:30 브레이크타임21:30 라스트오더접기_수10:00 - 22:0015:00 - 16:30 브레이크타임21:30 라스트오더_수_10:00 - 22:0015:00 - 16:30 브레이크타임21:30 라스트오더_접기_접기,별점4.79,0,0,https://search.pstatic.net/common/?autoRotate=true&type=w560_sharpen&src=https%3A%2F%2Fldb-phinf.pstatic.net%2F20201223_182%2F1608709636344NKJgc_JPEG%2FnoOTVcjpUVV7LegbK2MWAyvS.jpg,편의시설 정보 없음,주차가능
옐로우팜 전주객사점,2066468826,"과일,주스전문점",도로명전북 전주시 완산구 전주객사5길 13-8 1층복사지번전북 전주시 완산구 고사동 115복사우편번호우편번호54999복사안내 레이어 닫기,0507-1348-0830,영업 중19:30에 라스트오더19시 30분에 라스트오더_영업 중19:30에 라스트오더19시 30분에 라스트오더_영업 중19:30에 라스트오더19시 30분에 라스트오더_영업 중_19:30에 라스트오더19시 30분에 라스트오더_19:30에 라스트오더_19시 30분에 라스트오더_매일10:00 - 20:0019:30 라스트오더접기_매일10:00 - 20:0019:30 라스트오더접기_매일10:00 - 20:0019:30 라스트오더_매일_10:00 - 20:0019:30 라스트오더_접기_접기,별점없음,0,0,https://search.pstatic.net/common/?autoRotate=true&type=w278_sharpen&src=https%3A%2F%2Fldb-phinf.pstatic.net%2F20260520_238%2F17792512757008Gs07_JPEG%2F9.jpg,비건 메뉴_유기농 메뉴_단체 이용 가능_포장_배달_무선 인터넷_남/녀 화장실 구분_유아의자,주차 불가
포담 전주시청점,1270117665,베트남음식,도로명전북 전주시 완산구 팔달로 262-9 1층 포담 전주 시청점복사지번전북 전주시 완산구 서노송동 647-11복사우편번호우편번호54995복사안내 레이어 닫기,0507-1494-5280,영업 중19:50에 라스트오더19시 50분에 라스트오더_영업 중19:50에 라스트오더19시 50분에 라스트오더_영업 중19:50에 라스트오더19시 50분에 라스트오더_영업 중_19:50에 라스트오더19시 50분에 라스트오더_19:50에 라스트오더_19시 50분에 라스트오더_목08:00 - 20:0019:50 라스트오더_목08:00 - 20:0019:50 라스트오더_목08:00 - 20:0019:50 라스트오더_목_08:00 - 20:0019:50 라스트오더_금08:00 - 20:0019:50 라스트오더_금08:00 - 20:0019:50 라스트오더_금08:00 - 20:0019:50 라스트오더_금_08:00 - 20:0019:50 라스트오더_토08:00 - 20:0019:50 라스트오더_토08:00 - 20:0019:50 라스트오더_토08:00 - 20:0019:50 라스트오더_토_08:00 - 20:0019:50 라스트오더_일정기휴무 (매주 일요일)_일정기휴무 (매주 일요일)_일정기휴무 (매주 일요일)_일_정기휴무 (매주 일요일)_정기휴무 (매주 일요일)_월08:00 - 20:0019:50 라스트오더_월08:00 - 20:0019:50 라스트오더_월08:00 - 20:0019:50 라스트오더_월_08:00 - 20:0019:50 라스트오더_화08:00 - 20:0019:50 라스트오더_화08:00 - 20:0019:50 라스트오더_화08:00 - 20:0019:50 라스트오더_화_08:00 - 20:0019:50 라스트오더_수08:00 - 20:0019:50 라스트오더접기_수08:00 - 20:0019:50 라스트오더접기_수08:00 - 20:0019:50 라스트오더_수_08:00 - 20:0019:50 라스트오더_접기_접기,별점4.91,0,0,https://search.pstatic.net/common/?autoRotate=true&type=w560_sharpen&src=https%3A%2F%2Fldb-phinf.pstatic.net%2F20241117_45%2F1731832808483PsQ5E_JPEG%2F%25B4%25EB%25C7%25A5_L.jpg,글루텐프리 메뉴_비건 메뉴_대관_단체 이용 가능_포장_배달_무선 인터넷_유아의자_예약_출입구 휠체어 이용가능_좌석 휠체어 이용가능,주차 불가
평화와평화,1952498498,"카페,디저트",도로명전북 전주시 완산구 전라감영4길 16-7 3층복사지번전북 전주시 완산구 중앙동3가 29복사우편번호우편번호55038복사안내 레이어 닫기,0507-1324-9340,영업 중22:00에 영업 종료22시 0분에 영업 종료_영업 중22:00에 영업 종료22시 0분에 영업 종료_영업 중22:00에 영업 종료22시 0분에 영업 종료_영업 중_22:00에 영업 종료22시 0분에 영업 종료_22:00에 영업 종료_22시 0분에 영업 종료_매일11:00 - 22:00_매일11:00 - 22:00_매일11:00 - 22:00_매일_11:00 - 22:00_- 모든 소식은 인스타로 알리고 있습니다.접기_- 모든 소식은 인스타로 알리고 있습니다.접기_- 모든 소식은 인스타로 알리고 있습니다._- 모든 소식은 인스타로 알리고 있습니다._접기_접기,별점4.59,0,0,https://search.pstatic.net/common/?autoRotate=true&type=w560_sharpen&src=https%3A%2F%2Fldb-phinf.pstatic.net%2F20250501_151%2F17460861373938Pt1b_PNG%2F%25B8%25DE%25C0%25CE%25BB%25E7%25C1%25F8.png,핸드드립_로스터리_무한 리필_단체 이용 가능_포장_무선 인터넷_남/녀 화장실 구분_대기공간_예약_배달_장애인 주차구역,주차가능무료
헤이스트릿,1990743046,양식,도로명전북 전주시 완산구 전주객사5길 73-16 1층복사지번전북 전주시 완산구 고사동 231복사우편번호우편번호54999복사안내 레이어 닫기,0507-1478-0830,영업 중15:30에 라스트오더15시 30분에 라스트오더_영업 중15:30에 라스트오더15시 30분에 라스트오더_영업 중15:30에 라스트오더15시 30분에 라스트오더_영업 중_15:30에 라스트오더15시 30분에 라스트오더_15:30에 라스트오더_15시 30분에 라스트오더_목10:00 - 16:3015:30 라스트오더_목10:00 - 16:3015:30 라스트오더_목10:00 - 16:3015:30 라스트오더_목_10:00 - 16:3015:30 라스트오더_금10:00 - 16:3015:30 라스트오더_금10:00 - 16:3015:30 라스트오더_금10:00 - 16:3015:30 라스트오더_금_10:00 - 16:3015:30 라스트오더_토10:00 - 16:3015:30 라스트오더_토10:00 - 16:3015:30 라스트오더_토10:00 - 16:3015:30 라스트오더_토_10:00 - 16:3015:30 라스트오더_일10:00 - 16:3015:30 라스트오더_일10:00 - 16:3015:30 라스트오더_일10:00 - 16:3015:30 라스트오더_일_10:00 - 16:3015:30 라스트오더_월10:00 - 16:3015:30 라스트오더_월10:00 - 16:3015:30 라스트오더_월10:00 - 16:3015:30 라스트오더_월_10:00 - 16:3015:30 라스트오더_화10:00 - 16:3015:30 라스트오더_화10:00 - 16:3015:30 라스트오더_화10:00 - 16:3015:30 라스트오더_화_10:00 - 16:3015:30 라스트오더_수10:00 - 16:3015:30 라스트오더접기_수10:00 - 16:3015:30 라스트오더접기_수10:00 - 16:3015:30 라스트오더_수_10:00 - 16:3015:30 라스트오더_접기_접기,별점없음,0,0,https://search.pstatic.net/common/?autoRotate=true&type=w278_sharpen&src=https%3A%2F%2Fldb-phinf.pstatic.net%2F20241107_18%2F1730973254147NaYsm_JPEG%2F2456A111-2F58-4239-A711-CCB66E82FC94.jpeg,콜키지 가능유료_비건 메뉴_유아의자_무선 인터넷,주차 불가
야화 혼술바 전주웨리단길점,2068753793,바(BAR),도로명전북 전주시 완산구 전라감영4길 13-8 1층복사지번전북 전주시 완산구 중앙동2가 18-1복사우편번호우편번호55038복사안내 레이어 닫기,0507-1396-2228,영업 전19:00에 영업 시작19시 0분에 영업 시작_영업 전19:00에 영업 시작19시 0분에 영업 시작_영업 전19:00에 영업 시작19시 0분에 영업 시작_영업 전_19:00에 영업 시작19시 0분에 영업 시작_19:00에 영업 시작_19시 0분에 영업 시작_매일19:00 - 다음 날 04:00접기_매일19:00 - 다음 날 04:00접기_매일19:00 - 다음 날 04:00_매일_19:00 - 다음 날 04:00_접기_접기,별점없음,0,0,https://search.pstatic.net/common/?autoRotate=true&type=w560_sharpen&src=https%3A%2F%2Fldb-phinf.pstatic.net%2F20260608_216%2F1780913277387FNBwH_JPEG%2F1%25B9%25F8.jpg,단체 이용 가능_예약_무선 인터넷_화장실 휠체어 이용가능_출입구 휠체어 이용가능_좌석 휠체어 이용가능,주차 불가
몽유도 전주본점,1479244783,"육류,고기요리",도로명전북 전주시 완산구 전주객사2길 37복사지번전북 전주시 완산구 다가동3가 6-1복사우편번호우편번호54999복사안내 레이어 닫기,0507-1412-5300,영업 전16:00에 영업 시작16시 0분에 영업 시작_영업 전16:00에 영업 시작16시 0분에 영업 시작_영업 전16:00에 영업 시작16시 0분에 영업 시작_영업 전_16:00에 영업 시작16시 0분에 영업 시작_16:00에 영업 시작_16시 0분에 영업 시작_목16:00 - 24:00_목16:00 - 24:00_목16:00 - 24:00_목_16:00 - 24:00_금16:00 - 24:00_금16:00 - 24:00_금16:00 - 24:00_금_16:00 - 24:00_토16:00 - 24:00_토16:00 - 24:00_토16:00 - 24:00_토_16:00 - 24:00_일16:00 - 24:00_일16:00 - 24:00_일16:00 - 24:00_일_16:00 - 24:00_월16:00 - 24:00_월16:00 - 24:00_월16:00 - 24:00_월_16:00 - 24:00_화16:00 - 24:00_화16:00 - 24:00_화16:00 - 24:00_화_16:00 - 24:00_수16:00 - 24:00접기_수16:00 - 24:00접기_수16:00 - 24:00_수_16:00 - 24:00_접기_접기,별점없음,0,0,https://search.pstatic.net/common/?autoRotate=true&type=w560_sharpen&src=https%3A%2F%2Fldb-phinf.pstatic.net%2F20210209_24%2F1612840473555Wkq02_JPEG%2FeX1smnZhNvZGsYmRI68bz2E2.jpg,단체 이용 가능_남/녀 화장실 구분,주차 불가
깁미타코 전주점,1228549320,"멕시코,남미음식",도로명전북 전주시 완산구 전주객사2길 75 1층복사지번전북 전주시 완산구 다가동4가 55-6복사우편번호우편번호54999복사안내 레이어 닫기,0507-1419-9947,영업 중15:00에 브레이크타임15시 0분에 브레이크타임_영업 중15:00에 브레이크타임15시 0분에 브레이크타임_영업 중15:00에 브레이크타임15시 0분에 브레이크타임_영업 중_15:00에 브레이크타임15시 0분에 브레이크타임_15:00에 브레이크타임_15시 0분에 브레이크타임_목12:00 - 22:0015:00 - 17:00 브레이크타임_목12:00 - 22:0015:00 - 17:00 브레이크타임_목12:00 - 22:0015:00 - 17:00 브레이크타임_목_12:00 - 22:0015:00 - 17:00 브레이크타임_금12:00 - 다음 날 01:0015:00 - 17:00 브레이크타임_금12:00 - 다음 날 01:0015:00 - 17:00 브레이크타임_금12:00 - 다음 날 01:0015:00 - 17:00 브레이크타임_금_12:00 - 다음 날 01:0015:00 - 17:00 브레이크타임_토12:00 - 다음 날 01:0015:00 - 17:00 브레이크타임_토12:00 - 다음 날 01:0015:00 - 17:00 브레이크타임_토12:00 - 다음 날 01:0015:00 - 17:00 브레이크타임_토_12:00 - 다음 날 01:0015:00 - 17:00 브레이크타임_일12:00 - 22:0015:00 - 17:00 브레이크타임_일12:00 - 22:0015:00 - 17:00 브레이크타임_일12:00 - 22:0015:00 - 17:00 브레이크타임_일_12:00 - 22:0015:00 - 17:00 브레이크타임_월12:00 - 22:0015:00 - 17:00 브레이크타임_월12:00 - 22:0015:00 - 17:00 브레이크타임_월12:00 - 22:0015:00 - 17:00 브레이크타임_월_12:00 - 22:0015:00 - 17:00 브레이크타임_화12:00 - 22:0015:00 - 17:00 브레이크타임_화12:00 - 22:0015:00 - 17:00 브레이크타임_화12:00 - 22:0015:00 - 17:00 브레이크타임_화_12:00 - 22:0015:00 - 17:00 브레이크타임_수12:00 - 22:0015:00 - 17:00 브레이크타임접기_수12:00 - 22:0015:00 - 17:00 브레이크타임접기_수12:00 - 22:0015:00 - 17:00 브레이크타임_수_12:00 - 22:0015:00 - 17:00 브레이크타임_접기_접기,별점없음,0,0,https://search.pstatic.net/common/?autoRotate=true&type=w560_sharpen&src=https%3A%2F%2Fldb-phinf.pstatic.net%2F20241025_251%2F17298178767059wrH8_JPEG%2F1.jpg,콜키지 가능무료_단체 이용 가능_포장_무선 인터넷_남/녀 화장실 구분_유아의자,주차가능무료
도파멘,1253081680,일본식라면,도로명전북 전주시 완산구 전라감영2길 6 1층복사지번전북 전주시 완산구 다가동1가 8복사우편번호우편번호55038복사안내 레이어 닫기,063-715-4951,영업 중15:00에 브레이크타임15시 0분에 브레이크타임_영업 중15:00에 브레이크타임15시 0분에 브레이크타임_영업 중15:00에 브레이크타임15시 0분에 브레이크타임_영업 중_15:00에 브레이크타임15시 0분에 브레이크타임_15:00에 브레이크타임_15시 0분에 브레이크타임_목11:30 - 21:0015:00 - 17:00 브레이크타임20:30 라스트오더_목11:30 - 21:0015:00 - 17:00 브레이크타임20:30 라스트오더_목11:30 - 21:0015:00 - 17:00 브레이크타임20:30 라스트오더_목_11:30 - 21:0015:00 - 17:00 브레이크타임20:30 라스트오더_금11:30 - 21:0015:00 - 17:00 브레이크타임20:30 라스트오더_금11:30 - 21:0015:00 - 17:00 브레이크타임20:30 라스트오더_금11:30 - 21:0015:00 - 17:00 브레이크타임20:30 라스트오더_금_11:30 - 21:0015:00 - 17:00 브레이크타임20:30 라스트오더_토11:30 - 21:0015:00 - 17:00 브레이크타임20:30 라스트오더_토11:30 - 21:0015:00 - 17:00 브레이크타임20:30 라스트오더_토11:30 - 21:0015:00 - 17:00 브레이크타임20:30 라스트오더_토_11:30 - 21:0015:00 - 17:00 브레이크타임20:30 라스트오더_일11:30 - 21:0015:00 - 17:00 브레이크타임20:30 라스트오더_일11:30 - 21:0015:00 - 17:00 브레이크타임20:30 라스트오더_일11:30 - 21:0015:00 - 17:00 브레이크타임20:30 라스트오더_일_11:30 - 21:0015:00 - 17:00 브레이크타임20:30 라스트오더_월정기휴무 (매주 월요일)_월정기휴무 (매주 월요일)_월정기휴무 (매주 월요일)_월_정기휴무 (매주 월요일)_정기휴무 (매주 월요일)_화11:30 - 21:0015:00 - 17:00 브레이크타임20:30 라스트오더_화11:30 - 21:0015:00 - 17:00 브레이크타임20:30 라스트오더_화11:30 - 21:0015:00 - 17:00 브레이크타임20:30 라스트오더_화_11:30 - 21:0015:00 - 17:00 브레이크타임20:30 라스트오더_수11:30 - 21:0015:00 - 17:00 브레이크타임20:30 라스트오더_수11:30 - 21:0015:00 - 17:00 브레이크타임20:30 라스트오더_수11:30 - 21:0015:00 - 17:00 브레이크타임20:30 라스트오더_수_11:30 - 21:0015:00 - 17:00 브레이크타임20:30 라스트오더_- 점심시간 라스트오더는 2시30분까지입니다!접기_- 점심시간 라스트오더는 2시30분까지입니다!접기_- 점심시간 라스트오더는 2시30분까지입니다!_- 점심시간 라스트오더는 2시30분까지입니다!_접기_접기,별점없음,0,0,https://search.pstatic.net/common/?autoRotate=true&type=w278_sharpen&src=https%3A%2F%2Fldb-phinf.pstatic.net%2F20240925_174%2F17272376577858Wdty_JPEG%2FKakaoTalk_20240925_131403055.jpg,무선 인터넷,주차 불가
서양주택,452736623,양식,도로명전북 전주시 완산구 전주객사2길 40복사지번전북 전주시 완산구 고사동 486-2복사우편번호우편번호54999복사안내 레이어 닫기,0507-1433-0013,영업 중15:30에 브레이크타임15시 30분에 브레이크타임_영업 중15:30에 브레이크타임15시 30분에 브레이크타임_영업 중15:30에 브레이크타임15시 30분에 브레이크타임_영업 중_15:30에 브레이크타임15시 30분에 브레이크타임_15:30에 브레이크타임_15시 30분에 브레이크타임_목11:00 - 21:5015:30 - 16:30 브레이크타임20:50 라스트오더_목11:00 - 21:5015:30 - 16:30 브레이크타임20:50 라스트오더_목11:00 - 21:5015:30 - 16:30 브레이크타임20:50 라스트오더_목_11:00 - 21:5015:30 - 16:30 브레이크타임20:50 라스트오더_금11:00 - 21:5015:30 - 16:30 브레이크타임20:50 라스트오더_금11:00 - 21:5015:30 - 16:30 브레이크타임20:50 라스트오더_금11:00 - 21:5015:30 - 16:30 브레이크타임20:50 라스트오더_금_11:00 - 21:5015:30 - 16:30 브레이크타임20:50 라스트오더_토11:00 - 21:5020:50 라스트오더_토11:00 - 21:5020:50 라스트오더_토11:00 - 21:5020:50 라스트오더_토_11:00 - 21:5020:50 라스트오더_일11:00 - 21:5020:50 라스트오더_일11:00 - 21:5020:50 라스트오더_일11:00 - 21:5020:50 라스트오더_일_11:00 - 21:5020:50 라스트오더_월11:00 - 21:5015:30 - 16:30 브레이크타임20:50 라스트오더_월11:00 - 21:5015:30 - 16:30 브레이크타임20:50 라스트오더_월11:00 - 21:5015:30 - 16:30 브레이크타임20:50 라스트오더_월_11:00 - 21:5015:30 - 16:30 브레이크타임20:50 라스트오더_화11:00 - 21:5015:30 - 16:30 브레이크타임20:50 라스트오더_화11:00 - 21:5015:30 - 16:30 브레이크타임20:50 라스트오더_화11:00 - 21:5015:30 - 16:30 브레이크타임20:50 라스트오더_화_11:00 - 21:5015:30 - 16:30 브레이크타임20:50 라스트오더_수11:00 - 21:5015:30 - 16:30 브레이크타임20:50 라스트오더접기_수11:00 - 21:5015:30 - 16:30 브레이크타임20:50 라스트오더접기_수11:00 - 21:5015:30 - 16:30 브레이크타임20:50 라스트오더_수_11:00 - 21:5015:30 - 16:30 브레이크타임20:50 라스트오더_접기_접기,별점없음,0,0,https://search.pstatic.net/common/?autoRotate=true&type=w560_sharpen&src=https%3A%2F%2Fldb-phinf.pstatic.net%2F20240510_129%2F1715271158239KlV6b_JPEG%2FKakaoTalk_20240510_010403743.jpg,콜키지 가능유료_와인 페어링_포장_배달_무선 인터넷_예약_남/녀 화장실 구분_유아의자_단체 이용 가능,주차가능무료
비의소리처럼,1893325633,요리주점,도로명전북 전주시 완산구 전주객사2길 45-4 1층복사지번전북 전주시 완산구 다가동4가 83-5복사우편번호우편번호54999복사안내 레이어 닫기,0507-1323-4180,영업 전17:00에 영업 시작17시 0분에 영업 시작_영업 전17:00에 영업 시작17시 0분에 영업 시작_영업 전17:00에 영업 시작17시 0분에 영업 시작_영업 전_17:00에 영업 시작17시 0분에 영업 시작_17:00에 영업 시작_17시 0분에 영업 시작_목17:00 - 다음 날 02:00_목17:00 - 다음 날 02:00_목17:00 - 다음 날 02:00_목_17:00 - 다음 날 02:00_금17:00 - 다음 날 02:00_금17:00 - 다음 날 02:00_금17:00 - 다음 날 02:00_금_17:00 - 다음 날 02:00_토17:00 - 다음 날 04:00_토17:00 - 다음 날 04:00_토17:00 - 다음 날 04:00_토_17:00 - 다음 날 04:00_일17:00 - 다음 날 02:00_일17:00 - 다음 날 02:00_일17:00 - 다음 날 02:00_일_17:00 - 다음 날 02:00_월정기휴무 (매주 월요일)_월정기휴무 (매주 월요일)_월정기휴무 (매주 월요일)_월_정기휴무 (매주 월요일)_정기휴무 (매주 월요일)_화17:00 - 다음 날 02:00_화17:00 - 다음 날 02:00_화17:00 - 다음 날 02:00_화_17:00 - 다음 날 02:00_수17:00 - 다음 날 02:00접기_수17:00 - 다음 날 02:00접기_수17:00 - 다음 날 02:00_수_17:00 - 다음 날 02:00_접기_접기,별점없음,0,0,https://search.pstatic.net/common/?autoRotate=true&type=w560_sharpen&src=https%3A%2F%2Fldb-phinf.pstatic.net%2F20241216_144%2F1734354122166hekHM_JPEG%2F1000008991.jpg,단체 이용 가능_예약_남/녀 화장실 구분_무선 인터넷,주차가능무료
지복점,1816492689,한식,도로명전북 전주시 완산구 풍남문4길 15-25 1층복사지번전북 전주시 완산구 전동3가 61복사우편번호우편번호55043복사안내 레이어 닫기,0507-1399-5266,"영업 중14:30에 라스트오더14시 30분에 라스트오더_영업 중14:30에 라스트오더14시 30분에 라스트오더_영업 중14:30에 라스트오더14시 30분에 라스트오더_영업 중_14:30에 라스트오더14시 30분에 라스트오더_14:30에 라스트오더_14시 30분에 라스트오더_목11:50 - 21:0015:00 - 17:30 브레이크타임14:30, 20:30 라스트오더_목11:50 - 21:0015:00 - 17:30 브레이크타임14:30, 20:30 라스트오더_목11:50 - 21:0015:00 - 17:30 브레이크타임14:30, 20:30 라스트오더_목_11:50 - 21:0015:00 - 17:30 브레이크타임14:30, 20:30 라스트오더_금11:50 - 21:0015:00 - 17:30 브레이크타임14:30, 20:30 라스트오더_금11:50 - 21:0015:00 - 17:30 브레이크타임14:30, 20:30 라스트오더_금11:50 - 21:0015:00 - 17:30 브레이크타임14:30, 20:30 라스트오더_금_11:50 - 21:0015:00 - 17:30 브레이크타임14:30, 20:30 라스트오더_토11:50 - 21:0015:00 - 17:30 브레이크타임14:30, 20:30 라스트오더_토11:50 - 21:0015:00 - 17:30 브레이크타임14:30, 20:30 라스트오더_토11:50 - 21:0015:00 - 17:30 브레이크타임14:30, 20:30 라스트오더_토_11:50 - 21:0015:00 - 17:30 브레이크타임14:30, 20:30 라스트오더_일11:50 - 20:3015:00 - 17:30 브레이크타임14:30, 20:00 라스트오더_일11:50 - 20:3015:00 - 17:30 브레이크타임14:30, 20:00 라스트오더_일11:50 - 20:3015:00 - 17:30 브레이크타임14:30, 20:00 라스트오더_일_11:50 - 20:3015:00 - 17:30 브레이크타임14:30, 20:00 라스트오더_월정기휴무 (매주 월요일)_월정기휴무 (매주 월요일)_월정기휴무 (매주 월요일)_월_정기휴무 (매주 월요일)_정기휴무 (매주 월요일)_화11:50 - 21:0015:00 - 17:30 브레이크타임14:30, 20:30 라스트오더_화11:50 - 21:0015:00 - 17:30 브레이크타임14:30, 20:30 라스트오더_화11:50 - 21:0015:00 - 17:30 브레이크타임14:30, 20:30 라스트오더_화_11:50 - 21:0015:00 - 17:30 브레이크타임14:30, 20:30 라스트오더_수11:50 - 21:0015:00 - 17:30 브레이크타임14:30, 20:30 라스트오더접기_수11:50 - 21:0015:00 - 17:30 브레이크타임14:30, 20:30 라스트오더접기_수11:50 - 21:0015:00 - 17:30 브레이크타임14:30, 20:30 라스트오더_수_11:50 - 21:0015:00 - 17:30 브레이크타임14:30, 20:30 라스트오더_접기_접기",별점없음,0,0,https://search.pstatic.net/common/?autoRotate=true&type=w560_sharpen&src=https%3A%2F%2Fldb-phinf.pstatic.net%2F20220604_51%2F16543132907396phCF_JPEG%2F0E920482-9574-4A44-BC9B-B8922D5DC938.jpeg,무선 인터넷_유아의자,주차가능무료
무국 무국적식당,1998373722,양식,도로명전북 전주시 완산구 전주객사3길 37-5 1층 무국적식당복사지번전북 전주시 완산구 고사동 473-1복사우편번호우편번호54999복사안내 레이어 닫기,0507-1434-1154,영업 중15:00에 브레이크타임15시 0분에 브레이크타임_영업 중15:00에 브레이크타임15시 0분에 브레이크타임_영업 중15:00에 브레이크타임15시 0분에 브레이크타임_영업 중_15:00에 브레이크타임15시 0분에 브레이크타임_15:00에 브레이크타임_15시 0분에 브레이크타임_목11:30 - 22:3015:00 - 17:00 브레이크타임21:30 라스트오더_목11:30 - 22:3015:00 - 17:00 브레이크타임21:30 라스트오더_목11:30 - 22:3015:00 - 17:00 브레이크타임21:30 라스트오더_목_11:30 - 22:3015:00 - 17:00 브레이크타임21:30 라스트오더_금11:30 - 22:3015:00 - 17:00 브레이크타임21:30 라스트오더_금11:30 - 22:3015:00 - 17:00 브레이크타임21:30 라스트오더_금11:30 - 22:3015:00 - 17:00 브레이크타임21:30 라스트오더_금_11:30 - 22:3015:00 - 17:00 브레이크타임21:30 라스트오더_토11:30 - 23:0022:00 라스트오더_토11:30 - 23:0022:00 라스트오더_토11:30 - 23:0022:00 라스트오더_토_11:30 - 23:0022:00 라스트오더_일11:30 - 22:0021:00 라스트오더_일11:30 - 22:0021:00 라스트오더_일11:30 - 22:0021:00 라스트오더_일_11:30 - 22:0021:00 라스트오더_월11:30 - 22:3015:00 - 17:00 브레이크타임21:30 라스트오더_월11:30 - 22:3015:00 - 17:00 브레이크타임21:30 라스트오더_월11:30 - 22:3015:00 - 17:00 브레이크타임21:30 라스트오더_월_11:30 - 22:3015:00 - 17:00 브레이크타임21:30 라스트오더_화11:30 - 22:3015:00 - 17:00 브레이크타임21:30 라스트오더_화11:30 - 22:3015:00 - 17:00 브레이크타임21:30 라스트오더_화11:30 - 22:3015:00 - 17:00 브레이크타임21:30 라스트오더_화_11:30 - 22:3015:00 - 17:00 브레이크타임21:30 라스트오더_수11:30 - 22:3015:00 - 17:00 브레이크타임21:30 라스트오더_수11:30 - 22:3015:00 - 17:00 브레이크타임21:30 라스트오더_수11:30 - 22:3015:00 - 17:00 브레이크타임21:30 라스트오더_수_11:30 - 22:3015:00 - 17:00 브레이크타임21:30 라스트오더_- 5월11일 하루 쉬어갑니다 방문에 차질없도록 해주세요~접기_- 5월11일 하루 쉬어갑니다 방문에 차질없도록 해주세요~접기_- 5월11일 하루 쉬어갑니다 방문에 차질없도록 해주세요~_- 5월11일 하루 쉬어갑니다 방문에 차질없도록 해주세요~_접기_접기,별점없음,0,0,https://search.pstatic.net/common/?autoRotate=true&type=w560_sharpen&src=https%3A%2F%2Fldb-phinf.pstatic.net%2F20240907_93%2F1725692620126L5i8y_JPEG%2F184E5B24-99AF-4E83-A13E-45F7941ABED2.jpeg,콜키지 가능유료_생일 혜택_와인 페어링_예약_무선 인터넷_\반려동물 동반_단체 이용 가능_포장_유아의자_남/녀 화장실 구분_화장실 휠체어 이용가능_출입구 휠체어 이용가능_좌석 휠체어 이용가능,주차가능무료