store_name,store_code,store_category,store_address,store_phone,store_times_str,store_score_text,store_data_x,store_data_y,store_image_url,store_amenities_str,store_parking
아서원1920 전주본점,1647184627,중식당,도로명전북 전주시 덕진구 송천중앙로 225 파인트리몰 3층복사지번전북 전주시 덕진구 송천동2가 1422복사우편번호우편번호54827복사안내 레이어 닫기,0507-1360-1789,곧 영업 시작17:00에 영업 시작17시 0분에 영업 시작_곧 영업 시작17:00에 영업 시작17시 0분에 영업 시작_곧 영업 시작17:00에 영업 시작17시 0분에 영업 시작_곧 영업 시작_17:00에 영업 시작17시 0분에 영업 시작_17:00에 영업 시작_17시 0분에 영업 시작_수11:00 - 21:0015:00 - 17:00 브레이크타임20:20 라스트오더_수11:00 - 21:0015:00 - 17:00 브레이크타임20:20 라스트오더_수11:00 - 21:0015:00 - 17:00 브레이크타임20:20 라스트오더_수_11:00 - 21:0015:00 - 17:00 브레이크타임20:20 라스트오더_목11:00 - 21:0015:00 - 17:00 브레이크타임20:20 라스트오더_목11:00 - 21:0015:00 - 17:00 브레이크타임20:20 라스트오더_목11:00 - 21:0015:00 - 17:00 브레이크타임20:20 라스트오더_목_11:00 - 21:0015:00 - 17:00 브레이크타임20:20 라스트오더_금11:00 - 21:0015:00 - 17:00 브레이크타임20:20 라스트오더_금11:00 - 21:0015:00 - 17:00 브레이크타임20:20 라스트오더_금11:00 - 21:0015:00 - 17:00 브레이크타임20:20 라스트오더_금_11:00 - 21:0015:00 - 17:00 브레이크타임20:20 라스트오더_토11:00 - 21:0015:00 - 16:00 브레이크타임20:20 라스트오더_토11:00 - 21:0015:00 - 16:00 브레이크타임20:20 라스트오더_토11:00 - 21:0015:00 - 16:00 브레이크타임20:20 라스트오더_토_11:00 - 21:0015:00 - 16:00 브레이크타임20:20 라스트오더_일11:00 - 21:0015:00 - 16:00 브레이크타임20:20 라스트오더_일11:00 - 21:0015:00 - 16:00 브레이크타임20:20 라스트오더_일11:00 - 21:0015:00 - 16:00 브레이크타임20:20 라스트오더_일_11:00 - 21:0015:00 - 16:00 브레이크타임20:20 라스트오더_월11:00 - 21:0015:00 - 17:00 브레이크타임20:20 라스트오더_월11:00 - 21:0015:00 - 17:00 브레이크타임20:20 라스트오더_월11:00 - 21:0015:00 - 17:00 브레이크타임20:20 라스트오더_월_11:00 - 21:0015:00 - 17:00 브레이크타임20:20 라스트오더_화11:00 - 21:0015:00 - 17:00 브레이크타임20:20 라스트오더접기_화11:00 - 21:0015:00 - 17:00 브레이크타임20:20 라스트오더접기_화11:00 - 21:0015:00 - 17:00 브레이크타임20:20 라스트오더_화_11:00 - 21:0015:00 - 17:00 브레이크타임20:20 라스트오더_접기_접기,별점없음,0,0,https://search.pstatic.net/common/?autoRotate=true&type=w560_sharpen&src=https%3A%2F%2Fldb-phinf.pstatic.net%2F20250702_224%2F1751420679650vqGD6_PNG%2F%25BE%25C6%25BC%25AD%25BF%25F8_%25BA%25ED%25B7%25E7%25B8%25AE%25BA%25BB2025.png,콜키지 가능유료_무선 인터넷_남/녀 화장실 구분_포장_예약_단체 이용 가능_대기공간_유아의자_화장실 휠체어 이용가능_출입구 휠체어 이용가능_좌석 휠체어 이용가능_장애인 주차구역,주차가능무료
아서원1920 전주한옥마을꽃심호텔점,2099020069,중식당,도로명전북 전주시 완산구 팔달로 171 1층복사지번전북 전주시 완산구 경원동1가 102복사우편번호우편번호55038복사안내 레이어 닫기,0507-1443-1790,"영업 중20:20에 라스트오더20시 20분에 라스트오더_영업 중20:20에 라스트오더20시 20분에 라스트오더_영업 중20:20에 라스트오더20시 20분에 라스트오더_영업 중_20:20에 라스트오더20시 20분에 라스트오더_20:20에 라스트오더_20시 20분에 라스트오더_수11:00 - 21:0015:00 - 17:00 브레이크타임14:20, 20:20 라스트오더_수11:00 - 21:0015:00 - 17:00 브레이크타임14:20, 20:20 라스트오더_수11:00 - 21:0015:00 - 17:00 브레이크타임14:20, 20:20 라스트오더_수_11:00 - 21:0015:00 - 17:00 브레이크타임14:20, 20:20 라스트오더_목11:00 - 21:0015:00 - 17:00 브레이크타임14:20, 20:20 라스트오더_목11:00 - 21:0015:00 - 17:00 브레이크타임14:20, 20:20 라스트오더_목11:00 - 21:0015:00 - 17:00 브레이크타임14:20, 20:20 라스트오더_목_11:00 - 21:0015:00 - 17:00 브레이크타임14:20, 20:20 라스트오더_금11:00 - 21:0015:00 - 17:00 브레이크타임14:20, 20:20 라스트오더_금11:00 - 21:0015:00 - 17:00 브레이크타임14:20, 20:20 라스트오더_금11:00 - 21:0015:00 - 17:00 브레이크타임14:20, 20:20 라스트오더_금_11:00 - 21:0015:00 - 17:00 브레이크타임14:20, 20:20 라스트오더_토11:00 - 21:0015:00 - 16:30 브레이크타임14:20, 20:20 라스트오더_토11:00 - 21:0015:00 - 16:30 브레이크타임14:20, 20:20 라스트오더_토11:00 - 21:0015:00 - 16:30 브레이크타임14:20, 20:20 라스트오더_토_11:00 - 21:0015:00 - 16:30 브레이크타임14:20, 20:20 라스트오더_일11:00 - 21:0015:00 - 16:30 브레이크타임14:20, 20:20 라스트오더_일11:00 - 21:0015:00 - 16:30 브레이크타임14:20, 20:20 라스트오더_일11:00 - 21:0015:00 - 16:30 브레이크타임14:20, 20:20 라스트오더_일_11:00 - 21:0015:00 - 16:30 브레이크타임14:20, 20:20 라스트오더_월11:00 - 21:0015:00 - 17:00 브레이크타임14:20, 20:20 라스트오더_월11:00 - 21:0015:00 - 17:00 브레이크타임14:20, 20:20 라스트오더_월11:00 - 21:0015:00 - 17:00 브레이크타임14:20, 20:20 라스트오더_월_11:00 - 21:0015:00 - 17:00 브레이크타임14:20, 20:20 라스트오더_화11:00 - 21:0015:00 - 17:00 브레이크타임14:20, 20:20 라스트오더접기_화11:00 - 21:0015:00 - 17:00 브레이크타임14:20, 20:20 라스트오더접기_화11:00 - 21:0015:00 - 17:00 브레이크타임14:20, 20:20 라스트오더_화_11:00 - 21:0015:00 - 17:00 브레이크타임14:20, 20:20 라스트오더_접기_접기",별점없음,0,0,https://search.pstatic.net/common/?autoRotate=true&type=w560_sharpen&src=https%3A%2F%2Fldb-phinf.pstatic.net%2F20250704_237%2F1751596452416oropY_PNG%2F%25BE%25C6%25BC%25AD%25BF%25F8_%25BA%25ED%25B7%25E7%25B8%25AE%25BA%25BB2025.png,콜키지 가능유료_단체 이용 가능_예약_무선 인터넷_유아의자_포장_남/녀 화장실 구분_화장실 휠체어 이용가능_출입구 휠체어 이용가능_좌석 휠체어 이용가능_장애인 주차구역,주차가능무료
파쿠야 전주점,1340584191,이자카야,도로명전북 전주시 덕진구 기린대로 456 1층 파쿠야복사지번전북 전주시 덕진구 덕진동1가 1265-19복사우편번호우편번호54898복사안내 레이어 닫기,0507-1449-3739,영업 전17:30에 영업 시작17시 30분에 영업 시작_영업 전17:30에 영업 시작17시 30분에 영업 시작_영업 전17:30에 영업 시작17시 30분에 영업 시작_영업 전_17:30에 영업 시작17시 30분에 영업 시작_17:30에 영업 시작_17시 30분에 영업 시작_매일17:30 - 다음 날 04:00_매일17:30 - 다음 날 04:00_매일17:30 - 다음 날 04:00_매일_17:30 - 다음 날 04:00_- 오후17:30 ~ 새벽04:00까지 운영합니다.!!!!접기_- 오후17:30 ~ 새벽04:00까지 운영합니다.!!!!접기_- 오후17:30 ~ 새벽04:00까지 운영합니다.!!!!_- 오후17:30 ~ 새벽04:00까지 운영합니다.!!!!_접기_접기,별점없음,0,0,https://search.pstatic.net/common/?autoRotate=true&type=w560_sharpen&src=https%3A%2F%2Fldb-phinf.pstatic.net%2F20240307_6%2F1709808836290GwAk9_JPEG%2FIMG_3920.jpeg,콜키지 가능유료_단체 이용 가능_예약_남/녀 화장실 구분_무선 인터넷_\반려동물 동반_포장,주차가능무료
계도리,1163302976,한식,도로명전북 전주시 덕진구 명륜2길 15-16 1층 계도리복사지번전북 전주시 덕진구 덕진동1가 1314-185복사우편번호우편번호54898복사안내 레이어 닫기,0507-1326-3742,"영업 중21:30에 라스트오더21시 30분에 라스트오더_영업 중21:30에 라스트오더21시 30분에 라스트오더_영업 중21:30에 라스트오더21시 30분에 라스트오더_영업 중_21:30에 라스트오더21시 30분에 라스트오더_21:30에 라스트오더_21시 30분에 라스트오더_매일11:00 - 22:0015:00 - 17:00 브레이크타임14:30, 21:30 라스트오더_매일11:00 - 22:0015:00 - 17:00 브레이크타임14:30, 21:30 라스트오더_매일11:00 - 22:0015:00 - 17:00 브레이크타임14:30, 21:30 라스트오더_매일_11:00 - 22:0015:00 - 17:00 브레이크타임14:30, 21:30 라스트오더_- 5월 연휴기간 쉬는날 없이 운영합니다. 감사합니다.접기_- 5월 연휴기간 쉬는날 없이 운영합니다. 감사합니다.접기_- 5월 연휴기간 쉬는날 없이 운영합니다. 감사합니다._- 5월 연휴기간 쉬는날 없이 운영합니다. 감사합니다._접기_접기",별점없음,0,0,https://search.pstatic.net/common/?autoRotate=true&type=w560_sharpen&src=https%3A%2F%2Fldb-phinf.pstatic.net%2F20251102_101%2F17620755959204x66w_JPEG%2FIMG_8350.jpeg,포장_무선 인터넷_단체 이용 가능_예약_대기공간_남/녀 화장실 구분_유아의자,주차 불가
대설 본점,1598840565,"카페,디저트",도로명전북 전주시 덕진구 명륜4길 18 2층복사지번전북 전주시 덕진구 덕진동1가 1263-21복사우편번호우편번호54898복사안내 레이어 닫기,0507-1467-1534,영업 중다음 날 00:20에 라스트오더다음 날 0시 20분에 라스트오더_영업 중다음 날 00:20에 라스트오더다음 날 0시 20분에 라스트오더_영업 중다음 날 00:20에 라스트오더다음 날 0시 20분에 라스트오더_영업 중_다음 날 00:20에 라스트오더다음 날 0시 20분에 라스트오더_다음 날 00:20에 라스트오더_다음 날 0시 20분에 라스트오더_수12:00 - 다음 날 00:4000:20 라스트오더_수12:00 - 다음 날 00:4000:20 라스트오더_수12:00 - 다음 날 00:4000:20 라스트오더_수_12:00 - 다음 날 00:4000:20 라스트오더_목12:00 - 다음 날 00:4000:20 라스트오더_목12:00 - 다음 날 00:4000:20 라스트오더_목12:00 - 다음 날 00:4000:20 라스트오더_목_12:00 - 다음 날 00:4000:20 라스트오더_금12:00 - 다음 날 00:4000:20 라스트오더_금12:00 - 다음 날 00:4000:20 라스트오더_금12:00 - 다음 날 00:4000:20 라스트오더_금_12:00 - 다음 날 00:4000:20 라스트오더_토12:00 - 다음 날 00:4000:20 라스트오더_토12:00 - 다음 날 00:4000:20 라스트오더_토12:00 - 다음 날 00:4000:20 라스트오더_토_12:00 - 다음 날 00:4000:20 라스트오더_일15:00 - 다음 날 00:4000:20 라스트오더_일15:00 - 다음 날 00:4000:20 라스트오더_일15:00 - 다음 날 00:4000:20 라스트오더_일_15:00 - 다음 날 00:4000:20 라스트오더_월12:00 - 다음 날 00:4000:20 라스트오더_월12:00 - 다음 날 00:4000:20 라스트오더_월12:00 - 다음 날 00:4000:20 라스트오더_월_12:00 - 다음 날 00:4000:20 라스트오더_화12:00 - 다음 날 00:4000:20 라스트오더접기_화12:00 - 다음 날 00:4000:20 라스트오더접기_화12:00 - 다음 날 00:4000:20 라스트오더_화_12:00 - 다음 날 00:4000:20 라스트오더_접기_접기,별점없음,0,0,https://search.pstatic.net/common/?autoRotate=true&type=w278_sharpen&src=https%3A%2F%2Fldb-phinf.pstatic.net%2F20251119_142%2F1763547265913HTJqh_PNG%2FKakaoTalk_20231209_155549039.png,로스터리_테이크아웃 할인_배달_포장_예약_단체 이용 가능_남/녀 화장실 구분,주차 불가
서울깍두기 전북대점,2088731895,"곰탕,설렁탕",도로명전북 전주시 덕진구 명륜4길 25 1층복사지번전북 전주시 덕진구 덕진동1가 664-18복사우편번호우편번호54898복사안내 레이어 닫기,0507-1487-2160,24시간 영업연중무휴연중무휴_24시간 영업연중무휴연중무휴_24시간 영업연중무휴연중무휴_24시간 영업_연중무휴연중무휴_연중무휴_연중무휴_매일00:00 - 24:00접기_매일00:00 - 24:00접기_매일00:00 - 24:00_매일_00:00 - 24:00_접기_접기,별점없음,0,0,https://search.pstatic.net/common/?autoRotate=true&type=w278_sharpen&src=https%3A%2F%2Fldb-phinf.pstatic.net%2F20250605_72%2F1749103560168I6oTU_PNG%2F%25C1%25A6%25B8%25F1%25C0%25BB-%25C0%25D4%25B7%25C2%25C7%25D8%25C1%25D6%25BC%25BC%25BF%25E4_-001_%252834%2529.png,단체 이용 가능_포장_배달_예약_무선 인터넷_남/녀 화장실 구분_유아의자,주차가능무료
"평화와평화, 구내매점",2064186940,"카페,디저트",도로명전북 전주시 덕진구 명륜4길 6 3층복사지번전북 전주시 덕진구 덕진동1가 1266-20복사우편번호우편번호54898복사안내 레이어 닫기,0507-1410-9340,영업 중22:00에 영업 종료22시 0분에 영업 종료_영업 중22:00에 영업 종료22시 0분에 영업 종료_영업 중22:00에 영업 종료22시 0분에 영업 종료_영업 중_22:00에 영업 종료22시 0분에 영업 종료_22:00에 영업 종료_22시 0분에 영업 종료_매일11:00 - 22:00접기_매일11:00 - 22:00접기_매일11:00 - 22:00_매일_11:00 - 22:00_접기_접기,별점없음,0,0,https://search.pstatic.net/common/?autoRotate=true&type=w560_sharpen&src=https%3A%2F%2Fldb-phinf.pstatic.net%2F20251004_246%2F175953889463629qtc_JPEG%2FKakaoTalk_Photo_2025-10-04-09-36-46_006.jpeg,핸드드립_로스터리_테이크아웃 할인_단체 이용 가능_포장_배달_예약_남/녀 화장실 구분_대기공간_무선 인터넷,주차가능무료
만배식탁 전북대점,1379201438,한식,도로명전북 전주시 덕진구 명륜5길 20-2 1층 만배식탁복사지번전북 전주시 덕진구 덕진동1가 1314-160복사우편번호우편번호54898복사안내 레이어 닫기,0507-1406-3522,영업 중21:30에 라스트오더21시 30분에 라스트오더_영업 중21:30에 라스트오더21시 30분에 라스트오더_영업 중21:30에 라스트오더21시 30분에 라스트오더_영업 중_21:30에 라스트오더21시 30분에 라스트오더_21:30에 라스트오더_21시 30분에 라스트오더_매일10:00 - 22:0021:30 라스트오더접기_매일10:00 - 22:0021:30 라스트오더접기_매일10:00 - 22:0021:30 라스트오더_매일_10:00 - 22:0021:30 라스트오더_접기_접기,별점없음,0,0,https://search.pstatic.net/common/?autoRotate=true&type=w560_sharpen&src=https%3A%2F%2Fldb-phinf.pstatic.net%2F20250627_29%2F1751000056801rGGp8_JPEG%2F%25C0%25FC%25BA%25CF%25B4%25EB_%25B3%25D7%25C0%25CC%25B9%25F6%25C7%25C3%25B7%25B9%25C0%25CC%25BD%25BA_%25B4%25EB%25C7%25A5%25BB%25E7%25C1%25F8.jpg,단체 이용 가능_포장_배달_예약_남/녀 화장실 구분_대기공간_무선 인터넷,주차 불가
오일내 전북대점,1742540837,돼지고기구이,도로명전북 전주시 덕진구 명륜3길 20 2층복사지번전북 전주시 덕진구 덕진동1가 1314-179복사우편번호우편번호54898복사안내 레이어 닫기,0507-1354-6476,영업 중23:30에 라스트오더23시 30분에 라스트오더_영업 중23:30에 라스트오더23시 30분에 라스트오더_영업 중23:30에 라스트오더23시 30분에 라스트오더_영업 중_23:30에 라스트오더23시 30분에 라스트오더_23:30에 라스트오더_23시 30분에 라스트오더_매일11:00 - 24:0023:30 라스트오더접기_매일11:00 - 24:0023:30 라스트오더접기_매일11:00 - 24:0023:30 라스트오더_매일_11:00 - 24:0023:30 라스트오더_접기_접기,별점없음,0,0,https://search.pstatic.net/common/?autoRotate=true&type=w560_sharpen&src=https%3A%2F%2Fldb-phinf.pstatic.net%2F20240906_217%2F1725598609855bfzFx_JPEG%2F1000006054.jpg,단체 이용 가능_예약_유아의자_남/녀 화장실 구분_무선 인터넷,주차가능무료
고기듬뿍 국물두루치기 본점,1219346271,한식,도로명전북 전주시 덕진구 명륜4길 18-9 (덕진동1가)1층 고기듬뿍국물두루치기 본점복사지번전북 전주시 덕진구 덕진동1가 1314-174 1층 고기듬뿍국물두루치기 본점복사우편번호우편번호54898복사안내 레이어 닫기,0507-1435-4140,영업 중21:20에 라스트오더21시 20분에 라스트오더_영업 중21:20에 라스트오더21시 20분에 라스트오더_영업 중21:20에 라스트오더21시 20분에 라스트오더_영업 중_21:20에 라스트오더21시 20분에 라스트오더_21:20에 라스트오더_21시 20분에 라스트오더_매일11:00 - 22:0015:00 - 16:00 브레이크타임21:20 라스트오더_매일11:00 - 22:0015:00 - 16:00 브레이크타임21:20 라스트오더_매일11:00 - 22:0015:00 - 16:00 브레이크타임21:20 라스트오더_매일_11:00 - 22:0015:00 - 16:00 브레이크타임21:20 라스트오더_- 매장 화재로 인하여 재정비 후 빠르게 오픈 하겠습니다접기_- 매장 화재로 인하여 재정비 후 빠르게 오픈 하겠습니다접기_- 매장 화재로 인하여 재정비 후 빠르게 오픈 하겠습니다_- 매장 화재로 인하여 재정비 후 빠르게 오픈 하겠습니다_접기_접기,별점없음,0,0,https://search.pstatic.net/common/?autoRotate=true&type=w560_sharpen&src=https%3A%2F%2Fldb-phinf.pstatic.net%2F20250613_295%2F1749803096632BYGIf_PNG%2F210%25C8%25A3%25C1%25A1.png,생일 혜택_콜키지 가능유료_테이크아웃 할인_단체 이용 가능_포장_배달_예약_무선 인터넷_남/녀 화장실 구분_대기공간_화장실 휠체어 이용가능_출입구 휠체어 이용가능_좌석 휠체어 이용가능,주차가능무료
우노스,1530011364,베이커리,도로명전북 전주시 덕진구 권삼득로 350 우노스복사지번전북 전주시 덕진구 덕진동1가 1315-51복사우편번호우편번호54897복사안내 레이어 닫기,0507-1314-7181,영업 중18:00에 영업 종료18시 0분에 영업 종료_영업 중18:00에 영업 종료18시 0분에 영업 종료_영업 중18:00에 영업 종료18시 0분에 영업 종료_영업 중_18:00에 영업 종료18시 0분에 영업 종료_18:00에 영업 종료_18시 0분에 영업 종료_수09:00 - 18:00_수09:00 - 18:00_수09:00 - 18:00_수_09:00 - 18:00_목09:00 - 18:00_목09:00 - 18:00_목09:00 - 18:00_목_09:00 - 18:00_금09:00 - 18:00_금09:00 - 18:00_금09:00 - 18:00_금_09:00 - 18:00_토09:00 - 18:00_토09:00 - 18:00_토09:00 - 18:00_토_09:00 - 18:00_일09:00 - 18:00_일09:00 - 18:00_일09:00 - 18:00_일_09:00 - 18:00_월09:00 - 18:00_월09:00 - 18:00_월09:00 - 18:00_월_09:00 - 18:00_화09:00 - 18:00_화09:00 - 18:00_화09:00 - 18:00_화_09:00 - 18:00_- 모든 빵 매진시 조기마감접기_- 모든 빵 매진시 조기마감접기_- 모든 빵 매진시 조기마감_- 모든 빵 매진시 조기마감_접기_접기,별점4.4,0,0,https://search.pstatic.net/common/?autoRotate=true&type=w560_sharpen&src=https%3A%2F%2Fldb-phinf.pstatic.net%2F20250118_249%2F1737182917830ic4m6_JPEG%2FIMG_0498.jpeg,테이크아웃 할인_비건 메뉴_유기농 메뉴_포장_무선 인터넷,주차가능무료
코지버거,1496549723,햄버거,도로명전북 전주시 덕진구 명륜3길 9-4 1층복사지번전북 전주시 덕진구 덕진동1가 1263-9복사우편번호우편번호54898복사안내 레이어 닫기,063-902-9593,"영업 중21:00에 영업 종료21시 0분에 영업 종료_영업 중21:00에 영업 종료21시 0분에 영업 종료_영업 중21:00에 영업 종료21시 0분에 영업 종료_영업 중_21:00에 영업 종료21시 0분에 영업 종료_21:00에 영업 종료_21시 0분에 영업 종료_수11:00 - 21:0015:00 - 17:00 브레이크타임_수11:00 - 21:0015:00 - 17:00 브레이크타임_수11:00 - 21:0015:00 - 17:00 브레이크타임_수_11:00 - 21:0015:00 - 17:00 브레이크타임_목11:00 - 21:0015:00 - 17:00 브레이크타임_목11:00 - 21:0015:00 - 17:00 브레이크타임_목11:00 - 21:0015:00 - 17:00 브레이크타임_목_11:00 - 21:0015:00 - 17:00 브레이크타임_금11:00 - 21:0015:00 - 17:00 브레이크타임_금11:00 - 21:0015:00 - 17:00 브레이크타임_금11:00 - 21:0015:00 - 17:00 브레이크타임_금_11:00 - 21:0015:00 - 17:00 브레이크타임_토11:00 - 21:00_토11:00 - 21:00_토11:00 - 21:00_토_11:00 - 21:00_일11:00 - 21:00_일11:00 - 21:00_일11:00 - 21:00_일_11:00 - 21:00_월11:00 - 21:0015:00 - 17:00 브레이크타임_월11:00 - 21:0015:00 - 17:00 브레이크타임_월11:00 - 21:0015:00 - 17:00 브레이크타임_월_11:00 - 21:0015:00 - 17:00 브레이크타임_화11:00 - 21:0015:00 - 17:00 브레이크타임_화11:00 - 21:0015:00 - 17:00 브레이크타임_화11:00 - 21:0015:00 - 17:00 브레이크타임_화_11:00 - 21:0015:00 - 17:00 브레이크타임_- 재료소진 시, 조기마감 될 수 있습니다 🥹접기_- 재료소진 시, 조기마감 될 수 있습니다 🥹접기_- 재료소진 시, 조기마감 될 수 있습니다 🥹_- 재료소진 시, 조기마감 될 수 있습니다 🥹_접기_접기",별점없음,0,0,https://search.pstatic.net/common/?autoRotate=true&type=w560_sharpen&src=https%3A%2F%2Fldb-phinf.pstatic.net%2F20260312_269%2F1773241787454895th_JPEG%2FIMG_2871.jpeg,포장_배달_무선 인터넷,주차 불가
이너프샐러드 전북대 본점,1534410624,"다이어트,샐러드",도로명전북 전주시 덕진구 명륜4길 21-1복사지번전북 전주시 덕진구 덕진동1가 1314-168복사우편번호우편번호54898복사안내 레이어 닫기,0507-1430-4547,영업 중20:00에 영업 종료20시 0분에 영업 종료_영업 중20:00에 영업 종료20시 0분에 영업 종료_영업 중20:00에 영업 종료20시 0분에 영업 종료_영업 중_20:00에 영업 종료20시 0분에 영업 종료_20:00에 영업 종료_20시 0분에 영업 종료_수08:00 - 20:0014:00 - 15:00 브레이크타임_수08:00 - 20:0014:00 - 15:00 브레이크타임_수08:00 - 20:0014:00 - 15:00 브레이크타임_수_08:00 - 20:0014:00 - 15:00 브레이크타임_목08:00 - 20:0014:00 - 15:00 브레이크타임_목08:00 - 20:0014:00 - 15:00 브레이크타임_목08:00 - 20:0014:00 - 15:00 브레이크타임_목_08:00 - 20:0014:00 - 15:00 브레이크타임_금08:00 - 20:0014:00 - 15:00 브레이크타임_금08:00 - 20:0014:00 - 15:00 브레이크타임_금08:00 - 20:0014:00 - 15:00 브레이크타임_금_08:00 - 20:0014:00 - 15:00 브레이크타임_토08:00 - 19:3014:00 - 15:00 브레이크타임_토08:00 - 19:3014:00 - 15:00 브레이크타임_토08:00 - 19:3014:00 - 15:00 브레이크타임_토_08:00 - 19:3014:00 - 15:00 브레이크타임_일08:00 - 19:3014:00 - 15:00 브레이크타임_일08:00 - 19:3014:00 - 15:00 브레이크타임_일08:00 - 19:3014:00 - 15:00 브레이크타임_일_08:00 - 19:3014:00 - 15:00 브레이크타임_월08:00 - 20:0014:00 - 15:00 브레이크타임_월08:00 - 20:0014:00 - 15:00 브레이크타임_월08:00 - 20:0014:00 - 15:00 브레이크타임_월_08:00 - 20:0014:00 - 15:00 브레이크타임_화08:00 - 20:0014:00 - 15:00 브레이크타임_화08:00 - 20:0014:00 - 15:00 브레이크타임_화08:00 - 20:0014:00 - 15:00 브레이크타임_화_08:00 - 20:0014:00 - 15:00 브레이크타임_- 2026년 설 연휴 정상 운영접기_- 2026년 설 연휴 정상 운영접기_- 2026년 설 연휴 정상 운영_- 2026년 설 연휴 정상 운영_접기_접기,별점4.68,0,0,https://search.pstatic.net/common/?autoRotate=true&type=w560_sharpen&src=https%3A%2F%2Fldb-phinf.pstatic.net%2F20240816_178%2F1723787276947h6V0J_JPEG%2F3D6A2887.jpg,비건 메뉴_포장_배달_대기공간,주차 불가
효자동 스테이크펍,1036508971,양식,도로명전북 전주시 완산구 송정중앙로 62 스테이크펍복사지번전북 전주시 완산구 효자동1가 555-1복사우편번호우편번호55082복사안내 레이어 닫기,0507-1368-9875,영업 중21:00에 영업 종료21시 0분에 영업 종료_영업 중21:00에 영업 종료21시 0분에 영업 종료_영업 중21:00에 영업 종료21시 0분에 영업 종료_영업 중_21:00에 영업 종료21시 0분에 영업 종료_21:00에 영업 종료_21시 0분에 영업 종료_수17:00 - 21:00_수17:00 - 21:00_수17:00 - 21:00_수_17:00 - 21:00_목11:00 - 21:0015:00 - 17:00 브레이크타임_목11:00 - 21:0015:00 - 17:00 브레이크타임_목11:00 - 21:0015:00 - 17:00 브레이크타임_목_11:00 - 21:0015:00 - 17:00 브레이크타임_금11:00 - 21:0015:00 - 17:00 브레이크타임_금11:00 - 21:0015:00 - 17:00 브레이크타임_금11:00 - 21:0015:00 - 17:00 브레이크타임_금_11:00 - 21:0015:00 - 17:00 브레이크타임_토11:00 - 21:0015:00 - 17:00 브레이크타임_토11:00 - 21:0015:00 - 17:00 브레이크타임_토11:00 - 21:0015:00 - 17:00 브레이크타임_토_11:00 - 21:0015:00 - 17:00 브레이크타임_일17:00 - 21:00_일17:00 - 21:00_일17:00 - 21:00_일_17:00 - 21:00_월11:00 - 21:0015:00 - 17:00 브레이크타임_월11:00 - 21:0015:00 - 17:00 브레이크타임_월11:00 - 21:0015:00 - 17:00 브레이크타임_월_11:00 - 21:0015:00 - 17:00 브레이크타임_화11:00 - 21:0015:00 - 17:00 브레이크타임_화11:00 - 21:0015:00 - 17:00 브레이크타임_화11:00 - 21:0015:00 - 17:00 브레이크타임_화_11:00 - 21:0015:00 - 17:00 브레이크타임_- 홀 식사마감 시간 9시접기_- 홀 식사마감 시간 9시접기_- 홀 식사마감 시간 9시_- 홀 식사마감 시간 9시_접기_접기,별점없음,0,0,https://search.pstatic.net/common/?autoRotate=true&type=w560_sharpen&src=https%3A%2F%2Fldb-phinf.pstatic.net%2F20260214_238%2F1771071198851AEamO_PNG%2F1000070196.png,콜키지 가능유료_테이크아웃 할인_단체 이용 가능_포장_배달_예약_무선 인터넷_남/녀 화장실 구분_방문접수/출장_\반려동물 동반_유아의자_대기공간_출입구 휠체어 이용가능_좌석 휠체어 이용가능,주차가능무료
카페타이니하우스,1003090099,"카페,디저트",도로명전북 전주시 덕진구 전주천동로 473 르네블루빌딩 1층 카페타이니하우스복사지번전북 전주시 덕진구 금암동 768-10복사우편번호우편번호54932복사안내 레이어 닫기,0507-1316-1409,영업 중17:45에 라스트오더17시 45분에 라스트오더_영업 중17:45에 라스트오더17시 45분에 라스트오더_영업 중17:45에 라스트오더17시 45분에 라스트오더_영업 중_17:45에 라스트오더17시 45분에 라스트오더_17:45에 라스트오더_17시 45분에 라스트오더_수08:30 - 18:0017:45 라스트오더_수08:30 - 18:0017:45 라스트오더_수08:30 - 18:0017:45 라스트오더_수_08:30 - 18:0017:45 라스트오더_목08:30 - 18:0017:45 라스트오더_목08:30 - 18:0017:45 라스트오더_목08:30 - 18:0017:45 라스트오더_목_08:30 - 18:0017:45 라스트오더_금08:30 - 18:0017:45 라스트오더_금08:30 - 18:0017:45 라스트오더_금08:30 - 18:0017:45 라스트오더_금_08:30 - 18:0017:45 라스트오더_토09:00 - 18:0017:45 라스트오더_토09:00 - 18:0017:45 라스트오더_토09:00 - 18:0017:45 라스트오더_토_09:00 - 18:0017:45 라스트오더_일09:00 - 18:0017:45 라스트오더_일09:00 - 18:0017:45 라스트오더_일09:00 - 18:0017:45 라스트오더_일_09:00 - 18:0017:45 라스트오더_월08:30 - 18:0017:45 라스트오더_월08:30 - 18:0017:45 라스트오더_월08:30 - 18:0017:45 라스트오더_월_08:30 - 18:0017:45 라스트오더_화08:30 - 18:0017:45 라스트오더접기_화08:30 - 18:0017:45 라스트오더접기_화08:30 - 18:0017:45 라스트오더_화_08:30 - 18:0017:45 라스트오더_접기_접기,별점없음,0,0,https://search.pstatic.net/common/?autoRotate=true&type=w560_sharpen&src=https%3A%2F%2Fldb-phinf.pstatic.net%2F20260529_46%2F1780021704069IITlF_JPEG%2F2313836C-88CA-4660-A581-3768CF7C5235.jpg,포장_남/녀 화장실 구분_단체 이용 가능_대기공간_예약_배달_화장실 휠체어 이용가능_출입구 휠체어 이용가능_좌석 휠체어 이용가능,주차가능무료
만만 전북대점,2065226658,요리주점,도로명전북 전주시 덕진구 명륜3길 18-5 1층복사지번전북 전주시 덕진구 덕진동1가 1314-183복사우편번호우편번호54898복사안내 레이어 닫기,0507-1328-7610,영업 중다음 날 05:00에 영업 종료다음 날 5시 0분에 영업 종료_영업 중다음 날 05:00에 영업 종료다음 날 5시 0분에 영업 종료_영업 중다음 날 05:00에 영업 종료다음 날 5시 0분에 영업 종료_영업 중_다음 날 05:00에 영업 종료다음 날 5시 0분에 영업 종료_다음 날 05:00에 영업 종료_다음 날 5시 0분에 영업 종료_매일17:00 - 다음 날 05:00접기_매일17:00 - 다음 날 05:00접기_매일17:00 - 다음 날 05:00_매일_17:00 - 다음 날 05:00_접기_접기,별점없음,0,0,https://search.pstatic.net/common/?autoRotate=true&type=w278_sharpen&src=https%3A%2F%2Fldb-phinf.pstatic.net%2F20260425_60%2F1777050892768JdKJg_JPEG%2F%25B4%25D9%25BF%25EE%25B7%25CE%25B5%25E5_%25286%2529.jpg,생일 혜택_단체 이용 가능_예약_무선 인터넷_남/녀 화장실 구분,주차 불가
통집,17474756,한식,도로명전북 전주시 덕진구 삼송1길 35복사지번전북 전주시 덕진구 금암동 627-5복사우편번호우편번호54899복사안내 레이어 닫기,063-277-8454,영업 중다음 날 02:00에 영업 종료다음 날 2시 0분에 영업 종료_영업 중다음 날 02:00에 영업 종료다음 날 2시 0분에 영업 종료_영업 중다음 날 02:00에 영업 종료다음 날 2시 0분에 영업 종료_영업 중_다음 날 02:00에 영업 종료다음 날 2시 0분에 영업 종료_다음 날 02:00에 영업 종료_다음 날 2시 0분에 영업 종료_수10:30 - 다음 날 02:00_수10:30 - 다음 날 02:00_수10:30 - 다음 날 02:00_수_10:30 - 다음 날 02:00_목10:30 - 다음 날 02:00_목10:30 - 다음 날 02:00_목10:30 - 다음 날 02:00_목_10:30 - 다음 날 02:00_금10:30 - 다음 날 02:00_금10:30 - 다음 날 02:00_금10:30 - 다음 날 02:00_금_10:30 - 다음 날 02:00_토10:30 - 다음 날 02:00_토10:30 - 다음 날 02:00_토10:30 - 다음 날 02:00_토_10:30 - 다음 날 02:00_일17:00 - 24:00_일17:00 - 24:00_일17:00 - 24:00_일_17:00 - 24:00_월10:30 - 다음 날 02:00_월10:30 - 다음 날 02:00_월10:30 - 다음 날 02:00_월_10:30 - 다음 날 02:00_화10:30 - 다음 날 02:00접기_화10:30 - 다음 날 02:00접기_화10:30 - 다음 날 02:00_화_10:30 - 다음 날 02:00_접기_접기,별점없음,0,0,https://search.pstatic.net/common/?autoRotate=true&type=w560_sharpen&src=https%3A%2F%2Fldb-phinf.pstatic.net%2F20200519_83%2F1589827136900jKVyd_JPEG%2Fmwwu4wBBNZoo8RnFIpDLyP6E.jpeg.jpg,단체 이용 가능_포장_남/녀 화장실 구분,주차 불가
금암소바,17122958,"우동,소바",도로명전북 전주시 덕진구 기린대로 400-75 금암소바복사지번전북 전주시 덕진구 금암동 729-6복사우편번호우편번호54931복사안내 레이어 닫기,0507-1341-0945,영업 중19:00에 라스트오더19시 0분에 라스트오더_영업 중19:00에 라스트오더19시 0분에 라스트오더_영업 중19:00에 라스트오더19시 0분에 라스트오더_영업 중_19:00에 라스트오더19시 0분에 라스트오더_19:00에 라스트오더_19시 0분에 라스트오더_수11:00 - 19:3019:00 라스트오더_수11:00 - 19:3019:00 라스트오더_수11:00 - 19:3019:00 라스트오더_수_11:00 - 19:3019:00 라스트오더_목11:00 - 19:3019:00 라스트오더_목11:00 - 19:3019:00 라스트오더_목11:00 - 19:3019:00 라스트오더_목_11:00 - 19:3019:00 라스트오더_금11:00 - 19:3019:00 라스트오더_금11:00 - 19:3019:00 라스트오더_금11:00 - 19:3019:00 라스트오더_금_11:00 - 19:3019:00 라스트오더_토11:00 - 19:3019:00 라스트오더_토11:00 - 19:3019:00 라스트오더_토11:00 - 19:3019:00 라스트오더_토_11:00 - 19:3019:00 라스트오더_일11:00 - 19:3019:00 라스트오더_일11:00 - 19:3019:00 라스트오더_일11:00 - 19:3019:00 라스트오더_일_11:00 - 19:3019:00 라스트오더_월11:00 - 19:3019:00 라스트오더_월11:00 - 19:3019:00 라스트오더_월11:00 - 19:3019:00 라스트오더_월_11:00 - 19:3019:00 라스트오더_화정기휴무 (매주 화요일)접기_화정기휴무 (매주 화요일)접기_화정기휴무 (매주 화요일)_화_정기휴무 (매주 화요일)_정기휴무 (매주 화요일)_접기_접기,별점없음,0,0,https://search.pstatic.net/common/?autoRotate=true&type=w560_sharpen&src=https%3A%2F%2Fldb-phinf.pstatic.net%2F20190429_65%2F15565044973327q2gl_JPEG%2FSYYFDrMpjVPW7h5I7LXzut9y.jpeg.jpg,남/녀 화장실 구분,주차가능무료
에그하우스,2049748405,오므라이스,도로명전북 전주시 덕진구 권삼득로 319-1 1층복사지번전북 전주시 덕진구 덕진동1가 664-34복사우편번호우편번호54898복사안내 레이어 닫기,0507-1308-9673,영업 중20:30에 라스트오더20시 30분에 라스트오더_영업 중20:30에 라스트오더20시 30분에 라스트오더_영업 중20:30에 라스트오더20시 30분에 라스트오더_영업 중_20:30에 라스트오더20시 30분에 라스트오더_20:30에 라스트오더_20시 30분에 라스트오더_매일11:00 - 21:0015:00 - 16:30 브레이크타임20:30 라스트오더접기_매일11:00 - 21:0015:00 - 16:30 브레이크타임20:30 라스트오더접기_매일11:00 - 21:0015:00 - 16:30 브레이크타임20:30 라스트오더_매일_11:00 - 21:0015:00 - 16:30 브레이크타임20:30 라스트오더_접기_접기,별점없음,0,0,https://search.pstatic.net/common/?autoRotate=true&type=w278_sharpen&src=https%3A%2F%2Fldb-phinf.pstatic.net%2F20260512_75%2F17785461249458OTFP_JPEG%2F%25BB%25E7%25C1%25F81.jpg,무선 인터넷_유아의자_포장_배달_단체 이용 가능,주차가능무료
멘야케이 금암본점,375214427,일본식라면,도로명전북 전주시 덕진구 떡전4길 18 멘야케이복사지번전북 전주시 덕진구 금암동 757-1복사우편번호우편번호54932복사안내 레이어 닫기,0507-1375-2365,영업 중20:30에 라스트오더20시 30분에 라스트오더_영업 중20:30에 라스트오더20시 30분에 라스트오더_영업 중20:30에 라스트오더20시 30분에 라스트오더_영업 중_20:30에 라스트오더20시 30분에 라스트오더_20:30에 라스트오더_20시 30분에 라스트오더_매일11:00 - 21:0020:30 라스트오더_매일11:00 - 21:0020:30 라스트오더_매일11:00 - 21:0020:30 라스트오더_매일_11:00 - 21:0020:30 라스트오더_- 육수소진시 조기마감합니다/브레이크타임은 없습니다!접기_- 육수소진시 조기마감합니다/브레이크타임은 없습니다!접기_- 육수소진시 조기마감합니다/브레이크타임은 없습니다!_- 육수소진시 조기마감합니다/브레이크타임은 없습니다!_접기_접기,별점4.52,0,0,https://search.pstatic.net/common/?autoRotate=true&type=w278_sharpen&src=https%3A%2F%2Fldb-phinf.pstatic.net%2F20260531_153%2F1780215655573dyikt_JPEG%2FKakaoTalk_20260531_135129929.jpg,무선 인터넷_포장_배달,주차 불가
The담다,1729691935,돈가스,도로명전북 전주시 덕진구 권삼득로 333 원플러스빌딩 1층복사지번전북 전주시 덕진구 덕진동1가 664-6복사우편번호우편번호54898복사안내 레이어 닫기,063-275-7778,영업 중20:20에 라스트오더20시 20분에 라스트오더_영업 중20:20에 라스트오더20시 20분에 라스트오더_영업 중20:20에 라스트오더20시 20분에 라스트오더_영업 중_20:20에 라스트오더20시 20분에 라스트오더_20:20에 라스트오더_20시 20분에 라스트오더_수11:00 - 20:5014:30 - 17:00 브레이크타임20:20 라스트오더_수11:00 - 20:5014:30 - 17:00 브레이크타임20:20 라스트오더_수11:00 - 20:5014:30 - 17:00 브레이크타임20:20 라스트오더_수_11:00 - 20:5014:30 - 17:00 브레이크타임20:20 라스트오더_목11:00 - 20:5014:30 - 17:00 브레이크타임20:20 라스트오더_목11:00 - 20:5014:30 - 17:00 브레이크타임20:20 라스트오더_목11:00 - 20:5014:30 - 17:00 브레이크타임20:20 라스트오더_목_11:00 - 20:5014:30 - 17:00 브레이크타임20:20 라스트오더_금11:00 - 20:5014:30 - 17:00 브레이크타임20:20 라스트오더_금11:00 - 20:5014:30 - 17:00 브레이크타임20:20 라스트오더_금11:00 - 20:5014:30 - 17:00 브레이크타임20:20 라스트오더_금_11:00 - 20:5014:30 - 17:00 브레이크타임20:20 라스트오더_토11:00 - 20:5014:30 - 17:00 브레이크타임20:20 라스트오더_토11:00 - 20:5014:30 - 17:00 브레이크타임20:20 라스트오더_토11:00 - 20:5014:30 - 17:00 브레이크타임20:20 라스트오더_토_11:00 - 20:5014:30 - 17:00 브레이크타임20:20 라스트오더_일11:00 - 20:5014:30 - 17:00 브레이크타임20:20 라스트오더_일11:00 - 20:5014:30 - 17:00 브레이크타임20:20 라스트오더_일11:00 - 20:5014:30 - 17:00 브레이크타임20:20 라스트오더_일_11:00 - 20:5014:30 - 17:00 브레이크타임20:20 라스트오더_월11:00 - 20:5014:30 - 17:00 브레이크타임20:20 라스트오더_월11:00 - 20:5014:30 - 17:00 브레이크타임20:20 라스트오더_월11:00 - 20:5014:30 - 17:00 브레이크타임20:20 라스트오더_월_11:00 - 20:5014:30 - 17:00 브레이크타임20:20 라스트오더_화11:00 - 20:5014:30 - 17:00 브레이크타임20:20 라스트오더접기_화11:00 - 20:5014:30 - 17:00 브레이크타임20:20 라스트오더접기_화11:00 - 20:5014:30 - 17:00 브레이크타임20:20 라스트오더_화_11:00 - 20:5014:30 - 17:00 브레이크타임20:20 라스트오더_접기_접기,별점없음,0,0,https://search.pstatic.net/common/?autoRotate=true&type=w560_sharpen&src=https%3A%2F%2Fldb-phinf.pstatic.net%2F20171020_79%2F1508427327501V7TCc_JPEG%2FhK8Q6jI_d9TuGSmsWbddGCmc.jpg,포장_무선 인터넷_남/녀 화장실 구분,주차가능무료
치히로 전북대점,1446516924,일식당,도로명전북 전주시 덕진구 권삼득로 305-1복사지번전북 전주시 덕진구 금암동 664-48복사우편번호우편번호54898복사안내 레이어 닫기,070-8287-0913,영업 중21:00에 영업 종료21시 0분에 영업 종료_영업 중21:00에 영업 종료21시 0분에 영업 종료_영업 중21:00에 영업 종료21시 0분에 영업 종료_영업 중_21:00에 영업 종료21시 0분에 영업 종료_21:00에 영업 종료_21시 0분에 영업 종료_수11:00 - 21:0015:00 - 17:00 브레이크타임_수11:00 - 21:0015:00 - 17:00 브레이크타임_수11:00 - 21:0015:00 - 17:00 브레이크타임_수_11:00 - 21:0015:00 - 17:00 브레이크타임_목11:00 - 21:0015:00 - 17:00 브레이크타임_목11:00 - 21:0015:00 - 17:00 브레이크타임_목11:00 - 21:0015:00 - 17:00 브레이크타임_목_11:00 - 21:0015:00 - 17:00 브레이크타임_금11:00 - 21:0015:00 - 17:00 브레이크타임_금11:00 - 21:0015:00 - 17:00 브레이크타임_금11:00 - 21:0015:00 - 17:00 브레이크타임_금_11:00 - 21:0015:00 - 17:00 브레이크타임_토11:00 - 21:0015:00 - 17:00 브레이크타임_토11:00 - 21:0015:00 - 17:00 브레이크타임_토11:00 - 21:0015:00 - 17:00 브레이크타임_토_11:00 - 21:0015:00 - 17:00 브레이크타임_일11:00 - 21:0015:00 - 17:00 브레이크타임_일11:00 - 21:0015:00 - 17:00 브레이크타임_일11:00 - 21:0015:00 - 17:00 브레이크타임_일_11:00 - 21:0015:00 - 17:00 브레이크타임_월11:00 - 21:0015:00 - 17:00 브레이크타임_월11:00 - 21:0015:00 - 17:00 브레이크타임_월11:00 - 21:0015:00 - 17:00 브레이크타임_월_11:00 - 21:0015:00 - 17:00 브레이크타임_화11:00 - 21:0015:00 - 17:00 브레이크타임접기_화11:00 - 21:0015:00 - 17:00 브레이크타임접기_화11:00 - 21:0015:00 - 17:00 브레이크타임_화_11:00 - 21:0015:00 - 17:00 브레이크타임_접기_접기,별점없음,0,0,https://search.pstatic.net/common/?autoRotate=true&type=w560_sharpen&src=https%3A%2F%2Fldb-phinf.pstatic.net%2F20230111_101%2F1673435874183uiuX1_JPEG%2F%25B4%25EB%25B9%25AE.jpg,예약_포장,주차 불가
메르밀진미집 금암동직영점,34825919,국수,도로명전북 전주시 덕진구 권삼득로 202복사지번전북 전주시 덕진구 금암동 522-56복사우편번호우편번호54930복사안내 레이어 닫기,063-276-4020,영업 중19:30에 라스트오더19시 30분에 라스트오더_영업 중19:30에 라스트오더19시 30분에 라스트오더_영업 중19:30에 라스트오더19시 30분에 라스트오더_영업 중_19:30에 라스트오더19시 30분에 라스트오더_19:30에 라스트오더_19시 30분에 라스트오더_수10:00 - 20:0019:30 라스트오더_수10:00 - 20:0019:30 라스트오더_수10:00 - 20:0019:30 라스트오더_수_10:00 - 20:0019:30 라스트오더_목10:00 - 20:0019:30 라스트오더_목10:00 - 20:0019:30 라스트오더_목10:00 - 20:0019:30 라스트오더_목_10:00 - 20:0019:30 라스트오더_금10:00 - 20:0019:30 라스트오더_금10:00 - 20:0019:30 라스트오더_금10:00 - 20:0019:30 라스트오더_금_10:00 - 20:0019:30 라스트오더_토10:00 - 20:0019:30 라스트오더_토10:00 - 20:0019:30 라스트오더_토10:00 - 20:0019:30 라스트오더_토_10:00 - 20:0019:30 라스트오더_일10:00 - 20:0019:30 라스트오더_일10:00 - 20:0019:30 라스트오더_일10:00 - 20:0019:30 라스트오더_일_10:00 - 20:0019:30 라스트오더_월10:00 - 20:0019:30 라스트오더_월10:00 - 20:0019:30 라스트오더_월10:00 - 20:0019:30 라스트오더_월_10:00 - 20:0019:30 라스트오더_화10:00 - 20:0019:30 라스트오더접기_화10:00 - 20:0019:30 라스트오더접기_화10:00 - 20:0019:30 라스트오더_화_10:00 - 20:0019:30 라스트오더_접기_접기,별점4.23,0,0,https://search.pstatic.net/common/?autoRotate=true&type=w560_sharpen&src=https%3A%2F%2Fldb-phinf.pstatic.net%2F20260531_232%2F1780215958079oFyI0_JPEG%2F2026_6%25BF%25F9_7%25BF%25F9_%25C0%25DA%25BB%25F6%25B0%25ED%25B1%25B8%25B8%25B6_%25C4%25E1%25B1%25B9%25BC%25F6___%25B0%25F8%25C1%25F6%25BF%25EB.jpg,테이크아웃 할인_단체 이용 가능_포장_배달_예약_남/녀 화장실 구분_무선 인터넷_유아의자_\반려동물 동반_대기공간_장애인 주차구역,주차가능무료
계근상 전북대점,2012739239,닭볶음탕,도로명전북 전주시 덕진구 명륜4길 11-1 계근상복사지번전북 전주시 덕진구 덕진동1가 1262-8복사우편번호우편번호54898복사안내 레이어 닫기,0507-1385-9111,24시간 영업연중무휴연중무휴_24시간 영업연중무휴연중무휴_24시간 영업연중무휴연중무휴_24시간 영업_연중무휴연중무휴_연중무휴_연중무휴_매일00:00 - 24:00접기_매일00:00 - 24:00접기_매일00:00 - 24:00_매일_00:00 - 24:00_접기_접기,별점없음,0,0,https://search.pstatic.net/common/?autoRotate=true&type=w560_sharpen&src=https%3A%2F%2Fldb-phinf.pstatic.net%2F20260524_121%2F1779595363459cre6q_JPEG%2F72643.jpg,콜키지 가능무료_무한 리필_단체 이용 가능_포장_배달_남/녀 화장실 구분_무선 인터넷,주차 불가
투썸플레이스 전주전북대점,32708547,카페,도로명전북 전주시 덕진구 권삼득로 307복사지번전북 전주시 덕진구 금암동 664-46복사우편번호우편번호54898복사안내 레이어 닫기,0507-1304-2388,영업 중22:00에 영업 종료22시 0분에 영업 종료_영업 중22:00에 영업 종료22시 0분에 영업 종료_영업 중22:00에 영업 종료22시 0분에 영업 종료_영업 중_22:00에 영업 종료22시 0분에 영업 종료_22:00에 영업 종료_22시 0분에 영업 종료_매일10:00 - 22:00접기_매일10:00 - 22:00접기_매일10:00 - 22:00_매일_10:00 - 22:00_접기_접기,별점없음,0,0,https://search.pstatic.net/common/?autoRotate=true&type=w560_sharpen&src=https%3A%2F%2Fldb-phinf.pstatic.net%2F20231024_28%2F1698116956974WBAFd_JPEG%2F1000011006.jpg,예약_무선 인터넷,주차 불가
한국관 본점,11728244,비빔밥,도로명전북 전주시 덕진구 기린대로 425복사지번전북 전주시 덕진구 금암동 712-3복사우편번호우편번호54932복사안내 레이어 닫기,063-272-9229,영업 중20:30에 영업 종료20시 30분에 영업 종료_영업 중20:30에 영업 종료20시 30분에 영업 종료_영업 중20:30에 영업 종료20시 30분에 영업 종료_영업 중_20:30에 영업 종료20시 30분에 영업 종료_20:30에 영업 종료_20시 30분에 영업 종료_수11:30 - 20:3016:00 - 17:00 브레이크타임_수11:30 - 20:3016:00 - 17:00 브레이크타임_수11:30 - 20:3016:00 - 17:00 브레이크타임_수_11:30 - 20:3016:00 - 17:00 브레이크타임_목11:30 - 20:3016:00 - 17:00 브레이크타임_목11:30 - 20:3016:00 - 17:00 브레이크타임_목11:30 - 20:3016:00 - 17:00 브레이크타임_목_11:30 - 20:3016:00 - 17:00 브레이크타임_금11:30 - 20:3016:00 - 17:00 브레이크타임_금11:30 - 20:3016:00 - 17:00 브레이크타임_금11:30 - 20:3016:00 - 17:00 브레이크타임_금_11:30 - 20:3016:00 - 17:00 브레이크타임_토11:30 - 20:3016:00 - 17:00 브레이크타임_토11:30 - 20:3016:00 - 17:00 브레이크타임_토11:30 - 20:3016:00 - 17:00 브레이크타임_토_11:30 - 20:3016:00 - 17:00 브레이크타임_일11:30 - 20:3016:00 - 17:00 브레이크타임_일11:30 - 20:3016:00 - 17:00 브레이크타임_일11:30 - 20:3016:00 - 17:00 브레이크타임_일_11:30 - 20:3016:00 - 17:00 브레이크타임_월11:30 - 20:3016:00 - 17:00 브레이크타임_월11:30 - 20:3016:00 - 17:00 브레이크타임_월11:30 - 20:3016:00 - 17:00 브레이크타임_월_11:30 - 20:3016:00 - 17:00 브레이크타임_화11:30 - 20:3016:00 - 17:00 브레이크타임접기_화11:30 - 20:3016:00 - 17:00 브레이크타임접기_화11:30 - 20:3016:00 - 17:00 브레이크타임_화_11:30 - 20:3016:00 - 17:00 브레이크타임_접기_접기,별점4.34,0,0,https://search.pstatic.net/common/?autoRotate=true&type=w560_sharpen&src=https%3A%2F%2Fldb-phinf.pstatic.net%2F20160705_64%2F1467710121086DgfMY_JPEG%2F1.jpg,편의시설 정보 없음,주차가능
도야짬뽕 전북대점,1195097272,중식당,도로명전북 전주시 덕진구 명륜4길 20 2층복사지번전북 전주시 덕진구 덕진동1가 1314-170복사우편번호우편번호54898복사안내 레이어 닫기,0507-1413-5009,영업 중다음 날 02:00에 라스트오더다음 날 2시 0분에 라스트오더_영업 중다음 날 02:00에 라스트오더다음 날 2시 0분에 라스트오더_영업 중다음 날 02:00에 라스트오더다음 날 2시 0분에 라스트오더_영업 중_다음 날 02:00에 라스트오더다음 날 2시 0분에 라스트오더_다음 날 02:00에 라스트오더_다음 날 2시 0분에 라스트오더_수10:50 - 다음 날 02:3002:00 라스트오더_수10:50 - 다음 날 02:3002:00 라스트오더_수10:50 - 다음 날 02:3002:00 라스트오더_수_10:50 - 다음 날 02:3002:00 라스트오더_목10:50 - 다음 날 02:3002:00 라스트오더_목10:50 - 다음 날 02:3002:00 라스트오더_목10:50 - 다음 날 02:3002:00 라스트오더_목_10:50 - 다음 날 02:3002:00 라스트오더_금10:50 - 다음 날 02:3002:00 라스트오더_금10:50 - 다음 날 02:3002:00 라스트오더_금10:50 - 다음 날 02:3002:00 라스트오더_금_10:50 - 다음 날 02:3002:00 라스트오더_토10:50 - 다음 날 02:3002:00 라스트오더_토10:50 - 다음 날 02:3002:00 라스트오더_토10:50 - 다음 날 02:3002:00 라스트오더_토_10:50 - 다음 날 02:3002:00 라스트오더_일10:50 - 다음 날 02:3002:00 라스트오더_일10:50 - 다음 날 02:3002:00 라스트오더_일10:50 - 다음 날 02:3002:00 라스트오더_일_10:50 - 다음 날 02:3002:00 라스트오더_월10:50 - 다음 날 02:3002:00 라스트오더_월10:50 - 다음 날 02:3002:00 라스트오더_월10:50 - 다음 날 02:3002:00 라스트오더_월_10:50 - 다음 날 02:3002:00 라스트오더_화10:50 - 다음 날 02:3021:00 - 22:00 브레이크타임02:00 라스트오더접기_화10:50 - 다음 날 02:3021:00 - 22:00 브레이크타임02:00 라스트오더접기_화10:50 - 다음 날 02:3021:00 - 22:00 브레이크타임02:00 라스트오더_화_10:50 - 다음 날 02:3021:00 - 22:00 브레이크타임02:00 라스트오더_접기_접기,별점없음,0,0,https://search.pstatic.net/common/?autoRotate=true&type=w560_sharpen&src=https%3A%2F%2Fldb-phinf.pstatic.net%2F20240818_108%2F1723966588368sNNo2_JPEG%2FA9Y03902.jpg,무한 리필_단체 이용 가능_포장_배달_예약_무선 인터넷_남/녀 화장실 구분_유아의자,주차 불가
순정닭발 전북대점,95978698,닭발,도로명전북 전주시 덕진구 명륜5길 18복사지번전북 전주시 덕진구 덕진동1가 1314-157복사우편번호우편번호54898복사안내 레이어 닫기,0507-1434-5889,영업 중다음 날 02:00에 영업 종료다음 날 2시 0분에 영업 종료_영업 중다음 날 02:00에 영업 종료다음 날 2시 0분에 영업 종료_영업 중다음 날 02:00에 영업 종료다음 날 2시 0분에 영업 종료_영업 중_다음 날 02:00에 영업 종료다음 날 2시 0분에 영업 종료_다음 날 02:00에 영업 종료_다음 날 2시 0분에 영업 종료_매일16:00 - 다음 날 02:00접기_매일16:00 - 다음 날 02:00접기_매일16:00 - 다음 날 02:00_매일_16:00 - 다음 날 02:00_접기_접기,별점4.42,0,0,https://search.pstatic.net/common/?autoRotate=true&type=w560_sharpen&src=https%3A%2F%2Fldb-phinf.pstatic.net%2F20240418_252%2F1713423620411cgh8I_JPEG%2FIMG_9039.jpeg,단체 이용 가능_포장_배달_무선 인터넷_\반려동물 동반,주차 불가
뉴뉴키친,1687072934,양식,도로명전북 전주시 덕진구 권삼득로 311 1층복사지번전북 전주시 덕진구 금암동 664-42복사우편번호우편번호54898복사안내 레이어 닫기,0507-1328-9775,영업 중20:15에 라스트오더20시 15분에 라스트오더_영업 중20:15에 라스트오더20시 15분에 라스트오더_영업 중20:15에 라스트오더20시 15분에 라스트오더_영업 중_20:15에 라스트오더20시 15분에 라스트오더_20:15에 라스트오더_20시 15분에 라스트오더_수11:00 - 21:0020:15 라스트오더_수11:00 - 21:0020:15 라스트오더_수11:00 - 21:0020:15 라스트오더_수_11:00 - 21:0020:15 라스트오더_목11:00 - 21:0020:15 라스트오더_목11:00 - 21:0020:15 라스트오더_목11:00 - 21:0020:15 라스트오더_목_11:00 - 21:0020:15 라스트오더_금11:00 - 21:0020:15 라스트오더_금11:00 - 21:0020:15 라스트오더_금11:00 - 21:0020:15 라스트오더_금_11:00 - 21:0020:15 라스트오더_토11:00 - 21:0020:15 라스트오더_토11:00 - 21:0020:15 라스트오더_토11:00 - 21:0020:15 라스트오더_토_11:00 - 21:0020:15 라스트오더_일11:00 - 21:0020:15 라스트오더_일11:00 - 21:0020:15 라스트오더_일11:00 - 21:0020:15 라스트오더_일_11:00 - 21:0020:15 라스트오더_월11:00 - 21:0020:15 라스트오더_월11:00 - 21:0020:15 라스트오더_월11:00 - 21:0020:15 라스트오더_월_11:00 - 21:0020:15 라스트오더_화11:00 - 21:0020:15 라스트오더접기_화11:00 - 21:0020:15 라스트오더접기_화11:00 - 21:0020:15 라스트오더_화_11:00 - 21:0020:15 라스트오더_접기_접기,별점없음,0,0,https://search.pstatic.net/common/?autoRotate=true&type=w560_sharpen&src=https%3A%2F%2Fldb-phinf.pstatic.net%2F20260423_256%2F1776915141149BDCnV_JPEG%2FIMG_8959.jpeg,편의시설 정보 없음,주차가능유료
태평집,13163796,국수,도로명전북 전주시 덕진구 조경단로 3-6복사지번전북 전주시 덕진구 금암동 522-31복사우편번호우편번호54931복사안내 레이어 닫기,063-255-2252,영업 종료10:30에 영업 시작10시 30분에 영업 시작_영업 종료10:30에 영업 시작10시 30분에 영업 시작_영업 종료10:30에 영업 시작10시 30분에 영업 시작_영업 종료_10:30에 영업 시작10시 30분에 영업 시작_10:30에 영업 시작_10시 30분에 영업 시작_수10:30 - 15:0014:45 라스트오더_수10:30 - 15:0014:45 라스트오더_수10:30 - 15:0014:45 라스트오더_수_10:30 - 15:0014:45 라스트오더_목10:30 - 15:0014:45 라스트오더_목10:30 - 15:0014:45 라스트오더_목10:30 - 15:0014:45 라스트오더_목_10:30 - 15:0014:45 라스트오더_금10:30 - 15:0014:45 라스트오더_금10:30 - 15:0014:45 라스트오더_금10:30 - 15:0014:45 라스트오더_금_10:30 - 15:0014:45 라스트오더_토10:30 - 15:0014:45 라스트오더_토10:30 - 15:0014:45 라스트오더_토10:30 - 15:0014:45 라스트오더_토_10:30 - 15:0014:45 라스트오더_일10:30 - 15:0014:45 라스트오더_일10:30 - 15:0014:45 라스트오더_일10:30 - 15:0014:45 라스트오더_일_10:30 - 15:0014:45 라스트오더_월정기휴무 (매주 월요일)_월정기휴무 (매주 월요일)_월정기휴무 (매주 월요일)_월_정기휴무 (매주 월요일)_정기휴무 (매주 월요일)_화10:30 - 15:0014:45 라스트오더접기_화10:30 - 15:0014:45 라스트오더접기_화10:30 - 15:0014:45 라스트오더_화_10:30 - 15:0014:45 라스트오더_접기_접기,별점없음,0,0,https://search.pstatic.net/common/?autoRotate=true&type=w560_sharpen&src=https%3A%2F%2Fldb-phinf.pstatic.net%2F20150831_27%2F1441000643620kmd0h_JPEG%2FSUBMIT_1430376803921_13163796.jpg,편의시설 정보 없음,주차가능
육회바른연어 전주전북대점,2027837540,요리주점,도로명전북 전주시 덕진구 명륜4길 23 1층 육회바른연어복사지번전북 전주시 덕진구 덕진동1가 664-8복사우편번호우편번호54898복사안내 레이어 닫기,063-271-2221,영업 중23:00에 영업 종료23시 0분에 영업 종료_영업 중23:00에 영업 종료23시 0분에 영업 종료_영업 중23:00에 영업 종료23시 0분에 영업 종료_영업 중_23:00에 영업 종료23시 0분에 영업 종료_23:00에 영업 종료_23시 0분에 영업 종료_매일11:00 - 23:00접기_매일11:00 - 23:00접기_매일11:00 - 23:00_매일_11:00 - 23:00_접기_접기,별점없음,0,0,https://search.pstatic.net/common/?autoRotate=true&type=w560_sharpen&src=https%3A%2F%2Fldb-phinf.pstatic.net%2F20260325_218%2F17744031760619MWg4_JPEG%2F%25BA%25D2%25B4%25DF%25BF%25AC%25BE%25EE%25B1%25EF%25B5%25CE%25B1%25E2_%25B3%25D7%25C0%25CC%25B9%25F6%25C7%25C3%25B7%25B9%25C0%25CC%25BD%25BA.jpg,테이크아웃 할인_단체 이용 가능_포장_배달_무선 인터넷,주차 불가
홉스커피 전북대점,2005834717,카페,도로명전북 전주시 덕진구 권삼득로 329복사지번전북 전주시 덕진구 덕진동1가 664-49복사우편번호우편번호54898복사안내 레이어 닫기,0507-1469-2304,영업 중24:00에 영업 종료0시 0분에 영업 종료_영업 중24:00에 영업 종료0시 0분에 영업 종료_영업 중24:00에 영업 종료0시 0분에 영업 종료_영업 중_24:00에 영업 종료0시 0분에 영업 종료_24:00에 영업 종료_0시 0분에 영업 종료_매일12:00 - 24:00_매일12:00 - 24:00_매일12:00 - 24:00_매일_12:00 - 24:00_- 10월 1 일부터 12:00~24:00 으로 변경됩니다접기_- 10월 1 일부터 12:00~24:00 으로 변경됩니다접기_- 10월 1 일부터 12:00~24:00 으로 변경됩니다_- 10월 1 일부터 12:00~24:00 으로 변경됩니다_접기_접기,별점없음,0,0,https://search.pstatic.net/common/?autoRotate=true&type=w560_sharpen&src=https%3A%2F%2Fldb-phinf.pstatic.net%2F20250512_5%2F1747035194576H409U_JPEG%2FKakaoTalk_20250512_133746565.jpg,로스터리_단체 이용 가능_포장_예약_무선 인터넷_남/녀 화장실 구분,주차 불가
오스스퀘어,37560993,"카페,디저트",도로명전북 전주시 덕진구 권삼득로 290 삼성문화회관 1층 오스스퀘어복사지번전북 전주시 덕진구 금암동 665복사우편번호우편번호54896복사안내 레이어 닫기,063-274-5520,영업 중21:30에 라스트오더21시 30분에 라스트오더_영업 중21:30에 라스트오더21시 30분에 라스트오더_영업 중21:30에 라스트오더21시 30분에 라스트오더_영업 중_21:30에 라스트오더21시 30분에 라스트오더_21:30에 라스트오더_21시 30분에 라스트오더_매일08:00 - 22:0021:30 라스트오더접기_매일08:00 - 22:0021:30 라스트오더접기_매일08:00 - 22:0021:30 라스트오더_매일_08:00 - 22:0021:30 라스트오더_접기_접기,별점없음,0,0,https://search.pstatic.net/common/?autoRotate=true&type=w560_sharpen&src=https%3A%2F%2Fldb-phinf.pstatic.net%2F20250821_94%2F17557635157166GMx9_JPEG%2FIMG_9172.jpg,로스터리_남/녀 화장실 구분_무선 인터넷_단체 이용 가능,주차가능유료
머든 전북대점,1022754323,북카페,"도로명전북 전주시 덕진구 명륜4길 18-5 지하1층, 지상1층복사지번전북 전주시 덕진구 금암동 1312-3복사우편번호우편번호54898복사안내 레이어 닫기",0507-1441-7473,24시간 영업연중무휴연중무휴_24시간 영업연중무휴연중무휴_24시간 영업연중무휴연중무휴_24시간 영업_연중무휴연중무휴_연중무휴_연중무휴_매일00:00 - 24:00접기_매일00:00 - 24:00접기_매일00:00 - 24:00_매일_00:00 - 24:00_접기_접기,별점없음,0,0,https://search.pstatic.net/common/?autoRotate=true&type=w278_sharpen&src=https%3A%2F%2Fldb-phinf.pstatic.net%2F20240804_266%2F17227518925594qJmH_JPEG%2F1000000332.jpg,테이크아웃 할인_단체 이용 가능_배달_포장_예약_무선 인터넷_유아시설 (놀이방)_남/녀 화장실 구분_대기공간,주차가능무료
치팅데이 전북대점,1626673141,양식,도로명전북 전주시 덕진구 명륜3길 11 2층복사지번전북 전주시 덕진구 덕진동1가 1263-10복사우편번호우편번호54898복사안내 레이어 닫기,0507-1388-8160,영업 중23:30에 라스트오더23시 30분에 라스트오더_영업 중23:30에 라스트오더23시 30분에 라스트오더_영업 중23:30에 라스트오더23시 30분에 라스트오더_영업 중_23:30에 라스트오더23시 30분에 라스트오더_23:30에 라스트오더_23시 30분에 라스트오더_수11:30 - 24:0015:00 - 17:00 브레이크타임23:30 라스트오더_수11:30 - 24:0015:00 - 17:00 브레이크타임23:30 라스트오더_수11:30 - 24:0015:00 - 17:00 브레이크타임23:30 라스트오더_수_11:30 - 24:0015:00 - 17:00 브레이크타임23:30 라스트오더_목11:30 - 24:0015:00 - 17:00 브레이크타임23:30 라스트오더_목11:30 - 24:0015:00 - 17:00 브레이크타임23:30 라스트오더_목11:30 - 24:0015:00 - 17:00 브레이크타임23:30 라스트오더_목_11:30 - 24:0015:00 - 17:00 브레이크타임23:30 라스트오더_금11:30 - 다음 날 01:0015:00 - 17:00 브레이크타임00:30 라스트오더_금11:30 - 다음 날 01:0015:00 - 17:00 브레이크타임00:30 라스트오더_금11:30 - 다음 날 01:0015:00 - 17:00 브레이크타임00:30 라스트오더_금_11:30 - 다음 날 01:0015:00 - 17:00 브레이크타임00:30 라스트오더_토11:30 - 다음 날 01:0000:30 라스트오더_토11:30 - 다음 날 01:0000:30 라스트오더_토11:30 - 다음 날 01:0000:30 라스트오더_토_11:30 - 다음 날 01:0000:30 라스트오더_일11:30 - 24:0023:30 라스트오더_일11:30 - 24:0023:30 라스트오더_일11:30 - 24:0023:30 라스트오더_일_11:30 - 24:0023:30 라스트오더_월11:30 - 24:0015:00 - 17:00 브레이크타임23:30 라스트오더_월11:30 - 24:0015:00 - 17:00 브레이크타임23:30 라스트오더_월11:30 - 24:0015:00 - 17:00 브레이크타임23:30 라스트오더_월_11:30 - 24:0015:00 - 17:00 브레이크타임23:30 라스트오더_화11:30 - 24:0015:00 - 17:00 브레이크타임23:30 라스트오더접기_화11:30 - 24:0015:00 - 17:00 브레이크타임23:30 라스트오더접기_화11:30 - 24:0015:00 - 17:00 브레이크타임23:30 라스트오더_화_11:30 - 24:0015:00 - 17:00 브레이크타임23:30 라스트오더_접기_접기,별점없음,0,0,https://search.pstatic.net/common/?autoRotate=true&type=w560_sharpen&src=https%3A%2F%2Fldb-phinf.pstatic.net%2F20260324_186%2F1774323128755QiSaM_JPEG%2FIMG_5450.jpg,콜키지 가능유료_비건 메뉴_와인 페어링_테이크아웃 할인_단체 이용 가능_포장_무선 인터넷_배달_\반려동물 동반,주차 불가
백소정 전북대점,1360752458,일식당,"도로명전북 전주시 덕진구 명륜3길 22 1층 109호, 110호복사지번전북 전주시 덕진구 금암동 1312-28복사우편번호우편번호54898복사안내 레이어 닫기",0507-1373-2449,"영업 중20:20에 라스트오더20시 20분에 라스트오더_영업 중20:20에 라스트오더20시 20분에 라스트오더_영업 중20:20에 라스트오더20시 20분에 라스트오더_영업 중_20:20에 라스트오더20시 20분에 라스트오더_20:20에 라스트오더_20시 20분에 라스트오더_수11:00 - 21:0015:30 - 17:00 브레이크타임14:50, 20:20 라스트오더_수11:00 - 21:0015:30 - 17:00 브레이크타임14:50, 20:20 라스트오더_수11:00 - 21:0015:30 - 17:00 브레이크타임14:50, 20:20 라스트오더_수_11:00 - 21:0015:30 - 17:00 브레이크타임14:50, 20:20 라스트오더_목11:00 - 21:0015:30 - 17:00 브레이크타임14:50, 20:20 라스트오더_목11:00 - 21:0015:30 - 17:00 브레이크타임14:50, 20:20 라스트오더_목11:00 - 21:0015:30 - 17:00 브레이크타임14:50, 20:20 라스트오더_목_11:00 - 21:0015:30 - 17:00 브레이크타임14:50, 20:20 라스트오더_금11:00 - 21:0015:30 - 17:00 브레이크타임14:50, 20:20 라스트오더_금11:00 - 21:0015:30 - 17:00 브레이크타임14:50, 20:20 라스트오더_금11:00 - 21:0015:30 - 17:00 브레이크타임14:50, 20:20 라스트오더_금_11:00 - 21:0015:30 - 17:00 브레이크타임14:50, 20:20 라스트오더_토11:00 - 21:0020:20 라스트오더_토11:00 - 21:0020:20 라스트오더_토11:00 - 21:0020:20 라스트오더_토_11:00 - 21:0020:20 라스트오더_일11:00 - 21:0020:20 라스트오더_일11:00 - 21:0020:20 라스트오더_일11:00 - 21:0020:20 라스트오더_일_11:00 - 21:0020:20 라스트오더_월11:00 - 21:0015:30 - 17:00 브레이크타임14:50, 20:20 라스트오더_월11:00 - 21:0015:30 - 17:00 브레이크타임14:50, 20:20 라스트오더_월11:00 - 21:0015:30 - 17:00 브레이크타임14:50, 20:20 라스트오더_월_11:00 - 21:0015:30 - 17:00 브레이크타임14:50, 20:20 라스트오더_화11:00 - 21:0015:30 - 17:00 브레이크타임14:50, 20:20 라스트오더접기_화11:00 - 21:0015:30 - 17:00 브레이크타임14:50, 20:20 라스트오더접기_화11:00 - 21:0015:30 - 17:00 브레이크타임14:50, 20:20 라스트오더_화_11:00 - 21:0015:30 - 17:00 브레이크타임14:50, 20:20 라스트오더_접기_접기",별점없음,0,0,https://search.pstatic.net/common/?autoRotate=true&type=w560_sharpen&src=https%3A%2F%2Fldb-phinf.pstatic.net%2F20260430_54%2F177751257014982H7E_JPEG%2F%25BA%25EA%25B7%25A3%25B5%25E5%25C0%25CC%25B9%25CC%25C1%25F6%25C4%25C6_%25B3%25C3%25BC%25D2%25B9%25D9.jpg,포장_무선 인터넷_남/녀 화장실 구분_배달,주차가능무료
할리스 전주백제대로점,38701073,카페,도로명전북 전주시 덕진구 백제대로 592복사지번전북 전주시 덕진구 금암동 1550-1복사우편번호우편번호54930복사안내 레이어 닫기,063-271-5066,영업 중24:00에 영업 종료0시 0분에 영업 종료_영업 중24:00에 영업 종료0시 0분에 영업 종료_영업 중24:00에 영업 종료0시 0분에 영업 종료_영업 중_24:00에 영업 종료0시 0분에 영업 종료_24:00에 영업 종료_0시 0분에 영업 종료_매일09:00 - 24:00접기_매일09:00 - 24:00접기_매일09:00 - 24:00_매일_09:00 - 24:00_접기_접기,별점없음,0,0,https://search.pstatic.net/common/?autoRotate=true&type=w560_sharpen&src=https%3A%2F%2Fldb-phinf.pstatic.net%2F20210302_125%2F161464487124061agC_JPEG%2FK15utTFWXeuNEny1JMXiV57W.jpg,포장_배달_무선 인터넷,주차가능무료
쓰리에프커피바,1264360405,카페,도로명전북 전주시 덕진구 권삼득로 323 3층복사지번전북 전주시 덕진구 덕진동1가 664-31복사우편번호우편번호54898복사안내 레이어 닫기,0507-1385-9908,영업 중22:00에 영업 종료22시 0분에 영업 종료_영업 중22:00에 영업 종료22시 0분에 영업 종료_영업 중22:00에 영업 종료22시 0분에 영업 종료_영업 중_22:00에 영업 종료22시 0분에 영업 종료_22:00에 영업 종료_22시 0분에 영업 종료_매일12:00 - 22:00접기_매일12:00 - 22:00접기_매일12:00 - 22:00_매일_12:00 - 22:00_접기_접기,별점없음,0,0,https://search.pstatic.net/common/?autoRotate=true&type=w560_sharpen&src=https%3A%2F%2Fldb-phinf.pstatic.net%2F20240422_98%2F1713761476946rIH0P_JPEG%2FIMG_2702.jpeg,핸드드립_테이크아웃 할인_단체 이용 가능_무선 인터넷_유아의자_포장_예약,주차 불가
오돈대장 전북대점,2035228202,"육류,고기요리",도로명전북 전주시 덕진구 백제대로 643 1층복사지번전북 전주시 덕진구 금암동 1589-4복사우편번호우편번호54907복사안내 레이어 닫기,0507-1473-5294,영업 중22:00에 영업 종료22시 0분에 영업 종료_영업 중22:00에 영업 종료22시 0분에 영업 종료_영업 중22:00에 영업 종료22시 0분에 영업 종료_영업 중_22:00에 영업 종료22시 0분에 영업 종료_22:00에 영업 종료_22시 0분에 영업 종료_매일10:00 - 22:00접기_매일10:00 - 22:00접기_매일10:00 - 22:00_매일_10:00 - 22:00_접기_접기,별점없음,0,0,https://search.pstatic.net/common/?autoRotate=true&type=w560_sharpen&src=https%3A%2F%2Fldb-phinf.pstatic.net%2F20260201_226%2F1769912822862d5XEw_JPEG%2F20260131_134057.jpg,포장_배달_예약_남/녀 화장실 구분_대기공간,주차가능무료
샤브온당 전북대점,2047897225,샤브샤브,도로명전북 전주시 덕진구 명륜4길 22 1층복사지번전북 전주시 덕진구 금암동 1312-29복사우편번호우편번호54898복사안내 레이어 닫기,063-715-4545,"운영 중21:00에 라스트오더21시 0분에 라스트오더_운영 중21:00에 라스트오더21시 0분에 라스트오더_운영 중21:00에 라스트오더21시 0분에 라스트오더_운영 중_21:00에 라스트오더21시 0분에 라스트오더_21:00에 라스트오더_21시 0분에 라스트오더_수11:00 - 21:3015:00 - 17:00 브레이크타임21:00 라스트오더_수11:00 - 21:3015:00 - 17:00 브레이크타임21:00 라스트오더_수11:00 - 21:3015:00 - 17:00 브레이크타임21:00 라스트오더_수_11:00 - 21:3015:00 - 17:00 브레이크타임21:00 라스트오더_목11:00 - 21:3015:00 - 17:00 브레이크타임21:00 라스트오더_목11:00 - 21:3015:00 - 17:00 브레이크타임21:00 라스트오더_목11:00 - 21:3015:00 - 17:00 브레이크타임21:00 라스트오더_목_11:00 - 21:3015:00 - 17:00 브레이크타임21:00 라스트오더_금11:00 - 21:3015:00 - 17:00 브레이크타임21:00 라스트오더_금11:00 - 21:3015:00 - 17:00 브레이크타임21:00 라스트오더_금11:00 - 21:3015:00 - 17:00 브레이크타임21:00 라스트오더_금_11:00 - 21:3015:00 - 17:00 브레이크타임21:00 라스트오더_토11:00 - 21:3021:00 라스트오더_토11:00 - 21:3021:00 라스트오더_토11:00 - 21:3021:00 라스트오더_토_11:00 - 21:3021:00 라스트오더_일11:00 - 21:3021:00 라스트오더_일11:00 - 21:3021:00 라스트오더_일11:00 - 21:3021:00 라스트오더_일_11:00 - 21:3021:00 라스트오더_월11:00 - 21:3015:00 - 17:00 브레이크타임21:00 라스트오더_월11:00 - 21:3015:00 - 17:00 브레이크타임21:00 라스트오더_월11:00 - 21:3015:00 - 17:00 브레이크타임21:00 라스트오더_월_11:00 - 21:3015:00 - 17:00 브레이크타임21:00 라스트오더_화11:00 - 21:3015:00 - 17:00 브레이크타임21:00 라스트오더_화11:00 - 21:3015:00 - 17:00 브레이크타임21:00 라스트오더_화11:00 - 21:3015:00 - 17:00 브레이크타임21:00 라스트오더_화_11:00 - 21:3015:00 - 17:00 브레이크타임21:00 라스트오더_- ☆☆☆ 토,일요일은 브레이크 타임 없습니다☆☆☆접기_- ☆☆☆ 토,일요일은 브레이크 타임 없습니다☆☆☆접기_- ☆☆☆ 토,일요일은 브레이크 타임 없습니다☆☆☆_- ☆☆☆ 토,일요일은 브레이크 타임 없습니다☆☆☆_접기_접기",별점없음,0,0,https://search.pstatic.net/common/?autoRotate=true&type=w560_sharpen&src=https%3A%2F%2Fldb-phinf.pstatic.net%2F20260330_232%2F1774855434748K949X_JPEG%2F%25B8%25DE%25C0%25CE%25BB%25E7%25C1%25F8.jpg,편의시설 정보 없음,주차가능무료
모모의다락방,1067933063,"카페,디저트","도로명전북 전주시 덕진구 명륜5길 17 2,3층복사지번전북 전주시 덕진구 덕진동1가 1314-203복사우편번호우편번호54898복사안내 레이어 닫기",0507-1327-3410,오늘 휴무06/10 휴무06/10 휴무_오늘 휴무06/10 휴무06/10 휴무_오늘 휴무06/10 휴무06/10 휴무_오늘 휴무_06/10 휴무06/10 휴무_06/10 휴무_06/10 휴무_수(6/10)휴무_수(6/10)휴무_수(6/10)휴무_수(6/10)_휴무_휴무_목(6/11)12:30 - 24:00_목(6/11)12:30 - 24:00_목(6/11)12:30 - 24:00_목(6/11)_12:30 - 24:00_금(6/12)12:30 - 24:00_금(6/12)12:30 - 24:00_금(6/12)12:30 - 24:00_금(6/12)_12:30 - 24:00_토(6/13)12:30 - 24:00_토(6/13)12:30 - 24:00_토(6/13)12:30 - 24:00_토(6/13)_12:30 - 24:00_일(6/14)12:30 - 24:00_일(6/14)12:30 - 24:00_일(6/14)12:30 - 24:00_일(6/14)_12:30 - 24:00_월(6/15)12:30 - 24:00_월(6/15)12:30 - 24:00_월(6/15)12:30 - 24:00_월(6/15)_12:30 - 24:00_화(6/16)12:30 - 24:00접기_화(6/16)12:30 - 24:00접기_화(6/16)12:30 - 24:00_화(6/16)_12:30 - 24:00_접기_접기,별점없음,0,0,https://search.pstatic.net/common/?autoRotate=true&type=w560_sharpen&src=https%3A%2F%2Fldb-phinf.pstatic.net%2F20250411_119%2F1744370510473HbkRR_JPEG%2FIMG_2447.jpeg,포장_배달_무선 인터넷_남/녀 화장실 구분_단체 이용 가능_노키즈존_대기공간_예약,주차가능유료
료카츠,1586838023,돈가스,도로명전북 전주시 덕진구 기린대로 400-29 1층 료카츠복사지번전북 전주시 덕진구 금암동 720-32복사우편번호우편번호54931복사안내 레이어 닫기,063-251-8988,영업 중20:30에 라스트오더20시 30분에 라스트오더_영업 중20:30에 라스트오더20시 30분에 라스트오더_영업 중20:30에 라스트오더20시 30분에 라스트오더_영업 중_20:30에 라스트오더20시 30분에 라스트오더_20:30에 라스트오더_20시 30분에 라스트오더_수11:30 - 21:0014:30 - 17:00 브레이크타임20:30 라스트오더_수11:30 - 21:0014:30 - 17:00 브레이크타임20:30 라스트오더_수11:30 - 21:0014:30 - 17:00 브레이크타임20:30 라스트오더_수_11:30 - 21:0014:30 - 17:00 브레이크타임20:30 라스트오더_목11:30 - 21:0014:30 - 17:00 브레이크타임20:30 라스트오더_목11:30 - 21:0014:30 - 17:00 브레이크타임20:30 라스트오더_목11:30 - 21:0014:30 - 17:00 브레이크타임20:30 라스트오더_목_11:30 - 21:0014:30 - 17:00 브레이크타임20:30 라스트오더_금11:30 - 21:0014:30 - 17:00 브레이크타임20:30 라스트오더_금11:30 - 21:0014:30 - 17:00 브레이크타임20:30 라스트오더_금11:30 - 21:0014:30 - 17:00 브레이크타임20:30 라스트오더_금_11:30 - 21:0014:30 - 17:00 브레이크타임20:30 라스트오더_토11:30 - 21:0014:30 - 17:00 브레이크타임20:30 라스트오더_토11:30 - 21:0014:30 - 17:00 브레이크타임20:30 라스트오더_토11:30 - 21:0014:30 - 17:00 브레이크타임20:30 라스트오더_토_11:30 - 21:0014:30 - 17:00 브레이크타임20:30 라스트오더_일정기휴무 (매주 일요일)_일정기휴무 (매주 일요일)_일정기휴무 (매주 일요일)_일_정기휴무 (매주 일요일)_정기휴무 (매주 일요일)_월11:30 - 21:0014:30 - 17:00 브레이크타임20:30 라스트오더_월11:30 - 21:0014:30 - 17:00 브레이크타임20:30 라스트오더_월11:30 - 21:0014:30 - 17:00 브레이크타임20:30 라스트오더_월_11:30 - 21:0014:30 - 17:00 브레이크타임20:30 라스트오더_화11:30 - 21:0014:30 - 17:00 브레이크타임20:30 라스트오더접기_화11:30 - 21:0014:30 - 17:00 브레이크타임20:30 라스트오더접기_화11:30 - 21:0014:30 - 17:00 브레이크타임20:30 라스트오더_화_11:30 - 21:0014:30 - 17:00 브레이크타임20:30 라스트오더_접기_접기,별점없음,0,0,https://search.pstatic.net/common/?autoRotate=true&type=w560_sharpen&src=https%3A%2F%2Fldb-phinf.pstatic.net%2F20221231_264%2F167245800342461O3q_JPEG%2F393B5441-B040-45AC-B22D-83937C687312.jpeg,편의시설 정보 없음,주차 불가
코츠모,1837722070,요리주점,도로명전북 전주시 덕진구 명륜3길 18-6 코츠모복사지번전북 전주시 덕진구 덕진동1가 1264-10복사우편번호우편번호54898복사안내 레이어 닫기,0507-1305-3941,영업 중다음 날 01:00에 라스트오더다음 날 1시 0분에 라스트오더_영업 중다음 날 01:00에 라스트오더다음 날 1시 0분에 라스트오더_영업 중다음 날 01:00에 라스트오더다음 날 1시 0분에 라스트오더_영업 중_다음 날 01:00에 라스트오더다음 날 1시 0분에 라스트오더_다음 날 01:00에 라스트오더_다음 날 1시 0분에 라스트오더_수17:30 - 다음 날 02:0001:00 라스트오더_수17:30 - 다음 날 02:0001:00 라스트오더_수17:30 - 다음 날 02:0001:00 라스트오더_수_17:30 - 다음 날 02:0001:00 라스트오더_목17:30 - 다음 날 02:0001:00 라스트오더_목17:30 - 다음 날 02:0001:00 라스트오더_목17:30 - 다음 날 02:0001:00 라스트오더_목_17:30 - 다음 날 02:0001:00 라스트오더_금17:30 - 다음 날 02:3001:30 라스트오더_금17:30 - 다음 날 02:3001:30 라스트오더_금17:30 - 다음 날 02:3001:30 라스트오더_금_17:30 - 다음 날 02:3001:30 라스트오더_토17:30 - 다음 날 02:3001:30 라스트오더_토17:30 - 다음 날 02:3001:30 라스트오더_토17:30 - 다음 날 02:3001:30 라스트오더_토_17:30 - 다음 날 02:3001:30 라스트오더_일17:30 - 다음 날 02:0001:00 라스트오더_일17:30 - 다음 날 02:0001:00 라스트오더_일17:30 - 다음 날 02:0001:00 라스트오더_일_17:30 - 다음 날 02:0001:00 라스트오더_월17:30 - 다음 날 02:0001:00 라스트오더_월17:30 - 다음 날 02:0001:00 라스트오더_월17:30 - 다음 날 02:0001:00 라스트오더_월_17:30 - 다음 날 02:0001:00 라스트오더_화17:30 - 다음 날 02:0001:00 라스트오더_화17:30 - 다음 날 02:0001:00 라스트오더_화17:30 - 다음 날 02:0001:00 라스트오더_화_17:30 - 다음 날 02:0001:00 라스트오더_- 5월 연휴기간 정상영업합니다-!접기_- 5월 연휴기간 정상영업합니다-!접기_- 5월 연휴기간 정상영업합니다-!_- 5월 연휴기간 정상영업합니다-!_접기_접기,별점없음,0,0,https://search.pstatic.net/common/?autoRotate=true&type=w560_sharpen&src=https%3A%2F%2Fldb-phinf.pstatic.net%2F20250812_152%2F17549975859695SP3h_JPEG%2FIMG_4439.jpeg,콜키지 가능유료_무한 리필_무선 인터넷_남/녀 화장실 구분_예약_단체 이용 가능_포장,주차 불가
롯데리아 전북대점,1241169584,햄버거,도로명전북 전주시 덕진구 명륜4길 13복사지번전북 전주시 덕진구 덕진동1가 1261-31복사우편번호우편번호54898복사안내 레이어 닫기,063-283-6220,영업 중다음 날 02:00에 영업 종료다음 날 2시 0분에 영업 종료_영업 중다음 날 02:00에 영업 종료다음 날 2시 0분에 영업 종료_영업 중다음 날 02:00에 영업 종료다음 날 2시 0분에 영업 종료_영업 중_다음 날 02:00에 영업 종료다음 날 2시 0분에 영업 종료_다음 날 02:00에 영업 종료_다음 날 2시 0분에 영업 종료_매일09:00 - 다음 날 02:00접기_매일09:00 - 다음 날 02:00접기_매일09:00 - 다음 날 02:00_매일_09:00 - 다음 날 02:00_접기_접기,별점4.4,0,0,https://search.pstatic.net/common/?autoRotate=true&type=w560_sharpen&src=https%3A%2F%2Fldb-phinf.pstatic.net%2F20240923_185%2F1727052511572Vxuh6_JPEG%2F1.jpg,편의시설 정보 없음,주차 불가
메가MGC커피 전북대한옥정문점,2013406928,카페,"도로명전북 전주시 덕진구 백제대로 563 1층 108호, 109호복사지번전북 전주시 덕진구 금암동 668-3복사우편번호우편번호54898복사안내 레이어 닫기",0507-1378-1587,영업 중22:00에 라스트오더22시 0분에 라스트오더_영업 중22:00에 라스트오더22시 0분에 라스트오더_영업 중22:00에 라스트오더22시 0분에 라스트오더_영업 중_22:00에 라스트오더22시 0분에 라스트오더_22:00에 라스트오더_22시 0분에 라스트오더_수08:00 - 22:3022:00 라스트오더_수08:00 - 22:3022:00 라스트오더_수08:00 - 22:3022:00 라스트오더_수_08:00 - 22:3022:00 라스트오더_목08:00 - 22:3022:00 라스트오더_목08:00 - 22:3022:00 라스트오더_목08:00 - 22:3022:00 라스트오더_목_08:00 - 22:3022:00 라스트오더_금08:00 - 22:3022:00 라스트오더_금08:00 - 22:3022:00 라스트오더_금08:00 - 22:3022:00 라스트오더_금_08:00 - 22:3022:00 라스트오더_토08:30 - 22:3022:00 라스트오더_토08:30 - 22:3022:00 라스트오더_토08:30 - 22:3022:00 라스트오더_토_08:30 - 22:3022:00 라스트오더_일08:30 - 22:3022:00 라스트오더_일08:30 - 22:3022:00 라스트오더_일08:30 - 22:3022:00 라스트오더_일_08:30 - 22:3022:00 라스트오더_월08:00 - 22:3022:00 라스트오더_월08:00 - 22:3022:00 라스트오더_월08:00 - 22:3022:00 라스트오더_월_08:00 - 22:3022:00 라스트오더_화08:00 - 22:3022:00 라스트오더접기_화08:00 - 22:3022:00 라스트오더접기_화08:00 - 22:3022:00 라스트오더_화_08:00 - 22:3022:00 라스트오더_접기_접기,별점없음,0,0,https://search.pstatic.net/common/?autoRotate=true&type=w560_sharpen&src=https%3A%2F%2Fldb-phinf.pstatic.net%2F20260206_212%2F1770340531091LVPV9_JPEG%2F116.jpg,포장_예약_단체 이용 가능_남/녀 화장실 구분_무선 인터넷_출입구 휠체어 이용가능,주차가능무료
빈부커피,1109842957,"카페,디저트",도로명전북 전주시 덕진구 기린대로 488 1.2층복사지번전북 전주시 덕진구 덕진동1가 1276-11복사우편번호우편번호54898복사안내 레이어 닫기,0507-1458-1309,영업 중22:00에 영업 종료22시 0분에 영업 종료_영업 중22:00에 영업 종료22시 0분에 영업 종료_영업 중22:00에 영업 종료22시 0분에 영업 종료_영업 중_22:00에 영업 종료22시 0분에 영업 종료_22:00에 영업 종료_22시 0분에 영업 종료_매일09:00 - 22:00접기_매일09:00 - 22:00접기_매일09:00 - 22:00_매일_09:00 - 22:00_접기_접기,별점없음,0,0,https://search.pstatic.net/common/?autoRotate=true&type=w560_sharpen&src=https%3A%2F%2Fldb-phinf.pstatic.net%2F20231103_16%2F1699009133934wsWQV_JPEG%2F%25BA%25F3%25BA%25CE%25C0%25CC%25B9%25CC%25C1%25F6.JPG,테이크아웃 할인_로스터리_핸드드립_유기농 메뉴_단체 이용 가능_포장_남/녀 화장실 구분_무선 인터넷,주차가능무료
완삼,1113467183,돼지고기구이,도로명전북 전주시 덕진구 명륜3길 17-2 1층복사지번전북 전주시 덕진구 덕진동1가 1314-175복사우편번호우편번호54898복사안내 레이어 닫기,0507-1332-5392,영업 중다음 날 00:30에 라스트오더다음 날 0시 30분에 라스트오더_영업 중다음 날 00:30에 라스트오더다음 날 0시 30분에 라스트오더_영업 중다음 날 00:30에 라스트오더다음 날 0시 30분에 라스트오더_영업 중_다음 날 00:30에 라스트오더다음 날 0시 30분에 라스트오더_다음 날 00:30에 라스트오더_다음 날 0시 30분에 라스트오더_매일12:00 - 다음 날 01:0000:30 라스트오더접기_매일12:00 - 다음 날 01:0000:30 라스트오더접기_매일12:00 - 다음 날 01:0000:30 라스트오더_매일_12:00 - 다음 날 01:0000:30 라스트오더_접기_접기,별점없음,0,0,https://search.pstatic.net/common/?autoRotate=true&type=w560_sharpen&src=https%3A%2F%2Fldb-phinf.pstatic.net%2F20240218_75%2F1708184131274Neq9L_JPEG%2FIMG_8396.jpeg,단체 이용 가능_예약_남/녀 화장실 구분_대기공간_무선 인터넷,주차 불가
메가MGC커피 전북대구정문점,1113054745,카페,도로명전북 전주시 덕진구 명륜4길 23 1층복사지번전북 전주시 덕진구 덕진동1가 664-8복사우편번호우편번호54898복사안내 레이어 닫기,0503-5260-5612,영업 중23:20에 영업 종료23시 20분에 영업 종료_영업 중23:20에 영업 종료23시 20분에 영업 종료_영업 중23:20에 영업 종료23시 20분에 영업 종료_영업 중_23:20에 영업 종료23시 20분에 영업 종료_23:20에 영업 종료_23시 20분에 영업 종료_수08:00 - 23:20_수08:00 - 23:20_수08:00 - 23:20_수_08:00 - 23:20_목08:00 - 23:20_목08:00 - 23:20_목08:00 - 23:20_목_08:00 - 23:20_금08:00 - 23:20_금08:00 - 23:20_금08:00 - 23:20_금_08:00 - 23:20_토08:00 - 23:20_토08:00 - 23:20_토08:00 - 23:20_토_08:00 - 23:20_일08:00 - 23:20_일08:00 - 23:20_일08:00 - 23:20_일_08:00 - 23:20_월08:00 - 23:20_월08:00 - 23:20_월08:00 - 23:20_월_08:00 - 23:20_화08:00 - 23:20_화08:00 - 23:20_화08:00 - 23:20_화_08:00 - 23:20_- 홀영업 23:00까지/포장 23:20까지접기_- 홀영업 23:00까지/포장 23:20까지접기_- 홀영업 23:00까지/포장 23:20까지_- 홀영업 23:00까지/포장 23:20까지_접기_접기,별점없음,0,0,https://search.pstatic.net/common/?autoRotate=true&type=w560_sharpen&src=https%3A%2F%2Fldb-phinf.pstatic.net%2F20241104_128%2F1730683898592nVXNb_JPEG%2FKakaoTalk_20241007_105634636_01.jpg,무선 인터넷,주차 불가
동네불막창&닭발 본점,1073259820,한식,도로명전북 전주시 덕진구 덕진광장로 10 1층복사지번전북 전주시 덕진구 덕진동1가 1277-1복사우편번호우편번호54898복사안내 레이어 닫기,0507-1495-7939,영업 중다음 날 03:00에 영업 종료다음 날 3시 0분에 영업 종료_영업 중다음 날 03:00에 영업 종료다음 날 3시 0분에 영업 종료_영업 중다음 날 03:00에 영업 종료다음 날 3시 0분에 영업 종료_영업 중_다음 날 03:00에 영업 종료다음 날 3시 0분에 영업 종료_다음 날 03:00에 영업 종료_다음 날 3시 0분에 영업 종료_수17:00 - 다음 날 03:00_수17:00 - 다음 날 03:00_수17:00 - 다음 날 03:00_수_17:00 - 다음 날 03:00_목17:00 - 다음 날 03:00_목17:00 - 다음 날 03:00_목17:00 - 다음 날 03:00_목_17:00 - 다음 날 03:00_금17:00 - 다음 날 03:00_금17:00 - 다음 날 03:00_금17:00 - 다음 날 03:00_금_17:00 - 다음 날 03:00_토17:00 - 다음 날 03:00_토17:00 - 다음 날 03:00_토17:00 - 다음 날 03:00_토_17:00 - 다음 날 03:00_일17:00 - 다음 날 03:00_일17:00 - 다음 날 03:00_일17:00 - 다음 날 03:00_일_17:00 - 다음 날 03:00_월17:00 - 다음 날 03:00_월17:00 - 다음 날 03:00_월17:00 - 다음 날 03:00_월_17:00 - 다음 날 03:00_화17:00 - 다음 날 03:00접기_화17:00 - 다음 날 03:00접기_화17:00 - 다음 날 03:00_화_17:00 - 다음 날 03:00_접기_접기,별점없음,0,0,https://search.pstatic.net/common/?autoRotate=true&type=w560_sharpen&src=https%3A%2F%2Fldb-phinf.pstatic.net%2F20240210_175%2F1707494946111UCFJ2_JPEG%2F1000002733.jpg,편의시설 정보 없음,주차 불가
화녕 전북대점,1624913439,요리주점,도로명전북 전주시 덕진구 명륜5길 18 1층 화녕복사지번전북 전주시 덕진구 덕진동1가 1314-157복사우편번호우편번호54898복사안내 레이어 닫기,0507-1394-0999,영업 중다음 날 01:00에 라스트오더다음 날 1시 0분에 라스트오더_영업 중다음 날 01:00에 라스트오더다음 날 1시 0분에 라스트오더_영업 중다음 날 01:00에 라스트오더다음 날 1시 0분에 라스트오더_영업 중_다음 날 01:00에 라스트오더다음 날 1시 0분에 라스트오더_다음 날 01:00에 라스트오더_다음 날 1시 0분에 라스트오더_매일17:00 - 다음 날 02:0001:00 라스트오더접기_매일17:00 - 다음 날 02:0001:00 라스트오더접기_매일17:00 - 다음 날 02:0001:00 라스트오더_매일_17:00 - 다음 날 02:0001:00 라스트오더_접기_접기,별점없음,0,0,https://search.pstatic.net/common/?autoRotate=true&type=w560_sharpen&src=https%3A%2F%2Fldb-phinf.pstatic.net%2F20240205_261%2F1707139105610sGWbP_JPEG%2F1000004787.jpg,편의시설 정보 없음,주차가능유료
춘리마라탕 전북대점,1057449325,마라탕,도로명전북 전주시 덕진구 명륜3길 21 1층복사지번전북 전주시 덕진구 금암동 1312-38복사우편번호우편번호54898복사안내 레이어 닫기,0507-1443-3138,영업 중21:30에 라스트오더21시 30분에 라스트오더_영업 중21:30에 라스트오더21시 30분에 라스트오더_영업 중21:30에 라스트오더21시 30분에 라스트오더_영업 중_21:30에 라스트오더21시 30분에 라스트오더_21:30에 라스트오더_21시 30분에 라스트오더_수11:00 - 22:0021:30 라스트오더_수11:00 - 22:0021:30 라스트오더_수11:00 - 22:0021:30 라스트오더_수_11:00 - 22:0021:30 라스트오더_목11:00 - 22:0021:30 라스트오더_목11:00 - 22:0021:30 라스트오더_목11:00 - 22:0021:30 라스트오더_목_11:00 - 22:0021:30 라스트오더_금11:00 - 22:0021:30 라스트오더_금11:00 - 22:0021:30 라스트오더_금11:00 - 22:0021:30 라스트오더_금_11:00 - 22:0021:30 라스트오더_토11:00 - 22:0021:30 라스트오더_토11:00 - 22:0021:30 라스트오더_토11:00 - 22:0021:30 라스트오더_토_11:00 - 22:0021:30 라스트오더_일11:00 - 22:0021:30 라스트오더_일11:00 - 22:0021:30 라스트오더_일11:00 - 22:0021:30 라스트오더_일_11:00 - 22:0021:30 라스트오더_월11:00 - 22:0021:30 라스트오더_월11:00 - 22:0021:30 라스트오더_월11:00 - 22:0021:30 라스트오더_월_11:00 - 22:0021:30 라스트오더_화11:00 - 22:0021:30 라스트오더접기_화11:00 - 22:0021:30 라스트오더접기_화11:00 - 22:0021:30 라스트오더_화_11:00 - 22:0021:30 라스트오더_접기_접기,별점없음,0,0,https://search.pstatic.net/common/?autoRotate=true&type=w560_sharpen&src=https%3A%2F%2Fldb-phinf.pstatic.net%2F20231213_29%2F17024617017829O8hC_JPEG%2FF1C65293-1548-4B3D-92F5-55CF0E4E0096-21357-00000925FFE1AF02.jpeg,배달_포장_무선 인터넷_남/녀 화장실 구분,주차 불가
멘야케이 금암본점,375214427,일본식라면,도로명전북 전주시 덕진구 떡전4길 18 멘야케이복사지번전북 전주시 덕진구 금암동 757-1복사우편번호우편번호54932복사안내 레이어 닫기,0507-1375-2365,영업 중20:30에 라스트오더20시 30분에 라스트오더_영업 중20:30에 라스트오더20시 30분에 라스트오더_영업 중20:30에 라스트오더20시 30분에 라스트오더_영업 중_20:30에 라스트오더20시 30분에 라스트오더_20:30에 라스트오더_20시 30분에 라스트오더_매일11:00 - 21:0020:30 라스트오더_매일11:00 - 21:0020:30 라스트오더_매일11:00 - 21:0020:30 라스트오더_매일_11:00 - 21:0020:30 라스트오더_- 육수소진시 조기마감합니다/브레이크타임은 없습니다!접기_- 육수소진시 조기마감합니다/브레이크타임은 없습니다!접기_- 육수소진시 조기마감합니다/브레이크타임은 없습니다!_- 육수소진시 조기마감합니다/브레이크타임은 없습니다!_접기_접기,별점4.52,0,0,https://search.pstatic.net/common/?autoRotate=true&type=w278_sharpen&src=https%3A%2F%2Fldb-phinf.pstatic.net%2F20260531_153%2F1780215655573dyikt_JPEG%2FKakaoTalk_20260531_135129929.jpg,무선 인터넷_포장_배달,주차 불가
엄가네시골집24시얼큰한뼈해장국,1508314465,감자탕,도로명전북 전주시 덕진구 기린대로 419복사지번전북 전주시 덕진구 금암동 711-1복사우편번호우편번호54932복사안내 레이어 닫기,0507-1449-5355,24시간 영업연중무휴연중무휴_24시간 영업연중무휴연중무휴_24시간 영업연중무휴연중무휴_24시간 영업_연중무휴연중무휴_연중무휴_연중무휴_매일00:00 - 24:00_매일00:00 - 24:00_매일00:00 - 24:00_매일_00:00 - 24:00_- 명절전날 21시~명절당일 17시까지 휴무접기_- 명절전날 21시~명절당일 17시까지 휴무접기_- 명절전날 21시~명절당일 17시까지 휴무_- 명절전날 21시~명절당일 17시까지 휴무_접기_접기,별점없음,0,0,https://search.pstatic.net/common/?autoRotate=true&type=w560_sharpen&src=https%3A%2F%2Fldb-phinf.pstatic.net%2F20240328_21%2F1711610843577qzbHw_JPEG%2F1000008900.jpg,편의시설 정보 없음,주차가능무료
맥도날드 전주덕진DT점,33838562,햄버거,도로명전북 전주시 덕진구 기린대로 503복사지번전북 전주시 덕진구 덕진동1가 1401-18복사우편번호우편번호54888복사안내 레이어 닫기,063-905-3400,영업 중다음 날 02:00에 영업 종료다음 날 2시 0분에 영업 종료_영업 중다음 날 02:00에 영업 종료다음 날 2시 0분에 영업 종료_영업 중다음 날 02:00에 영업 종료다음 날 2시 0분에 영업 종료_영업 중_다음 날 02:00에 영업 종료다음 날 2시 0분에 영업 종료_다음 날 02:00에 영업 종료_다음 날 2시 0분에 영업 종료_매일07:00 - 다음 날 02:00접기_매일07:00 - 다음 날 02:00접기_매일07:00 - 다음 날 02:00_매일_07:00 - 다음 날 02:00_접기_접기,별점없음,0,0,https://search.pstatic.net/common/?autoRotate=true&type=w560_sharpen&src=https%3A%2F%2Fldb-phinf.pstatic.net%2F20200413_219%2F1586754481725aa02u_JPEG%2FGQ-VcBOauC1SAafpawlGR1YK.jpg,드라이브스루_배달_포장,주차가능무료
파스쿠찌 백제대로DT점,1611916135,카페,도로명전북 전주시 덕진구 백제대로 556 파스쿠찌복사지번전북 전주시 덕진구 금암동 710-1복사우편번호우편번호54931복사안내 레이어 닫기,0507-2093-6924,"영업 중23:30에 라스트오더23시 30분에 라스트오더_영업 중23:30에 라스트오더23시 30분에 라스트오더_영업 중23:30에 라스트오더23시 30분에 라스트오더_영업 중_23:30에 라스트오더23시 30분에 라스트오더_23:30에 라스트오더_23시 30분에 라스트오더_수07:30 - 24:0023:30 라스트오더_수07:30 - 24:0023:30 라스트오더_수07:30 - 24:0023:30 라스트오더_수_07:30 - 24:0023:30 라스트오더_목07:30 - 24:0023:30 라스트오더_목07:30 - 24:0023:30 라스트오더_목07:30 - 24:0023:30 라스트오더_목_07:30 - 24:0023:30 라스트오더_금07:30 - 24:0023:30 라스트오더_금07:30 - 24:0023:30 라스트오더_금07:30 - 24:0023:30 라스트오더_금_07:30 - 24:0023:30 라스트오더_토08:00 - 23:0022:30 라스트오더_토08:00 - 23:0022:30 라스트오더_토08:00 - 23:0022:30 라스트오더_토_08:00 - 23:0022:30 라스트오더_일08:00 - 23:0022:30 라스트오더_일08:00 - 23:0022:30 라스트오더_일08:00 - 23:0022:30 라스트오더_일_08:00 - 23:0022:30 라스트오더_월07:30 - 24:0023:30 라스트오더_월07:30 - 24:0023:30 라스트오더_월07:30 - 24:0023:30 라스트오더_월_07:30 - 24:0023:30 라스트오더_화07:30 - 24:0023:30 라스트오더_화07:30 - 24:0023:30 라스트오더_화07:30 - 24:0023:30 라스트오더_화_07:30 - 24:0023:30 라스트오더_- 1층 주문마감 23시 영업마감 24시, 2층 22시마감접기_- 1층 주문마감 23시 영업마감 24시, 2층 22시마감접기_- 1층 주문마감 23시 영업마감 24시, 2층 22시마감_- 1층 주문마감 23시 영업마감 24시, 2층 22시마감_접기_접기",별점없음,0,0,https://search.pstatic.net/common/?autoRotate=true&type=w560_sharpen&src=https%3A%2F%2Fldb-phinf.pstatic.net%2F20191101_296%2F1572603348297tXb7q_JPEG%2FKdzn0gCRGIeag7LEw1_k6ONS.jpg,편의시설 정보 없음,주차가능무료
금암면옥 본점,35195112,"칼국수,만두",도로명전북 전주시 덕진구 기린대로 400-3복사지번전북 전주시 덕진구 금암동 471-10복사우편번호우편번호54931복사안내 레이어 닫기,063-273-7001,영업 중20:30에 라스트오더20시 30분에 라스트오더_영업 중20:30에 라스트오더20시 30분에 라스트오더_영업 중20:30에 라스트오더20시 30분에 라스트오더_영업 중_20:30에 라스트오더20시 30분에 라스트오더_20:30에 라스트오더_20시 30분에 라스트오더_수09:30 - 21:0020:30 라스트오더_수09:30 - 21:0020:30 라스트오더_수09:30 - 21:0020:30 라스트오더_수_09:30 - 21:0020:30 라스트오더_목09:30 - 21:0020:30 라스트오더_목09:30 - 21:0020:30 라스트오더_목09:30 - 21:0020:30 라스트오더_목_09:30 - 21:0020:30 라스트오더_금09:30 - 21:0020:30 라스트오더_금09:30 - 21:0020:30 라스트오더_금09:30 - 21:0020:30 라스트오더_금_09:30 - 21:0020:30 라스트오더_토09:30 - 21:0020:30 라스트오더_토09:30 - 21:0020:30 라스트오더_토09:30 - 21:0020:30 라스트오더_토_09:30 - 21:0020:30 라스트오더_일09:30 - 21:0020:30 라스트오더_일09:30 - 21:0020:30 라스트오더_일09:30 - 21:0020:30 라스트오더_일_09:30 - 21:0020:30 라스트오더_월09:30 - 21:0020:30 라스트오더_월09:30 - 21:0020:30 라스트오더_월09:30 - 21:0020:30 라스트오더_월_09:30 - 21:0020:30 라스트오더_화09:30 - 21:0020:30 라스트오더접기_화09:30 - 21:0020:30 라스트오더접기_화09:30 - 21:0020:30 라스트오더_화_09:30 - 21:0020:30 라스트오더_접기_접기,별점없음,0,0,https://search.pstatic.net/common/?autoRotate=true&type=w560_sharpen&src=https%3A%2F%2Fldb-phinf.pstatic.net%2F20250112_161%2F1736654157924Ifg0x_JPEG%2FPhotoroom_20250112_123939.jpeg,예약_단체 이용 가능_포장,주차가능무료
치쿠린,401027600,일본식라면,도로명전북 전주시 덕진구 명륜3길 9-1 지하1층 치쿠린복사지번전북 전주시 덕진구 덕진동1가 1266-6복사우편번호우편번호54898복사안내 레이어 닫기,0507-1432-7703,영업 중19:50에 라스트오더19시 50분에 라스트오더_영업 중19:50에 라스트오더19시 50분에 라스트오더_영업 중19:50에 라스트오더19시 50분에 라스트오더_영업 중_19:50에 라스트오더19시 50분에 라스트오더_19:50에 라스트오더_19시 50분에 라스트오더_수11:00 - 20:0019:50 라스트오더_수11:00 - 20:0019:50 라스트오더_수11:00 - 20:0019:50 라스트오더_수_11:00 - 20:0019:50 라스트오더_목11:00 - 20:0019:50 라스트오더_목11:00 - 20:0019:50 라스트오더_목11:00 - 20:0019:50 라스트오더_목_11:00 - 20:0019:50 라스트오더_금11:00 - 20:0019:50 라스트오더_금11:00 - 20:0019:50 라스트오더_금11:00 - 20:0019:50 라스트오더_금_11:00 - 20:0019:50 라스트오더_토11:00 - 19:3019:20 라스트오더_토11:00 - 19:3019:20 라스트오더_토11:00 - 19:3019:20 라스트오더_토_11:00 - 19:3019:20 라스트오더_일정기휴무 (매주 일요일)_일정기휴무 (매주 일요일)_일정기휴무 (매주 일요일)_일_정기휴무 (매주 일요일)_정기휴무 (매주 일요일)_월11:00 - 20:0019:50 라스트오더_월11:00 - 20:0019:50 라스트오더_월11:00 - 20:0019:50 라스트오더_월_11:00 - 20:0019:50 라스트오더_화11:00 - 20:0019:50 라스트오더접기_화11:00 - 20:0019:50 라스트오더접기_화11:00 - 20:0019:50 라스트오더_화_11:00 - 20:0019:50 라스트오더_접기_접기,별점4.36,0,0,https://search.pstatic.net/common/?autoRotate=true&type=w560_sharpen&src=https%3A%2F%2Fldb-phinf.pstatic.net%2F20240118_209%2F1705545867835uIgPG_JPEG%2F1000004180.jpg,무한 리필_남/녀 화장실 구분_무선 인터넷_배달_포장_대기공간,주차 불가
청년감자탕순대국 전북대점,2009272157,감자탕,도로명전북 전주시 덕진구 명륜3길 14 1층복사지번전북 전주시 덕진구 덕진동1가 1264-5복사우편번호우편번호54898복사안내 레이어 닫기,0507-1309-1768,영업 중다음 날 00:00에 라스트오더다음 날 0시 0분에 라스트오더_영업 중다음 날 00:00에 라스트오더다음 날 0시 0분에 라스트오더_영업 중다음 날 00:00에 라스트오더다음 날 0시 0분에 라스트오더_영업 중_다음 날 00:00에 라스트오더다음 날 0시 0분에 라스트오더_다음 날 00:00에 라스트오더_다음 날 0시 0분에 라스트오더_수10:00 - 다음 날 01:0015:00 - 17:00 브레이크타임00:00 라스트오더_수10:00 - 다음 날 01:0015:00 - 17:00 브레이크타임00:00 라스트오더_수10:00 - 다음 날 01:0015:00 - 17:00 브레이크타임00:00 라스트오더_수_10:00 - 다음 날 01:0015:00 - 17:00 브레이크타임00:00 라스트오더_목10:00 - 다음 날 01:0015:00 - 17:00 브레이크타임00:00 라스트오더_목10:00 - 다음 날 01:0015:00 - 17:00 브레이크타임00:00 라스트오더_목10:00 - 다음 날 01:0015:00 - 17:00 브레이크타임00:00 라스트오더_목_10:00 - 다음 날 01:0015:00 - 17:00 브레이크타임00:00 라스트오더_금10:00 - 다음 날 01:0015:00 - 17:00 브레이크타임00:00 라스트오더_금10:00 - 다음 날 01:0015:00 - 17:00 브레이크타임00:00 라스트오더_금10:00 - 다음 날 01:0015:00 - 17:00 브레이크타임00:00 라스트오더_금_10:00 - 다음 날 01:0015:00 - 17:00 브레이크타임00:00 라스트오더_토10:00 - 다음 날 01:0015:00 - 17:00 브레이크타임00:00 라스트오더_토10:00 - 다음 날 01:0015:00 - 17:00 브레이크타임00:00 라스트오더_토10:00 - 다음 날 01:0015:00 - 17:00 브레이크타임00:00 라스트오더_토_10:00 - 다음 날 01:0015:00 - 17:00 브레이크타임00:00 라스트오더_일10:00 - 다음 날 01:0015:00 - 17:00 브레이크타임00:00 라스트오더_일10:00 - 다음 날 01:0015:00 - 17:00 브레이크타임00:00 라스트오더_일10:00 - 다음 날 01:0015:00 - 17:00 브레이크타임00:00 라스트오더_일_10:00 - 다음 날 01:0015:00 - 17:00 브레이크타임00:00 라스트오더_월10:00 - 다음 날 01:0015:00 - 17:00 브레이크타임00:00 라스트오더_월10:00 - 다음 날 01:0015:00 - 17:00 브레이크타임00:00 라스트오더_월10:00 - 다음 날 01:0015:00 - 17:00 브레이크타임00:00 라스트오더_월_10:00 - 다음 날 01:0015:00 - 17:00 브레이크타임00:00 라스트오더_화10:00 - 다음 날 01:0015:00 - 17:00 브레이크타임00:00 라스트오더접기_화10:00 - 다음 날 01:0015:00 - 17:00 브레이크타임00:00 라스트오더접기_화10:00 - 다음 날 01:0015:00 - 17:00 브레이크타임00:00 라스트오더_화_10:00 - 다음 날 01:0015:00 - 17:00 브레이크타임00:00 라스트오더_접기_접기,별점없음,0,0,https://search.pstatic.net/common/?autoRotate=true&type=w278_sharpen&src=https%3A%2F%2Fldb-phinf.pstatic.net%2F20251124_181%2F1763971868971iqLWA_JPEG%2F1.jpg,단체 이용 가능_포장_배달_예약_남/녀 화장실 구분,주차가능무료
면식당 전북대점,1238490757,일식당,도로명전북 전주시 덕진구 명륜4길 21-3 1층복사지번전북 전주시 덕진구 덕진동1가 1314-165복사우편번호우편번호54898복사안내 레이어 닫기,0507-1398-7107,영업 중21:00에 영업 종료21시 0분에 영업 종료_영업 중21:00에 영업 종료21시 0분에 영업 종료_영업 중21:00에 영업 종료21시 0분에 영업 종료_영업 중_21:00에 영업 종료21시 0분에 영업 종료_21:00에 영업 종료_21시 0분에 영업 종료_수10:00 - 21:00_수10:00 - 21:00_수10:00 - 21:00_수_10:00 - 21:00_목10:00 - 21:00_목10:00 - 21:00_목10:00 - 21:00_목_10:00 - 21:00_금10:00 - 21:00_금10:00 - 21:00_금10:00 - 21:00_금_10:00 - 21:00_토10:00 - 21:00_토10:00 - 21:00_토10:00 - 21:00_토_10:00 - 21:00_일10:00 - 21:00_일10:00 - 21:00_일10:00 - 21:00_일_10:00 - 21:00_월10:00 - 21:00_월10:00 - 21:00_월10:00 - 21:00_월_10:00 - 21:00_화10:00 - 21:00_화10:00 - 21:00_화10:00 - 21:00_화_10:00 - 21:00_- 2024년 1월 23일 오픈입니다!접기_- 2024년 1월 23일 오픈입니다!접기_- 2024년 1월 23일 오픈입니다!_- 2024년 1월 23일 오픈입니다!_접기_접기,별점없음,0,0,https://search.pstatic.net/common/?autoRotate=true&type=w560_sharpen&src=https%3A%2F%2Fldb-phinf.pstatic.net%2F20250723_64%2F1753261134957jm0s3_JPEG%2F%25B8%25F0%25C0%25BD%25C4%25C6.JPG,글루텐프리 메뉴_무한 리필_단체 이용 가능_포장_배달_예약_남/녀 화장실 구분_대기공간_무선 인터넷_유아의자_출입구 휠체어 이용가능_좌석 휠체어 이용가능_장애인 주차구역,주차가능무료
폴 바셋 전주 금암 DT점,1084021296,카페,도로명전북 전주시 덕진구 기린대로 411복사지번전북 전주시 덕진구 금암동 711-3복사우편번호우편번호54932복사안내 레이어 닫기,063-251-5030,영업 중22:00에 영업 종료22시 0분에 영업 종료_영업 중22:00에 영업 종료22시 0분에 영업 종료_영업 중22:00에 영업 종료22시 0분에 영업 종료_영업 중_22:00에 영업 종료22시 0분에 영업 종료_22:00에 영업 종료_22시 0분에 영업 종료_수08:00 - 22:00_수08:00 - 22:00_수08:00 - 22:00_수_08:00 - 22:00_목08:00 - 22:00_목08:00 - 22:00_목08:00 - 22:00_목_08:00 - 22:00_금08:00 - 22:00_금08:00 - 22:00_금08:00 - 22:00_금_08:00 - 22:00_토08:00 - 22:00_토08:00 - 22:00_토08:00 - 22:00_토_08:00 - 22:00_일08:00 - 22:00_일08:00 - 22:00_일08:00 - 22:00_일_08:00 - 22:00_월08:00 - 22:00_월08:00 - 22:00_월08:00 - 22:00_월_08:00 - 22:00_화08:00 - 22:00접기_화08:00 - 22:00접기_화08:00 - 22:00_화_08:00 - 22:00_접기_접기,별점없음,0,0,https://search.pstatic.net/common/?autoRotate=true&type=w560_sharpen&src=https%3A%2F%2Fldb-phinf.pstatic.net%2F20250122_231%2F1737527881448uu03E_JPEG%2F%25C6%25FA%25B9%25D9%25BC%25C2_%25B7%25CE%25B0%25ED.jpg,드라이브스루,주차가능무료
할리스 전북대덕진광장점,37610840,카페,도로명전북 전주시 덕진구 덕진광장로 12 GS25복사지번전북 전주시 덕진구 덕진동1가 1314-201복사우편번호우편번호54898복사안내 레이어 닫기,063-272-2400,영업 중23:45에 영업 종료23시 45분에 영업 종료_영업 중23:45에 영업 종료23시 45분에 영업 종료_영업 중23:45에 영업 종료23시 45분에 영업 종료_영업 중_23:45에 영업 종료23시 45분에 영업 종료_23:45에 영업 종료_23시 45분에 영업 종료_매일09:30 - 23:45접기_매일09:30 - 23:45접기_매일09:30 - 23:45_매일_09:30 - 23:45_접기_접기,별점4.35,0,0,https://search.pstatic.net/common/?autoRotate=true&quality=95&type=w750&src=https%3A%2F%2Fldb-phinf.pstatic.net%2F20210302_125%2F161464487124061agC_JPEG%2FK15utTFWXeuNEny1JMXiV57W.jpg,포장_단체 이용 가능_배달_남/녀 화장실 구분_무선 인터넷,주차 불가
현대옥 덕진광장점,19917723,국밥,도로명전북 전주시 덕진구 덕진광장로 1-11복사지번전북 전주시 덕진구 덕진동1가 1279-5복사우편번호우편번호54897복사안내 레이어 닫기,063-277-9882,영업 중21:00에 영업 종료21시 0분에 영업 종료_영업 중21:00에 영업 종료21시 0분에 영업 종료_영업 중21:00에 영업 종료21시 0분에 영업 종료_영업 중_21:00에 영업 종료21시 0분에 영업 종료_21:00에 영업 종료_21시 0분에 영업 종료_수06:00 - 21:00_수06:00 - 21:00_수06:00 - 21:00_수_06:00 - 21:00_목06:00 - 21:00_목06:00 - 21:00_목06:00 - 21:00_목_06:00 - 21:00_금06:00 - 21:00_금06:00 - 21:00_금06:00 - 21:00_금_06:00 - 21:00_토06:00 - 21:00_토06:00 - 21:00_토06:00 - 21:00_토_06:00 - 21:00_일06:00 - 21:00_일06:00 - 21:00_일06:00 - 21:00_일_06:00 - 21:00_월06:00 - 21:00_월06:00 - 21:00_월06:00 - 21:00_월_06:00 - 21:00_화정기휴무 (매주 화요일)접기_화정기휴무 (매주 화요일)접기_화정기휴무 (매주 화요일)_화_정기휴무 (매주 화요일)_정기휴무 (매주 화요일)_접기_접기,별점없음,0,0,https://search.pstatic.net/common/?autoRotate=true&type=w560_sharpen&src=https%3A%2F%2Fldb-phinf.pstatic.net%2F20251222_231%2F1766384270155oe8wu_JPEG%2F00._%25C7%25C3%25B7%25B9%25C0%25CC%25BD%25BA_%25B4%25EB%25C7%25A5%25BB%25E7%25C1%25F81%2528%25BF%25C0%25C2%25A1%25BE%25EE%25BB%25E7%25B8%25AE_%25B9%25AE%25B1%25B8%25C3%25DF%25B0%25A1%2529.jpg,편의시설 정보 없음,주차 불가
포담 전주시청점,1270117665,베트남음식,도로명전북 전주시 완산구 팔달로 262-9 1층 포담 전주 시청점복사지번전북 전주시 완산구 서노송동 647-11복사우편번호우편번호54995복사안내 레이어 닫기,0507-1494-5280,영업 중19:50에 라스트오더19시 50분에 라스트오더_영업 중19:50에 라스트오더19시 50분에 라스트오더_영업 중19:50에 라스트오더19시 50분에 라스트오더_영업 중_19:50에 라스트오더19시 50분에 라스트오더_19:50에 라스트오더_19시 50분에 라스트오더_수08:00 - 20:0019:50 라스트오더_수08:00 - 20:0019:50 라스트오더_수08:00 - 20:0019:50 라스트오더_수_08:00 - 20:0019:50 라스트오더_목08:00 - 20:0019:50 라스트오더_목08:00 - 20:0019:50 라스트오더_목08:00 - 20:0019:50 라스트오더_목_08:00 - 20:0019:50 라스트오더_금08:00 - 20:0019:50 라스트오더_금08:00 - 20:0019:50 라스트오더_금08:00 - 20:0019:50 라스트오더_금_08:00 - 20:0019:50 라스트오더_토08:00 - 20:0019:50 라스트오더_토08:00 - 20:0019:50 라스트오더_토08:00 - 20:0019:50 라스트오더_토_08:00 - 20:0019:50 라스트오더_일정기휴무 (매주 일요일)_일정기휴무 (매주 일요일)_일정기휴무 (매주 일요일)_일_정기휴무 (매주 일요일)_정기휴무 (매주 일요일)_월08:00 - 20:0019:50 라스트오더_월08:00 - 20:0019:50 라스트오더_월08:00 - 20:0019:50 라스트오더_월_08:00 - 20:0019:50 라스트오더_화08:00 - 20:0019:50 라스트오더접기_화08:00 - 20:0019:50 라스트오더접기_화08:00 - 20:0019:50 라스트오더_화_08:00 - 20:0019:50 라스트오더_접기_접기,별점4.91,0,0,https://search.pstatic.net/common/?autoRotate=true&type=w560_sharpen&src=https%3A%2F%2Fldb-phinf.pstatic.net%2F20241117_45%2F1731832808483PsQ5E_JPEG%2F%25B4%25EB%25C7%25A5_L.jpg,글루텐프리 메뉴_비건 메뉴_대관_단체 이용 가능_포장_배달_무선 인터넷_유아의자_예약_출입구 휠체어 이용가능_좌석 휠체어 이용가능,주차 불가
머든 전북대점,1022754323,북카페,"도로명전북 전주시 덕진구 명륜4길 18-5 지하1층, 지상1층복사지번전북 전주시 덕진구 금암동 1312-3복사우편번호우편번호54898복사안내 레이어 닫기",0507-1441-7473,24시간 영업연중무휴연중무휴_24시간 영업연중무휴연중무휴_24시간 영업연중무휴연중무휴_24시간 영업_연중무휴연중무휴_연중무휴_연중무휴_매일00:00 - 24:00접기_매일00:00 - 24:00접기_매일00:00 - 24:00_매일_00:00 - 24:00_접기_접기,별점없음,0,0,https://search.pstatic.net/common/?autoRotate=true&type=w278_sharpen&src=https%3A%2F%2Fldb-phinf.pstatic.net%2F20240804_266%2F17227518925594qJmH_JPEG%2F1000000332.jpg,테이크아웃 할인_단체 이용 가능_배달_포장_예약_무선 인터넷_유아시설 (놀이방)_남/녀 화장실 구분_대기공간,주차가능무료
미분당 전북대점,1842325062,베트남음식,도로명전북 전주시 덕진구 명륜4길 17 109호복사지번전북 전주시 덕진구 덕진동1가 1261-4복사우편번호우편번호54898복사안내 레이어 닫기,0507-1328-2529,영업 중21:00에 영업 종료21시 0분에 영업 종료_영업 중21:00에 영업 종료21시 0분에 영업 종료_영업 중21:00에 영업 종료21시 0분에 영업 종료_영업 중_21:00에 영업 종료21시 0분에 영업 종료_21:00에 영업 종료_21시 0분에 영업 종료_수11:00 - 21:0015:00 - 17:00 브레이크타임_수11:00 - 21:0015:00 - 17:00 브레이크타임_수11:00 - 21:0015:00 - 17:00 브레이크타임_수_11:00 - 21:0015:00 - 17:00 브레이크타임_목11:00 - 21:0015:00 - 17:00 브레이크타임_목11:00 - 21:0015:00 - 17:00 브레이크타임_목11:00 - 21:0015:00 - 17:00 브레이크타임_목_11:00 - 21:0015:00 - 17:00 브레이크타임_금11:00 - 21:0015:00 - 17:00 브레이크타임_금11:00 - 21:0015:00 - 17:00 브레이크타임_금11:00 - 21:0015:00 - 17:00 브레이크타임_금_11:00 - 21:0015:00 - 17:00 브레이크타임_토11:00 - 21:0015:00 - 17:00 브레이크타임_토11:00 - 21:0015:00 - 17:00 브레이크타임_토11:00 - 21:0015:00 - 17:00 브레이크타임_토_11:00 - 21:0015:00 - 17:00 브레이크타임_일11:00 - 21:0015:00 - 17:00 브레이크타임_일11:00 - 21:0015:00 - 17:00 브레이크타임_일11:00 - 21:0015:00 - 17:00 브레이크타임_일_11:00 - 21:0015:00 - 17:00 브레이크타임_월11:00 - 21:0015:00 - 17:00 브레이크타임_월11:00 - 21:0015:00 - 17:00 브레이크타임_월11:00 - 21:0015:00 - 17:00 브레이크타임_월_11:00 - 21:0015:00 - 17:00 브레이크타임_화11:00 - 21:0015:00 - 17:00 브레이크타임접기_화11:00 - 21:0015:00 - 17:00 브레이크타임접기_화11:00 - 21:0015:00 - 17:00 브레이크타임_화_11:00 - 21:0015:00 - 17:00 브레이크타임_접기_접기,별점없음,0,0,https://search.pstatic.net/common/?autoRotate=true&type=w560_sharpen&src=https%3A%2F%2Fldb-phinf.pstatic.net%2F20250203_216%2F1738562799200hfeKs_JPEG%2FIMG_7734.jpeg,무선 인터넷_남/녀 화장실 구분,주차 불가
춘리마라탕 전북대점,1057449325,마라탕,도로명전북 전주시 덕진구 명륜3길 21 1층복사지번전북 전주시 덕진구 금암동 1312-38복사우편번호우편번호54898복사안내 레이어 닫기,0507-1443-3138,영업 중21:30에 라스트오더21시 30분에 라스트오더_영업 중21:30에 라스트오더21시 30분에 라스트오더_영업 중21:30에 라스트오더21시 30분에 라스트오더_영업 중_21:30에 라스트오더21시 30분에 라스트오더_21:30에 라스트오더_21시 30분에 라스트오더_수11:00 - 22:0021:30 라스트오더_수11:00 - 22:0021:30 라스트오더_수11:00 - 22:0021:30 라스트오더_수_11:00 - 22:0021:30 라스트오더_목11:00 - 22:0021:30 라스트오더_목11:00 - 22:0021:30 라스트오더_목11:00 - 22:0021:30 라스트오더_목_11:00 - 22:0021:30 라스트오더_금11:00 - 22:0021:30 라스트오더_금11:00 - 22:0021:30 라스트오더_금11:00 - 22:0021:30 라스트오더_금_11:00 - 22:0021:30 라스트오더_토11:00 - 22:0021:30 라스트오더_토11:00 - 22:0021:30 라스트오더_토11:00 - 22:0021:30 라스트오더_토_11:00 - 22:0021:30 라스트오더_일11:00 - 22:0021:30 라스트오더_일11:00 - 22:0021:30 라스트오더_일11:00 - 22:0021:30 라스트오더_일_11:00 - 22:0021:30 라스트오더_월11:00 - 22:0021:30 라스트오더_월11:00 - 22:0021:30 라스트오더_월11:00 - 22:0021:30 라스트오더_월_11:00 - 22:0021:30 라스트오더_화11:00 - 22:0021:30 라스트오더접기_화11:00 - 22:0021:30 라스트오더접기_화11:00 - 22:0021:30 라스트오더_화_11:00 - 22:0021:30 라스트오더_접기_접기,별점없음,0,0,https://search.pstatic.net/common/?autoRotate=true&type=w560_sharpen&src=https%3A%2F%2Fldb-phinf.pstatic.net%2F20231213_29%2F17024617017829O8hC_JPEG%2FF1C65293-1548-4B3D-92F5-55CF0E4E0096-21357-00000925FFE1AF02.jpeg,배달_포장_무선 인터넷_남/녀 화장실 구분,주차 불가
빈타이 전북대점,37233219,케이크전문,도로명전북 전주시 덕진구 명륜3길 10-4 빈타이 전북대점복사지번전북 전주시 덕진구 덕진동1가 1265-3복사우편번호우편번호54898복사안내 레이어 닫기,063-277-4376,영업 중23:00에 영업 종료23시 0분에 영업 종료_영업 중23:00에 영업 종료23시 0분에 영업 종료_영업 중23:00에 영업 종료23시 0분에 영업 종료_영업 중_23:00에 영업 종료23시 0분에 영업 종료_23:00에 영업 종료_23시 0분에 영업 종료_수12:00 - 23:00_수12:00 - 23:00_수12:00 - 23:00_수_12:00 - 23:00_목12:00 - 23:00_목12:00 - 23:00_목12:00 - 23:00_목_12:00 - 23:00_금12:00 - 23:00_금12:00 - 23:00_금12:00 - 23:00_금_12:00 - 23:00_토12:00 - 23:00_토12:00 - 23:00_토12:00 - 23:00_토_12:00 - 23:00_일정기휴무 (매주 일요일)_일정기휴무 (매주 일요일)_일정기휴무 (매주 일요일)_일_정기휴무 (매주 일요일)_정기휴무 (매주 일요일)_월12:00 - 23:00_월12:00 - 23:00_월12:00 - 23:00_월_12:00 - 23:00_화12:00 - 23:00접기_화12:00 - 23:00접기_화12:00 - 23:00_화_12:00 - 23:00_접기_접기,별점없음,0,0,https://search.pstatic.net/common/?autoRotate=true&type=w560_sharpen&src=https%3A%2F%2Fldb-phinf.pstatic.net%2F20251120_172%2F1763625838919sELVU_JPEG%2F779515AC-0780-4BB4-BCEF-3D5E04DB0070.jpeg,무선 인터넷_포장_남/녀 화장실 구분_예약,주차 불가
해이루 전북대본점,11717478,감자탕,도로명전북 전주시 덕진구 명륜5길 9 해이루복사지번전북 전주시 덕진구 덕진동1가 1277-14복사우편번호우편번호54898복사안내 레이어 닫기,063-905-5000,영업 중20:30에 라스트오더20시 30분에 라스트오더_영업 중20:30에 라스트오더20시 30분에 라스트오더_영업 중20:30에 라스트오더20시 30분에 라스트오더_영업 중_20:30에 라스트오더20시 30분에 라스트오더_20:30에 라스트오더_20시 30분에 라스트오더_수09:30 - 21:0014:30 - 17:00 브레이크타임20:30 라스트오더_수09:30 - 21:0014:30 - 17:00 브레이크타임20:30 라스트오더_수09:30 - 21:0014:30 - 17:00 브레이크타임20:30 라스트오더_수_09:30 - 21:0014:30 - 17:00 브레이크타임20:30 라스트오더_목09:30 - 21:0014:30 - 17:00 브레이크타임20:30 라스트오더_목09:30 - 21:0014:30 - 17:00 브레이크타임20:30 라스트오더_목09:30 - 21:0014:30 - 17:00 브레이크타임20:30 라스트오더_목_09:30 - 21:0014:30 - 17:00 브레이크타임20:30 라스트오더_금09:30 - 21:0014:30 - 17:00 브레이크타임20:30 라스트오더_금09:30 - 21:0014:30 - 17:00 브레이크타임20:30 라스트오더_금09:30 - 21:0014:30 - 17:00 브레이크타임20:30 라스트오더_금_09:30 - 21:0014:30 - 17:00 브레이크타임20:30 라스트오더_토09:30 - 21:0014:30 - 17:00 브레이크타임20:30 라스트오더_토09:30 - 21:0014:30 - 17:00 브레이크타임20:30 라스트오더_토09:30 - 21:0014:30 - 17:00 브레이크타임20:30 라스트오더_토_09:30 - 21:0014:30 - 17:00 브레이크타임20:30 라스트오더_일09:30 - 21:0014:30 - 17:00 브레이크타임20:30 라스트오더_일09:30 - 21:0014:30 - 17:00 브레이크타임20:30 라스트오더_일09:30 - 21:0014:30 - 17:00 브레이크타임20:30 라스트오더_일_09:30 - 21:0014:30 - 17:00 브레이크타임20:30 라스트오더_월정기휴무 (매주 월요일)_월정기휴무 (매주 월요일)_월정기휴무 (매주 월요일)_월_정기휴무 (매주 월요일)_정기휴무 (매주 월요일)_화09:30 - 21:0014:30 - 17:00 브레이크타임20:30 라스트오더접기_화09:30 - 21:0014:30 - 17:00 브레이크타임20:30 라스트오더접기_화09:30 - 21:0014:30 - 17:00 브레이크타임20:30 라스트오더_화_09:30 - 21:0014:30 - 17:00 브레이크타임20:30 라스트오더_접기_접기,별점4.37,0,0,https://search.pstatic.net/common/?autoRotate=true&type=w560_sharpen&src=https%3A%2F%2Fldb-phinf.pstatic.net%2F20240614_227%2F17183709629570wYdF_JPEG%2FIMG_1818.jpeg,단체 이용 가능_포장_남/녀 화장실 구분_배달_예약_유아의자_대기공간_무선 인터넷_화장실 휠체어 이용가능_출입구 휠체어 이용가능_좌석 휠체어 이용가능,주차가능무료
용용선생 전북대점,1664381632,요리주점,도로명전북 전주시 덕진구 명륜3길 16 1층복사지번전북 전주시 덕진구 덕진동1가 1264-25복사우편번호우편번호54898복사안내 레이어 닫기,0507-1377-7512,영업 중다음 날 01:00에 라스트오더다음 날 1시 0분에 라스트오더_영업 중다음 날 01:00에 라스트오더다음 날 1시 0분에 라스트오더_영업 중다음 날 01:00에 라스트오더다음 날 1시 0분에 라스트오더_영업 중_다음 날 01:00에 라스트오더다음 날 1시 0분에 라스트오더_다음 날 01:00에 라스트오더_다음 날 1시 0분에 라스트오더_수17:00 - 다음 날 02:0001:00 라스트오더_수17:00 - 다음 날 02:0001:00 라스트오더_수17:00 - 다음 날 02:0001:00 라스트오더_수_17:00 - 다음 날 02:0001:00 라스트오더_목17:00 - 다음 날 02:0001:00 라스트오더_목17:00 - 다음 날 02:0001:00 라스트오더_목17:00 - 다음 날 02:0001:00 라스트오더_목_17:00 - 다음 날 02:0001:00 라스트오더_금17:00 - 다음 날 03:0002:00 라스트오더_금17:00 - 다음 날 03:0002:00 라스트오더_금17:00 - 다음 날 03:0002:00 라스트오더_금_17:00 - 다음 날 03:0002:00 라스트오더_토17:00 - 다음 날 03:0002:00 라스트오더_토17:00 - 다음 날 03:0002:00 라스트오더_토17:00 - 다음 날 03:0002:00 라스트오더_토_17:00 - 다음 날 03:0002:00 라스트오더_일17:00 - 다음 날 02:0001:00 라스트오더_일17:00 - 다음 날 02:0001:00 라스트오더_일17:00 - 다음 날 02:0001:00 라스트오더_일_17:00 - 다음 날 02:0001:00 라스트오더_월17:00 - 다음 날 02:0001:00 라스트오더_월17:00 - 다음 날 02:0001:00 라스트오더_월17:00 - 다음 날 02:0001:00 라스트오더_월_17:00 - 다음 날 02:0001:00 라스트오더_화17:00 - 다음 날 02:0001:00 라스트오더접기_화17:00 - 다음 날 02:0001:00 라스트오더접기_화17:00 - 다음 날 02:0001:00 라스트오더_화_17:00 - 다음 날 02:0001:00 라스트오더_접기_접기,별점없음,0,0,https://search.pstatic.net/common/?autoRotate=true&type=w560_sharpen&src=https%3A%2F%2Fldb-phinf.pstatic.net%2F20240220_91%2F1708423815720u6Jba_JPEG%2FIMG_3698.jpeg,단체 이용 가능_남/녀 화장실 구분_예약_무선 인터넷_방문접수/출장_포장,주차가능무료
빨간손님,1514119088,요리주점,도로명전북 전주시 덕진구 백제대로 587-1 1층 빨간손님복사지번전북 전주시 덕진구 금암동 728-85복사우편번호우편번호54899복사안내 레이어 닫기,0507-1406-9492,"영업 중다음 날 00:00에 라스트오더다음 날 0시 0분에 라스트오더_영업 중다음 날 00:00에 라스트오더다음 날 0시 0분에 라스트오더_영업 중다음 날 00:00에 라스트오더다음 날 0시 0분에 라스트오더_영업 중_다음 날 00:00에 라스트오더다음 날 0시 0분에 라스트오더_다음 날 00:00에 라스트오더_다음 날 0시 0분에 라스트오더_수18:00 - 다음 날 01:0000:00 라스트오더_수18:00 - 다음 날 01:0000:00 라스트오더_수18:00 - 다음 날 01:0000:00 라스트오더_수_18:00 - 다음 날 01:0000:00 라스트오더_목18:00 - 다음 날 01:0000:00 라스트오더_목18:00 - 다음 날 01:0000:00 라스트오더_목18:00 - 다음 날 01:0000:00 라스트오더_목_18:00 - 다음 날 01:0000:00 라스트오더_금18:00 - 다음 날 01:0000:00 라스트오더_금18:00 - 다음 날 01:0000:00 라스트오더_금18:00 - 다음 날 01:0000:00 라스트오더_금_18:00 - 다음 날 01:0000:00 라스트오더_토18:00 - 다음 날 01:0000:00 라스트오더_토18:00 - 다음 날 01:0000:00 라스트오더_토18:00 - 다음 날 01:0000:00 라스트오더_토_18:00 - 다음 날 01:0000:00 라스트오더_일정기휴무 (매주 일요일)_일정기휴무 (매주 일요일)_일정기휴무 (매주 일요일)_일_정기휴무 (매주 일요일)_정기휴무 (매주 일요일)_월정기휴무 (매주 월요일)_월정기휴무 (매주 월요일)_월정기휴무 (매주 월요일)_월_정기휴무 (매주 월요일)_정기휴무 (매주 월요일)_화18:00 - 다음 날 01:0000:00 라스트오더_화18:00 - 다음 날 01:0000:00 라스트오더_화18:00 - 다음 날 01:0000:00 라스트오더_화_18:00 - 다음 날 01:0000:00 라스트오더_- 매주 일요일, 월요일은 정기 휴무입니다.접기_- 매주 일요일, 월요일은 정기 휴무입니다.접기_- 매주 일요일, 월요일은 정기 휴무입니다._- 매주 일요일, 월요일은 정기 휴무입니다._접기_접기",별점없음,0,0,https://search.pstatic.net/common/?autoRotate=true&type=w560_sharpen&src=https%3A%2F%2Fldb-phinf.pstatic.net%2F20230509_232%2F1683560751427lSO5i_JPEG%2F25FD500D-0D8F-4E40-B0B6-89C896BEAE1B.jpeg,콜키지 가능유료_무선 인터넷_남/녀 화장실 구분,주차 불가
동대문엽기떡볶이 전북대점,33901924,분식,도로명전북 전주시 덕진구 권삼득로 321 2층복사지번전북 전주시 덕진구 덕진동1가 664-25복사우편번호우편번호54898복사안내 레이어 닫기,063-274-8592,영업 중23:40에 영업 종료23시 40분에 영업 종료_영업 중23:40에 영업 종료23시 40분에 영업 종료_영업 중23:40에 영업 종료23시 40분에 영업 종료_영업 중_23:40에 영업 종료23시 40분에 영업 종료_23:40에 영업 종료_23시 40분에 영업 종료_매일09:30 - 23:40_매일09:30 - 23:40_매일09:30 - 23:40_매일_09:30 - 23:40_- 홀마감:21:15분/ 포장/배달: 23시40분까지접기_- 홀마감:21:15분/ 포장/배달: 23시40분까지접기_- 홀마감:21:15분/ 포장/배달: 23시40분까지_- 홀마감:21:15분/ 포장/배달: 23시40분까지_접기_접기,별점없음,0,0,https://search.pstatic.net/common/?autoRotate=true&type=w560_sharpen&src=https%3A%2F%2Fldb-phinf.pstatic.net%2F20260219_83%2F1771479103438Pr53Y_PNG%2F%25BF%25B1%25B1%25E2%25B6%25B1%25BA%25BA%25C0%25CC_%25B4%25EB%25C7%25A5_%25C0%25CC%25B9%25CC%25C1%25F6.png,편의시설 정보 없음,주차 불가
짬뽕지존 덕진점,569094697,중식당,도로명전북 전주시 덕진구 기린대로 499복사지번전북 전주시 덕진구 덕진동1가 1401-20복사우편번호우편번호54888복사안내 레이어 닫기,063-253-5161,24시간 영업연중무휴연중무휴_24시간 영업연중무휴연중무휴_24시간 영업연중무휴연중무휴_24시간 영업_연중무휴연중무휴_연중무휴_연중무휴_매일00:00 - 24:00접기_매일00:00 - 24:00접기_매일00:00 - 24:00_매일_00:00 - 24:00_접기_접기,별점없음,0,0,https://search.pstatic.net/common/?autoRotate=true&type=w560_sharpen&src=https%3A%2F%2Fldb-phinf.pstatic.net%2F20200502_89%2F1588399612647YRTmY_JPEG%2FGesT7uelB1WCqfzIL63qEvvG.jpg,단체 이용 가능_포장_배달_무선 인터넷_남/녀 화장실 구분_예약,주차가능
조점례남문피순대 금암점,2058044682,"순대,순댓국",도로명전북 전주시 덕진구 기린대로 400-14 1층 101호복사지번전북 전주시 덕진구 금암동 731복사우편번호우편번호54931복사안내 레이어 닫기,0507-1416-1628,영업 중24:00에 영업 종료0시 0분에 영업 종료_영업 중24:00에 영업 종료0시 0분에 영업 종료_영업 중24:00에 영업 종료0시 0분에 영업 종료_영업 중_24:00에 영업 종료0시 0분에 영업 종료_24:00에 영업 종료_0시 0분에 영업 종료_매일09:00 - 24:00접기_매일09:00 - 24:00접기_매일09:00 - 24:00_매일_09:00 - 24:00_접기_접기,별점없음,0,0,https://search.pstatic.net/common/?autoRotate=true&type=w278_sharpen&src=https%3A%2F%2Fldb-phinf.pstatic.net%2F20251228_128%2F1766921925323bunik_PNG%2F%25C0%25FC%25BA%25CF%25B4%25EB_%25C0%25FC%25C1%25D6%25BC%25F8%25B4%25EB%25B1%25B9%25B9%25E4_%25B4%25EB%25C7%25A5%25B8%25DE%25B4%25BA.jpg.png,단체 이용 가능_포장_예약_무선 인터넷_유아의자_남/녀 화장실 구분_화장실 휠체어 이용가능_출입구 휠체어 이용가능_좌석 휠체어 이용가능_장애인 주차구역,주차가능
만만 전북대점,2065226658,요리주점,도로명전북 전주시 덕진구 명륜3길 18-5 1층복사지번전북 전주시 덕진구 덕진동1가 1314-183복사우편번호우편번호54898복사안내 레이어 닫기,0507-1328-7610,영업 중다음 날 05:00에 영업 종료다음 날 5시 0분에 영업 종료_영업 중다음 날 05:00에 영업 종료다음 날 5시 0분에 영업 종료_영업 중다음 날 05:00에 영업 종료다음 날 5시 0분에 영업 종료_영업 중_다음 날 05:00에 영업 종료다음 날 5시 0분에 영업 종료_다음 날 05:00에 영업 종료_다음 날 5시 0분에 영업 종료_매일17:00 - 다음 날 05:00접기_매일17:00 - 다음 날 05:00접기_매일17:00 - 다음 날 05:00_매일_17:00 - 다음 날 05:00_접기_접기,별점없음,0,0,https://search.pstatic.net/common/?autoRotate=true&type=w278_sharpen&src=https%3A%2F%2Fldb-phinf.pstatic.net%2F20260425_60%2F1777050892768JdKJg_JPEG%2F%25B4%25D9%25BF%25EE%25B7%25CE%25B5%25E5_%25286%2529.jpg,생일 혜택_단체 이용 가능_예약_무선 인터넷_남/녀 화장실 구분,주차 불가
써브웨이 전주전북대점,1476442418,샌드위치,도로명전북 전주시 덕진구 명륜4길 12 (덕진동1가)복사지번전북 전주시 덕진구 덕진동1가 1263-3복사우편번호우편번호54898복사안내 레이어 닫기,063-255-1154,영업 중22:00에 영업 종료22시 0분에 영업 종료_영업 중22:00에 영업 종료22시 0분에 영업 종료_영업 중22:00에 영업 종료22시 0분에 영업 종료_영업 중_22:00에 영업 종료22시 0분에 영업 종료_22:00에 영업 종료_22시 0분에 영업 종료_매일08:00 - 22:00접기_매일08:00 - 22:00접기_매일08:00 - 22:00_매일_08:00 - 22:00_접기_접기,별점없음,0,0,https://search.pstatic.net/common/?autoRotate=true&type=w560_sharpen&src=https%3A%2F%2Fldb-phinf.pstatic.net%2F20200103_82%2F1578043664049aVIC6_JPEG%2FoSo1QnUl87teoesK_lCcVLN0.jpg,편의시설 정보 없음,주차가능무료
오양집,2074534601,"찌개,전골",도로명전북 전주시 덕진구 명륜3길 23 1층 102호복사지번전북 전주시 덕진구 금암동 664-49복사우편번호우편번호54898복사안내 레이어 닫기,0507-1321-6161,영업 중22:00에 라스트오더22시 0분에 라스트오더_영업 중22:00에 라스트오더22시 0분에 라스트오더_영업 중22:00에 라스트오더22시 0분에 라스트오더_영업 중_22:00에 라스트오더22시 0분에 라스트오더_22:00에 라스트오더_22시 0분에 라스트오더_매일11:00 - 23:0015:00 - 17:00 브레이크타임22:00 라스트오더접기_매일11:00 - 23:0015:00 - 17:00 브레이크타임22:00 라스트오더접기_매일11:00 - 23:0015:00 - 17:00 브레이크타임22:00 라스트오더_매일_11:00 - 23:0015:00 - 17:00 브레이크타임22:00 라스트오더_접기_접기,별점없음,0,0,https://search.pstatic.net/common/?autoRotate=true&type=w560_sharpen&src=https%3A%2F%2Fldb-phinf.pstatic.net%2F20251110_264%2F1762749735842h7OjA_PNG%2F%25C7%25D1%25BB%25F3.png,포장_배달_무선 인터넷_남/녀 화장실 구분_대기공간,주차 불가
백리향,11663818,중식당,도로명전북 전주시 덕진구 백제대로 549복사지번전북 전주시 덕진구 금암동 709-15복사우편번호우편번호54898복사안내 레이어 닫기,063-274-8801,"영업 중20:30에 라스트오더20시 30분에 라스트오더_영업 중20:30에 라스트오더20시 30분에 라스트오더_영업 중20:30에 라스트오더20시 30분에 라스트오더_영업 중_20:30에 라스트오더20시 30분에 라스트오더_20:30에 라스트오더_20시 30분에 라스트오더_수11:00 - 21:0014:30 - 17:00 브레이크타임20:30 라스트오더_수11:00 - 21:0014:30 - 17:00 브레이크타임20:30 라스트오더_수11:00 - 21:0014:30 - 17:00 브레이크타임20:30 라스트오더_수_11:00 - 21:0014:30 - 17:00 브레이크타임20:30 라스트오더_목11:00 - 21:0014:30 - 17:00 브레이크타임20:30 라스트오더_목11:00 - 21:0014:30 - 17:00 브레이크타임20:30 라스트오더_목11:00 - 21:0014:30 - 17:00 브레이크타임20:30 라스트오더_목_11:00 - 21:0014:30 - 17:00 브레이크타임20:30 라스트오더_금11:00 - 21:0014:30 - 17:00 브레이크타임20:30 라스트오더_금11:00 - 21:0014:30 - 17:00 브레이크타임20:30 라스트오더_금11:00 - 21:0014:30 - 17:00 브레이크타임20:30 라스트오더_금_11:00 - 21:0014:30 - 17:00 브레이크타임20:30 라스트오더_토11:00 - 21:0015:00 - 16:30 브레이크타임20:30 라스트오더_토11:00 - 21:0015:00 - 16:30 브레이크타임20:30 라스트오더_토11:00 - 21:0015:00 - 16:30 브레이크타임20:30 라스트오더_토_11:00 - 21:0015:00 - 16:30 브레이크타임20:30 라스트오더_일11:00 - 21:0015:00 - 16:30 브레이크타임20:30 라스트오더_일11:00 - 21:0015:00 - 16:30 브레이크타임20:30 라스트오더_일11:00 - 21:0015:00 - 16:30 브레이크타임20:30 라스트오더_일_11:00 - 21:0015:00 - 16:30 브레이크타임20:30 라스트오더_월11:00 - 21:0014:30 - 17:00 브레이크타임20:30 라스트오더_월11:00 - 21:0014:30 - 17:00 브레이크타임20:30 라스트오더_월11:00 - 21:0014:30 - 17:00 브레이크타임20:30 라스트오더_월_11:00 - 21:0014:30 - 17:00 브레이크타임20:30 라스트오더_화11:00 - 21:0014:30 - 17:00 브레이크타임20:30 라스트오더_화11:00 - 21:0014:30 - 17:00 브레이크타임20:30 라스트오더_화11:00 - 21:0014:30 - 17:00 브레이크타임20:30 라스트오더_화_11:00 - 21:0014:30 - 17:00 브레이크타임20:30 라스트오더_- 연중무휴(추석,구정 연휴제외)주말 브레이크타임 유동적.접기_- 연중무휴(추석,구정 연휴제외)주말 브레이크타임 유동적.접기_- 연중무휴(추석,구정 연휴제외)주말 브레이크타임 유동적._- 연중무휴(추석,구정 연휴제외)주말 브레이크타임 유동적._접기_접기",별점4.35,0,0,https://search.pstatic.net/common/?autoRotate=true&type=w560_sharpen&src=https%3A%2F%2Fldb-phinf.pstatic.net%2F20200917_86%2F1600339383271jSS3g_JPEG%2F8dH6uiSmZApvc4gxuc5GD5gd.jpeg.jpg,예약_포장_단체 이용 가능_남/녀 화장실 구분_무선 인터넷,주차 불가
오늘김해뒷고기 전북대점,1679070493,돼지고기구이,도로명전북 전주시 덕진구 권삼득로 309-1 1층복사지번전북 전주시 덕진구 금암동 664-44복사우편번호우편번호54898복사안내 레이어 닫기,063-277-4134,영업 중23:00에 라스트오더23시 0분에 라스트오더_영업 중23:00에 라스트오더23시 0분에 라스트오더_영업 중23:00에 라스트오더23시 0분에 라스트오더_영업 중_23:00에 라스트오더23시 0분에 라스트오더_23:00에 라스트오더_23시 0분에 라스트오더_수16:30 - 24:0023:00 라스트오더_수16:30 - 24:0023:00 라스트오더_수16:30 - 24:0023:00 라스트오더_수_16:30 - 24:0023:00 라스트오더_목16:30 - 24:0023:00 라스트오더_목16:30 - 24:0023:00 라스트오더_목16:30 - 24:0023:00 라스트오더_목_16:30 - 24:0023:00 라스트오더_금16:30 - 24:0023:00 라스트오더_금16:30 - 24:0023:00 라스트오더_금16:30 - 24:0023:00 라스트오더_금_16:30 - 24:0023:00 라스트오더_토16:30 - 24:0023:00 라스트오더_토16:30 - 24:0023:00 라스트오더_토16:30 - 24:0023:00 라스트오더_토_16:30 - 24:0023:00 라스트오더_일16:30 - 24:0023:00 라스트오더_일16:30 - 24:0023:00 라스트오더_일16:30 - 24:0023:00 라스트오더_일_16:30 - 24:0023:00 라스트오더_월16:30 - 24:0023:00 라스트오더_월16:30 - 24:0023:00 라스트오더_월16:30 - 24:0023:00 라스트오더_월_16:30 - 24:0023:00 라스트오더_화16:30 - 24:0023:00 라스트오더접기_화16:30 - 24:0023:00 라스트오더접기_화16:30 - 24:0023:00 라스트오더_화_16:30 - 24:0023:00 라스트오더_접기_접기,별점없음,0,0,https://search.pstatic.net/common/?autoRotate=true&type=w560_sharpen&src=https%3A%2F%2Fldb-phinf.pstatic.net%2F20220604_221%2F1654336264868UPmoM_JPEG%2FKakaoTalk_20220604_185047985.jpg,편의시설 정보 없음,주차가능유료
고수닭갈비 전북대점,32665451,닭갈비,도로명전북 전주시 덕진구 명륜3길 20복사지번전북 전주시 덕진구 덕진동1가 1314-179복사우편번호우편번호54898복사안내 레이어 닫기,063-274-1585,영업 중24:00에 영업 종료0시 0분에 영업 종료_영업 중24:00에 영업 종료0시 0분에 영업 종료_영업 중24:00에 영업 종료0시 0분에 영업 종료_영업 중_24:00에 영업 종료0시 0분에 영업 종료_24:00에 영업 종료_0시 0분에 영업 종료_매일11:00 - 24:0015:00 - 15:30 브레이크타임접기_매일11:00 - 24:0015:00 - 15:30 브레이크타임접기_매일11:00 - 24:0015:00 - 15:30 브레이크타임_매일_11:00 - 24:0015:00 - 15:30 브레이크타임_접기_접기,별점없음,0,0,https://search.pstatic.net/common/?autoRotate=true&type=w560_sharpen&src=https%3A%2F%2Fldb-phinf.pstatic.net%2F20200719_123%2F1595148231643RyLHP_JPEG%2F-phiw7rgTgOtjJB5TtMiX3Rt.JPG.jpg,편의시설 정보 없음,주차가능유료
아웃닭 전북대점,1011312909,"치킨,닭강정",도로명전북 전주시 덕진구 명륜3길 18-2 1층복사지번전북 전주시 덕진구 덕진동1가 1264-24복사우편번호우편번호54898복사안내 레이어 닫기,0507-1346-9417,영업 중다음 날 00:00에 라스트오더다음 날 0시 0분에 라스트오더_영업 중다음 날 00:00에 라스트오더다음 날 0시 0분에 라스트오더_영업 중다음 날 00:00에 라스트오더다음 날 0시 0분에 라스트오더_영업 중_다음 날 00:00에 라스트오더다음 날 0시 0분에 라스트오더_다음 날 00:00에 라스트오더_다음 날 0시 0분에 라스트오더_매일17:00 - 다음 날 01:0000:00 라스트오더접기_매일17:00 - 다음 날 01:0000:00 라스트오더접기_매일17:00 - 다음 날 01:0000:00 라스트오더_매일_17:00 - 다음 날 01:0000:00 라스트오더_접기_접기,별점없음,0,0,https://search.pstatic.net/common/?autoRotate=true&type=w560_sharpen&src=https%3A%2F%2Fldb-phinf.pstatic.net%2F20250922_41%2F1758504955937wUTmJ_GIF%2FGIF_20250922102553679.gif,포장_단체 이용 가능_남/녀 화장실 구분_예약_무선 인터넷_대기공간_출입구 휠체어 이용가능,주차 불가
고궁 전주본점,11710588,비빔밥,도로명전북 전주시 덕진구 송천중앙로 33복사지번전북 전주시 덕진구 덕진동2가 168-9복사안내 레이어 닫기,0507-1355-3211,"영업 중20:30에 라스트오더20시 30분에 라스트오더_영업 중20:30에 라스트오더20시 30분에 라스트오더_영업 중20:30에 라스트오더20시 30분에 라스트오더_영업 중_20:30에 라스트오더20시 30분에 라스트오더_20:30에 라스트오더_20시 30분에 라스트오더_수11:00 - 21:0020:30 라스트오더_수11:00 - 21:0020:30 라스트오더_수11:00 - 21:0020:30 라스트오더_수_11:00 - 21:0020:30 라스트오더_목11:00 - 21:0020:30 라스트오더_목11:00 - 21:0020:30 라스트오더_목11:00 - 21:0020:30 라스트오더_목_11:00 - 21:0020:30 라스트오더_금11:00 - 21:0020:30 라스트오더_금11:00 - 21:0020:30 라스트오더_금11:00 - 21:0020:30 라스트오더_금_11:00 - 21:0020:30 라스트오더_토11:00 - 21:0020:30 라스트오더_토11:00 - 21:0020:30 라스트오더_토11:00 - 21:0020:30 라스트오더_토_11:00 - 21:0020:30 라스트오더_일11:00 - 21:0020:30 라스트오더_일11:00 - 21:0020:30 라스트오더_일11:00 - 21:0020:30 라스트오더_일_11:00 - 21:0020:30 라스트오더_월11:00 - 21:0020:30 라스트오더_월11:00 - 21:0020:30 라스트오더_월11:00 - 21:0020:30 라스트오더_월_11:00 - 21:0020:30 라스트오더_화11:00 - 21:0020:30 라스트오더_화11:00 - 21:0020:30 라스트오더_화11:00 - 21:0020:30 라스트오더_화_11:00 - 21:0020:30 라스트오더_- 브레이크 타임없습니다. 설날, 추석 전날과 당일 휴무접기_- 브레이크 타임없습니다. 설날, 추석 전날과 당일 휴무접기_- 브레이크 타임없습니다. 설날, 추석 전날과 당일 휴무_- 브레이크 타임없습니다. 설날, 추석 전날과 당일 휴무_접기_접기",별점4.2,0,0,https://search.pstatic.net/common/?autoRotate=true&type=w560_sharpen&src=https%3A%2F%2Fldb-phinf.pstatic.net%2F20180919_6%2F1537348154926Njjes_JPEG%2FGtLaufz7X0l429NapC99dJwx.jpg,예약_단체 이용 가능_남/녀 화장실 구분_무선 인터넷_유아의자_대기공간_화장실 휠체어 이용가능_출입구 휠체어 이용가능_좌석 휠체어 이용가능_장애인 주차구역,주차가능무료
이디야커피 전북대구정문점,1601885253,카페,"도로명전북 전주시 덕진구 권삼득로 313 2,3층복사지번전북 전주시 덕진구 금암동 664-39복사우편번호우편번호54898복사안내 레이어 닫기",0507-1336-5776,영업 중23:00에 영업 종료23시 0분에 영업 종료_영업 중23:00에 영업 종료23시 0분에 영업 종료_영업 중23:00에 영업 종료23시 0분에 영업 종료_영업 중_23:00에 영업 종료23시 0분에 영업 종료_23:00에 영업 종료_23시 0분에 영업 종료_매일10:00 - 23:00접기_매일10:00 - 23:00접기_매일10:00 - 23:00_매일_10:00 - 23:00_접기_접기,별점없음,0,0,https://search.pstatic.net/common/?autoRotate=true&type=w560_sharpen&src=https%3A%2F%2Fldb-phinf.pstatic.net%2F20260602_118%2F1780358490913PvU3R_JPEG%2F%25C0%25CC%25B5%25F0%25BE%25DF_%25BF%25C2%25B6%25F3%25C0%25CE_SNS%252C_%25B1%25E2%25C5%25B8_%25C4%25DA%25C4%25DA%25B3%25D3%25B6%25F3%25B6%25BC_2%25C1%25BE_%25B3%25D7%25C0%25CC%25B9%25F6%25C3%25A4%25B3%25CE.jpg,포장,주차가능무료
전주숯불닭집 전북대점,1334231168,닭요리,도로명전북 전주시 덕진구 명륜4길 11-10복사지번전북 전주시 덕진구 덕진동1가 1261-28복사우편번호우편번호54898복사안내 레이어 닫기,0507-1380-7838,영업 중다음 날 00:30에 영업 종료다음 날 0시 30분에 영업 종료_영업 중다음 날 00:30에 영업 종료다음 날 0시 30분에 영업 종료_영업 중다음 날 00:30에 영업 종료다음 날 0시 30분에 영업 종료_영업 중_다음 날 00:30에 영업 종료다음 날 0시 30분에 영업 종료_다음 날 00:30에 영업 종료_다음 날 0시 30분에 영업 종료_수17:00 - 다음 날 00:30_수17:00 - 다음 날 00:30_수17:00 - 다음 날 00:30_수_17:00 - 다음 날 00:30_목17:00 - 다음 날 00:30_목17:00 - 다음 날 00:30_목17:00 - 다음 날 00:30_목_17:00 - 다음 날 00:30_금17:00 - 다음 날 00:30_금17:00 - 다음 날 00:30_금17:00 - 다음 날 00:30_금_17:00 - 다음 날 00:30_토17:00 - 다음 날 00:30_토17:00 - 다음 날 00:30_토17:00 - 다음 날 00:30_토_17:00 - 다음 날 00:30_일17:00 - 다음 날 00:30_일17:00 - 다음 날 00:30_일17:00 - 다음 날 00:30_일_17:00 - 다음 날 00:30_월정기휴무 (매주 월요일)_월정기휴무 (매주 월요일)_월정기휴무 (매주 월요일)_월_정기휴무 (매주 월요일)_정기휴무 (매주 월요일)_화17:00 - 다음 날 00:30접기_화17:00 - 다음 날 00:30접기_화17:00 - 다음 날 00:30_화_17:00 - 다음 날 00:30_접기_접기,별점4.85,0,0,https://search.pstatic.net/common/?autoRotate=true&type=w560_sharpen&src=https%3A%2F%2Fldb-phinf.pstatic.net%2F20210314_67%2F1615720925796EzWBn_JPEG%2F4PWr8zGkU_JoBF2YgcpjCto0.jpeg.jpg,편의시설 정보 없음,주차가능무료
청년다방 전북대점,1583286582,분식,도로명전북 전주시 덕진구 명륜3길 19 청년다방 전북대점복사지번전북 전주시 덕진구 덕진동1가 1314-176복사우편번호우편번호54898복사안내 레이어 닫기,063-251-2775,영업 중21:40에 영업 종료21시 40분에 영업 종료_영업 중21:40에 영업 종료21시 40분에 영업 종료_영업 중21:40에 영업 종료21시 40분에 영업 종료_영업 중_21:40에 영업 종료21시 40분에 영업 종료_21:40에 영업 종료_21시 40분에 영업 종료_매일11:00 - 21:40접기_매일11:00 - 21:40접기_매일11:00 - 21:40_매일_11:00 - 21:40_접기_접기,별점없음,0,0,https://search.pstatic.net/common/?autoRotate=true&type=w560_sharpen&src=https%3A%2F%2Fldb-phinf.pstatic.net%2F20251106_269%2F1762396969478eLUM9_JPEG%2F%25C6%25F7%25BD%25BA%25C5%25CD.jpg,예약_배달_포장_단체 이용 가능_방문접수/출장_남/녀 화장실 구분_대기공간_무선 인터넷_출입구 휠체어 이용가능,주차 불가
팬도로시 전북대점,36959653,카페,도로명전북 전주시 덕진구 창포길 93 전북대학교생활관복사지번전북 전주시 덕진구 덕진동1가 1327-37복사우편번호우편번호54896복사안내 레이어 닫기,063-255-0823,영업 중22:00에 영업 종료22시 0분에 영업 종료_영업 중22:00에 영업 종료22시 0분에 영업 종료_영업 중22:00에 영업 종료22시 0분에 영업 종료_영업 중_22:00에 영업 종료22시 0분에 영업 종료_22:00에 영업 종료_22시 0분에 영업 종료_수08:30 - 22:00_수08:30 - 22:00_수08:30 - 22:00_수_08:30 - 22:00_목08:30 - 22:00_목08:30 - 22:00_목08:30 - 22:00_목_08:30 - 22:00_금08:30 - 22:00_금08:30 - 22:00_금08:30 - 22:00_금_08:30 - 22:00_토11:00 - 20:00_토11:00 - 20:00_토11:00 - 20:00_토_11:00 - 20:00_일11:00 - 20:00_일11:00 - 20:00_일11:00 - 20:00_일_11:00 - 20:00_월08:30 - 22:00_월08:30 - 22:00_월08:30 - 22:00_월_08:30 - 22:00_화08:30 - 22:00_화08:30 - 22:00_화08:30 - 22:00_화_08:30 - 22:00_- 월~목 8시30오픈 22시마감   금토일  마감 20시접기_- 월~목 8시30오픈 22시마감   금토일  마감 20시접기_- 월~목 8시30오픈 22시마감   금토일  마감 20시_- 월~목 8시30오픈 22시마감   금토일  마감 20시_접기_접기,별점없음,0,0,https://search.pstatic.net/common/?autoRotate=true&type=w560_sharpen&src=https%3A%2F%2Fldb-phinf.pstatic.net%2F20160225_249%2F1456385468996CxSWq_JPEG%2F176175566127899_5.jpg,편의시설 정보 없음,주차 불가
인앤아웃,1261217411,"카페,디저트",도로명전북 전주시 덕진구 명륜4길 17복사지번전북 전주시 덕진구 덕진동1가 1261-4복사우편번호우편번호54898복사안내 레이어 닫기,070-7762-6771,24시간 영업연중무휴연중무휴_24시간 영업연중무휴연중무휴_24시간 영업연중무휴연중무휴_24시간 영업_연중무휴연중무휴_연중무휴_연중무휴_매일00:00 - 24:00접기_매일00:00 - 24:00접기_매일00:00 - 24:00_매일_00:00 - 24:00_접기_접기,별점없음,0,0,https://search.pstatic.net/common/?autoRotate=true&quality=95&type=w750&src=https%3A%2F%2Fldb-phinf.pstatic.net%2F20201204_132%2F1607068886121NpKgo_JPEG%2FtqTqSACieDPWrfMslrnrb4sQ.jpg,예약_포장,주차 불가
고씨네 전북대점,1025769003,카레,도로명전북 전주시 덕진구 명륜4길 17 고씨네 전북대점복사지번전북 전주시 덕진구 덕진동1가 1261-4복사우편번호우편번호54898복사안내 레이어 닫기,063-278-8222,영업 중21:00에 영업 종료21시 0분에 영업 종료_영업 중21:00에 영업 종료21시 0분에 영업 종료_영업 중21:00에 영업 종료21시 0분에 영업 종료_영업 중_21:00에 영업 종료21시 0분에 영업 종료_21:00에 영업 종료_21시 0분에 영업 종료_매일10:30 - 21:00접기_매일10:30 - 21:00접기_매일10:30 - 21:00_매일_10:30 - 21:00_접기_접기,별점없음,0,0,https://search.pstatic.net/common/?autoRotate=true&type=w560_sharpen&src=https%3A%2F%2Fldb-phinf.pstatic.net%2F20250114_147%2F1736835714642D1eId_JPEG%2FIMG_3257.jpeg,포장_배달_단체 이용 가능_무선 인터넷,주차 불가
메가MGC커피 전북사대부고점,2031641520,카페,도로명전북 전주시 덕진구 조경단로 108 1층 101호복사지번전북 전주시 덕진구 금암동 632-153복사우편번호우편번호54907복사안내 레이어 닫기,0507-1451-7965,영업 중22:00에 영업 종료22시 0분에 영업 종료_영업 중22:00에 영업 종료22시 0분에 영업 종료_영업 중22:00에 영업 종료22시 0분에 영업 종료_영업 중_22:00에 영업 종료22시 0분에 영업 종료_22:00에 영업 종료_22시 0분에 영업 종료_매일08:00 - 22:00접기_매일08:00 - 22:00접기_매일08:00 - 22:00_매일_08:00 - 22:00_접기_접기,별점없음,0,0,https://search.pstatic.net/common/?autoRotate=true&type=w560_sharpen&src=https%3A%2F%2Fldb-phinf.pstatic.net%2F20251129_98%2F1764361758073S2BB4_JPEG%2FIMG_3637.jpeg,예약_포장_배달_단체 이용 가능_남/녀 화장실 구분,주차 불가
옛날땡땡이상추튀김,17125303,종합분식,도로명전북 전주시 덕진구 권삼득로 313 1층중간복사지번전북 전주시 덕진구 금암동 664-39복사우편번호우편번호54898복사안내 레이어 닫기,063-273-0903,24시간 영업_24시간 영업_24시간 영업_24시간 영업_수00:00 - 24:00_수00:00 - 24:00_수00:00 - 24:00_수_00:00 - 24:00_목00:00 - 24:00_목00:00 - 24:00_목00:00 - 24:00_목_00:00 - 24:00_금00:00 - 24:00_금00:00 - 24:00_금00:00 - 24:00_금_00:00 - 24:00_토00:00 - 24:00_토00:00 - 24:00_토00:00 - 24:00_토_00:00 - 24:00_일정기휴무 (매주 일요일)_일정기휴무 (매주 일요일)_일정기휴무 (매주 일요일)_일_정기휴무 (매주 일요일)_정기휴무 (매주 일요일)_월00:00 - 24:00_월00:00 - 24:00_월00:00 - 24:00_월_00:00 - 24:00_화00:00 - 24:00접기_화00:00 - 24:00접기_화00:00 - 24:00_화_00:00 - 24:00_접기_접기,별점없음,0,0,https://search.pstatic.net/common/?autoRotate=true&type=w560_sharpen&src=https%3A%2F%2Fldb-phinf.pstatic.net%2F20171026_46%2F1509000055368iedPd_JPEG%2FqUDltZLjGXycmI29_gXdhta2.jpg,편의시설 정보 없음,주차 불가
오타마 전북대점,1757117504,요리주점,도로명전북 전주시 덕진구 명륜5길 13 오타마복사지번전북 전주시 덕진구 덕진동1가 1277-10복사우편번호우편번호54898복사안내 레이어 닫기,0507-1489-0220,영업 중다음 날 03:00에 영업 종료다음 날 3시 0분에 영업 종료_영업 중다음 날 03:00에 영업 종료다음 날 3시 0분에 영업 종료_영업 중다음 날 03:00에 영업 종료다음 날 3시 0분에 영업 종료_영업 중_다음 날 03:00에 영업 종료다음 날 3시 0분에 영업 종료_다음 날 03:00에 영업 종료_다음 날 3시 0분에 영업 종료_수17:00 - 다음 날 03:00_수17:00 - 다음 날 03:00_수17:00 - 다음 날 03:00_수_17:00 - 다음 날 03:00_목17:00 - 다음 날 03:00_목17:00 - 다음 날 03:00_목17:00 - 다음 날 03:00_목_17:00 - 다음 날 03:00_금17:00 - 다음 날 04:00_금17:00 - 다음 날 04:00_금17:00 - 다음 날 04:00_금_17:00 - 다음 날 04:00_토17:00 - 다음 날 04:00_토17:00 - 다음 날 04:00_토17:00 - 다음 날 04:00_토_17:00 - 다음 날 04:00_일17:00 - 다음 날 03:00_일17:00 - 다음 날 03:00_일17:00 - 다음 날 03:00_일_17:00 - 다음 날 03:00_월정기휴무 (매주 월요일)_월정기휴무 (매주 월요일)_월정기휴무 (매주 월요일)_월_정기휴무 (매주 월요일)_정기휴무 (매주 월요일)_화17:00 - 다음 날 03:00_화17:00 - 다음 날 03:00_화17:00 - 다음 날 03:00_화_17:00 - 다음 날 03:00_- 공휴일 전날.당일 정상 영업합니다접기_- 공휴일 전날.당일 정상 영업합니다접기_- 공휴일 전날.당일 정상 영업합니다_- 공휴일 전날.당일 정상 영업합니다_접기_접기,별점없음,0,0,https://search.pstatic.net/common/?autoRotate=true&type=w560_sharpen&src=https%3A%2F%2Fldb-phinf.pstatic.net%2F20241114_257%2F1731551711740Yck4m_PNG%2F1.png,단체 이용 가능_포장_무선 인터넷,주차 불가
더벤티 전북대점,1841189951,카페,도로명전북 전주시 덕진구 기린대로 466 1층 101호복사지번전북 전주시 덕진구 덕진동1가 1266-39복사우편번호우편번호54898복사안내 레이어 닫기,063-273-5137,영업 중21:20에 영업 종료21시 20분에 영업 종료_영업 중21:20에 영업 종료21시 20분에 영업 종료_영업 중21:20에 영업 종료21시 20분에 영업 종료_영업 중_21:20에 영업 종료21시 20분에 영업 종료_21:20에 영업 종료_21시 20분에 영업 종료_매일08:00 - 21:20_매일08:00 - 21:20_매일08:00 - 21:20_매일_08:00 - 21:20_- 홀마감시간 21:20접기_- 홀마감시간 21:20접기_- 홀마감시간 21:20_- 홀마감시간 21:20_접기_접기,별점없음,0,0,https://search.pstatic.net/common/?autoRotate=true&type=w560_sharpen&src=https%3A%2F%2Fldb-phinf.pstatic.net%2F20240103_297%2F1704241881526AIzwR_JPEG%2F1._%25B4%25F5%25BA%25A5%25C6%25BC_%25C4%25BF%25C7%25C7_BI.jpg,무선 인터넷_포장,주차 불가
롤링파스타 전북대점,1504528401,"스파게티,파스타전문",도로명전북 전주시 덕진구 권삼득로 303복사지번전북 전주시 덕진구 금암동 664-77복사우편번호우편번호54898복사안내 레이어 닫기,063-277-3235,영업 중21:15에 라스트오더21시 15분에 라스트오더_영업 중21:15에 라스트오더21시 15분에 라스트오더_영업 중21:15에 라스트오더21시 15분에 라스트오더_영업 중_21:15에 라스트오더21시 15분에 라스트오더_21:15에 라스트오더_21시 15분에 라스트오더_매일10:30 - 21:5021:15 라스트오더접기_매일10:30 - 21:5021:15 라스트오더접기_매일10:30 - 21:5021:15 라스트오더_매일_10:30 - 21:5021:15 라스트오더_접기_접기,별점없음,0,0,https://search.pstatic.net/common/?autoRotate=true&type=w560_sharpen&src=https%3A%2F%2Fldb-phinf.pstatic.net%2F20260211_120%2F17707699837236OWB4_JPEG%2F260203_%25B7%25D1%25B8%25B5%25C6%25C4%25BD%25BA%25C5%25B8_%25BA%25D2%25B4%25DF%25C6%25C4%25BD%25BA%25C5%25B8-2%25C1%25BE_%25C6%25F7%25BD%25BA%25C5%25CD_A2.jpg,남/녀 화장실 구분_단체 이용 가능_포장_배달,주차 불가
커피디딤,17122310,카페,"도로명전북 전주시 덕진구 권삼득로 299 1,2,3층복사지번전북 전주시 덕진구 금암동 664-17복사우편번호우편번호54898복사안내 레이어 닫기",063-252-3082,영업 중22:05에 영업 종료22시 5분에 영업 종료_영업 중22:05에 영업 종료22시 5분에 영업 종료_영업 중22:05에 영업 종료22시 5분에 영업 종료_영업 중_22:05에 영업 종료22시 5분에 영업 종료_22:05에 영업 종료_22시 5분에 영업 종료_수07:50 - 22:05_수07:50 - 22:05_수07:50 - 22:05_수_07:50 - 22:05_목07:50 - 22:05_목07:50 - 22:05_목07:50 - 22:05_목_07:50 - 22:05_금07:50 - 22:05_금07:50 - 22:05_금07:50 - 22:05_금_07:50 - 22:05_토08:00 - 21:00_토08:00 - 21:00_토08:00 - 21:00_토_08:00 - 21:00_일10:30 - 19:30_일10:30 - 19:30_일10:30 - 19:30_일_10:30 - 19:30_월07:50 - 22:05_월07:50 - 22:05_월07:50 - 22:05_월_07:50 - 22:05_화07:50 - 22:05접기_화07:50 - 22:05접기_화07:50 - 22:05_화_07:50 - 22:05_접기_접기,별점없음,0,0,https://search.pstatic.net/common/?autoRotate=true&type=w560_sharpen&src=https%3A%2F%2Fldb-phinf.pstatic.net%2F20240907_130%2F1725663982996UTy3N_JPEG%2F1000003787.jpg,편의시설 정보 없음,주차 불가
카운드리,1366935273,카페,도로명전북 전주시 덕진구 건지4길 10-37 카운드리복사지번전북 전주시 덕진구 인후동2가 1532-8복사우편번호우편번호54907복사안내 레이어 닫기,0507-1318-7270,영업 중23:30에 라스트오더23시 30분에 라스트오더_영업 중23:30에 라스트오더23시 30분에 라스트오더_영업 중23:30에 라스트오더23시 30분에 라스트오더_영업 중_23:30에 라스트오더23시 30분에 라스트오더_23:30에 라스트오더_23시 30분에 라스트오더_매일10:30 - 24:0023:30 라스트오더접기_매일10:30 - 24:0023:30 라스트오더접기_매일10:30 - 24:0023:30 라스트오더_매일_10:30 - 24:0023:30 라스트오더_접기_접기,별점없음,0,0,https://search.pstatic.net/common/?autoRotate=true&type=w560_sharpen&src=https%3A%2F%2Fldb-phinf.pstatic.net%2F20251102_96%2F1762083007470Ctjmr_JPEG%2FKakaoTalk_20251102_201831793_06.jpg,단체 이용 가능_무선 인터넷_\반려동물 동반_남/녀 화장실 구분_배달_포장_유아의자,주차가능무료
언더그라운드,1264300738,양식,도로명전북 전주시 덕진구 명륜4길 21-7 지하1층복사지번전북 전주시 덕진구 덕진동1가 1314-161복사우편번호우편번호54898복사안내 레이어 닫기,0507-1347-5008,영업 중20:30에 라스트오더20시 30분에 라스트오더_영업 중20:30에 라스트오더20시 30분에 라스트오더_영업 중20:30에 라스트오더20시 30분에 라스트오더_영업 중_20:30에 라스트오더20시 30분에 라스트오더_20:30에 라스트오더_20시 30분에 라스트오더_수11:00 - 21:0015:00 - 17:00 브레이크타임20:30 라스트오더_수11:00 - 21:0015:00 - 17:00 브레이크타임20:30 라스트오더_수11:00 - 21:0015:00 - 17:00 브레이크타임20:30 라스트오더_수_11:00 - 21:0015:00 - 17:00 브레이크타임20:30 라스트오더_목11:00 - 21:0015:00 - 17:00 브레이크타임20:30 라스트오더_목11:00 - 21:0015:00 - 17:00 브레이크타임20:30 라스트오더_목11:00 - 21:0015:00 - 17:00 브레이크타임20:30 라스트오더_목_11:00 - 21:0015:00 - 17:00 브레이크타임20:30 라스트오더_금11:00 - 21:0015:00 - 17:00 브레이크타임20:30 라스트오더_금11:00 - 21:0015:00 - 17:00 브레이크타임20:30 라스트오더_금11:00 - 21:0015:00 - 17:00 브레이크타임20:30 라스트오더_금_11:00 - 21:0015:00 - 17:00 브레이크타임20:30 라스트오더_토11:00 - 21:0015:00 - 17:00 브레이크타임20:30 라스트오더_토11:00 - 21:0015:00 - 17:00 브레이크타임20:30 라스트오더_토11:00 - 21:0015:00 - 17:00 브레이크타임20:30 라스트오더_토_11:00 - 21:0015:00 - 17:00 브레이크타임20:30 라스트오더_일정기휴무 (매주 일요일)_일정기휴무 (매주 일요일)_일정기휴무 (매주 일요일)_일_정기휴무 (매주 일요일)_정기휴무 (매주 일요일)_월11:00 - 21:0015:00 - 17:00 브레이크타임20:30 라스트오더_월11:00 - 21:0015:00 - 17:00 브레이크타임20:30 라스트오더_월11:00 - 21:0015:00 - 17:00 브레이크타임20:30 라스트오더_월_11:00 - 21:0015:00 - 17:00 브레이크타임20:30 라스트오더_화11:00 - 21:0015:00 - 17:00 브레이크타임20:30 라스트오더접기_화11:00 - 21:0015:00 - 17:00 브레이크타임20:30 라스트오더접기_화11:00 - 21:0015:00 - 17:00 브레이크타임20:30 라스트오더_화_11:00 - 21:0015:00 - 17:00 브레이크타임20:30 라스트오더_접기_접기,별점없음,0,0,https://search.pstatic.net/common/?autoRotate=true&type=w560_sharpen&src=https%3A%2F%2Fldb-phinf.pstatic.net%2F20251203_72%2F1764731196520CrbEn_JPEG%2FIMG_2377.jpeg,단체 이용 가능_무선 인터넷_포장_예약,주차 불가
고래와,2089666743,이자카야,도로명전북 전주시 덕진구 명륜5길 10-2 1층 101호복사지번전북 전주시 덕진구 덕진동1가 1262-2복사우편번호우편번호54898복사안내 레이어 닫기,0507-1340-7630,영업 중다음 날 04:00에 영업 종료다음 날 4시 0분에 영업 종료_영업 중다음 날 04:00에 영업 종료다음 날 4시 0분에 영업 종료_영업 중다음 날 04:00에 영업 종료다음 날 4시 0분에 영업 종료_영업 중_다음 날 04:00에 영업 종료다음 날 4시 0분에 영업 종료_다음 날 04:00에 영업 종료_다음 날 4시 0분에 영업 종료_수17:00 - 다음 날 04:00_수17:00 - 다음 날 04:00_수17:00 - 다음 날 04:00_수_17:00 - 다음 날 04:00_목17:00 - 다음 날 04:00_목17:00 - 다음 날 04:00_목17:00 - 다음 날 04:00_목_17:00 - 다음 날 04:00_금17:00 - 다음 날 05:00_금17:00 - 다음 날 05:00_금17:00 - 다음 날 05:00_금_17:00 - 다음 날 05:00_토17:00 - 다음 날 05:00_토17:00 - 다음 날 05:00_토17:00 - 다음 날 05:00_토_17:00 - 다음 날 05:00_일17:00 - 다음 날 04:00_일17:00 - 다음 날 04:00_일17:00 - 다음 날 04:00_일_17:00 - 다음 날 04:00_월17:00 - 다음 날 04:00_월17:00 - 다음 날 04:00_월17:00 - 다음 날 04:00_월_17:00 - 다음 날 04:00_화17:00 - 다음 날 04:00접기_화17:00 - 다음 날 04:00접기_화17:00 - 다음 날 04:00_화_17:00 - 다음 날 04:00_접기_접기,별점없음,0,0,https://search.pstatic.net/common/?autoRotate=true&type=w560_sharpen&src=https%3A%2F%2Fldb-phinf.pstatic.net%2F20260517_229%2F1779014660269ci6mR_JPEG%2FIMG_4899.jpg,단체 이용 가능_예약_남/녀 화장실 구분,주차가능무료
금북시장 본점,1161274810,술집,도로명전북 전주시 덕진구 명륜4길 18-7 금북시장 본점복사지번전북 전주시 덕진구 금암동 1312-46복사우편번호우편번호54898복사안내 레이어 닫기,0507-1417-1240,영업 중다음 날 03:00에 영업 종료다음 날 3시 0분에 영업 종료_영업 중다음 날 03:00에 영업 종료다음 날 3시 0분에 영업 종료_영업 중다음 날 03:00에 영업 종료다음 날 3시 0분에 영업 종료_영업 중_다음 날 03:00에 영업 종료다음 날 3시 0분에 영업 종료_다음 날 03:00에 영업 종료_다음 날 3시 0분에 영업 종료_수17:00 - 다음 날 03:00_수17:00 - 다음 날 03:00_수17:00 - 다음 날 03:00_수_17:00 - 다음 날 03:00_목17:00 - 다음 날 03:00_목17:00 - 다음 날 03:00_목17:00 - 다음 날 03:00_목_17:00 - 다음 날 03:00_금17:00 - 다음 날 03:00_금17:00 - 다음 날 03:00_금17:00 - 다음 날 03:00_금_17:00 - 다음 날 03:00_토17:00 - 다음 날 03:00_토17:00 - 다음 날 03:00_토17:00 - 다음 날 03:00_토_17:00 - 다음 날 03:00_일17:00 - 다음 날 03:00_일17:00 - 다음 날 03:00_일17:00 - 다음 날 03:00_일_17:00 - 다음 날 03:00_월17:00 - 다음 날 03:00_월17:00 - 다음 날 03:00_월17:00 - 다음 날 03:00_월_17:00 - 다음 날 03:00_화17:00 - 다음 날 03:00접기_화17:00 - 다음 날 03:00접기_화17:00 - 다음 날 03:00_화_17:00 - 다음 날 03:00_접기_접기,별점없음,0,0,https://search.pstatic.net/common/?autoRotate=true&type=w560_sharpen&src=https%3A%2F%2Fldb-phinf.pstatic.net%2F20230520_113%2F16845120032459yktR_JPEG%2F20230428_195224.jpg,생일 혜택_단체 이용 가능_남/녀 화장실 구분_무선 인터넷_예약_출입구 휠체어 이용가능_좌석 휠체어 이용가능,주차 불가
미미마라 전북대본점,1544503541,중식당,도로명전북 전주시 덕진구 명륜4길 21-2 미미마라 전북대본점복사지번전북 전주시 덕진구 덕진동1가 1312-59복사우편번호우편번호54898복사안내 레이어 닫기,0507-1497-9236,영업 중21:30에 영업 종료21시 30분에 영업 종료_영업 중21:30에 영업 종료21시 30분에 영업 종료_영업 중21:30에 영업 종료21시 30분에 영업 종료_영업 중_21:30에 영업 종료21시 30분에 영업 종료_21:30에 영업 종료_21시 30분에 영업 종료_수11:00 - 21:30_수11:00 - 21:30_수11:00 - 21:30_수_11:00 - 21:30_목11:00 - 21:30_목11:00 - 21:30_목11:00 - 21:30_목_11:00 - 21:30_금11:00 - 21:30_금11:00 - 21:30_금11:00 - 21:30_금_11:00 - 21:30_토11:00 - 21:30_토11:00 - 21:30_토11:00 - 21:30_토_11:00 - 21:30_일11:00 - 21:30_일11:00 - 21:30_일11:00 - 21:30_일_11:00 - 21:30_월11:00 - 21:30_월11:00 - 21:30_월11:00 - 21:30_월_11:00 - 21:30_화11:00 - 21:30접기_화11:00 - 21:30접기_화11:00 - 21:30_화_11:00 - 21:30_접기_접기,별점없음,0,0,https://search.pstatic.net/common/?autoRotate=true&type=w560_sharpen&src=https%3A%2F%2Fldb-phinf.pstatic.net%2F20230224_176%2F1677212543920k14se_JPEG%2F%25B9%25CC%25B9%25CC%25B8%25B6%25B6%25F31.jpg,편의시설 정보 없음,주차 불가
파쿠야 전주점,1340584191,이자카야,도로명전북 전주시 덕진구 기린대로 456 1층 파쿠야복사지번전북 전주시 덕진구 덕진동1가 1265-19복사우편번호우편번호54898복사안내 레이어 닫기,0507-1449-3739,영업 중다음 날 04:00에 영업 종료다음 날 4시 0분에 영업 종료_영업 중다음 날 04:00에 영업 종료다음 날 4시 0분에 영업 종료_영업 중다음 날 04:00에 영업 종료다음 날 4시 0분에 영업 종료_영업 중_다음 날 04:00에 영업 종료다음 날 4시 0분에 영업 종료_다음 날 04:00에 영업 종료_다음 날 4시 0분에 영업 종료_매일17:30 - 다음 날 04:00_매일17:30 - 다음 날 04:00_매일17:30 - 다음 날 04:00_매일_17:30 - 다음 날 04:00_- 오후17:30 ~ 새벽04:00까지 운영합니다.!!!!접기_- 오후17:30 ~ 새벽04:00까지 운영합니다.!!!!접기_- 오후17:30 ~ 새벽04:00까지 운영합니다.!!!!_- 오후17:30 ~ 새벽04:00까지 운영합니다.!!!!_접기_접기,별점없음,0,0,https://search.pstatic.net/common/?autoRotate=true&type=w560_sharpen&src=https%3A%2F%2Fldb-phinf.pstatic.net%2F20240307_6%2F1709808836290GwAk9_JPEG%2FIMG_3920.jpeg,콜키지 가능유료_단체 이용 가능_예약_남/녀 화장실 구분_무선 인터넷_\반려동물 동반_포장,주차가능무료
내가찜한닭 전북대점,2033503482,찜닭,도로명전북 전주시 덕진구 명륜3길 19 102호복사지번전북 전주시 덕진구 덕진동1가 1314-176복사우편번호우편번호54898복사안내 레이어 닫기,0507-1303-3246,영업 중21:20에 라스트오더21시 20분에 라스트오더_영업 중21:20에 라스트오더21시 20분에 라스트오더_영업 중21:20에 라스트오더21시 20분에 라스트오더_영업 중_21:20에 라스트오더21시 20분에 라스트오더_21:20에 라스트오더_21시 20분에 라스트오더_매일10:00 - 22:0021:20 라스트오더접기_매일10:00 - 22:0021:20 라스트오더접기_매일10:00 - 22:0021:20 라스트오더_매일_10:00 - 22:0021:20 라스트오더_접기_접기,별점없음,0,0,https://search.pstatic.net/common/?autoRotate=true&type=w560_sharpen&src=https%3A%2F%2Fldb-phinf.pstatic.net%2F20250826_273%2F1756196324560WHxeX_JPEG%2F1000000836.jpg,테이크아웃 할인_남/녀 화장실 구분_단체 이용 가능_포장_배달_예약_무선 인터넷,주차 불가
하루샤브,1927768642,샤브샤브,도로명전북 전주시 덕진구 명륜4길 17 3층 304호복사지번전북 전주시 덕진구 덕진동1가 1261-4복사우편번호우편번호54898복사안내 레이어 닫기,0507-1373-6524,영업 중20:30에 라스트오더20시 30분에 라스트오더_영업 중20:30에 라스트오더20시 30분에 라스트오더_영업 중20:30에 라스트오더20시 30분에 라스트오더_영업 중_20:30에 라스트오더20시 30분에 라스트오더_20:30에 라스트오더_20시 30분에 라스트오더_매일11:00 - 21:0020:30 라스트오더접기_매일11:00 - 21:0020:30 라스트오더접기_매일11:00 - 21:0020:30 라스트오더_매일_11:00 - 21:0020:30 라스트오더_접기_접기,별점없음,0,0,https://search.pstatic.net/common/?autoRotate=true&type=w560_sharpen&src=https%3A%2F%2Fldb-phinf.pstatic.net%2F20260426_155%2F1777205030691GI0Je_PNG%2F1000011807.png,남/녀 화장실 구분_무선 인터넷_유아의자_대기공간_출입구 휠체어 이용가능,주차 불가
모쿠모쿠 전북대점,1131187302,"치킨,닭강정",도로명전북 전주시 덕진구 명륜4길 17-4 2층복사지번전북 전주시 덕진구 덕진동1가 1314-166복사우편번호우편번호54898복사안내 레이어 닫기,0507-1399-4530,영업 중다음 날 02:00에 영업 종료다음 날 2시 0분에 영업 종료_영업 중다음 날 02:00에 영업 종료다음 날 2시 0분에 영업 종료_영업 중다음 날 02:00에 영업 종료다음 날 2시 0분에 영업 종료_영업 중_다음 날 02:00에 영업 종료다음 날 2시 0분에 영업 종료_다음 날 02:00에 영업 종료_다음 날 2시 0분에 영업 종료_수16:00 - 다음 날 02:00_수16:00 - 다음 날 02:00_수16:00 - 다음 날 02:00_수_16:00 - 다음 날 02:00_목16:00 - 다음 날 02:00_목16:00 - 다음 날 02:00_목16:00 - 다음 날 02:00_목_16:00 - 다음 날 02:00_금16:00 - 다음 날 02:00_금16:00 - 다음 날 02:00_금16:00 - 다음 날 02:00_금_16:00 - 다음 날 02:00_토16:00 - 다음 날 02:00_토16:00 - 다음 날 02:00_토16:00 - 다음 날 02:00_토_16:00 - 다음 날 02:00_일17:00 - 다음 날 02:00_일17:00 - 다음 날 02:00_일17:00 - 다음 날 02:00_일_17:00 - 다음 날 02:00_월16:00 - 다음 날 02:00_월16:00 - 다음 날 02:00_월16:00 - 다음 날 02:00_월_16:00 - 다음 날 02:00_화16:00 - 다음 날 02:00접기_화16:00 - 다음 날 02:00접기_화16:00 - 다음 날 02:00_화_16:00 - 다음 날 02:00_접기_접기,별점없음,0,0,https://search.pstatic.net/common/?autoRotate=true&type=w560_sharpen&src=https%3A%2F%2Fldb-phinf.pstatic.net%2F20251124_241%2F1763971221822fkUdp_JPEG%2FKakaoTalk_20251124_165954218.jpg,단체 이용 가능_포장_배달_예약_남/녀 화장실 구분_무선 인터넷,주차 불가
링고스탠다드,1138069214,카페,도로명전북 전주시 덕진구 기린대로 483-4 1층복사지번전북 전주시 덕진구 덕진동1가 1275-15복사우편번호우편번호54893복사안내 레이어 닫기,0507-1366-2078,영업 종료08:30에 영업 시작8시 30분에 영업 시작_영업 종료08:30에 영업 시작8시 30분에 영업 시작_영업 종료08:30에 영업 시작8시 30분에 영업 시작_영업 종료_08:30에 영업 시작8시 30분에 영업 시작_08:30에 영업 시작_8시 30분에 영업 시작_수08:30 - 18:0017:00 라스트오더_수08:30 - 18:0017:00 라스트오더_수08:30 - 18:0017:00 라스트오더_수_08:30 - 18:0017:00 라스트오더_목08:30 - 18:0017:00 라스트오더_목08:30 - 18:0017:00 라스트오더_목08:30 - 18:0017:00 라스트오더_목_08:30 - 18:0017:00 라스트오더_금08:30 - 18:0017:00 라스트오더_금08:30 - 18:0017:00 라스트오더_금08:30 - 18:0017:00 라스트오더_금_08:30 - 18:0017:00 라스트오더_토08:30 - 18:0017:00 라스트오더_토08:30 - 18:0017:00 라스트오더_토08:30 - 18:0017:00 라스트오더_토_08:30 - 18:0017:00 라스트오더_일08:30 - 18:0017:00 라스트오더_일08:30 - 18:0017:00 라스트오더_일08:30 - 18:0017:00 라스트오더_일_08:30 - 18:0017:00 라스트오더_월08:30 - 18:0017:00 라스트오더_월08:30 - 18:0017:00 라스트오더_월08:30 - 18:0017:00 라스트오더_월_08:30 - 18:0017:00 라스트오더_화정기휴무 (매주 화요일)접기_화정기휴무 (매주 화요일)접기_화정기휴무 (매주 화요일)_화_정기휴무 (매주 화요일)_정기휴무 (매주 화요일)_접기_접기,별점없음,0,0,https://search.pstatic.net/common/?autoRotate=true&type=w560_sharpen&src=https%3A%2F%2Fldb-phinf.pstatic.net%2F20250321_215%2F1742485010031owKIr_JPEG%2FDSCF9128.jpeg,포장_단체 이용 가능,주차가능무료
만족왕족발보쌈,37392264,"족발,보쌈",도로명전북 전주시 덕진구 솔내1길 2-2복사지번전북 전주시 덕진구 송천동1가 265-46복사우편번호우편번호54837복사안내 레이어 닫기,063-276-1151,"영업 중22:00에 영업 종료22시 0분에 영업 종료_영업 중22:00에 영업 종료22시 0분에 영업 종료_영업 중22:00에 영업 종료22시 0분에 영업 종료_영업 중_22:00에 영업 종료22시 0분에 영업 종료_22:00에 영업 종료_22시 0분에 영업 종료_수11:30 - 22:00_수11:30 - 22:00_수11:30 - 22:00_수_11:30 - 22:00_목11:30 - 22:00_목11:30 - 22:00_목11:30 - 22:00_목_11:30 - 22:00_금11:30 - 22:00_금11:30 - 22:00_금11:30 - 22:00_금_11:30 - 22:00_토11:30 - 22:00_토11:30 - 22:00_토11:30 - 22:00_토_11:30 - 22:00_일11:30 - 22:00_일11:30 - 22:00_일11:30 - 22:00_일_11:30 - 22:00_월11:30 - 22:00_월11:30 - 22:00_월11:30 - 22:00_월_11:30 - 22:00_화11:30 - 22:00_화11:30 - 22:00_화11:30 - 22:00_화_11:30 - 22:00_매달 1, 3번째 일요일 정기 휴무접기_매달 1, 3번째 일요일 정기 휴무접기_매달 1, 3번째 일요일 정기 휴무_접기_접기",별점없음,0,0,https://search.pstatic.net/common/?autoRotate=true&type=w560_sharpen&src=https%3A%2F%2Fldb-phinf.pstatic.net%2F20200426_142%2F1587895589011FO8rq_JPEG%2F_RjF2SGA8s6_m8ovN4T_GveU.jpg,단체 이용 가능_포장_배달,주차가능무료
카페구디,1963358828,"카페,디저트",도로명전북 전주시 덕진구 기린대로 464 1층 카페 구디복사지번전북 전주시 덕진구 덕진동1가 1265-10복사우편번호우편번호54898복사안내 레이어 닫기,0507-1472-9908,영업 중23:40에 라스트오더23시 40분에 라스트오더_영업 중23:40에 라스트오더23시 40분에 라스트오더_영업 중23:40에 라스트오더23시 40분에 라스트오더_영업 중_23:40에 라스트오더23시 40분에 라스트오더_23:40에 라스트오더_23시 40분에 라스트오더_매일12:00 - 24:0023:40 라스트오더접기_매일12:00 - 24:0023:40 라스트오더접기_매일12:00 - 24:0023:40 라스트오더_매일_12:00 - 24:0023:40 라스트오더_접기_접기,별점없음,0,0,https://search.pstatic.net/common/?autoRotate=true&type=w560_sharpen&src=https%3A%2F%2Fldb-phinf.pstatic.net%2F20240305_77%2F1709574361391CUesN_JPEG%2F004AED73-BB6D-4B42-A4FD-6B3F69072C05.jpeg,테이크아웃 할인_배달_남/녀 화장실 구분_무선 인터넷_예약_단체 이용 가능_포장,주차 불가
슬기네가맥 본점,958321308,"맥주,호프",도로명전북 전주시 덕진구 덕진광장로 22 슬기네가맥복사지번전북 전주시 덕진구 덕진동1가 1312-56복사우편번호우편번호54898복사안내 레이어 닫기,0507-1363-4718,영업 중다음 날 03:00에 영업 종료다음 날 3시 0분에 영업 종료_영업 중다음 날 03:00에 영업 종료다음 날 3시 0분에 영업 종료_영업 중다음 날 03:00에 영업 종료다음 날 3시 0분에 영업 종료_영업 중_다음 날 03:00에 영업 종료다음 날 3시 0분에 영업 종료_다음 날 03:00에 영업 종료_다음 날 3시 0분에 영업 종료_매일17:00 - 다음 날 03:00접기_매일17:00 - 다음 날 03:00접기_매일17:00 - 다음 날 03:00_매일_17:00 - 다음 날 03:00_접기_접기,별점없음,0,0,https://search.pstatic.net/common/?autoRotate=true&type=w560_sharpen&src=https%3A%2F%2Fldb-phinf.pstatic.net%2F20230919_7%2F1695113012760SDfp7_JPEG%2F1695113000934.jpg,단체 이용 가능_포장_배달_예약_남/녀 화장실 구분_대기공간_무선 인터넷,주차 불가
현대옥 전주고속버스터미널점,33625590,국밥,도로명전북 전주시 덕진구 떡전4길 31복사지번전북 전주시 덕진구 금암동 754-8복사우편번호우편번호54932복사안내 레이어 닫기,0507-1493-9884,24시간 영업연중무휴연중무휴_24시간 영업연중무휴연중무휴_24시간 영업연중무휴연중무휴_24시간 영업_연중무휴연중무휴_연중무휴_연중무휴_매일00:00 - 24:00접기_매일00:00 - 24:00접기_매일00:00 - 24:00_매일_00:00 - 24:00_접기_접기,별점4.39,0,0,https://search.pstatic.net/common/?autoRotate=true&type=w560_sharpen&src=https%3A%2F%2Fldb-phinf.pstatic.net%2F20251226_153%2F1766713681555PkWbn_JPEG%2F00._%25C7%25C3%25B7%25B9%25C0%25CC%25BD%25BA_%25B4%25EB%25C7%25A5%25BB%25E7%25C1%25F81%2528%25BF%25C0%25C2%25A1%25BE%25EE%25BB%25E7%25B8%25AE_%25B9%25AE%25B1%25B8%25C3%25DF%25B0%25A1%2529.jpg,무한 리필_포장_배달_단체 이용 가능_예약_남/녀 화장실 구분_유아의자_무선 인터넷,주차가능무료
동창야채닭갈비 덕진점,1859214526,닭갈비,도로명전북 전주시 덕진구 백제대로 563복사지번전북 전주시 덕진구 금암동 668-3복사우편번호우편번호54898복사안내 레이어 닫기,063-255-2228,영업 중22:00에 영업 종료22시 0분에 영업 종료_영업 중22:00에 영업 종료22시 0분에 영업 종료_영업 중22:00에 영업 종료22시 0분에 영업 종료_영업 중_22:00에 영업 종료22시 0분에 영업 종료_22:00에 영업 종료_22시 0분에 영업 종료_수11:00 - 22:0015:00 - 17:00 브레이크타임_수11:00 - 22:0015:00 - 17:00 브레이크타임_수11:00 - 22:0015:00 - 17:00 브레이크타임_수_11:00 - 22:0015:00 - 17:00 브레이크타임_목11:00 - 22:0015:00 - 17:00 브레이크타임_목11:00 - 22:0015:00 - 17:00 브레이크타임_목11:00 - 22:0015:00 - 17:00 브레이크타임_목_11:00 - 22:0015:00 - 17:00 브레이크타임_금11:00 - 22:0015:00 - 17:00 브레이크타임_금11:00 - 22:0015:00 - 17:00 브레이크타임_금11:00 - 22:0015:00 - 17:00 브레이크타임_금_11:00 - 22:0015:00 - 17:00 브레이크타임_토11:00 - 22:0015:00 - 17:00 브레이크타임_토11:00 - 22:0015:00 - 17:00 브레이크타임_토11:00 - 22:0015:00 - 17:00 브레이크타임_토_11:00 - 22:0015:00 - 17:00 브레이크타임_일17:00 - 22:00_일17:00 - 22:00_일17:00 - 22:00_일_17:00 - 22:00_월11:00 - 22:0015:00 - 17:00 브레이크타임_월11:00 - 22:0015:00 - 17:00 브레이크타임_월11:00 - 22:0015:00 - 17:00 브레이크타임_월_11:00 - 22:0015:00 - 17:00 브레이크타임_화11:00 - 22:0015:00 - 17:00 브레이크타임접기_화11:00 - 22:0015:00 - 17:00 브레이크타임접기_화11:00 - 22:0015:00 - 17:00 브레이크타임_화_11:00 - 22:0015:00 - 17:00 브레이크타임_접기_접기,별점없음,0,0,https://search.pstatic.net/common/?autoRotate=true&type=w560_sharpen&src=https%3A%2F%2Fldb-phinf.pstatic.net%2F20181227_6%2F1545872151127Hldud_JPEG%2FlX4mR35V67_aPe6ul_f1bFq0.jpg,포장,주차가능
TEAM레스토랑,17126064,양식,도로명전북 전주시 덕진구 권삼득로 305복사지번전북 전주시 덕진구 금암동 664-47복사우편번호우편번호54898복사안내 레이어 닫기,063-272-8008,영업 중20:30에 라스트오더20시 30분에 라스트오더_영업 중20:30에 라스트오더20시 30분에 라스트오더_영업 중20:30에 라스트오더20시 30분에 라스트오더_영업 중_20:30에 라스트오더20시 30분에 라스트오더_20:30에 라스트오더_20시 30분에 라스트오더_매일11:00 - 21:3015:00 - 16:30 브레이크타임20:30 라스트오더접기_매일11:00 - 21:3015:00 - 16:30 브레이크타임20:30 라스트오더접기_매일11:00 - 21:3015:00 - 16:30 브레이크타임20:30 라스트오더_매일_11:00 - 21:3015:00 - 16:30 브레이크타임20:30 라스트오더_접기_접기,별점없음,0,0,https://search.pstatic.net/common/?autoRotate=true&type=w560_sharpen&src=https%3A%2F%2Fldb-phinf.pstatic.net%2F20200924_249%2F1600927564095qIL9b_JPEG%2FHvnxwF4txFkE4KJxp-_s9YaQ.jpg,단체 이용 가능_예약_무선 인터넷_남/녀 화장실 구분_포장,주차가능
벽계가든,17124135,"육류,고기요리",도로명전북 전주시 덕진구 백제대로 524 벽계가든복사지번전북 전주시 덕진구 금암동 790-4복사우편번호우편번호54932복사안내 레이어 닫기,063-273-1833,영업 중21:30에 영업 종료21시 30분에 영업 종료_영업 중21:30에 영업 종료21시 30분에 영업 종료_영업 중21:30에 영업 종료21시 30분에 영업 종료_영업 중_21:30에 영업 종료21시 30분에 영업 종료_21:30에 영업 종료_21시 30분에 영업 종료_수11:00 - 21:30_수11:00 - 21:30_수11:00 - 21:30_수_11:00 - 21:30_목11:00 - 21:30_목11:00 - 21:30_목11:00 - 21:30_목_11:00 - 21:30_금11:00 - 21:30_금11:00 - 21:30_금11:00 - 21:30_금_11:00 - 21:30_토11:00 - 21:30_토11:00 - 21:30_토11:00 - 21:30_토_11:00 - 21:30_일정기휴무 (매주 일요일)_일정기휴무 (매주 일요일)_일정기휴무 (매주 일요일)_일_정기휴무 (매주 일요일)_정기휴무 (매주 일요일)_월11:00 - 21:30_월11:00 - 21:30_월11:00 - 21:30_월_11:00 - 21:30_화11:00 - 21:30접기_화11:00 - 21:30접기_화11:00 - 21:30_화_11:00 - 21:30_접기_접기,별점4.27,0,0,https://search.pstatic.net/common/?autoRotate=true&type=w560_sharpen&src=https%3A%2F%2Fldb-phinf.pstatic.net%2F20200127_125%2F1580053632725JHc0J_JPEG%2FpTrSyITOblChy2IL4B4MASvi.jpeg.jpg,편의시설 정보 없음,주차가능
맘스터치 전북대점,34188937,맘스터치,도로명전북 전주시 덕진구 명륜4길 4복사지번전북 전주시 덕진구 덕진동1가 1266-22복사우편번호우편번호54898복사안내 레이어 닫기,063-252-0054,영업 중21:30에 영업 종료21시 30분에 영업 종료_영업 중21:30에 영업 종료21시 30분에 영업 종료_영업 중21:30에 영업 종료21시 30분에 영업 종료_영업 중_21:30에 영업 종료21시 30분에 영업 종료_21:30에 영업 종료_21시 30분에 영업 종료_매일10:00 - 21:30접기_매일10:00 - 21:30접기_매일10:00 - 21:30_매일_10:00 - 21:30_접기_접기,별점없음,0,0,https://search.pstatic.net/common/?autoRotate=true&quality=95&type=w750&src=https%3A%2F%2Fldb-phinf.pstatic.net%2F20230829_137%2F1693282401170BAq7o_PNG%2F%25B7%25CE%25B0%25ED_%25C1%25A4%25B9%25E6%25C7%25FC.png,편의시설 정보 없음,주차가능
미트랑 전주본점,1061782934,소고기구이,도로명전북 전주시 덕진구 백제대로 653 미트랑복사지번전북 전주시 덕진구 금암동 1591-14복사우편번호우편번호54907복사안내 레이어 닫기,063-255-2700,영업 중21:00에 영업 종료21시 0분에 영업 종료_영업 중21:00에 영업 종료21시 0분에 영업 종료_영업 중21:00에 영업 종료21시 0분에 영업 종료_영업 중_21:00에 영업 종료21시 0분에 영업 종료_21:00에 영업 종료_21시 0분에 영업 종료_매일11:00 - 21:0014:00 - 17:00 브레이크타임접기_매일11:00 - 21:0014:00 - 17:00 브레이크타임접기_매일11:00 - 21:0014:00 - 17:00 브레이크타임_매일_11:00 - 21:0014:00 - 17:00 브레이크타임_접기_접기,별점없음,0,0,https://search.pstatic.net/common/?autoRotate=true&type=w560_sharpen&src=https%3A%2F%2Fldb-phinf.pstatic.net%2F20220922_68%2F1663834348041K4nn4_JPEG%2FWTZR4854.JPEG,단체 이용 가능_포장_예약_무선 인터넷_남/녀 화장실 구분_유아의자,주차가능무료
프프프ver.2,1694148969,아시아음식,도로명전북 전주시 덕진구 명륜4길 21-4 1층 102호복사지번전북 전주시 덕진구 덕진동1가 1312-58복사우편번호우편번호54898복사안내 레이어 닫기,0507-1360-9352,영업 중20:30에 라스트오더20시 30분에 라스트오더_영업 중20:30에 라스트오더20시 30분에 라스트오더_영업 중20:30에 라스트오더20시 30분에 라스트오더_영업 중_20:30에 라스트오더20시 30분에 라스트오더_20:30에 라스트오더_20시 30분에 라스트오더_매일11:00 - 21:0015:00 - 17:00 브레이크타임20:30 라스트오더접기_매일11:00 - 21:0015:00 - 17:00 브레이크타임20:30 라스트오더접기_매일11:00 - 21:0015:00 - 17:00 브레이크타임20:30 라스트오더_매일_11:00 - 21:0015:00 - 17:00 브레이크타임20:30 라스트오더_접기_접기,별점없음,0,0,https://search.pstatic.net/common/?autoRotate=true&type=w560_sharpen&src=https%3A%2F%2Fldb-phinf.pstatic.net%2F20240627_110%2F1719454859223ClvwB_JPEG%2FIMG_3683.jpeg,콜키지 가능무료_포장_무선 인터넷_유아의자_단체 이용 가능_예약_배달_출입구 휠체어 이용가능_좌석 휠체어 이용가능,주차가능무료
연다라순대,32236577,"순대,순댓국",도로명전북 전주시 덕진구 명륜2길 14복사지번전북 전주시 덕진구 금암동 707-13복사우편번호우편번호54898복사안내 레이어 닫기,063-251-1766,영업 중20:30에 영업 종료20시 30분에 영업 종료_영업 중20:30에 영업 종료20시 30분에 영업 종료_영업 중20:30에 영업 종료20시 30분에 영업 종료_영업 중_20:30에 영업 종료20시 30분에 영업 종료_20:30에 영업 종료_20시 30분에 영업 종료_매일06:30 - 20:30접기_매일06:30 - 20:30접기_매일06:30 - 20:30_매일_06:30 - 20:30_접기_접기,별점없음,0,0,https://search.pstatic.net/common/?autoRotate=true&type=w560_sharpen&src=https%3A%2F%2Fldb-phinf.pstatic.net%2F20240702_83%2F1719924902775aWmlL_JPEG%2FDSC07596.JPG,단체 이용 가능_포장_예약,주차 불가
수작 전북대점,1206384688,요리주점,"도로명전북 전주시 덕진구 명륜5길 15-5 103호, 104호, 111호복사지번전북 전주시 덕진구 덕진동1가 1277-2복사우편번호우편번호54898복사안내 레이어 닫기",0507-1483-0678,영업 중다음 날 06:00에 영업 종료다음 날 6시 0분에 영업 종료_영업 중다음 날 06:00에 영업 종료다음 날 6시 0분에 영업 종료_영업 중다음 날 06:00에 영업 종료다음 날 6시 0분에 영업 종료_영업 중_다음 날 06:00에 영업 종료다음 날 6시 0분에 영업 종료_다음 날 06:00에 영업 종료_다음 날 6시 0분에 영업 종료_매일17:00 - 다음 날 06:00접기_매일17:00 - 다음 날 06:00접기_매일17:00 - 다음 날 06:00_매일_17:00 - 다음 날 06:00_접기_접기,별점없음,0,0,https://search.pstatic.net/common/?autoRotate=true&type=w560_sharpen&src=https%3A%2F%2Fldb-phinf.pstatic.net%2F20251222_147%2F1766394007134DOFhq_JPEG%2FKakaoTalk_20251222_175938806.jpg,생일 혜택_단체 이용 가능_남/녀 화장실 구분_무선 인터넷_예약_장애인 주차구역,주차가능무료
공차 전주시외버스터미널점,38230895,차,도로명전북 전주시 덕진구 가리내로 25복사지번전북 전주시 덕진구 금암동 459-10복사우편번호우편번호54934복사안내 레이어 닫기,063-272-0455,영업 중21:50에 라스트오더21시 50분에 라스트오더_영업 중21:50에 라스트오더21시 50분에 라스트오더_영업 중21:50에 라스트오더21시 50분에 라스트오더_영업 중_21:50에 라스트오더21시 50분에 라스트오더_21:50에 라스트오더_21시 50분에 라스트오더_매일08:00 - 22:0021:50 라스트오더접기_매일08:00 - 22:0021:50 라스트오더접기_매일08:00 - 22:0021:50 라스트오더_매일_08:00 - 22:0021:50 라스트오더_접기_접기,별점없음,0,0,https://search.pstatic.net/common/?autoRotate=true&type=w560_sharpen&src=https%3A%2F%2Fldb-phinf.pstatic.net%2F20210506_257%2F1620288075990y6bBi_JPEG%2FiaWN88T99zCcLCUCOKxLv9ox.jpg,편의시설 정보 없음,주차가능무료
바우카페,1307719558,"카페,디저트","도로명전북 전주시 덕진구 명륜2길 16-10 101,102호 BAU복사지번전북 전주시 덕진구 금암동 707-5복사우편번호우편번호54898복사안내 레이어 닫기",0507-1358-1269,영업 중21:30에 라스트오더21시 30분에 라스트오더_영업 중21:30에 라스트오더21시 30분에 라스트오더_영업 중21:30에 라스트오더21시 30분에 라스트오더_영업 중_21:30에 라스트오더21시 30분에 라스트오더_21:30에 라스트오더_21시 30분에 라스트오더_수12:00 - 22:0021:30 라스트오더_수12:00 - 22:0021:30 라스트오더_수12:00 - 22:0021:30 라스트오더_수_12:00 - 22:0021:30 라스트오더_목12:00 - 22:0021:30 라스트오더_목12:00 - 22:0021:30 라스트오더_목12:00 - 22:0021:30 라스트오더_목_12:00 - 22:0021:30 라스트오더_금12:00 - 22:0021:30 라스트오더_금12:00 - 22:0021:30 라스트오더_금12:00 - 22:0021:30 라스트오더_금_12:00 - 22:0021:30 라스트오더_토12:00 - 22:0021:30 라스트오더_토12:00 - 22:0021:30 라스트오더_토12:00 - 22:0021:30 라스트오더_토_12:00 - 22:0021:30 라스트오더_일12:00 - 22:0021:30 라스트오더_일12:00 - 22:0021:30 라스트오더_일12:00 - 22:0021:30 라스트오더_일_12:00 - 22:0021:30 라스트오더_월12:00 - 22:0021:30 라스트오더_월12:00 - 22:0021:30 라스트오더_월12:00 - 22:0021:30 라스트오더_월_12:00 - 22:0021:30 라스트오더_화12:00 - 22:0021:30 라스트오더접기_화12:00 - 22:0021:30 라스트오더접기_화12:00 - 22:0021:30 라스트오더_화_12:00 - 22:0021:30 라스트오더_접기_접기,별점없음,0,0,https://search.pstatic.net/common/?autoRotate=true&type=w560_sharpen&src=https%3A%2F%2Fldb-phinf.pstatic.net%2F20240813_220%2F1723542563542VTe0d_JPEG%2FIMG_6082.jpeg,테이크아웃 할인_포장_무선 인터넷,주차가능무료
무진장 순두부,38555627,두부요리,도로명전북 전주시 덕진구 조경단로 92 1층무진장순두부복사지번전북 전주시 덕진구 금암동 1587-7복사우편번호우편번호54922복사안내 레이어 닫기,0507-1478-3512,영업 중19:30에 라스트오더19시 30분에 라스트오더_영업 중19:30에 라스트오더19시 30분에 라스트오더_영업 중19:30에 라스트오더19시 30분에 라스트오더_영업 중_19:30에 라스트오더19시 30분에 라스트오더_19:30에 라스트오더_19시 30분에 라스트오더_수09:00 - 20:0019:30 라스트오더_수09:00 - 20:0019:30 라스트오더_수09:00 - 20:0019:30 라스트오더_수_09:00 - 20:0019:30 라스트오더_목09:00 - 20:0019:30 라스트오더_목09:00 - 20:0019:30 라스트오더_목09:00 - 20:0019:30 라스트오더_목_09:00 - 20:0019:30 라스트오더_금09:00 - 20:0019:30 라스트오더_금09:00 - 20:0019:30 라스트오더_금09:00 - 20:0019:30 라스트오더_금_09:00 - 20:0019:30 라스트오더_토10:00 - 15:0014:30 라스트오더_토10:00 - 15:0014:30 라스트오더_토10:00 - 15:0014:30 라스트오더_토_10:00 - 15:0014:30 라스트오더_일09:00 - 20:0019:30 라스트오더_일09:00 - 20:0019:30 라스트오더_일09:00 - 20:0019:30 라스트오더_일_09:00 - 20:0019:30 라스트오더_월09:00 - 20:0019:30 라스트오더_월09:00 - 20:0019:30 라스트오더_월09:00 - 20:0019:30 라스트오더_월_09:00 - 20:0019:30 라스트오더_화09:00 - 20:0019:30 라스트오더_화09:00 - 20:0019:30 라스트오더_화09:00 - 20:0019:30 라스트오더_화_09:00 - 20:0019:30 라스트오더_- 이번 설연휴 정상영업합니다.접기_- 이번 설연휴 정상영업합니다.접기_- 이번 설연휴 정상영업합니다._- 이번 설연휴 정상영업합니다._접기_접기,별점4.24,0,0,https://search.pstatic.net/common/?autoRotate=true&type=w560_sharpen&src=https%3A%2F%2Fldb-phinf.pstatic.net%2F20241117_174%2F1731848733538ALKu2_PNG%2F%25C1%25A6%25B8%25F1_%25BE%25F8%25C0%25BD.png,단체 이용 가능_포장_무선 인터넷_남/녀 화장실 구분_유아의자_장애인 주차구역,주차가능무료
교촌치킨 전북대점,11801875,"치킨,닭강정",도로명전북 전주시 덕진구 덕진광장로 12 GS25복사지번전북 전주시 덕진구 덕진동1가 1314-201복사우편번호우편번호54898복사안내 레이어 닫기,063-254-2033,영업 중다음 날 01:00에 영업 종료다음 날 1시 0분에 영업 종료_영업 중다음 날 01:00에 영업 종료다음 날 1시 0분에 영업 종료_영업 중다음 날 01:00에 영업 종료다음 날 1시 0분에 영업 종료_영업 중_다음 날 01:00에 영업 종료다음 날 1시 0분에 영업 종료_다음 날 01:00에 영업 종료_다음 날 1시 0분에 영업 종료_매일12:00 - 다음 날 01:00접기_매일12:00 - 다음 날 01:00접기_매일12:00 - 다음 날 01:00_매일_12:00 - 다음 날 01:00_접기_접기,별점4.37,0,0,https://search.pstatic.net/common/?autoRotate=true&type=w560_sharpen&src=https%3A%2F%2Fldb-phinf.pstatic.net%2F20221130_290%2F1669782289053g3gih_JPEG%2F%25B1%25B3%25C3%25CC%25C4%25A1%25C5%25B2_%25BD%25C5%25B1%25D4_BI_%25BE%25C6%25C0%25CC%25C4%25DC%2528%25C4%25AB%25C4%25AB%25BF%25C0%2529.jpg,포장_배달,주차가능무료
이삭토스트 전북 전주전북대점,1856236094,토스트,도로명전북 전주시 덕진구 권삼득로 315 1층복사지번전북 전주시 덕진구 금암동 664-15복사우편번호우편번호54898복사안내 레이어 닫기,063-253-8808,곧 영업 종료19:40에 영업 종료19시 40분에 영업 종료_곧 영업 종료19:40에 영업 종료19시 40분에 영업 종료_곧 영업 종료19:40에 영업 종료19시 40분에 영업 종료_곧 영업 종료_19:40에 영업 종료19시 40분에 영업 종료_19:40에 영업 종료_19시 40분에 영업 종료_수09:00 - 19:40_수09:00 - 19:40_수09:00 - 19:40_수_09:00 - 19:40_목09:00 - 19:40_목09:00 - 19:40_목09:00 - 19:40_목_09:00 - 19:40_금09:00 - 19:40_금09:00 - 19:40_금09:00 - 19:40_금_09:00 - 19:40_토09:00 - 18:40_토09:00 - 18:40_토09:00 - 18:40_토_09:00 - 18:40_일정기휴무 (매주 일요일)_일정기휴무 (매주 일요일)_일정기휴무 (매주 일요일)_일_정기휴무 (매주 일요일)_정기휴무 (매주 일요일)_월09:00 - 19:40_월09:00 - 19:40_월09:00 - 19:40_월_09:00 - 19:40_화09:00 - 19:40접기_화09:00 - 19:40접기_화09:00 - 19:40_화_09:00 - 19:40_접기_접기,별점없음,0,0,https://search.pstatic.net/common/?autoRotate=true&type=w560_sharpen&src=https%3A%2F%2Fldb-phinf.pstatic.net%2F20240429_10%2F1714362212485GnOUa_JPEG%2F1.jpg,포장_단체 이용 가능_대기공간_무선 인터넷,주차 불가
샤브온당 전북대점,2047897225,샤브샤브,도로명전북 전주시 덕진구 명륜4길 22 1층복사지번전북 전주시 덕진구 금암동 1312-29복사우편번호우편번호54898복사안내 레이어 닫기,063-715-4545,"운영 중21:00에 라스트오더21시 0분에 라스트오더_운영 중21:00에 라스트오더21시 0분에 라스트오더_운영 중21:00에 라스트오더21시 0분에 라스트오더_운영 중_21:00에 라스트오더21시 0분에 라스트오더_21:00에 라스트오더_21시 0분에 라스트오더_수11:00 - 21:3015:00 - 17:00 브레이크타임21:00 라스트오더_수11:00 - 21:3015:00 - 17:00 브레이크타임21:00 라스트오더_수11:00 - 21:3015:00 - 17:00 브레이크타임21:00 라스트오더_수_11:00 - 21:3015:00 - 17:00 브레이크타임21:00 라스트오더_목11:00 - 21:3015:00 - 17:00 브레이크타임21:00 라스트오더_목11:00 - 21:3015:00 - 17:00 브레이크타임21:00 라스트오더_목11:00 - 21:3015:00 - 17:00 브레이크타임21:00 라스트오더_목_11:00 - 21:3015:00 - 17:00 브레이크타임21:00 라스트오더_금11:00 - 21:3015:00 - 17:00 브레이크타임21:00 라스트오더_금11:00 - 21:3015:00 - 17:00 브레이크타임21:00 라스트오더_금11:00 - 21:3015:00 - 17:00 브레이크타임21:00 라스트오더_금_11:00 - 21:3015:00 - 17:00 브레이크타임21:00 라스트오더_토11:00 - 21:3021:00 라스트오더_토11:00 - 21:3021:00 라스트오더_토11:00 - 21:3021:00 라스트오더_토_11:00 - 21:3021:00 라스트오더_일11:00 - 21:3021:00 라스트오더_일11:00 - 21:3021:00 라스트오더_일11:00 - 21:3021:00 라스트오더_일_11:00 - 21:3021:00 라스트오더_월11:00 - 21:3015:00 - 17:00 브레이크타임21:00 라스트오더_월11:00 - 21:3015:00 - 17:00 브레이크타임21:00 라스트오더_월11:00 - 21:3015:00 - 17:00 브레이크타임21:00 라스트오더_월_11:00 - 21:3015:00 - 17:00 브레이크타임21:00 라스트오더_화11:00 - 21:3015:00 - 17:00 브레이크타임21:00 라스트오더_화11:00 - 21:3015:00 - 17:00 브레이크타임21:00 라스트오더_화11:00 - 21:3015:00 - 17:00 브레이크타임21:00 라스트오더_화_11:00 - 21:3015:00 - 17:00 브레이크타임21:00 라스트오더_- ☆☆☆ 토,일요일은 브레이크 타임 없습니다☆☆☆접기_- ☆☆☆ 토,일요일은 브레이크 타임 없습니다☆☆☆접기_- ☆☆☆ 토,일요일은 브레이크 타임 없습니다☆☆☆_- ☆☆☆ 토,일요일은 브레이크 타임 없습니다☆☆☆_접기_접기",별점없음,0,0,https://search.pstatic.net/common/?autoRotate=true&type=w560_sharpen&src=https%3A%2F%2Fldb-phinf.pstatic.net%2F20260330_232%2F1774855434748K949X_JPEG%2F%25B8%25DE%25C0%25CE%25BB%25E7%25C1%25F8.jpg,편의시설 정보 없음,주차 불가
극강식 전북대점,2035818495,덮밥,도로명전북 전주시 덕진구 명륜4길 21-5 1층복사지번전북 전주시 덕진구 덕진동1가 1314-164복사우편번호우편번호54898복사안내 레이어 닫기,0507-1320-8727,영업 중20:00에 라스트오더20시 0분에 라스트오더_영업 중20:00에 라스트오더20시 0분에 라스트오더_영업 중20:00에 라스트오더20시 0분에 라스트오더_영업 중_20:00에 라스트오더20시 0분에 라스트오더_20:00에 라스트오더_20시 0분에 라스트오더_수11:00 - 21:0015:00 - 16:00 브레이크타임20:00 라스트오더_수11:00 - 21:0015:00 - 16:00 브레이크타임20:00 라스트오더_수11:00 - 21:0015:00 - 16:00 브레이크타임20:00 라스트오더_수_11:00 - 21:0015:00 - 16:00 브레이크타임20:00 라스트오더_목11:00 - 21:0015:00 - 16:00 브레이크타임20:00 라스트오더_목11:00 - 21:0015:00 - 16:00 브레이크타임20:00 라스트오더_목11:00 - 21:0015:00 - 16:00 브레이크타임20:00 라스트오더_목_11:00 - 21:0015:00 - 16:00 브레이크타임20:00 라스트오더_금11:00 - 21:0015:00 - 16:00 브레이크타임20:00 라스트오더_금11:00 - 21:0015:00 - 16:00 브레이크타임20:00 라스트오더_금11:00 - 21:0015:00 - 16:00 브레이크타임20:00 라스트오더_금_11:00 - 21:0015:00 - 16:00 브레이크타임20:00 라스트오더_토11:00 - 21:0020:00 라스트오더_토11:00 - 21:0020:00 라스트오더_토11:00 - 21:0020:00 라스트오더_토_11:00 - 21:0020:00 라스트오더_일11:00 - 21:0020:00 라스트오더_일11:00 - 21:0020:00 라스트오더_일11:00 - 21:0020:00 라스트오더_일_11:00 - 21:0020:00 라스트오더_월11:00 - 21:0015:00 - 16:00 브레이크타임20:00 라스트오더_월11:00 - 21:0015:00 - 16:00 브레이크타임20:00 라스트오더_월11:00 - 21:0015:00 - 16:00 브레이크타임20:00 라스트오더_월_11:00 - 21:0015:00 - 16:00 브레이크타임20:00 라스트오더_화11:00 - 21:0015:00 - 16:00 브레이크타임20:00 라스트오더접기_화11:00 - 21:0015:00 - 16:00 브레이크타임20:00 라스트오더접기_화11:00 - 21:0015:00 - 16:00 브레이크타임20:00 라스트오더_화_11:00 - 21:0015:00 - 16:00 브레이크타임20:00 라스트오더_접기_접기,별점없음,0,0,https://search.pstatic.net/common/?autoRotate=true&type=w560_sharpen&src=https%3A%2F%2Fldb-phinf.pstatic.net%2F20260307_72%2F17728436300527OcyC_JPEG%2F%25BE%25D7%25BC%25C7%25C4%25C6_01.jpg,콜키지 가능무료_단체 이용 가능_포장_배달_무선 인터넷_남/녀 화장실 구분,주차가능무료
모두랑 전북대점,21688254,떡볶이,도로명전북 전주시 덕진구 명륜4길 21-6복사지번전북 전주시 덕진구 덕진동1가 1312-6복사우편번호우편번호54898복사안내 레이어 닫기,063-909-5201,"영업 중20:30에 영업 종료20시 30분에 영업 종료_영업 중20:30에 영업 종료20시 30분에 영업 종료_영업 중20:30에 영업 종료20시 30분에 영업 종료_영업 중_20:30에 영업 종료20시 30분에 영업 종료_20:30에 영업 종료_20시 30분에 영업 종료_수10:30 - 20:3015:00 - 16:30 브레이크타임_수10:30 - 20:3015:00 - 16:30 브레이크타임_수10:30 - 20:3015:00 - 16:30 브레이크타임_수_10:30 - 20:3015:00 - 16:30 브레이크타임_목10:30 - 20:3015:00 - 16:30 브레이크타임_목10:30 - 20:3015:00 - 16:30 브레이크타임_목10:30 - 20:3015:00 - 16:30 브레이크타임_목_10:30 - 20:3015:00 - 16:30 브레이크타임_금10:30 - 20:3015:00 - 16:30 브레이크타임_금10:30 - 20:3015:00 - 16:30 브레이크타임_금10:30 - 20:3015:00 - 16:30 브레이크타임_금_10:30 - 20:3015:00 - 16:30 브레이크타임_토10:30 - 20:30_토10:30 - 20:30_토10:30 - 20:30_토_10:30 - 20:30_일10:30 - 20:30_일10:30 - 20:30_일10:30 - 20:30_일_10:30 - 20:30_월10:30 - 20:3015:00 - 16:30 브레이크타임_월10:30 - 20:3015:00 - 16:30 브레이크타임_월10:30 - 20:3015:00 - 16:30 브레이크타임_월_10:30 - 20:3015:00 - 16:30 브레이크타임_화10:30 - 20:3015:00 - 16:30 브레이크타임_화10:30 - 20:3015:00 - 16:30 브레이크타임_화10:30 - 20:3015:00 - 16:30 브레이크타임_화_10:30 - 20:3015:00 - 16:30 브레이크타임_- 토,일요일은 휴게시간 없음접기_- 토,일요일은 휴게시간 없음접기_- 토,일요일은 휴게시간 없음_- 토,일요일은 휴게시간 없음_접기_접기",별점없음,0,0,https://search.pstatic.net/common/?autoRotate=true&type=w560_sharpen&src=https%3A%2F%2Fldb-phinf.pstatic.net%2F20190727_96%2F1564237944107PFyoe_JPEG%2FuotbSNqL9JISfByJhLfplH3_.jpg,편의시설 정보 없음,주차가능무료
광장수산,1209865933,생선회,도로명전북 전주시 덕진구 덕진광장로 1-11 1호복사지번전북 전주시 덕진구 덕진동1가 1279-5복사우편번호우편번호54897복사안내 레이어 닫기,063-245-2662,영업 중23:00에 라스트오더23시 0분에 라스트오더_영업 중23:00에 라스트오더23시 0분에 라스트오더_영업 중23:00에 라스트오더23시 0분에 라스트오더_영업 중_23:00에 라스트오더23시 0분에 라스트오더_23:00에 라스트오더_23시 0분에 라스트오더_수17:00 - 24:0023:00 라스트오더_수17:00 - 24:0023:00 라스트오더_수17:00 - 24:0023:00 라스트오더_수_17:00 - 24:0023:00 라스트오더_목17:00 - 24:0023:00 라스트오더_목17:00 - 24:0023:00 라스트오더_목17:00 - 24:0023:00 라스트오더_목_17:00 - 24:0023:00 라스트오더_금17:00 - 다음 날 01:0000:00 라스트오더_금17:00 - 다음 날 01:0000:00 라스트오더_금17:00 - 다음 날 01:0000:00 라스트오더_금_17:00 - 다음 날 01:0000:00 라스트오더_토17:00 - 다음 날 01:0000:00 라스트오더_토17:00 - 다음 날 01:0000:00 라스트오더_토17:00 - 다음 날 01:0000:00 라스트오더_토_17:00 - 다음 날 01:0000:00 라스트오더_일17:00 - 24:0023:00 라스트오더_일17:00 - 24:0023:00 라스트오더_일17:00 - 24:0023:00 라스트오더_일_17:00 - 24:0023:00 라스트오더_월17:00 - 24:0023:00 라스트오더_월17:00 - 24:0023:00 라스트오더_월17:00 - 24:0023:00 라스트오더_월_17:00 - 24:0023:00 라스트오더_화17:00 - 24:0023:00 라스트오더_화17:00 - 24:0023:00 라스트오더_화17:00 - 24:0023:00 라스트오더_화_17:00 - 24:0023:00 라스트오더_- 재료소진 등 조기마감 하는 날도 있어요!접기_- 재료소진 등 조기마감 하는 날도 있어요!접기_- 재료소진 등 조기마감 하는 날도 있어요!_- 재료소진 등 조기마감 하는 날도 있어요!_접기_접기,별점없음,0,0,https://search.pstatic.net/common/?autoRotate=true&type=w560_sharpen&src=https%3A%2F%2Fldb-phinf.pstatic.net%2F20230919_252%2F1695122501581RRhaI_JPEG%2FDE99F75A-37F9-4AA0-8A05-7658DA5F082D.jpeg,단체 이용 가능_포장_배달_무선 인터넷_\반려동물 동반_예약_남/녀 화장실 구분,주차가능유료
어반핑거,1455220645,샌드위치,도로명전북 전주시 덕진구 권삼득로 343 102호복사지번전북 전주시 덕진구 덕진동1가 664-1복사우편번호우편번호54897복사안내 레이어 닫기,0507-1485-0916,영업 종료09:00에 영업 시작9시 0분에 영업 시작_영업 종료09:00에 영업 시작9시 0분에 영업 시작_영업 종료09:00에 영업 시작9시 0분에 영업 시작_영업 종료_09:00에 영업 시작9시 0분에 영업 시작_09:00에 영업 시작_9시 0분에 영업 시작_매일09:00 - 17:0016:00 라스트오더접기_매일09:00 - 17:0016:00 라스트오더접기_매일09:00 - 17:0016:00 라스트오더_매일_09:00 - 17:0016:00 라스트오더_접기_접기,별점없음,0,0,https://search.pstatic.net/common/?autoRotate=true&type=w560_sharpen&src=https%3A%2F%2Fldb-phinf.pstatic.net%2F20260313_103%2F17733837024065QV4L_JPEG%2F31A6DAAE-EDFB-4EC0-8C6B-B0DBCBBE82D9.jpeg,포장_유아의자_남/녀 화장실 구분_무선 인터넷_단체 이용 가능,주차가능무료
들턱,1760924816,요리주점,도로명전북 전주시 덕진구 명륜3길 13 2층복사지번전북 전주시 덕진구 덕진동1가 1263-11복사우편번호우편번호54898복사안내 레이어 닫기,0507-1359-1480,영업 중다음 날 03:00에 영업 종료다음 날 3시 0분에 영업 종료_영업 중다음 날 03:00에 영업 종료다음 날 3시 0분에 영업 종료_영업 중다음 날 03:00에 영업 종료다음 날 3시 0분에 영업 종료_영업 중_다음 날 03:00에 영업 종료다음 날 3시 0분에 영업 종료_다음 날 03:00에 영업 종료_다음 날 3시 0분에 영업 종료_매일18:00 - 다음 날 03:00접기_매일18:00 - 다음 날 03:00접기_매일18:00 - 다음 날 03:00_매일_18:00 - 다음 날 03:00_접기_접기,별점4.51,0,0,https://search.pstatic.net/common/?autoRotate=true&type=w560_sharpen&src=https%3A%2F%2Fldb-phinf.pstatic.net%2F20260510_53%2F1778424409005NTQd4_JPEG%2F1000033955.jpg,생일 혜택_콜키지 가능유료_무선 인터넷_단체 이용 가능_포장_남/녀 화장실 구분_배달_예약,주차가능유료
카츠레츠전북대점,1218014749,돈가스,도로명전북 전주시 덕진구 권삼득로 311복사지번전북 전주시 덕진구 금암동 664-42복사우편번호우편번호54898복사안내 레이어 닫기,063-251-4333,영업 중21:10에 라스트오더21시 10분에 라스트오더_영업 중21:10에 라스트오더21시 10분에 라스트오더_영업 중21:10에 라스트오더21시 10분에 라스트오더_영업 중_21:10에 라스트오더21시 10분에 라스트오더_21:10에 라스트오더_21시 10분에 라스트오더_매일11:00 - 21:3021:10 라스트오더접기_매일11:00 - 21:3021:10 라스트오더접기_매일11:00 - 21:3021:10 라스트오더_매일_11:00 - 21:3021:10 라스트오더_접기_접기,별점없음,0,0,https://search.pstatic.net/common/?autoRotate=true&type=w560_sharpen&src=https%3A%2F%2Fldb-phinf.pstatic.net%2F20260406_84%2F1775447204501m0eAY_JPEG%2F1000005358.jpg,편의시설 정보 없음,주차가능유료
포차중문 전북대점,2073158991,요리주점,"도로명전북 전주시 덕진구 명륜5길 15-5 101호, 102호, 112호복사지번전북 전주시 덕진구 덕진동1가 1277-2복사우편번호우편번호54898복사안내 레이어 닫기",0507-1435-2365,영업 중다음 날 06:00에 영업 종료다음 날 6시 0분에 영업 종료_영업 중다음 날 06:00에 영업 종료다음 날 6시 0분에 영업 종료_영업 중다음 날 06:00에 영업 종료다음 날 6시 0분에 영업 종료_영업 중_다음 날 06:00에 영업 종료다음 날 6시 0분에 영업 종료_다음 날 06:00에 영업 종료_다음 날 6시 0분에 영업 종료_매일18:00 - 다음 날 06:00접기_매일18:00 - 다음 날 06:00접기_매일18:00 - 다음 날 06:00_매일_18:00 - 다음 날 06:00_접기_접기,별점없음,0,0,https://search.pstatic.net/common/?autoRotate=true&type=w560_sharpen&src=https%3A%2F%2Fldb-phinf.pstatic.net%2F20250618_119%2F1750222262765to6j2_JPEG%2FKakaoTalk_20250616_125433302.jpg,편의시설 정보 없음,주차가능유료
이런이궈마라탕 전북대점,2075437255,마라탕,도로명전북 전주시 덕진구 명륜4길 15 2층복사지번전북 전주시 덕진구 덕진동1가 1261-30복사우편번호우편번호54898복사안내 레이어 닫기,0507-1466-9667,영업 중23:00에 영업 종료23시 0분에 영업 종료_영업 중23:00에 영업 종료23시 0분에 영업 종료_영업 중23:00에 영업 종료23시 0분에 영업 종료_영업 중_23:00에 영업 종료23시 0분에 영업 종료_23:00에 영업 종료_23시 0분에 영업 종료_수11:00 - 23:00_수11:00 - 23:00_수11:00 - 23:00_수_11:00 - 23:00_목11:00 - 23:00_목11:00 - 23:00_목11:00 - 23:00_목_11:00 - 23:00_금11:00 - 23:00_금11:00 - 23:00_금11:00 - 23:00_금_11:00 - 23:00_토11:00 - 23:00_토11:00 - 23:00_토11:00 - 23:00_토_11:00 - 23:00_일11:00 - 23:00_일11:00 - 23:00_일11:00 - 23:00_일_11:00 - 23:00_월11:00 - 23:00_월11:00 - 23:00_월11:00 - 23:00_월_11:00 - 23:00_화11:00 - 23:00접기_화11:00 - 23:00접기_화11:00 - 23:00_화_11:00 - 23:00_접기_접기,별점없음,0,0,https://search.pstatic.net/common/?autoRotate=true&type=w560_sharpen&src=https%3A%2F%2Fldb-phinf.pstatic.net%2F20250714_245%2F1752459463389cYvJL_JPEG%2FDSC_7859.jpg,포장_배달_단체 이용 가능_무선 인터넷,주차 불가
한가람 금암점,38316876,한정식,도로명전북 전주시 덕진구 기린대로 365복사지번전북 전주시 덕진구 금암동 462-4복사우편번호우편번호54933복사안내 레이어 닫기,063-253-0988,영업 중21:00에 영업 종료21시 0분에 영업 종료_영업 중21:00에 영업 종료21시 0분에 영업 종료_영업 중21:00에 영업 종료21시 0분에 영업 종료_영업 중_21:00에 영업 종료21시 0분에 영업 종료_21:00에 영업 종료_21시 0분에 영업 종료_수10:30 - 21:0014:30 - 17:00 브레이크타임_수10:30 - 21:0014:30 - 17:00 브레이크타임_수10:30 - 21:0014:30 - 17:00 브레이크타임_수_10:30 - 21:0014:30 - 17:00 브레이크타임_목10:30 - 21:0014:30 - 17:00 브레이크타임_목10:30 - 21:0014:30 - 17:00 브레이크타임_목10:30 - 21:0014:30 - 17:00 브레이크타임_목_10:30 - 21:0014:30 - 17:00 브레이크타임_금10:30 - 21:0014:30 - 17:00 브레이크타임_금10:30 - 21:0014:30 - 17:00 브레이크타임_금10:30 - 21:0014:30 - 17:00 브레이크타임_금_10:30 - 21:0014:30 - 17:00 브레이크타임_토10:30 - 21:0014:30 - 17:00 브레이크타임_토10:30 - 21:0014:30 - 17:00 브레이크타임_토10:30 - 21:0014:30 - 17:00 브레이크타임_토_10:30 - 21:0014:30 - 17:00 브레이크타임_일10:30 - 21:0014:30 - 17:00 브레이크타임_일10:30 - 21:0014:30 - 17:00 브레이크타임_일10:30 - 21:0014:30 - 17:00 브레이크타임_일_10:30 - 21:0014:30 - 17:00 브레이크타임_월10:30 - 21:0014:30 - 17:00 브레이크타임_월10:30 - 21:0014:30 - 17:00 브레이크타임_월10:30 - 21:0014:30 - 17:00 브레이크타임_월_10:30 - 21:0014:30 - 17:00 브레이크타임_화10:30 - 21:0014:30 - 17:00 브레이크타임접기_화10:30 - 21:0014:30 - 17:00 브레이크타임접기_화10:30 - 21:0014:30 - 17:00 브레이크타임_화_10:30 - 21:0014:30 - 17:00 브레이크타임_접기_접기,별점4.26,0,0,https://search.pstatic.net/common/?autoRotate=true&type=w560_sharpen&src=https%3A%2F%2Fldb-phinf.pstatic.net%2F20200420_53%2F1587364847883nb3zH_JPEG%2FwEDHl8bzSExlqjHro65Ifa-l.jpg,편의시설 정보 없음,주차 불가
주인테이블 전북대본점,1781120491,한식,도로명전북 전주시 덕진구 명륜5길 19-6 1층 주인테이블복사지번전북 전주시 덕진구 덕진동1가 1312-68복사우편번호우편번호54898복사안내 레이어 닫기,0507-1342-9232,영업 중다음 날 02:00에 영업 종료다음 날 2시 0분에 영업 종료_영업 중다음 날 02:00에 영업 종료다음 날 2시 0분에 영업 종료_영업 중다음 날 02:00에 영업 종료다음 날 2시 0분에 영업 종료_영업 중_다음 날 02:00에 영업 종료다음 날 2시 0분에 영업 종료_다음 날 02:00에 영업 종료_다음 날 2시 0분에 영업 종료_매일17:00 - 다음 날 02:00접기_매일17:00 - 다음 날 02:00접기_매일17:00 - 다음 날 02:00_매일_17:00 - 다음 날 02:00_접기_접기,별점4.73,0,0,https://search.pstatic.net/common/?autoRotate=true&type=w560_sharpen&src=https%3A%2F%2Fldb-phinf.pstatic.net%2F20201109_168%2F16049056842154JgRg_JPEG%2F3ZaoGCyt7GHvWNxHefWmbm7X.jpeg.jpg,콜키지 가능유료_핸드드립_대관_예약_무선 인터넷_남/녀 화장실 구분_단체 이용 가능_포장_대기공간,주차 불가
1990Since,2040084147,요리주점,도로명전북 전주시 덕진구 명륜4길 18-1 1층복사지번전북 전주시 덕진구 덕진동1가 1314-171복사우편번호우편번호54898복사안내 레이어 닫기,0507-1401-1544,영업 중다음 날 02:00에 라스트오더다음 날 2시 0분에 라스트오더_영업 중다음 날 02:00에 라스트오더다음 날 2시 0분에 라스트오더_영업 중다음 날 02:00에 라스트오더다음 날 2시 0분에 라스트오더_영업 중_다음 날 02:00에 라스트오더다음 날 2시 0분에 라스트오더_다음 날 02:00에 라스트오더_다음 날 2시 0분에 라스트오더_수17:00 - 다음 날 03:0002:00 라스트오더_수17:00 - 다음 날 03:0002:00 라스트오더_수17:00 - 다음 날 03:0002:00 라스트오더_수_17:00 - 다음 날 03:0002:00 라스트오더_목17:00 - 다음 날 03:0002:00 라스트오더_목17:00 - 다음 날 03:0002:00 라스트오더_목17:00 - 다음 날 03:0002:00 라스트오더_목_17:00 - 다음 날 03:0002:00 라스트오더_금17:00 - 다음 날 03:0002:00 라스트오더_금17:00 - 다음 날 03:0002:00 라스트오더_금17:00 - 다음 날 03:0002:00 라스트오더_금_17:00 - 다음 날 03:0002:00 라스트오더_토17:00 - 다음 날 05:0004:00 라스트오더_토17:00 - 다음 날 05:0004:00 라스트오더_토17:00 - 다음 날 05:0004:00 라스트오더_토_17:00 - 다음 날 05:0004:00 라스트오더_일17:00 - 다음 날 05:0004:00 라스트오더_일17:00 - 다음 날 05:0004:00 라스트오더_일17:00 - 다음 날 05:0004:00 라스트오더_일_17:00 - 다음 날 05:0004:00 라스트오더_월17:00 - 다음 날 03:0002:00 라스트오더_월17:00 - 다음 날 03:0002:00 라스트오더_월17:00 - 다음 날 03:0002:00 라스트오더_월_17:00 - 다음 날 03:0002:00 라스트오더_화17:00 - 다음 날 03:0002:00 라스트오더접기_화17:00 - 다음 날 03:0002:00 라스트오더접기_화17:00 - 다음 날 03:0002:00 라스트오더_화_17:00 - 다음 날 03:0002:00 라스트오더_접기_접기,별점없음,0,0,https://search.pstatic.net/common/?autoRotate=true&type=w560_sharpen&src=https%3A%2F%2Fldb-phinf.pstatic.net%2F20250810_45%2F1754823529545KufV5_JPEG%2F%25B0%25A3%25C6%25C7%25BB%25E7%25C1%25F8.jpg,생일 혜택_예약_남/녀 화장실 구분_무선 인터넷_단체 이용 가능_좌석 휠체어 이용가능,주차가능유료
신덕일관 전북대점,17037086,중식당,도로명전북 전주시 덕진구 권삼득로 321-1 신덕일관복사지번전북 전주시 덕진구 덕진동1가 664-38복사우편번호우편번호54898복사안내 레이어 닫기,0507-1358-1429,영업 중21:00에 영업 종료21시 0분에 영업 종료_영업 중21:00에 영업 종료21시 0분에 영업 종료_영업 중21:00에 영업 종료21시 0분에 영업 종료_영업 중_21:00에 영업 종료21시 0분에 영업 종료_21:00에 영업 종료_21시 0분에 영업 종료_수11:00 - 21:00_수11:00 - 21:00_수11:00 - 21:00_수_11:00 - 21:00_목11:00 - 21:00_목11:00 - 21:00_목11:00 - 21:00_목_11:00 - 21:00_금11:00 - 21:00_금11:00 - 21:00_금11:00 - 21:00_금_11:00 - 21:00_토11:00 - 21:00_토11:00 - 21:00_토11:00 - 21:00_토_11:00 - 21:00_일11:00 - 21:00_일11:00 - 21:00_일11:00 - 21:00_일_11:00 - 21:00_월11:00 - 21:00_월11:00 - 21:00_월11:00 - 21:00_월_11:00 - 21:00_화11:00 - 21:00접기_화11:00 - 21:00접기_화11:00 - 21:00_화_11:00 - 21:00_접기_접기,별점4.38,0,0,https://search.pstatic.net/common/?autoRotate=true&type=w560_sharpen&src=https%3A%2F%2Fldb-phinf.pstatic.net%2F20230919_92%2F1695108804721H2hkm_JPEG%2F1695108762449.jpg,포장_무선 인터넷_단체 이용 가능_예약,주차 불가
종종,1870021058,요리주점,도로명전북 전주시 덕진구 명륜3길 10-1 1층 종종복사지번전북 전주시 덕진구 덕진동1가 1264-7복사우편번호우편번호54898복사안내 레이어 닫기,0507-1322-6542,영업 중다음 날 01:00에 라스트오더다음 날 1시 0분에 라스트오더_영업 중다음 날 01:00에 라스트오더다음 날 1시 0분에 라스트오더_영업 중다음 날 01:00에 라스트오더다음 날 1시 0분에 라스트오더_영업 중_다음 날 01:00에 라스트오더다음 날 1시 0분에 라스트오더_다음 날 01:00에 라스트오더_다음 날 1시 0분에 라스트오더_수17:00 - 다음 날 02:0001:00 라스트오더_수17:00 - 다음 날 02:0001:00 라스트오더_수17:00 - 다음 날 02:0001:00 라스트오더_수_17:00 - 다음 날 02:0001:00 라스트오더_목17:00 - 다음 날 02:0001:00 라스트오더_목17:00 - 다음 날 02:0001:00 라스트오더_목17:00 - 다음 날 02:0001:00 라스트오더_목_17:00 - 다음 날 02:0001:00 라스트오더_금17:00 - 다음 날 02:0001:00 라스트오더_금17:00 - 다음 날 02:0001:00 라스트오더_금17:00 - 다음 날 02:0001:00 라스트오더_금_17:00 - 다음 날 02:0001:00 라스트오더_토17:00 - 다음 날 02:0001:00 라스트오더_토17:00 - 다음 날 02:0001:00 라스트오더_토17:00 - 다음 날 02:0001:00 라스트오더_토_17:00 - 다음 날 02:0001:00 라스트오더_일17:00 - 다음 날 02:0001:00 라스트오더_일17:00 - 다음 날 02:0001:00 라스트오더_일17:00 - 다음 날 02:0001:00 라스트오더_일_17:00 - 다음 날 02:0001:00 라스트오더_월17:00 - 다음 날 02:0001:00 라스트오더_월17:00 - 다음 날 02:0001:00 라스트오더_월17:00 - 다음 날 02:0001:00 라스트오더_월_17:00 - 다음 날 02:0001:00 라스트오더_화17:00 - 다음 날 02:0001:00 라스트오더_화17:00 - 다음 날 02:0001:00 라스트오더_화17:00 - 다음 날 02:0001:00 라스트오더_화_17:00 - 다음 날 02:0001:00 라스트오더_- 재료소진으로 가끔 조기마감 하는점 양해 부탁드립니다 !접기_- 재료소진으로 가끔 조기마감 하는점 양해 부탁드립니다 !접기_- 재료소진으로 가끔 조기마감 하는점 양해 부탁드립니다 !_- 재료소진으로 가끔 조기마감 하는점 양해 부탁드립니다 !_접기_접기,별점없음,0,0,https://search.pstatic.net/common/?autoRotate=true&type=w560_sharpen&src=https%3A%2F%2Fldb-phinf.pstatic.net%2F20231121_121%2F1700578629159YwB26_JPEG%2FIMG_8571.jpeg,테이크아웃 할인_생일 혜택_단체 이용 가능_예약_남/녀 화장실 구분_노키즈존,주차 불가
진미반점,13186254,중식당,도로명전북 전주시 덕진구 명주3길 19-2복사지번전북 전주시 덕진구 인후동2가 1551-2복사우편번호우편번호54916복사안내 레이어 닫기,063-246-9295,영업 중19:50에 라스트오더19시 50분에 라스트오더_영업 중19:50에 라스트오더19시 50분에 라스트오더_영업 중19:50에 라스트오더19시 50분에 라스트오더_영업 중_19:50에 라스트오더19시 50분에 라스트오더_19:50에 라스트오더_19시 50분에 라스트오더_수10:30 - 20:3019:50 라스트오더_수10:30 - 20:3019:50 라스트오더_수10:30 - 20:3019:50 라스트오더_수_10:30 - 20:3019:50 라스트오더_목10:30 - 20:3019:50 라스트오더_목10:30 - 20:3019:50 라스트오더_목10:30 - 20:3019:50 라스트오더_목_10:30 - 20:3019:50 라스트오더_금10:30 - 20:3019:50 라스트오더_금10:30 - 20:3019:50 라스트오더_금10:30 - 20:3019:50 라스트오더_금_10:30 - 20:3019:50 라스트오더_토10:30 - 20:3019:50 라스트오더_토10:30 - 20:3019:50 라스트오더_토10:30 - 20:3019:50 라스트오더_토_10:30 - 20:3019:50 라스트오더_일10:30 - 20:3019:50 라스트오더_일10:30 - 20:3019:50 라스트오더_일10:30 - 20:3019:50 라스트오더_일_10:30 - 20:3019:50 라스트오더_월정기휴무 (매주 월요일)_월정기휴무 (매주 월요일)_월정기휴무 (매주 월요일)_월_정기휴무 (매주 월요일)_정기휴무 (매주 월요일)_화10:30 - 20:3019:50 라스트오더접기_화10:30 - 20:3019:50 라스트오더접기_화10:30 - 20:3019:50 라스트오더_화_10:30 - 20:3019:50 라스트오더_접기_접기,별점4.2,0,0,https://search.pstatic.net/common/?autoRotate=true&type=w560_sharpen&src=https%3A%2F%2Fldb-phinf.pstatic.net%2F20191022_13%2F1571726235272SgYVu_JPEG%2FsF7KeGGcbjZUZ7cjwpc90H0j.jpg,예약_단체 이용 가능_배달,주차 불가
천궁,1426435574,술집,도로명전북 전주시 덕진구 명륜4길 12 서주빌딩 7층복사지번전북 전주시 덕진구 덕진동1가 1263-3복사우편번호우편번호54898복사안내 레이어 닫기,0507-1440-9003,영업 중다음 날 04:00에 영업 종료다음 날 4시 0분에 영업 종료_영업 중다음 날 04:00에 영업 종료다음 날 4시 0분에 영업 종료_영업 중다음 날 04:00에 영업 종료다음 날 4시 0분에 영업 종료_영업 중_다음 날 04:00에 영업 종료다음 날 4시 0분에 영업 종료_다음 날 04:00에 영업 종료_다음 날 4시 0분에 영업 종료_수18:00 - 다음 날 04:00_수18:00 - 다음 날 04:00_수18:00 - 다음 날 04:00_수_18:00 - 다음 날 04:00_목18:00 - 다음 날 04:00_목18:00 - 다음 날 04:00_목18:00 - 다음 날 04:00_목_18:00 - 다음 날 04:00_금18:00 - 다음 날 04:00_금18:00 - 다음 날 04:00_금18:00 - 다음 날 04:00_금_18:00 - 다음 날 04:00_토18:00 - 다음 날 04:00_토18:00 - 다음 날 04:00_토18:00 - 다음 날 04:00_토_18:00 - 다음 날 04:00_일정기휴무 (매주 일요일)_일정기휴무 (매주 일요일)_일정기휴무 (매주 일요일)_일_정기휴무 (매주 일요일)_정기휴무 (매주 일요일)_월18:00 - 다음 날 04:00_월18:00 - 다음 날 04:00_월18:00 - 다음 날 04:00_월_18:00 - 다음 날 04:00_화18:00 - 다음 날 04:00접기_화18:00 - 다음 날 04:00접기_화18:00 - 다음 날 04:00_화_18:00 - 다음 날 04:00_접기_접기,별점없음,0,0,https://search.pstatic.net/common/?autoRotate=true&quality=95&type=w750&src=https%3A%2F%2Fldb-phinf.pstatic.net%2F20230701_196%2F1688218392629qjHwi_JPEG%2F0C200B88-3DED-433E-A56D-BE5C096917F9.jpeg,편의시설 정보 없음,주차 불가
감도,2066228718,한식,도로명전북 전주시 덕진구 명륜4길 11-1 1층 gamdo복사지번전북 전주시 덕진구 덕진동1가 1262-8복사우편번호우편번호54898복사안내 레이어 닫기,0507-1313-6999,영업 중다음 날 02:00에 영업 종료다음 날 2시 0분에 영업 종료_영업 중다음 날 02:00에 영업 종료다음 날 2시 0분에 영업 종료_영업 중다음 날 02:00에 영업 종료다음 날 2시 0분에 영업 종료_영업 중_다음 날 02:00에 영업 종료다음 날 2시 0분에 영업 종료_다음 날 02:00에 영업 종료_다음 날 2시 0분에 영업 종료_매일17:00 - 다음 날 02:00접기_매일17:00 - 다음 날 02:00접기_매일17:00 - 다음 날 02:00_매일_17:00 - 다음 날 02:00_접기_접기,별점없음,0,0,https://search.pstatic.net/common/?autoRotate=true&type=w560_sharpen&src=https%3A%2F%2Fldb-phinf.pstatic.net%2F20260316_142%2F1773668496365VEo9z_JPEG%2FIMG_6926.jpeg,예약_단체 이용 가능,주차 불가
뚜레쥬르 전북대사대부고점,17128944,베이커리,도로명전북 전주시 덕진구 조경단로 107복사지번전북 전주시 덕진구 금암동 632-144복사우편번호우편번호54899복사안내 레이어 닫기,063-273-8800,영업 중24:00에 영업 종료0시 0분에 영업 종료_영업 중24:00에 영업 종료0시 0분에 영업 종료_영업 중24:00에 영업 종료0시 0분에 영업 종료_영업 중_24:00에 영업 종료0시 0분에 영업 종료_24:00에 영업 종료_0시 0분에 영업 종료_매일07:00 - 24:00접기_매일07:00 - 24:00접기_매일07:00 - 24:00_매일_07:00 - 24:00_접기_접기,별점없음,0,0,https://search.pstatic.net/common/?autoRotate=true&quality=95&type=w750&src=https%3A%2F%2Fldb-phinf.pstatic.net%2F20250813_266%2F17550484266608gyBG_JPEG%2F%25B6%25D1%25B7%25B9%25C1%25EA%25B8%25A3_%25B7%25CE%25B0%25ED_%25B3%25D7%25C0%25CC%25B9%25F6.jpg,편의시설 정보 없음,주차 불가
도야짬뽕 전북대점,1195097272,중식당,도로명전북 전주시 덕진구 명륜4길 20 2층복사지번전북 전주시 덕진구 덕진동1가 1314-170복사우편번호우편번호54898복사안내 레이어 닫기,0507-1413-5009,영업 중다음 날 02:00에 라스트오더다음 날 2시 0분에 라스트오더_영업 중다음 날 02:00에 라스트오더다음 날 2시 0분에 라스트오더_영업 중다음 날 02:00에 라스트오더다음 날 2시 0분에 라스트오더_영업 중_다음 날 02:00에 라스트오더다음 날 2시 0분에 라스트오더_다음 날 02:00에 라스트오더_다음 날 2시 0분에 라스트오더_수10:50 - 다음 날 02:3002:00 라스트오더_수10:50 - 다음 날 02:3002:00 라스트오더_수10:50 - 다음 날 02:3002:00 라스트오더_수_10:50 - 다음 날 02:3002:00 라스트오더_목10:50 - 다음 날 02:3002:00 라스트오더_목10:50 - 다음 날 02:3002:00 라스트오더_목10:50 - 다음 날 02:3002:00 라스트오더_목_10:50 - 다음 날 02:3002:00 라스트오더_금10:50 - 다음 날 02:3002:00 라스트오더_금10:50 - 다음 날 02:3002:00 라스트오더_금10:50 - 다음 날 02:3002:00 라스트오더_금_10:50 - 다음 날 02:3002:00 라스트오더_토10:50 - 다음 날 02:3002:00 라스트오더_토10:50 - 다음 날 02:3002:00 라스트오더_토10:50 - 다음 날 02:3002:00 라스트오더_토_10:50 - 다음 날 02:3002:00 라스트오더_일10:50 - 다음 날 02:3002:00 라스트오더_일10:50 - 다음 날 02:3002:00 라스트오더_일10:50 - 다음 날 02:3002:00 라스트오더_일_10:50 - 다음 날 02:3002:00 라스트오더_월10:50 - 다음 날 02:3002:00 라스트오더_월10:50 - 다음 날 02:3002:00 라스트오더_월10:50 - 다음 날 02:3002:00 라스트오더_월_10:50 - 다음 날 02:3002:00 라스트오더_화10:50 - 다음 날 02:3021:00 - 22:00 브레이크타임02:00 라스트오더접기_화10:50 - 다음 날 02:3021:00 - 22:00 브레이크타임02:00 라스트오더접기_화10:50 - 다음 날 02:3021:00 - 22:00 브레이크타임02:00 라스트오더_화_10:50 - 다음 날 02:3021:00 - 22:00 브레이크타임02:00 라스트오더_접기_접기,별점없음,0,0,https://search.pstatic.net/common/?autoRotate=true&type=w560_sharpen&src=https%3A%2F%2Fldb-phinf.pstatic.net%2F20240818_108%2F1723966588368sNNo2_JPEG%2FA9Y03902.jpg,무한 리필_단체 이용 가능_포장_배달_예약_무선 인터넷_남/녀 화장실 구분_유아의자,주차 불가
투썸플레이스 전주백제로점,762016198,카페,도로명전북 전주시 덕진구 백제대로 736 새마을금고복사지번전북 전주시 덕진구 인후동2가 1558-2복사우편번호우편번호54916복사안내 레이어 닫기,0507-1467-3740,"영업 중22:00에 영업 종료22시 0분에 영업 종료_영업 중22:00에 영업 종료22시 0분에 영업 종료_영업 중22:00에 영업 종료22시 0분에 영업 종료_영업 중_22:00에 영업 종료22시 0분에 영업 종료_22:00에 영업 종료_22시 0분에 영업 종료_매일08:00 - 22:00_매일08:00 - 22:00_매일08:00 - 22:00_매일_08:00 - 22:00_- 9월16,18일  정상영업접기_- 9월16,18일  정상영업접기_- 9월16,18일  정상영업_- 9월16,18일  정상영업_접기_접기",별점없음,0,0,https://search.pstatic.net/common/?autoRotate=true&type=w560_sharpen&src=https%3A%2F%2Fldb-phinf.pstatic.net%2F20201116_201%2F1605505505544TBJJf_JPEG%2FbJZIHmDXg8gd9GssugJfoDo1.jpg,편의시설 정보 없음,주차 불가
먹새통 전북대점,1369898485,포장마차,도로명전북 전주시 덕진구 명륜3길 18-4 1층복사지번전북 전주시 덕진구 덕진동1가 1264-3복사우편번호우편번호54898복사안내 레이어 닫기,063-903-1424,"영업 중다음 날 05:00에 라스트오더다음 날 5시 0분에 라스트오더_영업 중다음 날 05:00에 라스트오더다음 날 5시 0분에 라스트오더_영업 중다음 날 05:00에 라스트오더다음 날 5시 0분에 라스트오더_영업 중_다음 날 05:00에 라스트오더다음 날 5시 0분에 라스트오더_다음 날 05:00에 라스트오더_다음 날 5시 0분에 라스트오더_매일17:00 - 다음 날 06:0005:00 라스트오더_매일17:00 - 다음 날 06:0005:00 라스트오더_매일17:00 - 다음 날 06:0005:00 라스트오더_매일_17:00 - 다음 날 06:0005:00 라스트오더_- (설날, 추석) 모두 휴무 없이, 정상영업 합니다.접기_- (설날, 추석) 모두 휴무 없이, 정상영업 합니다.접기_- (설날, 추석) 모두 휴무 없이, 정상영업 합니다._- (설날, 추석) 모두 휴무 없이, 정상영업 합니다._접기_접기",별점없음,0,0,https://search.pstatic.net/common/?autoRotate=true&type=w560_sharpen&src=https%3A%2F%2Fldb-phinf.pstatic.net%2F20230422_212%2F16821408641305ozMz_JPEG%2F%25C6%25F7%25C2%25F71%25B9%25F8%25C1%25F6_%25B8%25D4%25BB%25F5%25C5%25EB_%25B7%25CE%25B0%25ED.jpg,단체 이용 가능_예약_무선 인터넷_남/녀 화장실 구분,주차 불가
치킨마루 전북대점,118292214,"치킨,닭강정",도로명전북 전주시 덕진구 덕진광장로 19복사지번전북 전주시 덕진구 덕진동1가 1312-36복사우편번호우편번호54897복사안내 레이어 닫기,063-271-8592,영업 중다음 날 02:30에 영업 종료다음 날 2시 30분에 영업 종료_영업 중다음 날 02:30에 영업 종료다음 날 2시 30분에 영업 종료_영업 중다음 날 02:30에 영업 종료다음 날 2시 30분에 영업 종료_영업 중_다음 날 02:30에 영업 종료다음 날 2시 30분에 영업 종료_다음 날 02:30에 영업 종료_다음 날 2시 30분에 영업 종료_매일16:30 - 다음 날 02:30_매일16:30 - 다음 날 02:30_매일16:30 - 다음 날 02:30_매일_16:30 - 다음 날 02:30_- 연중무휴접기_- 연중무휴접기_- 연중무휴_- 연중무휴_접기_접기,별점없음,0,0,https://search.pstatic.net/common/?autoRotate=true&type=w560_sharpen&src=https%3A%2F%2Fldb-phinf.pstatic.net%2F20260105_208%2F176757132425308MzD_JPEG%2F%25C0%25FC%25BA%25CF%25B4%25EB%25C1%25A1_%25C0%25DA%25BC%25AE%25C0%25FC%25B4%25DC%25C1%25F6.jpg,단체 이용 가능_포장_배달,주차 불가
덕진헌,1696511501,소고기구이,도로명전북 전주시 덕진구 창포길 49-10 전북대학교 컨벤션센터 1층 한옥복사지번전북 전주시 덕진구 덕진동1가 1316-16복사우편번호우편번호54895복사안내 레이어 닫기,063-253-0333,영업 중20:30에 라스트오더20시 30분에 라스트오더_영업 중20:30에 라스트오더20시 30분에 라스트오더_영업 중20:30에 라스트오더20시 30분에 라스트오더_영업 중_20:30에 라스트오더20시 30분에 라스트오더_20:30에 라스트오더_20시 30분에 라스트오더_수11:00 - 21:0014:30 - 16:30 브레이크타임20:30 라스트오더_수11:00 - 21:0014:30 - 16:30 브레이크타임20:30 라스트오더_수11:00 - 21:0014:30 - 16:30 브레이크타임20:30 라스트오더_수_11:00 - 21:0014:30 - 16:30 브레이크타임20:30 라스트오더_목11:00 - 21:0014:30 - 16:30 브레이크타임20:30 라스트오더_목11:00 - 21:0014:30 - 16:30 브레이크타임20:30 라스트오더_목11:00 - 21:0014:30 - 16:30 브레이크타임20:30 라스트오더_목_11:00 - 21:0014:30 - 16:30 브레이크타임20:30 라스트오더_금11:00 - 21:0014:30 - 16:30 브레이크타임20:30 라스트오더_금11:00 - 21:0014:30 - 16:30 브레이크타임20:30 라스트오더_금11:00 - 21:0014:30 - 16:30 브레이크타임20:30 라스트오더_금_11:00 - 21:0014:30 - 16:30 브레이크타임20:30 라스트오더_토11:00 - 21:0014:30 - 16:30 브레이크타임20:30 라스트오더_토11:00 - 21:0014:30 - 16:30 브레이크타임20:30 라스트오더_토11:00 - 21:0014:30 - 16:30 브레이크타임20:30 라스트오더_토_11:00 - 21:0014:30 - 16:30 브레이크타임20:30 라스트오더_일11:00 - 21:0014:30 - 16:30 브레이크타임20:30 라스트오더_일11:00 - 21:0014:30 - 16:30 브레이크타임20:30 라스트오더_일11:00 - 21:0014:30 - 16:30 브레이크타임20:30 라스트오더_일_11:00 - 21:0014:30 - 16:30 브레이크타임20:30 라스트오더_월11:00 - 21:0014:30 - 16:30 브레이크타임20:30 라스트오더_월11:00 - 21:0014:30 - 16:30 브레이크타임20:30 라스트오더_월11:00 - 21:0014:30 - 16:30 브레이크타임20:30 라스트오더_월_11:00 - 21:0014:30 - 16:30 브레이크타임20:30 라스트오더_화11:00 - 21:0014:30 - 16:30 브레이크타임20:30 라스트오더_화11:00 - 21:0014:30 - 16:30 브레이크타임20:30 라스트오더_화11:00 - 21:0014:30 - 16:30 브레이크타임20:30 라스트오더_화_11:00 - 21:0014:30 - 16:30 브레이크타임20:30 라스트오더_- 2/18 (수) 휴무접기_- 2/18 (수) 휴무접기_- 2/18 (수) 휴무_- 2/18 (수) 휴무_접기_접기,별점없음,0,0,https://search.pstatic.net/common/?autoRotate=true&type=w560_sharpen&src=https%3A%2F%2Fldb-phinf.pstatic.net%2F20241120_82%2F17320950467039oop2_PNG%2F%25B4%25F6%25C1%25F8%25C7%25E5%25B3%25BB%25BA%25CE_01.png,콜키지 가능유료_포장_단체 이용 가능_예약_무선 인터넷_남/녀 화장실 구분_대기공간_유아의자_화장실 휠체어 이용가능_출입구 휠체어 이용가능_장애인 주차구역,주차가능무료
카페 502,1296150732,카페,도로명전북 전주시 덕진구 명륜4길 17 5층 502호복사지번전북 전주시 덕진구 덕진동1가 1261-4복사우편번호우편번호54898복사안내 레이어 닫기,0507-1315-3064,영업 중24:00에 영업 종료0시 0분에 영업 종료_영업 중24:00에 영업 종료0시 0분에 영업 종료_영업 중24:00에 영업 종료0시 0분에 영업 종료_영업 중_24:00에 영업 종료0시 0분에 영업 종료_24:00에 영업 종료_0시 0분에 영업 종료_수10:00 - 24:00_수10:00 - 24:00_수10:00 - 24:00_수_10:00 - 24:00_목10:00 - 24:00_목10:00 - 24:00_목10:00 - 24:00_목_10:00 - 24:00_금10:00 - 24:00_금10:00 - 24:00_금10:00 - 24:00_금_10:00 - 24:00_토10:00 - 24:00_토10:00 - 24:00_토10:00 - 24:00_토_10:00 - 24:00_일10:00 - 24:00_일10:00 - 24:00_일10:00 - 24:00_일_10:00 - 24:00_월10:00 - 24:00_월10:00 - 24:00_월10:00 - 24:00_월_10:00 - 24:00_화10:00 - 24:00접기_화10:00 - 24:00접기_화10:00 - 24:00_화_10:00 - 24:00_접기_접기,별점없음,0,0,https://search.pstatic.net/common/?autoRotate=true&type=w560_sharpen&src=https%3A%2F%2Fldb-phinf.pstatic.net%2F20250418_161%2F1744902005678uF0Sg_JPEG%2F2.jpg,남/녀 화장실 구분_대기공간_단체 이용 가능_포장_무선 인터넷,주차 불가
빽다방 전북대1호점,37162382,테이크아웃커피,도로명전북 전주시 덕진구 권삼득로 301복사지번전북 전주시 덕진구 금암동 664-53복사우편번호우편번호54898복사안내 레이어 닫기,0507-0289-9609,영업 중23:30에 영업 종료23시 30분에 영업 종료_영업 중23:30에 영업 종료23시 30분에 영업 종료_영업 중23:30에 영업 종료23시 30분에 영업 종료_영업 중_23:30에 영업 종료23시 30분에 영업 종료_23:30에 영업 종료_23시 30분에 영업 종료_매일08:00 - 23:30접기_매일08:00 - 23:30접기_매일08:00 - 23:30_매일_08:00 - 23:30_접기_접기,별점없음,0,0,https://search.pstatic.net/common/?autoRotate=true&type=w560_sharpen&src=https%3A%2F%2Fldb-phinf.pstatic.net%2F20260112_66%2F1768209415822WsddE_PNG%2F%25BE%25F7%25C3%25BC%25BB%25E7%25C1%25F8.png,포장_배달_무선 인터넷,주차 불가
그리고 오늘,242907541,케이크전문,도로명전북 전주시 덕진구 숲정이2길 45 그리고오늘복사지번전북 전주시 덕진구 진북동 1162-4복사우편번호우편번호54938복사안내 레이어 닫기,0507-1305-5613,영업 종료09:00에 영업 시작9시 0분에 영업 시작_영업 종료09:00에 영업 시작9시 0분에 영업 시작_영업 종료09:00에 영업 시작9시 0분에 영업 시작_영업 종료_09:00에 영업 시작9시 0분에 영업 시작_09:00에 영업 시작_9시 0분에 영업 시작_수09:00 - 20:00_수09:00 - 20:00_수09:00 - 20:00_수_09:00 - 20:00_목09:00 - 20:00_목09:00 - 20:00_목09:00 - 20:00_목_09:00 - 20:00_금09:00 - 20:00_금09:00 - 20:00_금09:00 - 20:00_금_09:00 - 20:00_토09:00 - 20:00_토09:00 - 20:00_토09:00 - 20:00_토_09:00 - 20:00_일09:00 - 18:00_일09:00 - 18:00_일09:00 - 18:00_일_09:00 - 18:00_월09:00 - 20:00_월09:00 - 20:00_월09:00 - 20:00_월_09:00 - 20:00_화09:00 - 20:00접기_화09:00 - 20:00접기_화09:00 - 20:00_화_09:00 - 20:00_접기_접기,별점없음,0,0,https://search.pstatic.net/common/?autoRotate=true&type=w560_sharpen&src=https%3A%2F%2Fldb-phinf.pstatic.net%2F20260502_222%2F17777020429296mOh3_JPEG%2FIMG_4747.jpeg,예약_포장_무선 인터넷_배달,주차 불가
송가네춘천닭갈비,1052280556,한식,도로명전북 전주시 덕진구 명륜2길 15-3 송가네춘천닭갈비복사지번전북 전주시 덕진구 덕진동1가 1264-17복사우편번호우편번호54898복사안내 레이어 닫기,063-255-3321,영업 중21:30에 라스트오더21시 30분에 라스트오더_영업 중21:30에 라스트오더21시 30분에 라스트오더_영업 중21:30에 라스트오더21시 30분에 라스트오더_영업 중_21:30에 라스트오더21시 30분에 라스트오더_21:30에 라스트오더_21시 30분에 라스트오더_수10:00 - 22:0015:00 - 16:30 브레이크타임21:30 라스트오더_수10:00 - 22:0015:00 - 16:30 브레이크타임21:30 라스트오더_수10:00 - 22:0015:00 - 16:30 브레이크타임21:30 라스트오더_수_10:00 - 22:0015:00 - 16:30 브레이크타임21:30 라스트오더_목10:00 - 22:0015:00 - 16:30 브레이크타임21:30 라스트오더_목10:00 - 22:0015:00 - 16:30 브레이크타임21:30 라스트오더_목10:00 - 22:0015:00 - 16:30 브레이크타임21:30 라스트오더_목_10:00 - 22:0015:00 - 16:30 브레이크타임21:30 라스트오더_금10:00 - 22:0015:00 - 16:30 브레이크타임21:30 라스트오더_금10:00 - 22:0015:00 - 16:30 브레이크타임21:30 라스트오더_금10:00 - 22:0015:00 - 16:30 브레이크타임21:30 라스트오더_금_10:00 - 22:0015:00 - 16:30 브레이크타임21:30 라스트오더_토10:00 - 22:0015:00 - 16:30 브레이크타임21:30 라스트오더_토10:00 - 22:0015:00 - 16:30 브레이크타임21:30 라스트오더_토10:00 - 22:0015:00 - 16:30 브레이크타임21:30 라스트오더_토_10:00 - 22:0015:00 - 16:30 브레이크타임21:30 라스트오더_일정기휴무 (매주 일요일)_일정기휴무 (매주 일요일)_일정기휴무 (매주 일요일)_일_정기휴무 (매주 일요일)_정기휴무 (매주 일요일)_월10:00 - 22:0015:00 - 16:30 브레이크타임21:30 라스트오더_월10:00 - 22:0015:00 - 16:30 브레이크타임21:30 라스트오더_월10:00 - 22:0015:00 - 16:30 브레이크타임21:30 라스트오더_월_10:00 - 22:0015:00 - 16:30 브레이크타임21:30 라스트오더_화10:00 - 22:0015:00 - 16:30 브레이크타임21:30 라스트오더접기_화10:00 - 22:0015:00 - 16:30 브레이크타임21:30 라스트오더접기_화10:00 - 22:0015:00 - 16:30 브레이크타임21:30 라스트오더_화_10:00 - 22:0015:00 - 16:30 브레이크타임21:30 라스트오더_접기_접기,별점없음,0,0,https://search.pstatic.net/common/?autoRotate=true&type=w560_sharpen&src=https%3A%2F%2Fldb-phinf.pstatic.net%2F20241231_243%2F1735651474982FgF3I_JPEG%2F1000003901.jpg,단체 이용 가능_포장_배달_예약_남/녀 화장실 구분,주차 불가
우정숯불닭발 전북대본점,2076055804,닭발,도로명전북 전주시 덕진구 덕진광장로 24 1층복사지번전북 전주시 덕진구 덕진동1가 1312-7복사우편번호우편번호54898복사안내 레이어 닫기,0507-1478-1747,영업 중다음 날 00:00에 라스트오더다음 날 0시 0분에 라스트오더_영업 중다음 날 00:00에 라스트오더다음 날 0시 0분에 라스트오더_영업 중다음 날 00:00에 라스트오더다음 날 0시 0분에 라스트오더_영업 중_다음 날 00:00에 라스트오더다음 날 0시 0분에 라스트오더_다음 날 00:00에 라스트오더_다음 날 0시 0분에 라스트오더_매일16:30 - 다음 날 01:0000:00 라스트오더_매일16:30 - 다음 날 01:0000:00 라스트오더_매일16:30 - 다음 날 01:0000:00 라스트오더_매일_16:30 - 다음 날 01:0000:00 라스트오더_- 연중무휴접기_- 연중무휴접기_- 연중무휴_- 연중무휴_접기_접기,별점없음,0,0,https://search.pstatic.net/common/?autoRotate=true&type=w560_sharpen&src=https%3A%2F%2Fldb-phinf.pstatic.net%2F20250912_114%2F1757664522171Aby8s_JPEG%2F1757664238237.jpg,단체 이용 가능_예약_무선 인터넷_남/녀 화장실 구분_포장_배달,주차가능무료
미담덕장 본점,1227780985,"해물,생선요리",도로명전북 전주시 덕진구 전주천동로 483 1층복사지번전북 전주시 덕진구 금암동 760-1복사우편번호우편번호54932복사안내 레이어 닫기,0507-1346-3140,영업 중21:00에 영업 종료21시 0분에 영업 종료_영업 중21:00에 영업 종료21시 0분에 영업 종료_영업 중21:00에 영업 종료21시 0분에 영업 종료_영업 중_21:00에 영업 종료21시 0분에 영업 종료_21:00에 영업 종료_21시 0분에 영업 종료_수11:00 - 21:00_수11:00 - 21:00_수11:00 - 21:00_수_11:00 - 21:00_목11:00 - 21:00_목11:00 - 21:00_목11:00 - 21:00_목_11:00 - 21:00_금11:00 - 21:00_금11:00 - 21:00_금11:00 - 21:00_금_11:00 - 21:00_토11:00 - 21:00_토11:00 - 21:00_토11:00 - 21:00_토_11:00 - 21:00_일정기휴무 (매주 일요일)_일정기휴무 (매주 일요일)_일정기휴무 (매주 일요일)_일_정기휴무 (매주 일요일)_정기휴무 (매주 일요일)_월11:00 - 21:00_월11:00 - 21:00_월11:00 - 21:00_월_11:00 - 21:00_화11:00 - 21:00접기_화11:00 - 21:00접기_화11:00 - 21:00_화_11:00 - 21:00_접기_접기,별점없음,0,0,https://search.pstatic.net/common/?autoRotate=true&type=w560_sharpen&src=https%3A%2F%2Fldb-phinf.pstatic.net%2F20221018_60%2F1666084947774vjh4y_JPEG%2F5E28A82F-8832-4B64-908A-77C8B79485E8.jpeg,단체 이용 가능_포장_배달_예약_남/녀 화장실 구분,주차가능
서래갈매기 전북대점,17038491,돼지고기구이,도로명전북 전주시 덕진구 명륜3길 18-1복사지번전북 전주시 덕진구 덕진동1가 1314-180복사우편번호우편번호54898복사안내 레이어 닫기,063-275-8592,영업 중다음 날 00:30에 영업 종료다음 날 0시 30분에 영업 종료_영업 중다음 날 00:30에 영업 종료다음 날 0시 30분에 영업 종료_영업 중다음 날 00:30에 영업 종료다음 날 0시 30분에 영업 종료_영업 중_다음 날 00:30에 영업 종료다음 날 0시 30분에 영업 종료_다음 날 00:30에 영업 종료_다음 날 0시 30분에 영업 종료_매일11:00 - 다음 날 00:30접기_매일11:00 - 다음 날 00:30접기_매일11:00 - 다음 날 00:30_매일_11:00 - 다음 날 00:30_접기_접기,별점없음,0,0,https://search.pstatic.net/common/?autoRotate=true&type=w560_sharpen&src=https%3A%2F%2Fldb-phinf.pstatic.net%2F20150901_122%2F1441070905834Ebiy6_JPEG%2F136064508345081_0.jpg,편의시설 정보 없음,주차가능
라도,1430067356,"카페,디저트",도로명전북 전주시 덕진구 덕진연못1길 9-23 1층 라도복사지번전북 전주시 덕진구 덕진동1가 1280-26복사우편번호우편번호54897복사안내 레이어 닫기,0507-1321-8099,영업 중20:50에 라스트오더20시 50분에 라스트오더_영업 중20:50에 라스트오더20시 50분에 라스트오더_영업 중20:50에 라스트오더20시 50분에 라스트오더_영업 중_20:50에 라스트오더20시 50분에 라스트오더_20:50에 라스트오더_20시 50분에 라스트오더_수12:00 - 21:0020:50 라스트오더_수12:00 - 21:0020:50 라스트오더_수12:00 - 21:0020:50 라스트오더_수_12:00 - 21:0020:50 라스트오더_목12:00 - 21:0020:50 라스트오더_목12:00 - 21:0020:50 라스트오더_목12:00 - 21:0020:50 라스트오더_목_12:00 - 21:0020:50 라스트오더_금12:00 - 21:0020:50 라스트오더_금12:00 - 21:0020:50 라스트오더_금12:00 - 21:0020:50 라스트오더_금_12:00 - 21:0020:50 라스트오더_토12:00 - 20:3020:20 라스트오더_토12:00 - 20:3020:20 라스트오더_토12:00 - 20:3020:20 라스트오더_토_12:00 - 20:3020:20 라스트오더_일10:00 - 20:0019:50 라스트오더_일10:00 - 20:0019:50 라스트오더_일10:00 - 20:0019:50 라스트오더_일_10:00 - 20:0019:50 라스트오더_월정기휴무 (매주 월요일)_월정기휴무 (매주 월요일)_월정기휴무 (매주 월요일)_월_정기휴무 (매주 월요일)_정기휴무 (매주 월요일)_화12:00 - 21:0020:50 라스트오더접기_화12:00 - 21:0020:50 라스트오더접기_화12:00 - 21:0020:50 라스트오더_화_12:00 - 21:0020:50 라스트오더_접기_접기,별점없음,0,0,https://search.pstatic.net/common/?autoRotate=true&type=w560_sharpen&src=https%3A%2F%2Fldb-phinf.pstatic.net%2F20240911_152%2F1726035521391bQja0_JPEG%2FIMG_5553.jpeg,단체 이용 가능_포장_무선 인터넷,주차가능
이문형감자탕,1492896883,감자탕,도로명전북 전주시 덕진구 명륜2길 16-5 1층복사지번전북 전주시 덕진구 덕진동1가 1314-191복사우편번호우편번호54898복사안내 레이어 닫기,0507-1372-0717,"영업 중21:00에 라스트오더21시 0분에 라스트오더_영업 중21:00에 라스트오더21시 0분에 라스트오더_영업 중21:00에 라스트오더21시 0분에 라스트오더_영업 중_21:00에 라스트오더21시 0분에 라스트오더_21:00에 라스트오더_21시 0분에 라스트오더_수11:00 - 21:3015:00 - 17:00 브레이크타임14:30, 21:00 라스트오더_수11:00 - 21:3015:00 - 17:00 브레이크타임14:30, 21:00 라스트오더_수11:00 - 21:3015:00 - 17:00 브레이크타임14:30, 21:00 라스트오더_수_11:00 - 21:3015:00 - 17:00 브레이크타임14:30, 21:00 라스트오더_목11:00 - 21:3015:00 - 17:00 브레이크타임14:30, 21:00 라스트오더_목11:00 - 21:3015:00 - 17:00 브레이크타임14:30, 21:00 라스트오더_목11:00 - 21:3015:00 - 17:00 브레이크타임14:30, 21:00 라스트오더_목_11:00 - 21:3015:00 - 17:00 브레이크타임14:30, 21:00 라스트오더_금11:00 - 21:3015:00 - 17:00 브레이크타임14:30, 21:00 라스트오더_금11:00 - 21:3015:00 - 17:00 브레이크타임14:30, 21:00 라스트오더_금11:00 - 21:3015:00 - 17:00 브레이크타임14:30, 21:00 라스트오더_금_11:00 - 21:3015:00 - 17:00 브레이크타임14:30, 21:00 라스트오더_토11:00 - 21:3015:00 - 17:00 브레이크타임14:30, 21:00 라스트오더_토11:00 - 21:3015:00 - 17:00 브레이크타임14:30, 21:00 라스트오더_토11:00 - 21:3015:00 - 17:00 브레이크타임14:30, 21:00 라스트오더_토_11:00 - 21:3015:00 - 17:00 브레이크타임14:30, 21:00 라스트오더_일정기휴무 (매주 일요일)_일정기휴무 (매주 일요일)_일정기휴무 (매주 일요일)_일_정기휴무 (매주 일요일)_정기휴무 (매주 일요일)_월11:00 - 21:3015:00 - 17:00 브레이크타임14:30, 21:00 라스트오더_월11:00 - 21:3015:00 - 17:00 브레이크타임14:30, 21:00 라스트오더_월11:00 - 21:3015:00 - 17:00 브레이크타임14:30, 21:00 라스트오더_월_11:00 - 21:3015:00 - 17:00 브레이크타임14:30, 21:00 라스트오더_화11:00 - 21:3015:00 - 17:00 브레이크타임14:30, 21:00 라스트오더접기_화11:00 - 21:3015:00 - 17:00 브레이크타임14:30, 21:00 라스트오더접기_화11:00 - 21:3015:00 - 17:00 브레이크타임14:30, 21:00 라스트오더_화_11:00 - 21:3015:00 - 17:00 브레이크타임14:30, 21:00 라스트오더_접기_접기",별점없음,0,0,https://search.pstatic.net/common/?autoRotate=true&type=w560_sharpen&src=https%3A%2F%2Fldb-phinf.pstatic.net%2F20241025_284%2F1729787579050CtOce_JPEG%2F1000003246.jpg,콜키지 가능유료_단체 이용 가능_포장_배달_예약_유아의자,주차 불가
피자스쿨 전북대점,21378162,피자,도로명전북 전주시 덕진구 백제대로 639복사지번전북 전주시 덕진구 금암동 1589-1복사우편번호우편번호54907복사안내 레이어 닫기,063-252-3331,영업 중21:20에 영업 종료21시 20분에 영업 종료_영업 중21:20에 영업 종료21시 20분에 영업 종료_영업 중21:20에 영업 종료21시 20분에 영업 종료_영업 중_21:20에 영업 종료21시 20분에 영업 종료_21:20에 영업 종료_21시 20분에 영업 종료_수11:00 - 21:20_수11:00 - 21:20_수11:00 - 21:20_수_11:00 - 21:20_목11:00 - 21:20_목11:00 - 21:20_목11:00 - 21:20_목_11:00 - 21:20_금11:00 - 21:20_금11:00 - 21:20_금11:00 - 21:20_금_11:00 - 21:20_토11:00 - 21:20_토11:00 - 21:20_토11:00 - 21:20_토_11:00 - 21:20_일11:00 - 21:20_일11:00 - 21:20_일11:00 - 21:20_일_11:00 - 21:20_월정기휴무 (매주 월요일)_월정기휴무 (매주 월요일)_월정기휴무 (매주 월요일)_월_정기휴무 (매주 월요일)_정기휴무 (매주 월요일)_화14:00 - 21:20접기_화14:00 - 21:20접기_화14:00 - 21:20_화_14:00 - 21:20_접기_접기,별점없음,0,0,https://search.pstatic.net/common/?autoRotate=true&type=w560_sharpen&src=https%3A%2F%2Fldb-phinf.pstatic.net%2F20210823_95%2F1629695746216OEiVA_JPEG%2FHi-nO2dmOhKDHhJ1xaOJuPmo.jpg,편의시설 정보 없음,주차 불가
카페트럼펫,33328104,양식,도로명전북 전주시 덕진구 명륜3길 18-7복사지번전북 전주시 덕진구 덕진동1가 1314-184복사우편번호우편번호54898복사안내 레이어 닫기,063-252-9990,"영업 중20:30에 라스트오더20시 30분에 라스트오더_영업 중20:30에 라스트오더20시 30분에 라스트오더_영업 중20:30에 라스트오더20시 30분에 라스트오더_영업 중_20:30에 라스트오더20시 30분에 라스트오더_20:30에 라스트오더_20시 30분에 라스트오더_수11:00 - 21:0015:00 - 16:00 브레이크타임20:30 라스트오더_수11:00 - 21:0015:00 - 16:00 브레이크타임20:30 라스트오더_수11:00 - 21:0015:00 - 16:00 브레이크타임20:30 라스트오더_수_11:00 - 21:0015:00 - 16:00 브레이크타임20:30 라스트오더_목11:00 - 21:0015:00 - 16:00 브레이크타임20:30 라스트오더_목11:00 - 21:0015:00 - 16:00 브레이크타임20:30 라스트오더_목11:00 - 21:0015:00 - 16:00 브레이크타임20:30 라스트오더_목_11:00 - 21:0015:00 - 16:00 브레이크타임20:30 라스트오더_금11:00 - 21:0015:00 - 16:00 브레이크타임20:30 라스트오더_금11:00 - 21:0015:00 - 16:00 브레이크타임20:30 라스트오더_금11:00 - 21:0015:00 - 16:00 브레이크타임20:30 라스트오더_금_11:00 - 21:0015:00 - 16:00 브레이크타임20:30 라스트오더_토11:00 - 21:0015:00 - 16:00 브레이크타임20:30 라스트오더_토11:00 - 21:0015:00 - 16:00 브레이크타임20:30 라스트오더_토11:00 - 21:0015:00 - 16:00 브레이크타임20:30 라스트오더_토_11:00 - 21:0015:00 - 16:00 브레이크타임20:30 라스트오더_일11:00 - 21:0015:00 - 16:00 브레이크타임20:30 라스트오더_일11:00 - 21:0015:00 - 16:00 브레이크타임20:30 라스트오더_일11:00 - 21:0015:00 - 16:00 브레이크타임20:30 라스트오더_일_11:00 - 21:0015:00 - 16:00 브레이크타임20:30 라스트오더_월정기휴무 (매주 월요일)_월정기휴무 (매주 월요일)_월정기휴무 (매주 월요일)_월_정기휴무 (매주 월요일)_정기휴무 (매주 월요일)_화11:00 - 21:0015:00 - 16:00 브레이크타임20:30 라스트오더_화11:00 - 21:0015:00 - 16:00 브레이크타임20:30 라스트오더_화11:00 - 21:0015:00 - 16:00 브레이크타임20:30 라스트오더_화_11:00 - 21:0015:00 - 16:00 브레이크타임20:30 라스트오더_- 매주 월요일, 설날. 추석 당일, 전날 휴무접기_- 매주 월요일, 설날. 추석 당일, 전날 휴무접기_- 매주 월요일, 설날. 추석 당일, 전날 휴무_- 매주 월요일, 설날. 추석 당일, 전날 휴무_접기_접기",별점없음,0,0,https://search.pstatic.net/common/?autoRotate=true&type=w560_sharpen&src=https%3A%2F%2Fldb-phinf.pstatic.net%2F20250905_255%2F1757075062912GlE4p_JPEG%2FIMG_8338.jpeg,예약_무선 인터넷_남/녀 화장실 구분_포장_단체 이용 가능,주차 불가
대성고기백화점,1658338250,정육식당,도로명전북 전주시 덕진구 태진로 137-4 대성고기백화점복사지번전북 전주시 덕진구 금암동 457-14복사우편번호우편번호54934복사안내 레이어 닫기,0507-1456-1064,영업 중20:50에 라스트오더20시 50분에 라스트오더_영업 중20:50에 라스트오더20시 50분에 라스트오더_영업 중20:50에 라스트오더20시 50분에 라스트오더_영업 중_20:50에 라스트오더20시 50분에 라스트오더_20:50에 라스트오더_20시 50분에 라스트오더_수10:00 - 22:0020:50 라스트오더_수10:00 - 22:0020:50 라스트오더_수10:00 - 22:0020:50 라스트오더_수_10:00 - 22:0020:50 라스트오더_목10:00 - 22:0020:50 라스트오더_목10:00 - 22:0020:50 라스트오더_목10:00 - 22:0020:50 라스트오더_목_10:00 - 22:0020:50 라스트오더_금10:00 - 22:0020:50 라스트오더_금10:00 - 22:0020:50 라스트오더_금10:00 - 22:0020:50 라스트오더_금_10:00 - 22:0020:50 라스트오더_토10:00 - 22:0020:50 라스트오더_토10:00 - 22:0020:50 라스트오더_토10:00 - 22:0020:50 라스트오더_토_10:00 - 22:0020:50 라스트오더_일10:00 - 22:0020:50 라스트오더_일10:00 - 22:0020:50 라스트오더_일10:00 - 22:0020:50 라스트오더_일_10:00 - 22:0020:50 라스트오더_월10:00 - 22:0020:50 라스트오더_월10:00 - 22:0020:50 라스트오더_월10:00 - 22:0020:50 라스트오더_월_10:00 - 22:0020:50 라스트오더_화10:00 - 22:0020:50 라스트오더접기_화10:00 - 22:0020:50 라스트오더접기_화10:00 - 22:0020:50 라스트오더_화_10:00 - 22:0020:50 라스트오더_접기_접기,별점없음,0,0,https://search.pstatic.net/common/?autoRotate=true&type=w560_sharpen&src=https%3A%2F%2Fldb-phinf.pstatic.net%2F20241002_206%2F17278457177237PAgp_JPEG%2F1000001491.jpg,포장_예약_무선 인터넷,주차가능무료
데이드리밍,1910881500,"카페,디저트",도로명전북 전주시 덕진구 명륜1길 14-2복사지번전북 전주시 덕진구 금암동 709-1복사우편번호우편번호54898복사안내 레이어 닫기,0507-1395-0142,영업 중21:30에 라스트오더21시 30분에 라스트오더_영업 중21:30에 라스트오더21시 30분에 라스트오더_영업 중21:30에 라스트오더21시 30분에 라스트오더_영업 중_21:30에 라스트오더21시 30분에 라스트오더_21:30에 라스트오더_21시 30분에 라스트오더_수12:00 - 22:0021:30 라스트오더_수12:00 - 22:0021:30 라스트오더_수12:00 - 22:0021:30 라스트오더_수_12:00 - 22:0021:30 라스트오더_목12:00 - 22:0021:30 라스트오더_목12:00 - 22:0021:30 라스트오더_목12:00 - 22:0021:30 라스트오더_목_12:00 - 22:0021:30 라스트오더_금12:00 - 22:0021:30 라스트오더_금12:00 - 22:0021:30 라스트오더_금12:00 - 22:0021:30 라스트오더_금_12:00 - 22:0021:30 라스트오더_토12:00 - 22:0021:30 라스트오더_토12:00 - 22:0021:30 라스트오더_토12:00 - 22:0021:30 라스트오더_토_12:00 - 22:0021:30 라스트오더_일12:00 - 22:0021:30 라스트오더_일12:00 - 22:0021:30 라스트오더_일12:00 - 22:0021:30 라스트오더_일_12:00 - 22:0021:30 라스트오더_월12:00 - 22:0021:30 라스트오더_월12:00 - 22:0021:30 라스트오더_월12:00 - 22:0021:30 라스트오더_월_12:00 - 22:0021:30 라스트오더_화12:00 - 22:0021:30 라스트오더접기_화12:00 - 22:0021:30 라스트오더접기_화12:00 - 22:0021:30 라스트오더_화_12:00 - 22:0021:30 라스트오더_접기_접기,별점없음,0,0,https://search.pstatic.net/common/?autoRotate=true&type=w560_sharpen&src=https%3A%2F%2Fldb-phinf.pstatic.net%2F20260318_80%2F1773764462766iOrfY_PNG%2F1773749220933.png,포장_배달_예약,주차가능무료
짬뽕관 전주금암점,1845644267,중식당,도로명전북 전주시 덕진구 전주천동로 498 1층복사지번전북 전주시 덕진구 금암동 473-4복사우편번호우편번호54933복사안내 레이어 닫기,0507-1318-4414,"영업 중다음 날 04:30에 라스트오더다음 날 4시 30분에 라스트오더_영업 중다음 날 04:30에 라스트오더다음 날 4시 30분에 라스트오더_영업 중다음 날 04:30에 라스트오더다음 날 4시 30분에 라스트오더_영업 중_다음 날 04:30에 라스트오더다음 날 4시 30분에 라스트오더_다음 날 04:30에 라스트오더_다음 날 4시 30분에 라스트오더_매일09:30 - 다음 날 05:0015:30 - 17:30 브레이크타임04:30 라스트오더_매일09:30 - 다음 날 05:0015:30 - 17:30 브레이크타임04:30 라스트오더_매일09:30 - 다음 날 05:0015:30 - 17:30 브레이크타임04:30 라스트오더_매일_09:30 - 다음 날 05:0015:30 - 17:30 브레이크타임04:30 라스트오더_- 추석 5,6,7 휴무입니다.접기_- 추석 5,6,7 휴무입니다.접기_- 추석 5,6,7 휴무입니다._- 추석 5,6,7 휴무입니다._접기_접기",별점없음,0,0,https://search.pstatic.net/common/?autoRotate=true&type=w560_sharpen&src=https%3A%2F%2Fldb-phinf.pstatic.net%2F20230525_229%2F1684993846249b9pMY_JPEG%2F1.jpg,단체 이용 가능_포장_배달_무선 인터넷_남/녀 화장실 구분,주차가능
닭터닭갈비 전북대점,31388628,닭갈비,도로명전북 전주시 덕진구 명륜3길 18복사지번전북 전주시 덕진구 덕진동1가 1264-1복사우편번호우편번호54898복사안내 레이어 닫기,063-252-6669,영업 중23:30에 라스트오더23시 30분에 라스트오더_영업 중23:30에 라스트오더23시 30분에 라스트오더_영업 중23:30에 라스트오더23시 30분에 라스트오더_영업 중_23:30에 라스트오더23시 30분에 라스트오더_23:30에 라스트오더_23시 30분에 라스트오더_매일11:00 - 24:0023:30 라스트오더접기_매일11:00 - 24:0023:30 라스트오더접기_매일11:00 - 24:0023:30 라스트오더_매일_11:00 - 24:0023:30 라스트오더_접기_접기,별점없음,0,0,https://search.pstatic.net/common/?autoRotate=true&type=w560_sharpen&src=https%3A%2F%2Fldb-phinf.pstatic.net%2F20241028_230%2F1730097801458vWorp_JPEG%2FIMG_8397.jpg,편의시설 정보 없음,주차가능
힙합클럽 퍼플,1602262359,유흥주점,도로명전북 전주시 덕진구 명륜4길 12 6층복사지번전북 전주시 덕진구 덕진동1가 1263-3복사우편번호우편번호54898복사안내 레이어 닫기,0507-1368-5761,오늘 휴무매주 수요일 휴무매주 수요일 휴무_오늘 휴무매주 수요일 휴무매주 수요일 휴무_오늘 휴무매주 수요일 휴무매주 수요일 휴무_오늘 휴무_매주 수요일 휴무매주 수요일 휴무_매주 수요일 휴무_매주 수요일 휴무_수정기휴무 (매주 수요일)_수정기휴무 (매주 수요일)_수정기휴무 (매주 수요일)_수_정기휴무 (매주 수요일)_정기휴무 (매주 수요일)_목정기휴무 (매주 목요일)_목정기휴무 (매주 목요일)_목정기휴무 (매주 목요일)_목_정기휴무 (매주 목요일)_정기휴무 (매주 목요일)_금22:30 - 다음 날 06:00_금22:30 - 다음 날 06:00_금22:30 - 다음 날 06:00_금_22:30 - 다음 날 06:00_토22:30 - 다음 날 06:00_토22:30 - 다음 날 06:00_토22:30 - 다음 날 06:00_토_22:30 - 다음 날 06:00_일정기휴무 (매주 일요일)_일정기휴무 (매주 일요일)_일정기휴무 (매주 일요일)_일_정기휴무 (매주 일요일)_정기휴무 (매주 일요일)_월정기휴무 (매주 월요일)_월정기휴무 (매주 월요일)_월정기휴무 (매주 월요일)_월_정기휴무 (매주 월요일)_정기휴무 (매주 월요일)_화정기휴무 (매주 화요일)접기_화정기휴무 (매주 화요일)접기_화정기휴무 (매주 화요일)_화_정기휴무 (매주 화요일)_정기휴무 (매주 화요일)_접기_접기,별점없음,0,0,https://search.pstatic.net/common/?autoRotate=true&type=w560_sharpen&src=https%3A%2F%2Fldb-phinf.pstatic.net%2F20250228_118%2F1740732580832lALk2_JPEG%2F1740660663459.jpg,단체 이용 가능_남/녀 화장실 구분_대기공간_노키즈존,주차 불가
11초,1411535326,케이크전문,"도로명전북 전주시 덕진구 기린대로 513 1층, 11초 케이크복사지번전북 전주시 덕진구 덕진동1가 1401-1복사우편번호우편번호54888복사안내 레이어 닫기",0507-1313-6557,영업 종료11:00에 영업 시작11시 0분에 영업 시작_영업 종료11:00에 영업 시작11시 0분에 영업 시작_영업 종료11:00에 영업 시작11시 0분에 영업 시작_영업 종료_11:00에 영업 시작11시 0분에 영업 시작_11:00에 영업 시작_11시 0분에 영업 시작_수11:00 - 19:00_수11:00 - 19:00_수11:00 - 19:00_수_11:00 - 19:00_목11:00 - 19:00_목11:00 - 19:00_목11:00 - 19:00_목_11:00 - 19:00_금11:00 - 19:00_금11:00 - 19:00_금11:00 - 19:00_금_11:00 - 19:00_토10:00 - 17:00_토10:00 - 17:00_토10:00 - 17:00_토_10:00 - 17:00_일정기휴무 (매주 일요일)_일정기휴무 (매주 일요일)_일정기휴무 (매주 일요일)_일_정기휴무 (매주 일요일)_정기휴무 (매주 일요일)_월정기휴무 (매주 월요일)_월정기휴무 (매주 월요일)_월정기휴무 (매주 월요일)_월_정기휴무 (매주 월요일)_정기휴무 (매주 월요일)_화11:00 - 19:00_화11:00 - 19:00_화11:00 - 19:00_화_11:00 - 19:00_- 출강 day접기_- 출강 day접기_- 출강 day_- 출강 day_접기_접기,별점없음,0,0,https://search.pstatic.net/common/?autoRotate=true&type=w560_sharpen&src=https%3A%2F%2Fldb-phinf.pstatic.net%2F20210905_274%2F1630816878917TLw8x_JPEG%2F16fqjMRZtq5tOKm1eapP5uIc.jpeg.jpg,포장_무선 인터넷_예약_배달_방문접수/출장,주차 불가
카페 오븐노트,1821665751,카페,도로명전북 전주시 덕진구 권삼득로 311-1 1층오븐노트복사지번전북 전주시 덕진구 금암동 664-41복사우편번호우편번호54898복사안내 레이어 닫기,0507-1375-3800,영업 중22:00에 영업 종료22시 0분에 영업 종료_영업 중22:00에 영업 종료22시 0분에 영업 종료_영업 중22:00에 영업 종료22시 0분에 영업 종료_영업 중_22:00에 영업 종료22시 0분에 영업 종료_22:00에 영업 종료_22시 0분에 영업 종료_매일09:00 - 22:00접기_매일09:00 - 22:00접기_매일09:00 - 22:00_매일_09:00 - 22:00_접기_접기,별점없음,0,0,https://search.pstatic.net/common/?autoRotate=true&type=w560_sharpen&src=https%3A%2F%2Fldb-phinf.pstatic.net%2F20260525_225%2F1779686697955y31Qz_JPEG%2FIMG_6099.jpg,포장_남/녀 화장실 구분_배달_단체 이용 가능,주차 불가
바인쿡,33544154,요리주점,도로명전북 전주시 덕진구 명륜3길 10-2 1층복사지번전북 전주시 덕진구 덕진동1가 1265-2복사우편번호우편번호54898복사안내 레이어 닫기,0507-1483-2112,영업 중22:20에 라스트오더22시 20분에 라스트오더_영업 중22:20에 라스트오더22시 20분에 라스트오더_영업 중22:20에 라스트오더22시 20분에 라스트오더_영업 중_22:20에 라스트오더22시 20분에 라스트오더_22:20에 라스트오더_22시 20분에 라스트오더_수17:30 - 23:5022:20 라스트오더_수17:30 - 23:5022:20 라스트오더_수17:30 - 23:5022:20 라스트오더_수_17:30 - 23:5022:20 라스트오더_목17:30 - 23:5022:20 라스트오더_목17:30 - 23:5022:20 라스트오더_목17:30 - 23:5022:20 라스트오더_목_17:30 - 23:5022:20 라스트오더_금17:30 - 다음 날 01:5000:20 라스트오더_금17:30 - 다음 날 01:5000:20 라스트오더_금17:30 - 다음 날 01:5000:20 라스트오더_금_17:30 - 다음 날 01:5000:20 라스트오더_토17:30 - 다음 날 01:5000:20 라스트오더_토17:30 - 다음 날 01:5000:20 라스트오더_토17:30 - 다음 날 01:5000:20 라스트오더_토_17:30 - 다음 날 01:5000:20 라스트오더_일17:30 - 23:5022:20 라스트오더_일17:30 - 23:5022:20 라스트오더_일17:30 - 23:5022:20 라스트오더_일_17:30 - 23:5022:20 라스트오더_월17:30 - 23:5022:20 라스트오더_월17:30 - 23:5022:20 라스트오더_월17:30 - 23:5022:20 라스트오더_월_17:30 - 23:5022:20 라스트오더_화정기휴무 (매주 화요일)접기_화정기휴무 (매주 화요일)접기_화정기휴무 (매주 화요일)_화_정기휴무 (매주 화요일)_정기휴무 (매주 화요일)_접기_접기,별점4.63,0,0,https://search.pstatic.net/common/?autoRotate=true&type=w560_sharpen&src=https%3A%2F%2Fldb-phinf.pstatic.net%2F20250509_170%2F1746797921073869vx_JPEG%2FIMG_5102.jpeg,단체 이용 가능_무선 인터넷_남/녀 화장실 구분_포장_배달,주차 불가
BBQ치킨 전주덕진점,2040052542,"치킨,닭강정",도로명전북 전주시 덕진구 사평로 71 1층복사지번전북 전주시 덕진구 덕진동1가 1401-23복사우편번호우편번호54888복사안내 레이어 닫기,0507-1339-9289,영업 중다음 날 03:00에 영업 종료다음 날 3시 0분에 영업 종료_영업 중다음 날 03:00에 영업 종료다음 날 3시 0분에 영업 종료_영업 중다음 날 03:00에 영업 종료다음 날 3시 0분에 영업 종료_영업 중_다음 날 03:00에 영업 종료다음 날 3시 0분에 영업 종료_다음 날 03:00에 영업 종료_다음 날 3시 0분에 영업 종료_매일16:00 - 다음 날 03:00접기_매일16:00 - 다음 날 03:00접기_매일16:00 - 다음 날 03:00_매일_16:00 - 다음 날 03:00_접기_접기,별점없음,0,0,https://search.pstatic.net/common/?autoRotate=true&type=w560_sharpen&src=https%3A%2F%2Fldb-phinf.pstatic.net%2F20251010_249%2F1760068832280IQWox_JPEG%2FBBQ_%25BB%25D5%25C4%25A1%25C5%25B7_KV_%25C1%25A4%25B9%25E6%25C7%25FC_v3.jpg,편의시설 정보 없음,주차 불가
다사랑치킨피자 전북대점,1186508263,"치킨,닭강정",도로명전북 전주시 덕진구 명륜4길 18-1복사지번전북 전주시 덕진구 덕진동1가 1314-171복사우편번호우편번호54898복사안내 레이어 닫기,063-273-6002,영업 중23:55에 라스트오더23시 55분에 라스트오더_영업 중23:55에 라스트오더23시 55분에 라스트오더_영업 중23:55에 라스트오더23시 55분에 라스트오더_영업 중_23:55에 라스트오더23시 55분에 라스트오더_23:55에 라스트오더_23시 55분에 라스트오더_매일10:00 - 24:0023:55 라스트오더접기_매일10:00 - 24:0023:55 라스트오더접기_매일10:00 - 24:0023:55 라스트오더_매일_10:00 - 24:0023:55 라스트오더_접기_접기,별점없음,0,0,https://search.pstatic.net/common/?autoRotate=true&type=w560_sharpen&src=https%3A%2F%2Fldb-phinf.pstatic.net%2F20240722_61%2F1721622530132LKLyp_JPEG%2F%25B4%25D9%25BB%25E7%25B6%25FB_%25B4%25EB%25C7%25A5_%25B7%25CE%25B0%25ED.jpg,단체 이용 가능_배달_포장_무선 인터넷_남/녀 화장실 구분_예약,주차 불가
이연국수,11710887,국수,도로명전북 전주시 덕진구 견훤왕궁로 286-3복사지번전북 전주시 덕진구 인후동2가 1529-19복사우편번호우편번호54917복사안내 레이어 닫기,063-242-0036,영업 종료11:00에 영업 시작11시 0분에 영업 시작_영업 종료11:00에 영업 시작11시 0분에 영업 시작_영업 종료11:00에 영업 시작11시 0분에 영업 시작_영업 종료_11:00에 영업 시작11시 0분에 영업 시작_11:00에 영업 시작_11시 0분에 영업 시작_수11:00 - 18:00_수11:00 - 18:00_수11:00 - 18:00_수_11:00 - 18:00_목11:00 - 18:00_목11:00 - 18:00_목11:00 - 18:00_목_11:00 - 18:00_금11:00 - 18:00_금11:00 - 18:00_금11:00 - 18:00_금_11:00 - 18:00_토11:00 - 18:00_토11:00 - 18:00_토11:00 - 18:00_토_11:00 - 18:00_일11:00 - 18:00_일11:00 - 18:00_일11:00 - 18:00_일_11:00 - 18:00_월정기휴무 (매주 월요일)_월정기휴무 (매주 월요일)_월정기휴무 (매주 월요일)_월_정기휴무 (매주 월요일)_정기휴무 (매주 월요일)_화11:00 - 18:00_화11:00 - 18:00_화11:00 - 18:00_화_11:00 - 18:00_- 오전11시~오후6시(매주 월요일 휴무합니다)접기_- 오전11시~오후6시(매주 월요일 휴무합니다)접기_- 오전11시~오후6시(매주 월요일 휴무합니다)_- 오전11시~오후6시(매주 월요일 휴무합니다)_접기_접기,별점4.42,0,0,https://search.pstatic.net/common/?autoRotate=true&type=w560_sharpen&src=https%3A%2F%2Fldb-phinf.pstatic.net%2F20150831_228%2F1441025938236yyOoq_JPEG%2F11710887_0.jpg,편의시설 정보 없음,주차가능
이삭토스트 전주터미널점,1945432271,토스트,도로명전북 전주시 덕진구 가리내로 70 전주고속버스터미널 2층복사지번전북 전주시 덕진구 금암동 767-2복사우편번호우편번호54933복사안내 레이어 닫기,0507-1324-4115,곧 영업 종료21:00에 영업 종료21시 0분에 영업 종료_곧 영업 종료21:00에 영업 종료21시 0분에 영업 종료_곧 영업 종료21:00에 영업 종료21시 0분에 영업 종료_곧 영업 종료_21:00에 영업 종료21시 0분에 영업 종료_21:00에 영업 종료_21시 0분에 영업 종료_매일06:00 - 21:00접기_매일06:00 - 21:00접기_매일06:00 - 21:00_매일_06:00 - 21:00_접기_접기,별점없음,0,0,https://search.pstatic.net/common/?autoRotate=true&type=w560_sharpen&src=https%3A%2F%2Fldb-phinf.pstatic.net%2F20240429_10%2F1714362212485GnOUa_JPEG%2F1.jpg,포장_단체 이용 가능_대기공간_무선 인터넷,주차 불가
파리바게뜨 전북대점,1572775443,베이커리,도로명전북 전주시 덕진구 명륜4길 19복사지번전북 전주시 덕진구 덕진동1가 1314-169복사우편번호우편번호54898복사안내 레이어 닫기,063-255-8780,영업 중23:30에 영업 종료23시 30분에 영업 종료_영업 중23:30에 영업 종료23시 30분에 영업 종료_영업 중23:30에 영업 종료23시 30분에 영업 종료_영업 중_23:30에 영업 종료23시 30분에 영업 종료_23:30에 영업 종료_23시 30분에 영업 종료_매일07:30 - 23:30접기_매일07:30 - 23:30접기_매일07:30 - 23:30_매일_07:30 - 23:30_접기_접기,별점없음,0,0,https://search.pstatic.net/common/?autoRotate=true&type=w560_sharpen&src=https%3A%2F%2Fldb-phinf.pstatic.net%2F20220413_214%2F1649840357720mE0ej_PNG%2Fimage.png,편의시설 정보 없음,주차 불가
코요,1237017972,요리주점,도로명전북 전주시 덕진구 명륜4길 10-1 1층복사지번전북 전주시 덕진구 덕진동1가 1263-5복사우편번호우편번호54898복사안내 레이어 닫기,0507-1375-4171,영업 중다음 날 01:00에 영업 종료다음 날 1시 0분에 영업 종료_영업 중다음 날 01:00에 영업 종료다음 날 1시 0분에 영업 종료_영업 중다음 날 01:00에 영업 종료다음 날 1시 0분에 영업 종료_영업 중_다음 날 01:00에 영업 종료다음 날 1시 0분에 영업 종료_다음 날 01:00에 영업 종료_다음 날 1시 0분에 영업 종료_수17:00 - 다음 날 01:00_수17:00 - 다음 날 01:00_수17:00 - 다음 날 01:00_수_17:00 - 다음 날 01:00_목17:00 - 다음 날 01:00_목17:00 - 다음 날 01:00_목17:00 - 다음 날 01:00_목_17:00 - 다음 날 01:00_금17:00 - 다음 날 02:00_금17:00 - 다음 날 02:00_금17:00 - 다음 날 02:00_금_17:00 - 다음 날 02:00_토17:00 - 다음 날 02:00_토17:00 - 다음 날 02:00_토17:00 - 다음 날 02:00_토_17:00 - 다음 날 02:00_일17:00 - 다음 날 01:00_일17:00 - 다음 날 01:00_일17:00 - 다음 날 01:00_일_17:00 - 다음 날 01:00_월17:00 - 다음 날 01:00_월17:00 - 다음 날 01:00_월17:00 - 다음 날 01:00_월_17:00 - 다음 날 01:00_화17:00 - 다음 날 01:00접기_화17:00 - 다음 날 01:00접기_화17:00 - 다음 날 01:00_화_17:00 - 다음 날 01:00_접기_접기,별점없음,0,0,https://search.pstatic.net/common/?autoRotate=true&type=w560_sharpen&src=https%3A%2F%2Fldb-phinf.pstatic.net%2F20260128_190%2F1769606116827Qkh9W_JPEG%2F1769504178624.jpg,무선 인터넷_대기공간,주차 불가
에머이 전북대점,1816772951,베트남음식,도로명전북 전주시 덕진구 백제대로 582복사지번전북 전주시 덕진구 금암동 728-126복사우편번호우편번호54930복사안내 레이어 닫기,063-272-7174,곧 영업 종료21:00에 영업 종료21시 0분에 영업 종료_곧 영업 종료21:00에 영업 종료21시 0분에 영업 종료_곧 영업 종료21:00에 영업 종료21시 0분에 영업 종료_곧 영업 종료_21:00에 영업 종료21시 0분에 영업 종료_21:00에 영업 종료_21시 0분에 영업 종료_수10:30 - 21:0014:30 - 16:30 브레이크타임_수10:30 - 21:0014:30 - 16:30 브레이크타임_수10:30 - 21:0014:30 - 16:30 브레이크타임_수_10:30 - 21:0014:30 - 16:30 브레이크타임_목10:30 - 21:0014:30 - 16:30 브레이크타임_목10:30 - 21:0014:30 - 16:30 브레이크타임_목10:30 - 21:0014:30 - 16:30 브레이크타임_목_10:30 - 21:0014:30 - 16:30 브레이크타임_금10:30 - 21:0014:30 - 16:30 브레이크타임_금10:30 - 21:0014:30 - 16:30 브레이크타임_금10:30 - 21:0014:30 - 16:30 브레이크타임_금_10:30 - 21:0014:30 - 16:30 브레이크타임_토10:30 - 21:00_토10:30 - 21:00_토10:30 - 21:00_토_10:30 - 21:00_일10:30 - 21:00_일10:30 - 21:00_일10:30 - 21:00_일_10:30 - 21:00_월정기휴무 (매주 월요일)_월정기휴무 (매주 월요일)_월정기휴무 (매주 월요일)_월_정기휴무 (매주 월요일)_정기휴무 (매주 월요일)_화10:30 - 21:0014:30 - 16:30 브레이크타임접기_화10:30 - 21:0014:30 - 16:30 브레이크타임접기_화10:30 - 21:0014:30 - 16:30 브레이크타임_화_10:30 - 21:0014:30 - 16:30 브레이크타임_접기_접기,별점4.47,0,0,https://search.pstatic.net/common/?autoRotate=true&type=w560_sharpen&src=https%3A%2F%2Fldb-phinf.pstatic.net%2F20241226_95%2F1735189078495dCQvl_JPEG%2F%25B8%25DE%25C0%25CE1.jpg,글루텐프리 메뉴_포장_배달_무선 인터넷_유아의자_남/녀 화장실 구분_예약,주차가능무료
김치찌개잘하는집,1876971802,한식,도로명전북 전주시 덕진구 명륜4길 21-7 2층복사지번전북 전주시 덕진구 덕진동1가 1314-161복사우편번호우편번호54898복사안내 레이어 닫기,0507-1384-9690,영업 중20:30에 라스트오더20시 30분에 라스트오더_영업 중20:30에 라스트오더20시 30분에 라스트오더_영업 중20:30에 라스트오더20시 30분에 라스트오더_영업 중_20:30에 라스트오더20시 30분에 라스트오더_20:30에 라스트오더_20시 30분에 라스트오더_매일10:30 - 21:3015:00 - 16:00 브레이크타임20:30 라스트오더_매일10:30 - 21:3015:00 - 16:00 브레이크타임20:30 라스트오더_매일10:30 - 21:3015:00 - 16:00 브레이크타임20:30 라스트오더_매일_10:30 - 21:3015:00 - 16:00 브레이크타임20:30 라스트오더_- 주말 및 공휴일 영업 21:00 시 종료입니다.!접기_- 주말 및 공휴일 영업 21:00 시 종료입니다.!접기_- 주말 및 공휴일 영업 21:00 시 종료입니다.!_- 주말 및 공휴일 영업 21:00 시 종료입니다.!_접기_접기,별점없음,0,0,https://search.pstatic.net/common/?autoRotate=true&type=w560_sharpen&src=https%3A%2F%2Fldb-phinf.pstatic.net%2F20240817_28%2F1723869533300e2Cbk_JPEG%2F1000026084.jpg,단체 이용 가능_무선 인터넷,주차 불가
마이마이치킨 전주본점,1709630594,"치킨,닭강정",도로명전북 전주시 덕진구 명륜3길 17-2 2층복사지번전북 전주시 덕진구 덕진동1가 1314-175복사우편번호우편번호54898복사안내 레이어 닫기,0507-1324-6262,영업 중다음 날 01:20에 라스트오더다음 날 1시 20분에 라스트오더_영업 중다음 날 01:20에 라스트오더다음 날 1시 20분에 라스트오더_영업 중다음 날 01:20에 라스트오더다음 날 1시 20분에 라스트오더_영업 중_다음 날 01:20에 라스트오더다음 날 1시 20분에 라스트오더_다음 날 01:20에 라스트오더_다음 날 1시 20분에 라스트오더_수16:00 - 다음 날 02:0001:20 라스트오더_수16:00 - 다음 날 02:0001:20 라스트오더_수16:00 - 다음 날 02:0001:20 라스트오더_수_16:00 - 다음 날 02:0001:20 라스트오더_목16:00 - 다음 날 02:0001:20 라스트오더_목16:00 - 다음 날 02:0001:20 라스트오더_목16:00 - 다음 날 02:0001:20 라스트오더_목_16:00 - 다음 날 02:0001:20 라스트오더_금16:00 - 다음 날 02:0001:20 라스트오더_금16:00 - 다음 날 02:0001:20 라스트오더_금16:00 - 다음 날 02:0001:20 라스트오더_금_16:00 - 다음 날 02:0001:20 라스트오더_토16:00 - 다음 날 02:0001:20 라스트오더_토16:00 - 다음 날 02:0001:20 라스트오더_토16:00 - 다음 날 02:0001:20 라스트오더_토_16:00 - 다음 날 02:0001:20 라스트오더_일16:00 - 다음 날 02:0001:20 라스트오더_일16:00 - 다음 날 02:0001:20 라스트오더_일16:00 - 다음 날 02:0001:20 라스트오더_일_16:00 - 다음 날 02:0001:20 라스트오더_월16:00 - 다음 날 02:0001:20 라스트오더_월16:00 - 다음 날 02:0001:20 라스트오더_월16:00 - 다음 날 02:0001:20 라스트오더_월_16:00 - 다음 날 02:0001:20 라스트오더_화16:00 - 다음 날 02:0001:20 라스트오더_화16:00 - 다음 날 02:0001:20 라스트오더_화16:00 - 다음 날 02:0001:20 라스트오더_화_16:00 - 다음 날 02:0001:20 라스트오더_- 전북대 방학 때는 주말 쉬어갑니다 개강 때 또 파이팅!접기_- 전북대 방학 때는 주말 쉬어갑니다 개강 때 또 파이팅!접기_- 전북대 방학 때는 주말 쉬어갑니다 개강 때 또 파이팅!_- 전북대 방학 때는 주말 쉬어갑니다 개강 때 또 파이팅!_접기_접기,별점없음,0,0,https://search.pstatic.net/common/?autoRotate=true&type=w560_sharpen&src=https%3A%2F%2Fldb-phinf.pstatic.net%2F20241017_100%2F1729137897018IKb3T_JPEG%2F1000029124.jpg,콜키지 가능유료_단체 이용 가능_포장_배달_예약_무선 인터넷_\반려동물 동반_남/녀 화장실 구분_대기공간_출입구 휠체어 이용가능_좌석 휠체어 이용가능,주차 불가
하우스37,1835454608,양식,도로명전북 전주시 덕진구 들사평로 37 1층복사지번전북 전주시 덕진구 덕진동1가 1412-12복사우편번호우편번호54893복사안내 레이어 닫기,0507-1322-8106,곧 영업 종료21:00에 영업 종료21시 0분에 영업 종료_곧 영업 종료21:00에 영업 종료21시 0분에 영업 종료_곧 영업 종료21:00에 영업 종료21시 0분에 영업 종료_곧 영업 종료_21:00에 영업 종료21시 0분에 영업 종료_21:00에 영업 종료_21시 0분에 영업 종료_수11:30 - 21:0014:30 - 17:00 브레이크타임20:30 라스트오더_수11:30 - 21:0014:30 - 17:00 브레이크타임20:30 라스트오더_수11:30 - 21:0014:30 - 17:00 브레이크타임20:30 라스트오더_수_11:30 - 21:0014:30 - 17:00 브레이크타임20:30 라스트오더_목11:30 - 21:0014:30 - 17:00 브레이크타임20:30 라스트오더_목11:30 - 21:0014:30 - 17:00 브레이크타임20:30 라스트오더_목11:30 - 21:0014:30 - 17:00 브레이크타임20:30 라스트오더_목_11:30 - 21:0014:30 - 17:00 브레이크타임20:30 라스트오더_금11:30 - 21:0014:30 - 17:00 브레이크타임20:30 라스트오더_금11:30 - 21:0014:30 - 17:00 브레이크타임20:30 라스트오더_금11:30 - 21:0014:30 - 17:00 브레이크타임20:30 라스트오더_금_11:30 - 21:0014:30 - 17:00 브레이크타임20:30 라스트오더_토11:30 - 21:0014:30 - 17:00 브레이크타임20:30 라스트오더_토11:30 - 21:0014:30 - 17:00 브레이크타임20:30 라스트오더_토11:30 - 21:0014:30 - 17:00 브레이크타임20:30 라스트오더_토_11:30 - 21:0014:30 - 17:00 브레이크타임20:30 라스트오더_일11:30 - 21:0014:30 - 17:00 브레이크타임20:30 라스트오더_일11:30 - 21:0014:30 - 17:00 브레이크타임20:30 라스트오더_일11:30 - 21:0014:30 - 17:00 브레이크타임20:30 라스트오더_일_11:30 - 21:0014:30 - 17:00 브레이크타임20:30 라스트오더_월11:30 - 21:0014:30 - 17:00 브레이크타임20:30 라스트오더_월11:30 - 21:0014:30 - 17:00 브레이크타임20:30 라스트오더_월11:30 - 21:0014:30 - 17:00 브레이크타임20:30 라스트오더_월_11:30 - 21:0014:30 - 17:00 브레이크타임20:30 라스트오더_화정기휴무 (매주 화요일)접기_화정기휴무 (매주 화요일)접기_화정기휴무 (매주 화요일)_화_정기휴무 (매주 화요일)_정기휴무 (매주 화요일)_접기_접기,별점없음,0,0,https://search.pstatic.net/common/?autoRotate=true&type=w560_sharpen&src=https%3A%2F%2Fldb-phinf.pstatic.net%2F20251112_65%2F1762937866859RkMMG_JPEG%2FKakaoTalk_20251112_175411786_03.jpg,콜키지 가능무료_단체 이용 가능_예약_무선 인터넷_유아의자,주차가능무료
엘 푸에고,1100635340,"멕시코,남미음식",도로명전북 전주시 덕진구 삼송5길 14-23 1층복사지번전북 전주시 덕진구 금암동 631-322복사우편번호우편번호54899복사안내 레이어 닫기,063-245-0702,영업 종료11:00에 영업 시작11시 0분에 영업 시작_영업 종료11:00에 영업 시작11시 0분에 영업 시작_영업 종료11:00에 영업 시작11시 0분에 영업 시작_영업 종료_11:00에 영업 시작11시 0분에 영업 시작_11:00에 영업 시작_11시 0분에 영업 시작_수11:00 - 20:00_수11:00 - 20:00_수11:00 - 20:00_수_11:00 - 20:00_목11:00 - 20:00_목11:00 - 20:00_목11:00 - 20:00_목_11:00 - 20:00_금11:00 - 20:00_금11:00 - 20:00_금11:00 - 20:00_금_11:00 - 20:00_토11:00 - 20:00_토11:00 - 20:00_토11:00 - 20:00_토_11:00 - 20:00_일정기휴무 (매주 일요일)_일정기휴무 (매주 일요일)_일정기휴무 (매주 일요일)_일_정기휴무 (매주 일요일)_정기휴무 (매주 일요일)_월11:00 - 20:00_월11:00 - 20:00_월11:00 - 20:00_월_11:00 - 20:00_화11:00 - 20:00접기_화11:00 - 20:00접기_화11:00 - 20:00_화_11:00 - 20:00_접기_접기,별점없음,0,0,https://search.pstatic.net/common/?autoRotate=true&type=w560_sharpen&src=https%3A%2F%2Fldb-phinf.pstatic.net%2F20230115_273%2F1673748888640X4hhX_JPEG%2Fimage.jpg,포장_배달_예약_단체 이용 가능_무선 인터넷,주차 불가
원앤원,1209186630,카페,도로명전북 전주시 덕진구 삼송1길 9 1층복사지번전북 전주시 덕진구 금암동 627-16복사우편번호우편번호54899복사안내 레이어 닫기,0507-1382-7480,영업 종료08:00에 영업 시작8시 0분에 영업 시작_영업 종료08:00에 영업 시작8시 0분에 영업 시작_영업 종료08:00에 영업 시작8시 0분에 영업 시작_영업 종료_08:00에 영업 시작8시 0분에 영업 시작_08:00에 영업 시작_8시 0분에 영업 시작_수08:00 - 19:0018:30 라스트오더_수08:00 - 19:0018:30 라스트오더_수08:00 - 19:0018:30 라스트오더_수_08:00 - 19:0018:30 라스트오더_목08:00 - 19:0018:30 라스트오더_목08:00 - 19:0018:30 라스트오더_목08:00 - 19:0018:30 라스트오더_목_08:00 - 19:0018:30 라스트오더_금08:00 - 19:0018:30 라스트오더_금08:00 - 19:0018:30 라스트오더_금08:00 - 19:0018:30 라스트오더_금_08:00 - 19:0018:30 라스트오더_토08:00 - 19:0018:30 라스트오더_토08:00 - 19:0018:30 라스트오더_토08:00 - 19:0018:30 라스트오더_토_08:00 - 19:0018:30 라스트오더_일정기휴무 (매주 일요일)_일정기휴무 (매주 일요일)_일정기휴무 (매주 일요일)_일_정기휴무 (매주 일요일)_정기휴무 (매주 일요일)_월08:00 - 19:0018:30 라스트오더_월08:00 - 19:0018:30 라스트오더_월08:00 - 19:0018:30 라스트오더_월_08:00 - 19:0018:30 라스트오더_화08:00 - 19:0018:30 라스트오더접기_화08:00 - 19:0018:30 라스트오더접기_화08:00 - 19:0018:30 라스트오더_화_08:00 - 19:0018:30 라스트오더_접기_접기,별점없음,0,0,https://search.pstatic.net/common/?autoRotate=true&type=w560_sharpen&src=https%3A%2F%2Fldb-phinf.pstatic.net%2F20241022_131%2F1729576726714EnMqr_JPEG%2FIMG_6579.jpeg,테이크아웃 할인_포장_단체 이용 가능_예약_무선 인터넷_\반려동물 동반,주차 불가
카페 한올,1353899107,"카페,디저트",도로명전북 전주시 덕진구 창포길 49-10 카페 한올(국제컨벤션센터 옥상)복사지번전북 전주시 덕진구 덕진동1가 1316-16복사우편번호우편번호54895복사안내 레이어 닫기,070-4064-1999,영업 중23:00에 영업 종료23시 0분에 영업 종료_영업 중23:00에 영업 종료23시 0분에 영업 종료_영업 중23:00에 영업 종료23시 0분에 영업 종료_영업 중_23:00에 영업 종료23시 0분에 영업 종료_23:00에 영업 종료_23시 0분에 영업 종료_매일11:00 - 23:00_매일11:00 - 23:00_매일11:00 - 23:00_매일_11:00 - 23:00_- 라스트 오더 22:30접기_- 라스트 오더 22:30접기_- 라스트 오더 22:30_- 라스트 오더 22:30_접기_접기,별점없음,0,0,https://search.pstatic.net/common/?autoRotate=true&type=w560_sharpen&src=https%3A%2F%2Fldb-phinf.pstatic.net%2F20220712_89%2F1657610299043bkTRY_JPEG%2F20220626_180528.jpg,장애인 주차구역,주차가능
쿠키버니비,1104849556,"카페,디저트",도로명전북 전주시 덕진구 기린대로 483-1 2층복사지번전북 전주시 덕진구 덕진동1가 1267-2복사우편번호우편번호54893복사안내 레이어 닫기,0507-1312-1493,"영업 종료11:00에 영업 시작11시 0분에 영업 시작_영업 종료11:00에 영업 시작11시 0분에 영업 시작_영업 종료11:00에 영업 시작11시 0분에 영업 시작_영업 종료_11:00에 영업 시작11시 0분에 영업 시작_11:00에 영업 시작_11시 0분에 영업 시작_수11:00 - 20:00_수11:00 - 20:00_수11:00 - 20:00_수_11:00 - 20:00_목11:00 - 20:00_목11:00 - 20:00_목11:00 - 20:00_목_11:00 - 20:00_금11:00 - 20:00_금11:00 - 20:00_금11:00 - 20:00_금_11:00 - 20:00_토11:00 - 20:00_토11:00 - 20:00_토11:00 - 20:00_토_11:00 - 20:00_일정기휴무 (매주 일요일)_일정기휴무 (매주 일요일)_일정기휴무 (매주 일요일)_일_정기휴무 (매주 일요일)_정기휴무 (매주 일요일)_월정기휴무 (매주 월요일)_월정기휴무 (매주 월요일)_월정기휴무 (매주 월요일)_월_정기휴무 (매주 월요일)_정기휴무 (매주 월요일)_화11:00 - 20:00_화11:00 - 20:00_화11:00 - 20:00_화_11:00 - 20:00_- 월,화 답례품 예약 가능합니다!! DM 또는 전화주세요접기_- 월,화 답례품 예약 가능합니다!! DM 또는 전화주세요접기_- 월,화 답례품 예약 가능합니다!! DM 또는 전화주세요_- 월,화 답례품 예약 가능합니다!! DM 또는 전화주세요_접기_접기",별점없음,0,0,https://search.pstatic.net/common/?autoRotate=true&type=w560_sharpen&src=https%3A%2F%2Fldb-phinf.pstatic.net%2F20250707_24%2F1751882434187AUBKe_JPEG%2FIMG_1815.jpeg,단체 이용 가능_포장_방문접수/출장_배달_남/녀 화장실 구분_무선 인터넷_예약_유아의자_대기공간,주차가능유료
맘스터치 전주금암점,11799535,맘스터치,도로명전북 전주시 덕진구 백제대로 642복사지번전북 전주시 덕진구 금암동 1587-11복사우편번호우편번호54922복사안내 레이어 닫기,063-253-5689,영업 중21:50에 라스트오더21시 50분에 라스트오더_영업 중21:50에 라스트오더21시 50분에 라스트오더_영업 중21:50에 라스트오더21시 50분에 라스트오더_영업 중_21:50에 라스트오더21시 50분에 라스트오더_21:50에 라스트오더_21시 50분에 라스트오더_매일11:00 - 22:0021:50 라스트오더접기_매일11:00 - 22:0021:50 라스트오더접기_매일11:00 - 22:0021:50 라스트오더_매일_11:00 - 22:0021:50 라스트오더_접기_접기,별점4.43,0,0,https://search.pstatic.net/common/?autoRotate=true&quality=95&type=w750&src=https%3A%2F%2Fldb-phinf.pstatic.net%2F20230829_137%2F1693282401170BAq7o_PNG%2F%25B7%25CE%25B0%25ED_%25C1%25A4%25B9%25E6%25C7%25FC.png,포장_배달_남/녀 화장실 구분,주차가능유료
얌샘김밥 전북대점,1400628241,분식,도로명전북 전주시 덕진구 명륜3길 26복사지번전북 전주시 덕진구 금암동 664-52복사우편번호우편번호54898복사안내 레이어 닫기,063-275-9333,영업 중22:00에 영업 종료22시 0분에 영업 종료_영업 중22:00에 영업 종료22시 0분에 영업 종료_영업 중22:00에 영업 종료22시 0분에 영업 종료_영업 중_22:00에 영업 종료22시 0분에 영업 종료_22:00에 영업 종료_22시 0분에 영업 종료_매일08:30 - 22:00접기_매일08:30 - 22:00접기_매일08:30 - 22:00_매일_08:30 - 22:00_접기_접기,별점없음,0,0,https://search.pstatic.net/common/?autoRotate=true&type=w560_sharpen&src=https%3A%2F%2Fldb-phinf.pstatic.net%2F20250602_155%2F1748848087457H3zhd_PNG%2F%25B4%25DC%25C3%25BC%25C1%25D6%25B9%25AE_%25B1%25E8%25B9%25E4%25B3%25AA%25BF%25AD%252B%25C0%25E7%25B7%25E1.png,배달_포장,주차가능유료
전주깍두기 본점,1617203813,한식,도로명전북 전주시 덕진구 떡전4길 21-1복사지번전북 전주시 덕진구 금암동 752-17복사우편번호우편번호54932복사안내 레이어 닫기,063-255-9556,영업 종료10:30에 영업 시작10시 30분에 영업 시작_영업 종료10:30에 영업 시작10시 30분에 영업 시작_영업 종료10:30에 영업 시작10시 30분에 영업 시작_영업 종료_10:30에 영업 시작10시 30분에 영업 시작_10:30에 영업 시작_10시 30분에 영업 시작_매일10:30 - 21:0015:00 - 17:00 브레이크타임접기_매일10:30 - 21:0015:00 - 17:00 브레이크타임접기_매일10:30 - 21:0015:00 - 17:00 브레이크타임_매일_10:30 - 21:0015:00 - 17:00 브레이크타임_접기_접기,별점없음,0,0,https://search.pstatic.net/common/?autoRotate=true&type=w560_sharpen&src=https%3A%2F%2Fldb-phinf.pstatic.net%2F20230826_245%2F1693007851807lmNQ6_JPEG%2F1000009823.jpg,단체 이용 가능_포장_배달_방문접수/출장_예약_무선 인터넷_남/녀 화장실 구분,주차가능유료
모가네훈제바베큐앤닭발찜 송천점,1682612668,"육류,고기요리",도로명전북 전주시 덕진구 오송로 13 1층 모가네훈제바베큐앤닭발찜복사지번전북 전주시 덕진구 송천동1가 산143-32복사우편번호우편번호54823복사안내 레이어 닫기,063-278-2427,영업 중23:00에 영업 종료23시 0분에 영업 종료_영업 중23:00에 영업 종료23시 0분에 영업 종료_영업 중23:00에 영업 종료23시 0분에 영업 종료_영업 중_23:00에 영업 종료23시 0분에 영업 종료_23:00에 영업 종료_23시 0분에 영업 종료_수11:00 - 23:00_수11:00 - 23:00_수11:00 - 23:00_수_11:00 - 23:00_목11:00 - 23:00_목11:00 - 23:00_목11:00 - 23:00_목_11:00 - 23:00_금11:00 - 23:00_금11:00 - 23:00_금11:00 - 23:00_금_11:00 - 23:00_토11:00 - 23:00_토11:00 - 23:00_토11:00 - 23:00_토_11:00 - 23:00_일정기휴무 (매주 일요일)_일정기휴무 (매주 일요일)_일정기휴무 (매주 일요일)_일_정기휴무 (매주 일요일)_정기휴무 (매주 일요일)_월11:00 - 23:00_월11:00 - 23:00_월11:00 - 23:00_월_11:00 - 23:00_화11:00 - 23:00접기_화11:00 - 23:00접기_화11:00 - 23:00_화_11:00 - 23:00_접기_접기,별점없음,0,0,https://search.pstatic.net/common/?autoRotate=true&type=w560_sharpen&src=https%3A%2F%2Fldb-phinf.pstatic.net%2F20260209_267%2F17706179981776y9HW_JPEG%2F1000005518.jpg,포장_배달_예약_무선 인터넷_남/녀 화장실 구분,주차가능무료
소몽 전북대점,1755675018,한식,도로명전북 전주시 덕진구 사평로 46 1층복사지번전북 전주시 덕진구 덕진동1가 1404-34복사우편번호우편번호54893복사안내 레이어 닫기,0507-1317-0680,"영업 종료11:00에 영업 시작11시 0분에 영업 시작_영업 종료11:00에 영업 시작11시 0분에 영업 시작_영업 종료11:00에 영업 시작11시 0분에 영업 시작_영업 종료_11:00에 영업 시작11시 0분에 영업 시작_11:00에 영업 시작_11시 0분에 영업 시작_수11:00 - 21:0014:30 - 17:00 브레이크타임13:45, 20:15 라스트오더_수11:00 - 21:0014:30 - 17:00 브레이크타임13:45, 20:15 라스트오더_수11:00 - 21:0014:30 - 17:00 브레이크타임13:45, 20:15 라스트오더_수_11:00 - 21:0014:30 - 17:00 브레이크타임13:45, 20:15 라스트오더_목11:00 - 21:0014:30 - 17:00 브레이크타임13:45, 20:15 라스트오더_목11:00 - 21:0014:30 - 17:00 브레이크타임13:45, 20:15 라스트오더_목11:00 - 21:0014:30 - 17:00 브레이크타임13:45, 20:15 라스트오더_목_11:00 - 21:0014:30 - 17:00 브레이크타임13:45, 20:15 라스트오더_금11:00 - 21:0014:30 - 17:00 브레이크타임13:45, 20:15 라스트오더_금11:00 - 21:0014:30 - 17:00 브레이크타임13:45, 20:15 라스트오더_금11:00 - 21:0014:30 - 17:00 브레이크타임13:45, 20:15 라스트오더_금_11:00 - 21:0014:30 - 17:00 브레이크타임13:45, 20:15 라스트오더_토11:00 - 20:0014:30 - 16:00 브레이크타임13:45, 19:15 라스트오더_토11:00 - 20:0014:30 - 16:00 브레이크타임13:45, 19:15 라스트오더_토11:00 - 20:0014:30 - 16:00 브레이크타임13:45, 19:15 라스트오더_토_11:00 - 20:0014:30 - 16:00 브레이크타임13:45, 19:15 라스트오더_일정기휴무 (매주 일요일)_일정기휴무 (매주 일요일)_일정기휴무 (매주 일요일)_일_정기휴무 (매주 일요일)_정기휴무 (매주 일요일)_월11:00 - 21:0014:30 - 17:00 브레이크타임13:45, 20:15 라스트오더_월11:00 - 21:0014:30 - 17:00 브레이크타임13:45, 20:15 라스트오더_월11:00 - 21:0014:30 - 17:00 브레이크타임13:45, 20:15 라스트오더_월_11:00 - 21:0014:30 - 17:00 브레이크타임13:45, 20:15 라스트오더_화11:00 - 21:0014:30 - 17:00 브레이크타임13:45, 20:15 라스트오더접기_화11:00 - 21:0014:30 - 17:00 브레이크타임13:45, 20:15 라스트오더접기_화11:00 - 21:0014:30 - 17:00 브레이크타임13:45, 20:15 라스트오더_화_11:00 - 21:0014:30 - 17:00 브레이크타임13:45, 20:15 라스트오더_접기_접기",별점없음,0,0,https://search.pstatic.net/common/?autoRotate=true&type=w560_sharpen&src=https%3A%2F%2Fldb-phinf.pstatic.net%2F20231210_292%2F1702209356932WMjNI_JPEG%2FIMG_0797.jpeg,콜키지 가능유료_포장_무선 인터넷_예약,주차 불가
요히,2039484182,중식당,도로명전북 전주시 덕진구 명륜3길 18-8 1층복사지번전북 전주시 덕진구 덕진동1가 1264-11복사우편번호우편번호54898복사안내 레이어 닫기,0507-1456-0707,영업 중22:30에 영업 종료22시 30분에 영업 종료_영업 중22:30에 영업 종료22시 30분에 영업 종료_영업 중22:30에 영업 종료22시 30분에 영업 종료_영업 중_22:30에 영업 종료22시 30분에 영업 종료_22:30에 영업 종료_22시 30분에 영업 종료_수11:00 - 22:3015:00 - 16:50 브레이크타임_수11:00 - 22:3015:00 - 16:50 브레이크타임_수11:00 - 22:3015:00 - 16:50 브레이크타임_수_11:00 - 22:3015:00 - 16:50 브레이크타임_목11:00 - 22:3015:00 - 16:50 브레이크타임_목11:00 - 22:3015:00 - 16:50 브레이크타임_목11:00 - 22:3015:00 - 16:50 브레이크타임_목_11:00 - 22:3015:00 - 16:50 브레이크타임_금11:00 - 22:3015:00 - 16:50 브레이크타임_금11:00 - 22:3015:00 - 16:50 브레이크타임_금11:00 - 22:3015:00 - 16:50 브레이크타임_금_11:00 - 22:3015:00 - 16:50 브레이크타임_토11:20 - 23:0013:00 - 16:50 브레이크타임_토11:20 - 23:0013:00 - 16:50 브레이크타임_토11:20 - 23:0013:00 - 16:50 브레이크타임_토_11:20 - 23:0013:00 - 16:50 브레이크타임_일정기휴무 (매주 일요일)_일정기휴무 (매주 일요일)_일정기휴무 (매주 일요일)_일_정기휴무 (매주 일요일)_정기휴무 (매주 일요일)_월11:00 - 22:3015:00 - 16:50 브레이크타임_월11:00 - 22:3015:00 - 16:50 브레이크타임_월11:00 - 22:3015:00 - 16:50 브레이크타임_월_11:00 - 22:3015:00 - 16:50 브레이크타임_화11:00 - 22:3015:00 - 16:50 브레이크타임_화11:00 - 22:3015:00 - 16:50 브레이크타임_화11:00 - 22:3015:00 - 16:50 브레이크타임_화_11:00 - 22:3015:00 - 16:50 브레이크타임_- 찾아주셔서 감사합니다! 항상 행복한 하루 보내세요 :)접기_- 찾아주셔서 감사합니다! 항상 행복한 하루 보내세요 :)접기_- 찾아주셔서 감사합니다! 항상 행복한 하루 보내세요 :)_- 찾아주셔서 감사합니다! 항상 행복한 하루 보내세요 :)_접기_접기,별점없음,0,0,https://search.pstatic.net/common/?autoRotate=true&type=w560_sharpen&src=https%3A%2F%2Fldb-phinf.pstatic.net%2F20260312_285%2F1773301676521M2N7B_JPEG%2F%25BF%25E4%25C8%25F7_%25BF%25DC%25B0%25FC_%25BB%25E7%25C1%25F8_.jpeg,포장_예약_무선 인터넷_남/녀 화장실 구분_단체 이용 가능,주차 불가
한솥도시락 전북대정문점,31032078,"도시락,컵밥",도로명전북 전주시 덕진구 명륜5길 20복사지번전북 전주시 덕진구 덕진동1가 1312-70복사우편번호우편번호54898복사안내 레이어 닫기,063-252-8555,영업 종료09:00에 영업 시작9시 0분에 영업 시작_영업 종료09:00에 영업 시작9시 0분에 영업 시작_영업 종료09:00에 영업 시작9시 0분에 영업 시작_영업 종료_09:00에 영업 시작9시 0분에 영업 시작_09:00에 영업 시작_9시 0분에 영업 시작_수09:00 - 20:3014:30 - 16:00 브레이크타임_수09:00 - 20:3014:30 - 16:00 브레이크타임_수09:00 - 20:3014:30 - 16:00 브레이크타임_수_09:00 - 20:3014:30 - 16:00 브레이크타임_목09:00 - 20:3014:30 - 16:00 브레이크타임_목09:00 - 20:3014:30 - 16:00 브레이크타임_목09:00 - 20:3014:30 - 16:00 브레이크타임_목_09:00 - 20:3014:30 - 16:00 브레이크타임_금09:00 - 20:3014:30 - 16:00 브레이크타임_금09:00 - 20:3014:30 - 16:00 브레이크타임_금09:00 - 20:3014:30 - 16:00 브레이크타임_금_09:00 - 20:3014:30 - 16:00 브레이크타임_토09:00 - 20:3014:30 - 16:00 브레이크타임_토09:00 - 20:3014:30 - 16:00 브레이크타임_토09:00 - 20:3014:30 - 16:00 브레이크타임_토_09:00 - 20:3014:30 - 16:00 브레이크타임_일09:00 - 20:3014:30 - 16:00 브레이크타임_일09:00 - 20:3014:30 - 16:00 브레이크타임_일09:00 - 20:3014:30 - 16:00 브레이크타임_일_09:00 - 20:3014:30 - 16:00 브레이크타임_월09:00 - 20:3014:30 - 16:00 브레이크타임_월09:00 - 20:3014:30 - 16:00 브레이크타임_월09:00 - 20:3014:30 - 16:00 브레이크타임_월_09:00 - 20:3014:30 - 16:00 브레이크타임_화09:00 - 20:3014:30 - 16:00 브레이크타임접기_화09:00 - 20:3014:30 - 16:00 브레이크타임접기_화09:00 - 20:3014:30 - 16:00 브레이크타임_화_09:00 - 20:3014:30 - 16:00 브레이크타임_접기_접기,별점4.58,0,0,https://search.pstatic.net/common/?autoRotate=true&type=w560_sharpen&src=https%3A%2F%2Fldb-phinf.pstatic.net%2F20250430_188%2F1745996348711AwNEN_JPEG%2F%25B7%25CE%25B0%25ED_1.jpg,포장_남/녀 화장실 구분,주차가능
역전우동0410 전북대점,1327028750,"우동,소바",도로명전북 전주시 덕진구 명륜4길 19 1층복사지번전북 전주시 덕진구 덕진동1가 1314-169복사우편번호우편번호54898복사안내 레이어 닫기,063-251-3235,영업 중다음 날 02:00에 영업 종료다음 날 2시 0분에 영업 종료_영업 중다음 날 02:00에 영업 종료다음 날 2시 0분에 영업 종료_영업 중다음 날 02:00에 영업 종료다음 날 2시 0분에 영업 종료_영업 중_다음 날 02:00에 영업 종료다음 날 2시 0분에 영업 종료_다음 날 02:00에 영업 종료_다음 날 2시 0분에 영업 종료_매일09:00 - 다음 날 02:00접기_매일09:00 - 다음 날 02:00접기_매일09:00 - 다음 날 02:00_매일_09:00 - 다음 날 02:00_접기_접기,별점없음,0,0,https://search.pstatic.net/common/?autoRotate=true&type=w560_sharpen&src=https%3A%2F%2Fldb-phinf.pstatic.net%2F20260507_277%2F1778121509337837B1_JPEG%2F260430_%25BF%25AA%25C0%25FC%25BF%25EC%25B5%25BF_%25C3%25CA%25B0%25E8%25B8%25E9_%25C5%25B0%25BF%25C0%25BD%25BA%25C5%25A9%25C0%25CE%25C6%25AE%25B7%25CE_1080x1927px.jpg,편의시설 정보 없음,주차가능
교반 전북대점,1484621118,비빔밥,도로명전북 전주시 덕진구 권삼득로 329 1층 교반 전북대점복사지번전북 전주시 덕진구 덕진동1가 664-49복사우편번호우편번호54898복사안내 레이어 닫기,0507-1431-2292,영업 종료10:30에 영업 시작10시 30분에 영업 시작_영업 종료10:30에 영업 시작10시 30분에 영업 시작_영업 종료10:30에 영업 시작10시 30분에 영업 시작_영업 종료_10:30에 영업 시작10시 30분에 영업 시작_10:30에 영업 시작_10시 30분에 영업 시작_수10:30 - 21:0020:30 라스트오더_수10:30 - 21:0020:30 라스트오더_수10:30 - 21:0020:30 라스트오더_수_10:30 - 21:0020:30 라스트오더_목10:30 - 21:0020:30 라스트오더_목10:30 - 21:0020:30 라스트오더_목10:30 - 21:0020:30 라스트오더_목_10:30 - 21:0020:30 라스트오더_금10:30 - 21:0020:30 라스트오더_금10:30 - 21:0020:30 라스트오더_금10:30 - 21:0020:30 라스트오더_금_10:30 - 21:0020:30 라스트오더_토10:30 - 21:0020:30 라스트오더_토10:30 - 21:0020:30 라스트오더_토10:30 - 21:0020:30 라스트오더_토_10:30 - 21:0020:30 라스트오더_일정기휴무 (매주 일요일)_일정기휴무 (매주 일요일)_일정기휴무 (매주 일요일)_일_정기휴무 (매주 일요일)_정기휴무 (매주 일요일)_월10:30 - 21:0020:30 라스트오더_월10:30 - 21:0020:30 라스트오더_월10:30 - 21:0020:30 라스트오더_월_10:30 - 21:0020:30 라스트오더_화10:30 - 21:0020:30 라스트오더_화10:30 - 21:0020:30 라스트오더_화10:30 - 21:0020:30 라스트오더_화_10:30 - 21:0020:30 라스트오더_- 매주 일요일은 휴무 입니다.접기_- 매주 일요일은 휴무 입니다.접기_- 매주 일요일은 휴무 입니다._- 매주 일요일은 휴무 입니다._접기_접기,별점없음,0,0,https://search.pstatic.net/common/?autoRotate=true&type=w560_sharpen&src=https%3A%2F%2Fldb-phinf.pstatic.net%2F20250227_263%2F1740666852378T6NqQ_JPEG%2FKakaoTalk_20240903_170041820_12.jpg,생일 혜택_비건 메뉴_단체 이용 가능_무선 인터넷_남/녀 화장실 구분_포장_배달_출입구 휠체어 이용가능_좌석 휠체어 이용가능,주차 불가
달빛참치,1187129595,생선회,도로명전북 전주시 덕진구 전주천동로 436 1층복사지번전북 전주시 덕진구 진북동 1161-24복사우편번호우편번호54938복사안내 레이어 닫기,063-272-0307,영업 중23:30에 영업 종료23시 30분에 영업 종료_영업 중23:30에 영업 종료23시 30분에 영업 종료_영업 중23:30에 영업 종료23시 30분에 영업 종료_영업 중_23:30에 영업 종료23시 30분에 영업 종료_23:30에 영업 종료_23시 30분에 영업 종료_수17:30 - 23:30_수17:30 - 23:30_수17:30 - 23:30_수_17:30 - 23:30_목17:30 - 23:30_목17:30 - 23:30_목17:30 - 23:30_목_17:30 - 23:30_금17:30 - 23:30_금17:30 - 23:30_금17:30 - 23:30_금_17:30 - 23:30_토17:30 - 23:30_토17:30 - 23:30_토17:30 - 23:30_토_17:30 - 23:30_일정기휴무 (매주 일요일)_일정기휴무 (매주 일요일)_일정기휴무 (매주 일요일)_일_정기휴무 (매주 일요일)_정기휴무 (매주 일요일)_월정기휴무 (매주 월요일)_월정기휴무 (매주 월요일)_월정기휴무 (매주 월요일)_월_정기휴무 (매주 월요일)_정기휴무 (매주 월요일)_화17:30 - 23:30접기_화17:30 - 23:30접기_화17:30 - 23:30_화_17:30 - 23:30_접기_접기,별점없음,0,0,https://search.pstatic.net/common/?autoRotate=true&type=w560_sharpen&src=https%3A%2F%2Fldb-phinf.pstatic.net%2F20250615_282%2F1749947493774cnB0d_JPEG%2F1000000083.jpg,편의시설 정보 없음,주차 불가
해브어굿테이블,1291150905,한식,도로명전북 전주시 덕진구 명륜3길 18-8 2층복사지번전북 전주시 덕진구 덕진동1가 1264-11복사우편번호우편번호54898복사안내 레이어 닫기,0507-1304-3684,"오늘 휴무06/10 휴무06/10 휴무_오늘 휴무06/10 휴무06/10 휴무_오늘 휴무06/10 휴무06/10 휴무_오늘 휴무_06/10 휴무06/10 휴무_06/10 휴무_06/10 휴무_수(6/10)휴무_수(6/10)휴무_수(6/10)휴무_수(6/10)_휴무_휴무_목(6/11)휴무_목(6/11)휴무_목(6/11)휴무_목(6/11)_휴무_휴무_금17:30 - 24:00_금17:30 - 24:00_금17:30 - 24:00_금_17:30 - 24:00_토17:30 - 24:00_토17:30 - 24:00_토17:30 - 24:00_토_17:30 - 24:00_일17:30 - 22:00_일17:30 - 22:00_일17:30 - 22:00_일_17:30 - 22:00_월17:30 - 24:00_월17:30 - 24:00_월17:30 - 24:00_월_17:30 - 24:00_화17:30 - 24:00_화17:30 - 24:00_화17:30 - 24:00_화_17:30 - 24:00_- 피로연,단체환영접기_- 피로연,단체환영접기_- 피로연,단체환영_- 피로연,단체환영_접기_접기",별점4.47,0,0,https://search.pstatic.net/common/?autoRotate=true&type=w560_sharpen&src=https%3A%2F%2Fldb-phinf.pstatic.net%2F20260509_219%2F1778325937386buvhk_JPEG%2FIMG_8268.jpg,무선 인터넷,주차 불가
일공공샤브&편백찜 송천점,1394632554,한식,도로명전북 전주시 덕진구 송천중앙로 94-1 롯데마트 MAXX 지나치자마자 우측입니다.복사지번전북 전주시 덕진구 송천동1가 374-2복사우편번호우편번호54837복사안내 레이어 닫기,0507-1487-2126,곧 영업 종료21:30에 영업 종료21시 30분에 영업 종료_곧 영업 종료21:30에 영업 종료21시 30분에 영업 종료_곧 영업 종료21:30에 영업 종료21시 30분에 영업 종료_곧 영업 종료_21:30에 영업 종료21시 30분에 영업 종료_21:30에 영업 종료_21시 30분에 영업 종료_수11:00 - 21:3015:00 - 17:00 브레이크타임20:30 라스트오더_수11:00 - 21:3015:00 - 17:00 브레이크타임20:30 라스트오더_수11:00 - 21:3015:00 - 17:00 브레이크타임20:30 라스트오더_수_11:00 - 21:3015:00 - 17:00 브레이크타임20:30 라스트오더_목11:00 - 21:3015:00 - 17:00 브레이크타임20:30 라스트오더_목11:00 - 21:3015:00 - 17:00 브레이크타임20:30 라스트오더_목11:00 - 21:3015:00 - 17:00 브레이크타임20:30 라스트오더_목_11:00 - 21:3015:00 - 17:00 브레이크타임20:30 라스트오더_금11:00 - 21:3015:00 - 17:00 브레이크타임20:30 라스트오더_금11:00 - 21:3015:00 - 17:00 브레이크타임20:30 라스트오더_금11:00 - 21:3015:00 - 17:00 브레이크타임20:30 라스트오더_금_11:00 - 21:3015:00 - 17:00 브레이크타임20:30 라스트오더_토11:00 - 21:3015:00 - 17:00 브레이크타임20:30 라스트오더_토11:00 - 21:3015:00 - 17:00 브레이크타임20:30 라스트오더_토11:00 - 21:3015:00 - 17:00 브레이크타임20:30 라스트오더_토_11:00 - 21:3015:00 - 17:00 브레이크타임20:30 라스트오더_일11:00 - 21:3015:00 - 17:00 브레이크타임20:30 라스트오더_일11:00 - 21:3015:00 - 17:00 브레이크타임20:30 라스트오더_일11:00 - 21:3015:00 - 17:00 브레이크타임20:30 라스트오더_일_11:00 - 21:3015:00 - 17:00 브레이크타임20:30 라스트오더_월정기휴무 (매주 월요일)_월정기휴무 (매주 월요일)_월정기휴무 (매주 월요일)_월_정기휴무 (매주 월요일)_정기휴무 (매주 월요일)_화11:00 - 21:3015:00 - 17:00 브레이크타임20:30 라스트오더접기_화11:00 - 21:3015:00 - 17:00 브레이크타임20:30 라스트오더접기_화11:00 - 21:3015:00 - 17:00 브레이크타임20:30 라스트오더_화_11:00 - 21:3015:00 - 17:00 브레이크타임20:30 라스트오더_접기_접기,별점없음,0,0,https://search.pstatic.net/common/?autoRotate=true&type=w560_sharpen&src=https%3A%2F%2Fldb-phinf.pstatic.net%2F20210705_259%2F1625451313270GEjG0_PNG%2FgmW-ILDJwlHwmYcsr9b01p25.png,단체 이용 가능_예약_남/녀 화장실 구분_무선 인터넷_출입구 휠체어 이용가능,주차가능무료
던킨 전주고속터미널점,37921049,도넛,도로명전북 전주시 덕진구 가리내로 70복사지번전북 전주시 덕진구 금암동 767-2복사우편번호우편번호54933복사안내 레이어 닫기,063-273-2871,영업 중22:30에 영업 종료22시 30분에 영업 종료_영업 중22:30에 영업 종료22시 30분에 영업 종료_영업 중22:30에 영업 종료22시 30분에 영업 종료_영업 중_22:30에 영업 종료22시 30분에 영업 종료_22:30에 영업 종료_22시 30분에 영업 종료_매일07:00 - 22:30접기_매일07:00 - 22:30접기_매일07:00 - 22:30_매일_07:00 - 22:30_접기_접기,별점없음,0,0,https://search.pstatic.net/common/?autoRotate=true&type=w560_sharpen&src=https%3A%2F%2Fldb-phinf.pstatic.net%2F20200924_290%2F1600913557806b3rVS_PNG%2Fimage.png,포장_배달_예약_단체 이용 가능_무선 인터넷,주차가능무료
부대찌개대사관 전주전북대점,2001959312,"찌개,전골",도로명전북 전주시 덕진구 명륜3길 19 1층 103호 부대찌개대사관복사지번전북 전주시 덕진구 덕진동1가 1314-176복사우편번호우편번호54898복사안내 레이어 닫기,0507-1353-0965,영업 종료11:00에 영업 시작11시 0분에 영업 시작_영업 종료11:00에 영업 시작11시 0분에 영업 시작_영업 종료11:00에 영업 시작11시 0분에 영업 시작_영업 종료_11:00에 영업 시작11시 0분에 영업 시작_11:00에 영업 시작_11시 0분에 영업 시작_수11:00 - 21:0015:00 - 17:00 브레이크타임20:30 라스트오더_수11:00 - 21:0015:00 - 17:00 브레이크타임20:30 라스트오더_수11:00 - 21:0015:00 - 17:00 브레이크타임20:30 라스트오더_수_11:00 - 21:0015:00 - 17:00 브레이크타임20:30 라스트오더_목11:00 - 21:0015:00 - 17:00 브레이크타임20:30 라스트오더_목11:00 - 21:0015:00 - 17:00 브레이크타임20:30 라스트오더_목11:00 - 21:0015:00 - 17:00 브레이크타임20:30 라스트오더_목_11:00 - 21:0015:00 - 17:00 브레이크타임20:30 라스트오더_금11:00 - 21:0015:00 - 17:00 브레이크타임20:30 라스트오더_금11:00 - 21:0015:00 - 17:00 브레이크타임20:30 라스트오더_금11:00 - 21:0015:00 - 17:00 브레이크타임20:30 라스트오더_금_11:00 - 21:0015:00 - 17:00 브레이크타임20:30 라스트오더_토11:00 - 21:0015:00 - 17:00 브레이크타임20:30 라스트오더_토11:00 - 21:0015:00 - 17:00 브레이크타임20:30 라스트오더_토11:00 - 21:0015:00 - 17:00 브레이크타임20:30 라스트오더_토_11:00 - 21:0015:00 - 17:00 브레이크타임20:30 라스트오더_일11:00 - 21:0015:00 - 17:00 브레이크타임20:30 라스트오더_일11:00 - 21:0015:00 - 17:00 브레이크타임20:30 라스트오더_일11:00 - 21:0015:00 - 17:00 브레이크타임20:30 라스트오더_일_11:00 - 21:0015:00 - 17:00 브레이크타임20:30 라스트오더_월정기휴무 (매주 월요일)_월정기휴무 (매주 월요일)_월정기휴무 (매주 월요일)_월_정기휴무 (매주 월요일)_정기휴무 (매주 월요일)_화11:00 - 21:0015:00 - 17:00 브레이크타임20:30 라스트오더접기_화11:00 - 21:0015:00 - 17:00 브레이크타임20:30 라스트오더접기_화11:00 - 21:0015:00 - 17:00 브레이크타임20:30 라스트오더_화_11:00 - 21:0015:00 - 17:00 브레이크타임20:30 라스트오더_접기_접기,별점없음,0,0,https://search.pstatic.net/common/?autoRotate=true&type=w560_sharpen&src=https%3A%2F%2Fldb-phinf.pstatic.net%2F20250602_58%2F1748852581477sFmQP_JPEG%2F%25C7%25C3%25B7%25B9%25C0%25CC%25BD%25BA_6.jpg,단체 이용 가능_포장_배달_예약_무선 인터넷,주차 불가
정다운집,1399958785,한식,도로명전북 전주시 덕진구 떡전4길 26 1층 정다운집복사지번전북 전주시 덕진구 금암동 756-10복사우편번호우편번호54932복사안내 레이어 닫기,063-252-2696,영업 종료11:00에 영업 시작11시 0분에 영업 시작_영업 종료11:00에 영업 시작11시 0분에 영업 시작_영업 종료11:00에 영업 시작11시 0분에 영업 시작_영업 종료_11:00에 영업 시작11시 0분에 영업 시작_11:00에 영업 시작_11시 0분에 영업 시작_수11:00 - 15:00_수11:00 - 15:00_수11:00 - 15:00_수_11:00 - 15:00_목11:00 - 15:00_목11:00 - 15:00_목11:00 - 15:00_목_11:00 - 15:00_금11:00 - 15:00_금11:00 - 15:00_금11:00 - 15:00_금_11:00 - 15:00_토11:00 - 15:00_토11:00 - 15:00_토11:00 - 15:00_토_11:00 - 15:00_일정기휴무 (매주 일요일)_일정기휴무 (매주 일요일)_일정기휴무 (매주 일요일)_일_정기휴무 (매주 일요일)_정기휴무 (매주 일요일)_월11:00 - 15:00_월11:00 - 15:00_월11:00 - 15:00_월_11:00 - 15:00_화11:00 - 15:00접기_화11:00 - 15:00접기_화11:00 - 15:00_화_11:00 - 15:00_접기_접기,별점없음,0,0,https://search.pstatic.net/common/?autoRotate=true&type=w560_sharpen&src=https%3A%2F%2Fldb-phinf.pstatic.net%2F20201120_24%2F1605861023765gkjaQ_JPEG%2FevKDM5AFWtnjC0Kxtt3YkTcl.jpeg.jpg,비건 메뉴_무선 인터넷,주차가능무료
더커피스테이션,1676459753,"카페,디저트",도로명전북 전주시 덕진구 기린대로 502 더커피스테이션복사지번전북 전주시 덕진구 덕진동1가 1279-10복사우편번호우편번호54897복사안내 레이어 닫기,0507-1315-8607,24시간 영업_24시간 영업_24시간 영업_24시간 영업_수00:00 - 24:00_수00:00 - 24:00_수00:00 - 24:00_수_00:00 - 24:00_목00:00 - 24:00_목00:00 - 24:00_목00:00 - 24:00_목_00:00 - 24:00_금00:00 - 24:00_금00:00 - 24:00_금00:00 - 24:00_금_00:00 - 24:00_토00:00 - 24:00_토00:00 - 24:00_토00:00 - 24:00_토_00:00 - 24:00_일00:00 - 24:00_일00:00 - 24:00_일00:00 - 24:00_일_00:00 - 24:00_월00:00 - 24:00_월00:00 - 24:00_월00:00 - 24:00_월_00:00 - 24:00_화00:00 - 24:00접기_화00:00 - 24:00접기_화00:00 - 24:00_화_00:00 - 24:00_접기_접기,별점없음,0,0,https://search.pstatic.net/common/?autoRotate=true&type=w560_sharpen&src=https%3A%2F%2Fldb-phinf.pstatic.net%2F20251004_256%2F1759508689482XyGFw_JPEG%2F20251002_052617-2.jpg,무선 인터넷_포장_남/녀 화장실 구분_단체 이용 가능,주차 불가
지지고 전북대점,21283510,"도시락,컵밥",도로명전북 전주시 덕진구 명륜3길 10복사지번전북 전주시 덕진구 덕진동1가 1265-1복사우편번호우편번호54898복사안내 레이어 닫기,070-8847-5849,영업 종료11:00에 영업 시작11시 0분에 영업 시작_영업 종료11:00에 영업 시작11시 0분에 영업 시작_영업 종료11:00에 영업 시작11시 0분에 영업 시작_영업 종료_11:00에 영업 시작11시 0분에 영업 시작_11:00에 영업 시작_11시 0분에 영업 시작_수11:00 - 20:30_수11:00 - 20:30_수11:00 - 20:30_수_11:00 - 20:30_목11:00 - 20:30_목11:00 - 20:30_목11:00 - 20:30_목_11:00 - 20:30_금11:00 - 20:30_금11:00 - 20:30_금11:00 - 20:30_금_11:00 - 20:30_토정기휴무 (매주 토요일)_토정기휴무 (매주 토요일)_토정기휴무 (매주 토요일)_토_정기휴무 (매주 토요일)_정기휴무 (매주 토요일)_일정기휴무 (매주 일요일)_일정기휴무 (매주 일요일)_일정기휴무 (매주 일요일)_일_정기휴무 (매주 일요일)_정기휴무 (매주 일요일)_월11:00 - 20:30_월11:00 - 20:30_월11:00 - 20:30_월_11:00 - 20:30_화11:00 - 20:30접기_화11:00 - 20:30접기_화11:00 - 20:30_화_11:00 - 20:30_접기_접기,별점없음,0,0,https://search.pstatic.net/common/?autoRotate=true&type=w560_sharpen&src=https%3A%2F%2Fldb-phinf.pstatic.net%2F20200719_149%2F1595144469934mVUBs_JPEG%2FS81W-81S8Ir1AsRGFfgoLliT.jpg,편의시설 정보 없음,주차 불가
명륜진사갈비 전주송천점,1782634788,"육류,고기요리",도로명전북 전주시 덕진구 송천중앙로 120 1층복사지번전북 전주시 덕진구 송천동1가 395복사우편번호우편번호54837복사안내 레이어 닫기,063-255-1548,영업 중22:00에 영업 종료22시 0분에 영업 종료_영업 중22:00에 영업 종료22시 0분에 영업 종료_영업 중22:00에 영업 종료22시 0분에 영업 종료_영업 중_22:00에 영업 종료22시 0분에 영업 종료_22:00에 영업 종료_22시 0분에 영업 종료_매일11:30 - 22:00접기_매일11:30 - 22:00접기_매일11:30 - 22:00_매일_11:30 - 22:00_접기_접기,별점없음,0,0,https://search.pstatic.net/common/?autoRotate=true&type=w560_sharpen&src=https%3A%2F%2Fldb-phinf.pstatic.net%2F20260518_149%2F17790717776468JAi3_JPEG%2F%25B0%25ED%25B1%25E2_%25B8%25C0%25C1%25FD_%25B9%25AB%25C7%25D1%25B8%25AE%25C7%25CA_%25B0%25A1%25BC%25BA%25BA%25F1_%25C3%25D6%25B0%25ED_%25B0%25A5%25BA%25F1_%25BB%25EF%25B0%25E3%25BB%25EC.jpg,단체 이용 가능_무선 인터넷_예약_남/녀 화장실 구분_유아의자,주차 불가
덕천식당,11623233,"순대,순댓국",도로명전북 전주시 덕진구 명륜1길 6복사지번전북 전주시 덕진구 금암동 709-9복사우편번호우편번호54898복사안내 레이어 닫기,063-254-7365,영업 종료08:30에 영업 시작8시 30분에 영업 시작_영업 종료08:30에 영업 시작8시 30분에 영업 시작_영업 종료08:30에 영업 시작8시 30분에 영업 시작_영업 종료_08:30에 영업 시작8시 30분에 영업 시작_08:30에 영업 시작_8시 30분에 영업 시작_수08:30 - 15:0014:30 라스트오더_수08:30 - 15:0014:30 라스트오더_수08:30 - 15:0014:30 라스트오더_수_08:30 - 15:0014:30 라스트오더_목08:30 - 15:0014:30 라스트오더_목08:30 - 15:0014:30 라스트오더_목08:30 - 15:0014:30 라스트오더_목_08:30 - 15:0014:30 라스트오더_금08:30 - 15:0014:30 라스트오더_금08:30 - 15:0014:30 라스트오더_금08:30 - 15:0014:30 라스트오더_금_08:30 - 15:0014:30 라스트오더_토08:30 - 15:0014:30 라스트오더_토08:30 - 15:0014:30 라스트오더_토08:30 - 15:0014:30 라스트오더_토_08:30 - 15:0014:30 라스트오더_일정기휴무 (매주 일요일)_일정기휴무 (매주 일요일)_일정기휴무 (매주 일요일)_일_정기휴무 (매주 일요일)_정기휴무 (매주 일요일)_월08:30 - 15:0014:30 라스트오더_월08:30 - 15:0014:30 라스트오더_월08:30 - 15:0014:30 라스트오더_월_08:30 - 15:0014:30 라스트오더_화08:30 - 15:0014:30 라스트오더_화08:30 - 15:0014:30 라스트오더_화08:30 - 15:0014:30 라스트오더_화_08:30 - 15:0014:30 라스트오더_- 마지막 주문은 오후 2시 30분 입니다.접기_- 마지막 주문은 오후 2시 30분 입니다.접기_- 마지막 주문은 오후 2시 30분 입니다._- 마지막 주문은 오후 2시 30분 입니다._접기_접기,별점4.55,0,0,https://search.pstatic.net/common/?autoRotate=true&type=w560_sharpen&src=https%3A%2F%2Fldb-phinf.pstatic.net%2F20210729_8%2F16275518567957QAwU_JPEG%2FYvnKnJM6S7shqANGQTHC8mb2.jpg,포장_무선 인터넷_유아의자_출입구 휠체어 이용가능_좌석 휠체어 이용가능,주차가능무료
역전할머니맥주 전주전북대점,1544116480,"맥주,호프",도로명전북 전주시 덕진구 덕진광장로 12-2 역전할머니맥주 전북대점복사지번전북 전주시 덕진구 덕진동1가 1277-15복사우편번호우편번호54898복사안내 레이어 닫기,063-276-2234,영업 중다음 날 04:00에 영업 종료다음 날 4시 0분에 영업 종료_영업 중다음 날 04:00에 영업 종료다음 날 4시 0분에 영업 종료_영업 중다음 날 04:00에 영업 종료다음 날 4시 0분에 영업 종료_영업 중_다음 날 04:00에 영업 종료다음 날 4시 0분에 영업 종료_다음 날 04:00에 영업 종료_다음 날 4시 0분에 영업 종료_매일16:00 - 다음 날 04:00접기_매일16:00 - 다음 날 04:00접기_매일16:00 - 다음 날 04:00_매일_16:00 - 다음 날 04:00_접기_접기,별점없음,0,0,https://search.pstatic.net/common/?autoRotate=true&type=w560_sharpen&src=https%3A%2F%2Fldb-phinf.pstatic.net%2F20220202_153%2F1643737433552BDFo3_PNG%2F5FB0F988-1B2B-467C-B787-82369D6540DD.png,단체 이용 가능_배달_포장_남/녀 화장실 구분_예약_무선 인터넷,주차가능무료
신포우리만두 전주더즌점,17457598,분식,도로명전북 전주시 완산구 온고을로 20 더즌빌딩복사지번전북 전주시 완산구 서신동 970-4복사우편번호우편번호54946복사안내 레이어 닫기,063-271-7501,영업 종료11:00에 영업 시작11시 0분에 영업 시작_영업 종료11:00에 영업 시작11시 0분에 영업 시작_영업 종료11:00에 영업 시작11시 0분에 영업 시작_영업 종료_11:00에 영업 시작11시 0분에 영업 시작_11:00에 영업 시작_11시 0분에 영업 시작_수11:00 - 21:0020:30 라스트오더_수11:00 - 21:0020:30 라스트오더_수11:00 - 21:0020:30 라스트오더_수_11:00 - 21:0020:30 라스트오더_목11:00 - 21:0020:30 라스트오더_목11:00 - 21:0020:30 라스트오더_목11:00 - 21:0020:30 라스트오더_목_11:00 - 21:0020:30 라스트오더_금11:00 - 21:0020:30 라스트오더_금11:00 - 21:0020:30 라스트오더_금11:00 - 21:0020:30 라스트오더_금_11:00 - 21:0020:30 라스트오더_토11:00 - 21:0020:30 라스트오더_토11:00 - 21:0020:30 라스트오더_토11:00 - 21:0020:30 라스트오더_토_11:00 - 21:0020:30 라스트오더_일11:00 - 21:0020:30 라스트오더_일11:00 - 21:0020:30 라스트오더_일11:00 - 21:0020:30 라스트오더_일_11:00 - 21:0020:30 라스트오더_월11:00 - 21:0020:30 라스트오더_월11:00 - 21:0020:30 라스트오더_월11:00 - 21:0020:30 라스트오더_월_11:00 - 21:0020:30 라스트오더_화정기휴무 (매주 화요일)접기_화정기휴무 (매주 화요일)접기_화정기휴무 (매주 화요일)_화_정기휴무 (매주 화요일)_정기휴무 (매주 화요일)_접기_접기,별점4.28,0,0,https://search.pstatic.net/common/?autoRotate=true&type=w560_sharpen&src=https%3A%2F%2Fldb-phinf.pstatic.net%2F20191230_241%2F1577707502946zvg1p_JPEG%2FN1IooYmz1tk1YmKrjocSlOzO.jpeg.jpg,포장_배달_단체 이용 가능_남/녀 화장실 구분_무선 인터넷,주차 불가
누에그,1323731587,"카페,디저트",도로명전북 전주시 덕진구 들사평3길 16-3 1층 코너복사지번전북 전주시 덕진구 덕진동1가 1410-1복사우편번호우편번호54893복사안내 레이어 닫기,0507-1335-6953,영업 종료내일 휴무내일 휴무_영업 종료내일 휴무내일 휴무_영업 종료내일 휴무내일 휴무_영업 종료_내일 휴무내일 휴무_내일 휴무_내일 휴무_수12:00 - 21:0020:00 라스트오더_수12:00 - 21:0020:00 라스트오더_수12:00 - 21:0020:00 라스트오더_수_12:00 - 21:0020:00 라스트오더_목정기휴무 (매주 목요일)_목정기휴무 (매주 목요일)_목정기휴무 (매주 목요일)_목_정기휴무 (매주 목요일)_정기휴무 (매주 목요일)_금12:00 - 21:0020:00 라스트오더_금12:00 - 21:0020:00 라스트오더_금12:00 - 21:0020:00 라스트오더_금_12:00 - 21:0020:00 라스트오더_토12:00 - 21:0020:00 라스트오더_토12:00 - 21:0020:00 라스트오더_토12:00 - 21:0020:00 라스트오더_토_12:00 - 21:0020:00 라스트오더_일12:00 - 21:0020:00 라스트오더_일12:00 - 21:0020:00 라스트오더_일12:00 - 21:0020:00 라스트오더_일_12:00 - 21:0020:00 라스트오더_월12:00 - 21:0020:00 라스트오더_월12:00 - 21:0020:00 라스트오더_월12:00 - 21:0020:00 라스트오더_월_12:00 - 21:0020:00 라스트오더_화12:00 - 21:0020:00 라스트오더접기_화12:00 - 21:0020:00 라스트오더접기_화12:00 - 21:0020:00 라스트오더_화_12:00 - 21:0020:00 라스트오더_접기_접기,별점없음,0,0,https://search.pstatic.net/common/?autoRotate=true&type=w560_sharpen&src=https%3A%2F%2Fldb-phinf.pstatic.net%2F20240303_19%2F1709449974534bsAtt_JPEG%2FF78F02ED-777B-49BE-857E-D88851778249.jpeg,편의시설 정보 없음,주차 불가
카페 프로바이더,1202044452,카페,도로명전북 전주시 덕진구 명륜3길 13-1복사지번전북 전주시 덕진구 덕진동1가 1263-22복사우편번호우편번호54898복사안내 레이어 닫기,070-7744-8999,영업 중22:00에 영업 종료22시 0분에 영업 종료_영업 중22:00에 영업 종료22시 0분에 영업 종료_영업 중22:00에 영업 종료22시 0분에 영업 종료_영업 중_22:00에 영업 종료22시 0분에 영업 종료_22:00에 영업 종료_22시 0분에 영업 종료_수10:00 - 22:00_수10:00 - 22:00_수10:00 - 22:00_수_10:00 - 22:00_목10:00 - 22:00_목10:00 - 22:00_목10:00 - 22:00_목_10:00 - 22:00_금10:00 - 22:00_금10:00 - 22:00_금10:00 - 22:00_금_10:00 - 22:00_토10:00 - 22:00_토10:00 - 22:00_토10:00 - 22:00_토_10:00 - 22:00_일10:00 - 22:00_일10:00 - 22:00_일10:00 - 22:00_일_10:00 - 22:00_월10:00 - 22:00_월10:00 - 22:00_월10:00 - 22:00_월_10:00 - 22:00_화10:00 - 22:00접기_화10:00 - 22:00접기_화10:00 - 22:00_화_10:00 - 22:00_접기_접기,별점없음,0,0,https://search.pstatic.net/common/?autoRotate=true&type=w560_sharpen&src=https%3A%2F%2Fldb-phinf.pstatic.net%2F20251129_289%2F1764377475945l1Ln0_JPEG%2F1000048789.jpg,로스터리_테이크아웃 할인_남/녀 화장실 구분_예약_단체 이용 가능_포장_방문접수/출장_무선 인터넷_배달,주차 불가
하나요리당고,1037862408,일식당,도로명전북 전주시 덕진구 권삼득로 333 113호 하나요리당고복사지번전북 전주시 덕진구 덕진동1가 664-6복사우편번호우편번호54898복사안내 레이어 닫기,063-255-1525,"영업 종료11:00에 영업 시작11시 0분에 영업 시작_영업 종료11:00에 영업 시작11시 0분에 영업 시작_영업 종료11:00에 영업 시작11시 0분에 영업 시작_영업 종료_11:00에 영업 시작11시 0분에 영업 시작_11:00에 영업 시작_11시 0분에 영업 시작_수11:00 - 19:3015:00 - 16:30 브레이크타임14:30, 19:00 라스트오더_수11:00 - 19:3015:00 - 16:30 브레이크타임14:30, 19:00 라스트오더_수11:00 - 19:3015:00 - 16:30 브레이크타임14:30, 19:00 라스트오더_수_11:00 - 19:3015:00 - 16:30 브레이크타임14:30, 19:00 라스트오더_목11:00 - 19:3015:00 - 16:30 브레이크타임14:30, 19:00 라스트오더_목11:00 - 19:3015:00 - 16:30 브레이크타임14:30, 19:00 라스트오더_목11:00 - 19:3015:00 - 16:30 브레이크타임14:30, 19:00 라스트오더_목_11:00 - 19:3015:00 - 16:30 브레이크타임14:30, 19:00 라스트오더_금11:00 - 19:3015:00 - 16:30 브레이크타임14:30, 19:00 라스트오더_금11:00 - 19:3015:00 - 16:30 브레이크타임14:30, 19:00 라스트오더_금11:00 - 19:3015:00 - 16:30 브레이크타임14:30, 19:00 라스트오더_금_11:00 - 19:3015:00 - 16:30 브레이크타임14:30, 19:00 라스트오더_토정기휴무 (매주 토요일)_토정기휴무 (매주 토요일)_토정기휴무 (매주 토요일)_토_정기휴무 (매주 토요일)_정기휴무 (매주 토요일)_일11:00 - 19:3015:00 - 16:30 브레이크타임14:30, 19:00 라스트오더_일11:00 - 19:3015:00 - 16:30 브레이크타임14:30, 19:00 라스트오더_일11:00 - 19:3015:00 - 16:30 브레이크타임14:30, 19:00 라스트오더_일_11:00 - 19:3015:00 - 16:30 브레이크타임14:30, 19:00 라스트오더_월11:00 - 19:3015:00 - 16:30 브레이크타임14:30, 19:00 라스트오더_월11:00 - 19:3015:00 - 16:30 브레이크타임14:30, 19:00 라스트오더_월11:00 - 19:3015:00 - 16:30 브레이크타임14:30, 19:00 라스트오더_월_11:00 - 19:3015:00 - 16:30 브레이크타임14:30, 19:00 라스트오더_화11:00 - 19:3015:00 - 16:30 브레이크타임14:30, 19:00 라스트오더접기_화11:00 - 19:3015:00 - 16:30 브레이크타임14:30, 19:00 라스트오더접기_화11:00 - 19:3015:00 - 16:30 브레이크타임14:30, 19:00 라스트오더_화_11:00 - 19:3015:00 - 16:30 브레이크타임14:30, 19:00 라스트오더_접기_접기",별점없음,0,0,https://search.pstatic.net/common/?autoRotate=true&type=w560_sharpen&src=https%3A%2F%2Fldb-phinf.pstatic.net%2F20250411_83%2F1744375833451Vr8hU_JPEG%2FIMG_1896.jpg,무선 인터넷_남/녀 화장실 구분_포장_배달,주차가능무료
컴포즈커피 전북사대부고점,2064329229,카페,도로명전북 전주시 덕진구 조경단로 105 1층 102호(금암동)복사지번전북 전주시 덕진구 금암동 1546-7 1층 102호복사우편번호우편번호54899복사안내 레이어 닫기,063-905-6695,영업 중22:00에 영업 종료22시 0분에 영업 종료_영업 중22:00에 영업 종료22시 0분에 영업 종료_영업 중22:00에 영업 종료22시 0분에 영업 종료_영업 중_22:00에 영업 종료22시 0분에 영업 종료_22:00에 영업 종료_22시 0분에 영업 종료_매일08:00 - 22:00접기_매일08:00 - 22:00접기_매일08:00 - 22:00_매일_08:00 - 22:00_접기_접기,별점없음,0,0,https://search.pstatic.net/common/?autoRotate=true&type=w560_sharpen&src=https%3A%2F%2Fldb-phinf.pstatic.net%2F20260309_134%2F1773032968115Y1GY3_JPEG%2F%25B8%25C5%25C0%25E5_%25BF%25DC%25BA%25CE_1.jpg,편의시설 정보 없음,주차가능무료
곰곰김밥,1147692102,종합분식,도로명전북 전주시 덕진구 건지2길 13-2 1층 곰곰김밥복사지번전북 전주시 덕진구 금암동 105-395복사우편번호우편번호54907복사안내 레이어 닫기,0507-1310-6824,영업 종료10:00에 영업 시작10시 0분에 영업 시작_영업 종료10:00에 영업 시작10시 0분에 영업 시작_영업 종료10:00에 영업 시작10시 0분에 영업 시작_영업 종료_10:00에 영업 시작10시 0분에 영업 시작_10:00에 영업 시작_10시 0분에 영업 시작_수10:00 - 20:0019:30 라스트오더_수10:00 - 20:0019:30 라스트오더_수10:00 - 20:0019:30 라스트오더_수_10:00 - 20:0019:30 라스트오더_목10:00 - 20:0019:30 라스트오더_목10:00 - 20:0019:30 라스트오더_목10:00 - 20:0019:30 라스트오더_목_10:00 - 20:0019:30 라스트오더_금10:00 - 20:0019:30 라스트오더_금10:00 - 20:0019:30 라스트오더_금10:00 - 20:0019:30 라스트오더_금_10:00 - 20:0019:30 라스트오더_토10:00 - 16:0015:30 라스트오더_토10:00 - 16:0015:30 라스트오더_토10:00 - 16:0015:30 라스트오더_토_10:00 - 16:0015:30 라스트오더_일정기휴무 (매주 일요일)_일정기휴무 (매주 일요일)_일정기휴무 (매주 일요일)_일_정기휴무 (매주 일요일)_정기휴무 (매주 일요일)_월10:00 - 20:0019:30 라스트오더_월10:00 - 20:0019:30 라스트오더_월10:00 - 20:0019:30 라스트오더_월_10:00 - 20:0019:30 라스트오더_화10:00 - 20:0019:30 라스트오더접기_화10:00 - 20:0019:30 라스트오더접기_화10:00 - 20:0019:30 라스트오더_화_10:00 - 20:0019:30 라스트오더_접기_접기,별점없음,0,0,https://search.pstatic.net/common/?autoRotate=true&type=w560_sharpen&src=https%3A%2F%2Fldb-phinf.pstatic.net%2F20260205_49%2F1770218955706OlPhC_JPEG%2F%25C5%25A9%25B1%25E2%25BA%25AF%25C8%25AFKakaoTalk_20260204_233034803.jpg,포장_배달_예약,주차가능무료
투썸플레이스 전주하가점,104432626,카페,도로명전북 전주시 덕진구 가련산로 20 투썸플레이스 하가점복사지번전북 전주시 덕진구 덕진동2가 694-2복사우편번호우편번호54892복사안내 레이어 닫기,0507-1447-8240,영업 중23:00에 라스트오더23시 0분에 라스트오더_영업 중23:00에 라스트오더23시 0분에 라스트오더_영업 중23:00에 라스트오더23시 0분에 라스트오더_영업 중_23:00에 라스트오더23시 0분에 라스트오더_23:00에 라스트오더_23시 0분에 라스트오더_수09:00 - 24:0023:00 라스트오더_수09:00 - 24:0023:00 라스트오더_수09:00 - 24:0023:00 라스트오더_수_09:00 - 24:0023:00 라스트오더_목09:00 - 24:0023:00 라스트오더_목09:00 - 24:0023:00 라스트오더_목09:00 - 24:0023:00 라스트오더_목_09:00 - 24:0023:00 라스트오더_금09:00 - 24:0023:00 라스트오더_금09:00 - 24:0023:00 라스트오더_금09:00 - 24:0023:00 라스트오더_금_09:00 - 24:0023:00 라스트오더_토09:00 - 24:0023:00 라스트오더_토09:00 - 24:0023:00 라스트오더_토09:00 - 24:0023:00 라스트오더_토_09:00 - 24:0023:00 라스트오더_일09:00 - 23:0022:00 라스트오더_일09:00 - 23:0022:00 라스트오더_일09:00 - 23:0022:00 라스트오더_일_09:00 - 23:0022:00 라스트오더_월09:00 - 23:0022:00 라스트오더_월09:00 - 23:0022:00 라스트오더_월09:00 - 23:0022:00 라스트오더_월_09:00 - 23:0022:00 라스트오더_화09:00 - 24:0023:00 라스트오더접기_화09:00 - 24:0023:00 라스트오더접기_화09:00 - 24:0023:00 라스트오더_화_09:00 - 24:0023:00 라스트오더_접기_접기,별점없음,0,0,https://search.pstatic.net/common/?autoRotate=true&type=w560_sharpen&src=https%3A%2F%2Fldb-phinf.pstatic.net%2F20260419_291%2F1776602891519cOaef_JPEG%2F1000051250.jpg,편의시설 정보 없음,주차가능
만계치킨 전북대점,1390791171,"치킨,닭강정",도로명전북 전주시 덕진구 명륜3길 19 2층 만계치킨복사지번전북 전주시 덕진구 덕진동1가 1314-176복사우편번호우편번호54898복사안내 레이어 닫기,0507-1367-9229,영업 중다음 날 05:00에 라스트오더다음 날 5시 0분에 라스트오더_영업 중다음 날 05:00에 라스트오더다음 날 5시 0분에 라스트오더_영업 중다음 날 05:00에 라스트오더다음 날 5시 0분에 라스트오더_영업 중_다음 날 05:00에 라스트오더다음 날 5시 0분에 라스트오더_다음 날 05:00에 라스트오더_다음 날 5시 0분에 라스트오더_매일16:30 - 다음 날 05:3005:00 라스트오더접기_매일16:30 - 다음 날 05:3005:00 라스트오더접기_매일16:30 - 다음 날 05:3005:00 라스트오더_매일_16:30 - 다음 날 05:3005:00 라스트오더_접기_접기,별점없음,0,0,https://search.pstatic.net/common/?autoRotate=true&type=w560_sharpen&src=https%3A%2F%2Fldb-phinf.pstatic.net%2F20251104_223%2F1762224434636BL1yQ_JPEG%2F20251031_154033.jpg,콜키지 가능무료_테이크아웃 할인_예약_단체 이용 가능_포장_배달_남/녀 화장실 구분_무선 인터넷_\반려동물 동반,주차 불가
베리테,1818682988,"카페,디저트",도로명전북 전주시 덕진구 명륜1길 14-4 1층 verite 베리테 카페복사지번전북 전주시 덕진구 금암동 709-2복사우편번호우편번호54898복사안내 레이어 닫기,0507-1361-9349,영업 종료12:00에 영업 시작12시 0분에 영업 시작_영업 종료12:00에 영업 시작12시 0분에 영업 시작_영업 종료12:00에 영업 시작12시 0분에 영업 시작_영업 종료_12:00에 영업 시작12시 0분에 영업 시작_12:00에 영업 시작_12시 0분에 영업 시작_수12:00 - 19:00_수12:00 - 19:00_수12:00 - 19:00_수_12:00 - 19:00_목12:00 - 19:00_목12:00 - 19:00_목12:00 - 19:00_목_12:00 - 19:00_금12:00 - 19:00_금12:00 - 19:00_금12:00 - 19:00_금_12:00 - 19:00_토12:00 - 19:00_토12:00 - 19:00_토12:00 - 19:00_토_12:00 - 19:00_일12:00 - 19:00_일12:00 - 19:00_일12:00 - 19:00_일_12:00 - 19:00_월정기휴무 (매주 월요일)_월정기휴무 (매주 월요일)_월정기휴무 (매주 월요일)_월_정기휴무 (매주 월요일)_정기휴무 (매주 월요일)_화12:00 - 19:00접기_화12:00 - 19:00접기_화12:00 - 19:00_화_12:00 - 19:00_접기_접기,별점없음,0,0,https://search.pstatic.net/common/?autoRotate=true&type=w560_sharpen&src=https%3A%2F%2Fldb-phinf.pstatic.net%2F20240510_103%2F1715280634698VO82g_JPEG%2FIMG_2344.jpeg,단체 이용 가능_포장_예약_\반려동물 동반_무선 인터넷,주차 불가
크리스피크림도넛 롯데백화점 전주점,21547545,도넛,도로명전북 전주시 완산구 온고을로 2 지하1층복사지번전북 전주시 완산구 서신동 971복사우편번호우편번호54946복사안내 레이어 닫기,063-289-3011,영업 종료10:30에 영업 시작10시 30분에 영업 시작_영업 종료10:30에 영업 시작10시 30분에 영업 시작_영업 종료10:30에 영업 시작10시 30분에 영업 시작_영업 종료_10:30에 영업 시작10시 30분에 영업 시작_10:30에 영업 시작_10시 30분에 영업 시작_수10:30 - 20:00_수10:30 - 20:00_수10:30 - 20:00_수_10:30 - 20:00_목10:30 - 20:00_목10:30 - 20:00_목10:30 - 20:00_목_10:30 - 20:00_금10:30 - 20:30_금10:30 - 20:30_금10:30 - 20:30_금_10:30 - 20:30_토10:30 - 20:30_토10:30 - 20:30_토10:30 - 20:30_토_10:30 - 20:30_일10:30 - 20:30_일10:30 - 20:30_일10:30 - 20:30_일_10:30 - 20:30_월10:30 - 20:00_월10:30 - 20:00_월10:30 - 20:00_월_10:30 - 20:00_화10:30 - 20:00_화10:30 - 20:00_화10:30 - 20:00_화_10:30 - 20:00_- 롯데백화점 전주점 휴점일과 동일하게 운영됩니다.접기_- 롯데백화점 전주점 휴점일과 동일하게 운영됩니다.접기_- 롯데백화점 전주점 휴점일과 동일하게 운영됩니다._- 롯데백화점 전주점 휴점일과 동일하게 운영됩니다._접기_접기,별점없음,0,0,https://search.pstatic.net/common/?autoRotate=true&type=w560_sharpen&src=https%3A%2F%2Fldb-phinf.pstatic.net%2F20260430_230%2F17775401713744kVRy_JPEG%2F5%25BF%25F9-%25B0%25F8%25C5%25EB%25BA%25CE%25B0%25A1%25C1%25A4%25BA%25B8.jpg,예약,주차 불가
중경식객 전북대점,1683326385,중식당,도로명전북 전주시 덕진구 명륜4길 23 2층복사지번전북 전주시 덕진구 덕진동1가 664-8복사우편번호우편번호54898복사안내 레이어 닫기,0507-1336-8666,영업 중23:00에 영업 종료23시 0분에 영업 종료_영업 중23:00에 영업 종료23시 0분에 영업 종료_영업 중23:00에 영업 종료23시 0분에 영업 종료_영업 중_23:00에 영업 종료23시 0분에 영업 종료_23:00에 영업 종료_23시 0분에 영업 종료_수11:00 - 23:00_수11:00 - 23:00_수11:00 - 23:00_수_11:00 - 23:00_목11:00 - 23:00_목11:00 - 23:00_목11:00 - 23:00_목_11:00 - 23:00_금11:00 - 23:00_금11:00 - 23:00_금11:00 - 23:00_금_11:00 - 23:00_토11:00 - 23:00_토11:00 - 23:00_토11:00 - 23:00_토_11:00 - 23:00_일11:00 - 23:00_일11:00 - 23:00_일11:00 - 23:00_일_11:00 - 23:00_월11:00 - 23:00_월11:00 - 23:00_월11:00 - 23:00_월_11:00 - 23:00_화정기휴무 (매주 화요일)접기_화정기휴무 (매주 화요일)접기_화정기휴무 (매주 화요일)_화_정기휴무 (매주 화요일)_정기휴무 (매주 화요일)_접기_접기,별점없음,0,0,https://search.pstatic.net/common/?autoRotate=true&type=w560_sharpen&src=https%3A%2F%2Fldb-phinf.pstatic.net%2F20240819_23%2F1724056681416tJwcR_JPEG%2FIMG_8997.JPG,단체 이용 가능_무선 인터넷_유아의자_남/녀 화장실 구분,주차 불가
정둔면옥,11710438,국수,도로명전북 전주시 덕진구 권삼득로 247-1복사지번전북 전주시 덕진구 금암동 728-77복사우편번호우편번호54931복사안내 레이어 닫기,063-252-7791,영업 종료11:00에 영업 시작11시 0분에 영업 시작_영업 종료11:00에 영업 시작11시 0분에 영업 시작_영업 종료11:00에 영업 시작11시 0분에 영업 시작_영업 종료_11:00에 영업 시작11시 0분에 영업 시작_11:00에 영업 시작_11시 0분에 영업 시작_매일11:00 - 21:0015:00 - 17:00 브레이크타임20:30 라스트오더접기_매일11:00 - 21:0015:00 - 17:00 브레이크타임20:30 라스트오더접기_매일11:00 - 21:0015:00 - 17:00 브레이크타임20:30 라스트오더_매일_11:00 - 21:0015:00 - 17:00 브레이크타임20:30 라스트오더_접기_접기,별점4.41,0,0,https://search.pstatic.net/common/?autoRotate=true&type=w560_sharpen&src=https%3A%2F%2Fldb-phinf.pstatic.net%2F20190123_240%2F1548229636953QO7pl_JPEG%2FYgbTAbjs2gf8tX0PyR-EuCRz.jpeg.jpg,편의시설 정보 없음,주차가능
명륜,1989072479,"카페,디저트",도로명전북 전주시 덕진구 명륜5길 10-2 코원빌딩 1층 102호복사지번전북 전주시 덕진구 덕진동1가 1262-2복사우편번호우편번호54898복사안내 레이어 닫기,0507-1363-3629,곧 영업 종료22:00에 영업 종료22시 0분에 영업 종료_곧 영업 종료22:00에 영업 종료22시 0분에 영업 종료_곧 영업 종료22:00에 영업 종료22시 0분에 영업 종료_곧 영업 종료_22:00에 영업 종료22시 0분에 영업 종료_22:00에 영업 종료_22시 0분에 영업 종료_수12:00 - 22:0021:30 라스트오더_수12:00 - 22:0021:30 라스트오더_수12:00 - 22:0021:30 라스트오더_수_12:00 - 22:0021:30 라스트오더_목12:00 - 22:0021:30 라스트오더_목12:00 - 22:0021:30 라스트오더_목12:00 - 22:0021:30 라스트오더_목_12:00 - 22:0021:30 라스트오더_금13:30 - 22:0021:30 라스트오더_금13:30 - 22:0021:30 라스트오더_금13:30 - 22:0021:30 라스트오더_금_13:30 - 22:0021:30 라스트오더_토12:00 - 22:0021:30 라스트오더_토12:00 - 22:0021:30 라스트오더_토12:00 - 22:0021:30 라스트오더_토_12:00 - 22:0021:30 라스트오더_일12:00 - 22:0021:30 라스트오더_일12:00 - 22:0021:30 라스트오더_일12:00 - 22:0021:30 라스트오더_일_12:00 - 22:0021:30 라스트오더_월정기휴무 (매주 월요일)_월정기휴무 (매주 월요일)_월정기휴무 (매주 월요일)_월_정기휴무 (매주 월요일)_정기휴무 (매주 월요일)_화13:00 - 22:0021:30 라스트오더접기_화13:00 - 22:0021:30 라스트오더접기_화13:00 - 22:0021:30 라스트오더_화_13:00 - 22:0021:30 라스트오더_접기_접기,별점없음,0,0,https://search.pstatic.net/common/?autoRotate=true&type=w560_sharpen&src=https%3A%2F%2Fldb-phinf.pstatic.net%2F20260302_245%2F1772449644889X1qee_JPEG%2FIMG_6692.jpeg,남/녀 화장실 구분_무선 인터넷,주차가능
펍 그리즐리,1085971072,바(BAR),도로명전북 전주시 덕진구 명륜4길 18-3 2층 펍 그리즐리복사지번전북 전주시 덕진구 덕진동1가 1314-172복사우편번호우편번호54898복사안내 레이어 닫기,0507-1458-5254,영업 중다음 날 01:30에 라스트오더다음 날 1시 30분에 라스트오더_영업 중다음 날 01:30에 라스트오더다음 날 1시 30분에 라스트오더_영업 중다음 날 01:30에 라스트오더다음 날 1시 30분에 라스트오더_영업 중_다음 날 01:30에 라스트오더다음 날 1시 30분에 라스트오더_다음 날 01:30에 라스트오더_다음 날 1시 30분에 라스트오더_수18:00 - 다음 날 02:0001:30 라스트오더_수18:00 - 다음 날 02:0001:30 라스트오더_수18:00 - 다음 날 02:0001:30 라스트오더_수_18:00 - 다음 날 02:0001:30 라스트오더_목18:00 - 다음 날 02:0001:30 라스트오더_목18:00 - 다음 날 02:0001:30 라스트오더_목18:00 - 다음 날 02:0001:30 라스트오더_목_18:00 - 다음 날 02:0001:30 라스트오더_금18:00 - 다음 날 02:0001:30 라스트오더_금18:00 - 다음 날 02:0001:30 라스트오더_금18:00 - 다음 날 02:0001:30 라스트오더_금_18:00 - 다음 날 02:0001:30 라스트오더_토18:00 - 다음 날 02:0001:30 라스트오더_토18:00 - 다음 날 02:0001:30 라스트오더_토18:00 - 다음 날 02:0001:30 라스트오더_토_18:00 - 다음 날 02:0001:30 라스트오더_일18:00 - 다음 날 02:0001:30 라스트오더_일18:00 - 다음 날 02:0001:30 라스트오더_일18:00 - 다음 날 02:0001:30 라스트오더_일_18:00 - 다음 날 02:0001:30 라스트오더_월18:00 - 다음 날 02:0001:30 라스트오더_월18:00 - 다음 날 02:0001:30 라스트오더_월18:00 - 다음 날 02:0001:30 라스트오더_월_18:00 - 다음 날 02:0001:30 라스트오더_화18:00 - 다음 날 02:0001:30 라스트오더접기_화18:00 - 다음 날 02:0001:30 라스트오더접기_화18:00 - 다음 날 02:0001:30 라스트오더_화_18:00 - 다음 날 02:0001:30 라스트오더_접기_접기,별점없음,0,0,https://search.pstatic.net/common/?autoRotate=true&type=w560_sharpen&src=https%3A%2F%2Fldb-phinf.pstatic.net%2F20230111_124%2F16734387668524C6Uo_JPEG%2F2AAD809B-1872-4F43-980D-478BF529534E.jpeg,콜키지 가능유료_무선 인터넷_남/녀 화장실 구분_단체 이용 가능_예약,주차 불가
우드케이크,1824989019,케이크전문,도로명전북 전주시 덕진구 솔내7길 40-9 102호 우드케이크복사지번전북 전주시 덕진구 송천동1가 128-11복사우편번호우편번호54836복사안내 레이어 닫기,0507-1473-1274,영업 종료11:00에 영업 시작11시 0분에 영업 시작_영업 종료11:00에 영업 시작11시 0분에 영업 시작_영업 종료11:00에 영업 시작11시 0분에 영업 시작_영업 종료_11:00에 영업 시작11시 0분에 영업 시작_11:00에 영업 시작_11시 0분에 영업 시작_수11:00 - 19:30_수11:00 - 19:30_수11:00 - 19:30_수_11:00 - 19:30_목11:00 - 19:30_목11:00 - 19:30_목11:00 - 19:30_목_11:00 - 19:30_금11:00 - 19:30_금11:00 - 19:30_금11:00 - 19:30_금_11:00 - 19:30_토11:00 - 15:00_토11:00 - 15:00_토11:00 - 15:00_토_11:00 - 15:00_일정기휴무 (매주 일요일)_일정기휴무 (매주 일요일)_일정기휴무 (매주 일요일)_일_정기휴무 (매주 일요일)_정기휴무 (매주 일요일)_월11:00 - 19:30_월11:00 - 19:30_월11:00 - 19:30_월_11:00 - 19:30_화11:00 - 19:30접기_화11:00 - 19:30접기_화11:00 - 19:30_화_11:00 - 19:30_접기_접기,별점없음,0,0,https://search.pstatic.net/common/?autoRotate=true&type=w560_sharpen&src=https%3A%2F%2Fldb-phinf.pstatic.net%2F20250106_27%2F1736089707326GWAhL_JPEG%2FIMG_2558.jpeg,무선 인터넷,주차가능
본죽&비빔밥cafe 전북대점,1053770560,죽,도로명전북 전주시 덕진구 권삼득로 333 (덕진동1가) 원플러스 103호복사지번전북 전주시 덕진구 덕진동1가 664-6 원플러스 103호복사우편번호우편번호54898복사안내 레이어 닫기,063-271-6288,곧 영업 종료22:00에 영업 종료22시 0분에 영업 종료_곧 영업 종료22:00에 영업 종료22시 0분에 영업 종료_곧 영업 종료22:00에 영업 종료22시 0분에 영업 종료_곧 영업 종료_22:00에 영업 종료22시 0분에 영업 종료_22:00에 영업 종료_22시 0분에 영업 종료_수08:30 - 22:00_수08:30 - 22:00_수08:30 - 22:00_수_08:30 - 22:00_목08:30 - 22:00_목08:30 - 22:00_목08:30 - 22:00_목_08:30 - 22:00_금08:30 - 22:00_금08:30 - 22:00_금08:30 - 22:00_금_08:30 - 22:00_토08:30 - 22:00_토08:30 - 22:00_토08:30 - 22:00_토_08:30 - 22:00_일정기휴무 (매주 일요일)_일정기휴무 (매주 일요일)_일정기휴무 (매주 일요일)_일_정기휴무 (매주 일요일)_정기휴무 (매주 일요일)_월08:30 - 22:00_월08:30 - 22:00_월08:30 - 22:00_월_08:30 - 22:00_화08:30 - 22:00접기_화08:30 - 22:00접기_화08:30 - 22:00_화_08:30 - 22:00_접기_접기,별점없음,0,0,https://search.pstatic.net/common/?autoRotate=true&type=w560_sharpen&src=https%3A%2F%2Fldb-phinf.pstatic.net%2F20260608_189%2F1780929649861hlTUM_JPEG%2F2606_%25BD%25C5%25B8%25DE%25B4%25BA_%25BF%25AD%25B9%25AB%25C4%25AE%25BA%25F1%25BA%25F6%25B8%25E9_%25B3%25D7%25C0%25CC%25B9%25F6_%25C6%25BC%25BF%25C0%25B4%25F5_%25C6%25F7%25BD%25BA%25B5%25E0%25BE%25F3_%25B3%25D7%25C0%25CC%25B9%25F6%25BD%25BA%25B8%25B6%25C6%25AE%25C7%25C3%25B7%25B9%25C0%25CC%25BD%25BA.jpg,포장_무선 인터넷_예약,주차가능
진스갤러리,1981266066,"카페,디저트",도로명전북 전주시 덕진구 들사평3길 20 진스갤러리복사지번전북 전주시 덕진구 덕진동1가 1410-11복사우편번호우편번호54893복사안내 레이어 닫기,0507-1350-9382,영업 종료11:00에 영업 시작11시 0분에 영업 시작_영업 종료11:00에 영업 시작11시 0분에 영업 시작_영업 종료11:00에 영업 시작11시 0분에 영업 시작_영업 종료_11:00에 영업 시작11시 0분에 영업 시작_11:00에 영업 시작_11시 0분에 영업 시작_수11:00 - 19:0018:30 라스트오더_수11:00 - 19:0018:30 라스트오더_수11:00 - 19:0018:30 라스트오더_수_11:00 - 19:0018:30 라스트오더_목11:00 - 19:0018:30 라스트오더_목11:00 - 19:0018:30 라스트오더_목11:00 - 19:0018:30 라스트오더_목_11:00 - 19:0018:30 라스트오더_금11:00 - 19:0018:30 라스트오더_금11:00 - 19:0018:30 라스트오더_금11:00 - 19:0018:30 라스트오더_금_11:00 - 19:0018:30 라스트오더_토11:00 - 18:0017:30 라스트오더_토11:00 - 18:0017:30 라스트오더_토11:00 - 18:0017:30 라스트오더_토_11:00 - 18:0017:30 라스트오더_일정기휴무 (매주 일요일)_일정기휴무 (매주 일요일)_일정기휴무 (매주 일요일)_일_정기휴무 (매주 일요일)_정기휴무 (매주 일요일)_월11:00 - 19:0018:30 라스트오더_월11:00 - 19:0018:30 라스트오더_월11:00 - 19:0018:30 라스트오더_월_11:00 - 19:0018:30 라스트오더_화11:00 - 19:0018:30 라스트오더접기_화11:00 - 19:0018:30 라스트오더접기_화11:00 - 19:0018:30 라스트오더_화_11:00 - 19:0018:30 라스트오더_접기_접기,별점없음,0,0,https://search.pstatic.net/common/?autoRotate=true&type=w560_sharpen&src=https%3A%2F%2Fldb-phinf.pstatic.net%2F20230318_42%2F16791415913719bEuO_JPEG%2FDF773F63-3B89-4FFC-BFB7-48B10E0118D2.jpeg,핸드드립_유기농 메뉴_테이크아웃 할인_콜키지 가능유료_콜키지 가능무료_생일 혜택_남/녀 화장실 구분_무선 인터넷_출입구 휠체어 이용가능_좌석 휠체어 이용가능,주차 불가
취향회관,11614427,"육류,고기요리",도로명전북 전주시 덕진구 덕진연못3길 7복사지번전북 전주시 덕진구 덕진동2가 198복사우편번호우편번호54897복사안내 레이어 닫기,063-277-1985,24시간 영업_24시간 영업_24시간 영업_24시간 영업_수00:00 - 24:0015:00 - 16:30 브레이크타임_수00:00 - 24:0015:00 - 16:30 브레이크타임_수00:00 - 24:0015:00 - 16:30 브레이크타임_수_00:00 - 24:0015:00 - 16:30 브레이크타임_목00:00 - 24:0015:00 - 16:30 브레이크타임_목00:00 - 24:0015:00 - 16:30 브레이크타임_목00:00 - 24:0015:00 - 16:30 브레이크타임_목_00:00 - 24:0015:00 - 16:30 브레이크타임_금00:00 - 24:0015:00 - 16:30 브레이크타임_금00:00 - 24:0015:00 - 16:30 브레이크타임_금00:00 - 24:0015:00 - 16:30 브레이크타임_금_00:00 - 24:0015:00 - 16:30 브레이크타임_토00:00 - 24:0015:00 - 16:30 브레이크타임_토00:00 - 24:0015:00 - 16:30 브레이크타임_토00:00 - 24:0015:00 - 16:30 브레이크타임_토_00:00 - 24:0015:00 - 16:30 브레이크타임_일00:00 - 24:0015:00 - 16:30 브레이크타임_일00:00 - 24:0015:00 - 16:30 브레이크타임_일00:00 - 24:0015:00 - 16:30 브레이크타임_일_00:00 - 24:0015:00 - 16:30 브레이크타임_월00:00 - 24:0015:00 - 16:30 브레이크타임_월00:00 - 24:0015:00 - 16:30 브레이크타임_월00:00 - 24:0015:00 - 16:30 브레이크타임_월_00:00 - 24:0015:00 - 16:30 브레이크타임_화00:00 - 24:0015:00 - 16:30 브레이크타임_화00:00 - 24:0015:00 - 16:30 브레이크타임_화00:00 - 24:0015:00 - 16:30 브레이크타임_화_00:00 - 24:0015:00 - 16:30 브레이크타임_- 매주 일요일 야간 휴무접기_- 매주 일요일 야간 휴무접기_- 매주 일요일 야간 휴무_- 매주 일요일 야간 휴무_접기_접기,별점4.25,0,0,https://search.pstatic.net/common/?autoRotate=true&type=w560_sharpen&src=https%3A%2F%2Fldb-phinf.pstatic.net%2F20201213_216%2F1607857763025TKIIe_JPEG%2F7yeRCh7xV9SiR4viomEMx9w8.jpg,배달,주차 불가
후켄,16864117,"치킨,닭강정",도로명전북 전주시 완산구 당산로 99 전주서신동아아파트복사지번전북 전주시 완산구 서신동 765-1 전주아아파트복사우편번호우편번호54949복사안내 레이어 닫기,063-277-7010,영업 중다음 날 02:00에 영업 종료다음 날 2시 0분에 영업 종료_영업 중다음 날 02:00에 영업 종료다음 날 2시 0분에 영업 종료_영업 중다음 날 02:00에 영업 종료다음 날 2시 0분에 영업 종료_영업 중_다음 날 02:00에 영업 종료다음 날 2시 0분에 영업 종료_다음 날 02:00에 영업 종료_다음 날 2시 0분에 영업 종료_수11:00 - 다음 날 02:00_수11:00 - 다음 날 02:00_수11:00 - 다음 날 02:00_수_11:00 - 다음 날 02:00_목11:00 - 다음 날 02:00_목11:00 - 다음 날 02:00_목11:00 - 다음 날 02:00_목_11:00 - 다음 날 02:00_금11:00 - 다음 날 02:00_금11:00 - 다음 날 02:00_금11:00 - 다음 날 02:00_금_11:00 - 다음 날 02:00_토11:00 - 다음 날 02:00_토11:00 - 다음 날 02:00_토11:00 - 다음 날 02:00_토_11:00 - 다음 날 02:00_일11:00 - 다음 날 01:00_일11:00 - 다음 날 01:00_일11:00 - 다음 날 01:00_일_11:00 - 다음 날 01:00_월11:00 - 다음 날 02:00_월11:00 - 다음 날 02:00_월11:00 - 다음 날 02:00_월_11:00 - 다음 날 02:00_화11:00 - 다음 날 02:00접기_화11:00 - 다음 날 02:00접기_화11:00 - 다음 날 02:00_화_11:00 - 다음 날 02:00_접기_접기,별점없음,0,0,https://search.pstatic.net/common/?autoRotate=true&type=w560_sharpen&src=https%3A%2F%2Fldb-phinf.pstatic.net%2F20190228_16%2F1551354172544bMNg3_JPEG%2FlAFRFpn-nBMPdtMf-XgHl0Qe.jpeg.jpg,편의시설 정보 없음,주차 불가
한마음정육식당 전주서신점,1972142289,"육류,고기요리","도로명전북 전주시 완산구 온고을로 30-30 1층 102호, 105호복사지번전북 전주시 완산구 서신동 967-5복사우편번호우편번호54946복사안내 레이어 닫기",063-288-0092,영업 중22:00에 라스트오더22시 0분에 라스트오더_영업 중22:00에 라스트오더22시 0분에 라스트오더_영업 중22:00에 라스트오더22시 0분에 라스트오더_영업 중_22:00에 라스트오더22시 0분에 라스트오더_22:00에 라스트오더_22시 0분에 라스트오더_수16:00 - 23:0022:00 라스트오더_수16:00 - 23:0022:00 라스트오더_수16:00 - 23:0022:00 라스트오더_수_16:00 - 23:0022:00 라스트오더_목16:00 - 23:0022:00 라스트오더_목16:00 - 23:0022:00 라스트오더_목16:00 - 23:0022:00 라스트오더_목_16:00 - 23:0022:00 라스트오더_금16:00 - 23:0022:00 라스트오더_금16:00 - 23:0022:00 라스트오더_금16:00 - 23:0022:00 라스트오더_금_16:00 - 23:0022:00 라스트오더_토16:00 - 24:0023:00 라스트오더_토16:00 - 24:0023:00 라스트오더_토16:00 - 24:0023:00 라스트오더_토_16:00 - 24:0023:00 라스트오더_일16:00 - 24:0023:00 라스트오더_일16:00 - 24:0023:00 라스트오더_일16:00 - 24:0023:00 라스트오더_일_16:00 - 24:0023:00 라스트오더_월정기휴무 (매주 월요일)_월정기휴무 (매주 월요일)_월정기휴무 (매주 월요일)_월_정기휴무 (매주 월요일)_정기휴무 (매주 월요일)_화16:00 - 23:0022:00 라스트오더접기_화16:00 - 23:0022:00 라스트오더접기_화16:00 - 23:0022:00 라스트오더_화_16:00 - 23:0022:00 라스트오더_접기_접기,별점없음,0,0,https://search.pstatic.net/common/?autoRotate=true&type=w560_sharpen&src=https%3A%2F%2Fldb-phinf.pstatic.net%2F20230824_183%2F1692860619159QxPRW_JPEG%2F%25BE%25F7%25C3%25BC%25BB%25E7%25C1%25F8%25281%2529.jpg,유아시설 (놀이방)_남/녀 화장실 구분_무선 인터넷_단체 이용 가능_유아의자,주차가능무료
7월의밤,1258907086,이자카야,도로명전북 전주시 덕진구 명륜2길 15-5 102호복사지번전북 전주시 덕진구 덕진동1가 1264-13복사우편번호우편번호54898복사안내 레이어 닫기,0507-1345-6476,영업 중다음 날 02:00에 영업 종료다음 날 2시 0분에 영업 종료_영업 중다음 날 02:00에 영업 종료다음 날 2시 0분에 영업 종료_영업 중다음 날 02:00에 영업 종료다음 날 2시 0분에 영업 종료_영업 중_다음 날 02:00에 영업 종료다음 날 2시 0분에 영업 종료_다음 날 02:00에 영업 종료_다음 날 2시 0분에 영업 종료_수18:00 - 다음 날 02:00_수18:00 - 다음 날 02:00_수18:00 - 다음 날 02:00_수_18:00 - 다음 날 02:00_목18:00 - 다음 날 02:00_목18:00 - 다음 날 02:00_목18:00 - 다음 날 02:00_목_18:00 - 다음 날 02:00_금18:00 - 다음 날 02:00_금18:00 - 다음 날 02:00_금18:00 - 다음 날 02:00_금_18:00 - 다음 날 02:00_토18:00 - 다음 날 02:00_토18:00 - 다음 날 02:00_토18:00 - 다음 날 02:00_토_18:00 - 다음 날 02:00_일18:00 - 다음 날 02:00_일18:00 - 다음 날 02:00_일18:00 - 다음 날 02:00_일_18:00 - 다음 날 02:00_월18:00 - 다음 날 02:00_월18:00 - 다음 날 02:00_월18:00 - 다음 날 02:00_월_18:00 - 다음 날 02:00_화정기휴무 (매주 화요일)접기_화정기휴무 (매주 화요일)접기_화정기휴무 (매주 화요일)_화_정기휴무 (매주 화요일)_정기휴무 (매주 화요일)_접기_접기,별점없음,0,0,https://search.pstatic.net/common/?autoRotate=true&type=w560_sharpen&src=https%3A%2F%2Fldb-phinf.pstatic.net%2F20240825_66%2F1724574405023VySIx_JPEG%2FIMG_6443.jpeg,예약,주차가능무료
복스커피,1311374507,"카페,디저트",도로명전북 전주시 덕진구 덕진광장로 1-11 2층복사지번전북 전주시 덕진구 덕진동1가 1279-5복사우편번호우편번호54897복사안내 레이어 닫기,0507-1487-7288,곧 영업 종료22:00에 영업 종료22시 0분에 영업 종료_곧 영업 종료22:00에 영업 종료22시 0분에 영업 종료_곧 영업 종료22:00에 영업 종료22시 0분에 영업 종료_곧 영업 종료_22:00에 영업 종료22시 0분에 영업 종료_22:00에 영업 종료_22시 0분에 영업 종료_수11:00 - 22:00_수11:00 - 22:00_수11:00 - 22:00_수_11:00 - 22:00_목11:00 - 22:00_목11:00 - 22:00_목11:00 - 22:00_목_11:00 - 22:00_금11:00 - 22:00_금11:00 - 22:00_금11:00 - 22:00_금_11:00 - 22:00_토11:00 - 22:00_토11:00 - 22:00_토11:00 - 22:00_토_11:00 - 22:00_일정기휴무 (매주 일요일)_일정기휴무 (매주 일요일)_일정기휴무 (매주 일요일)_일_정기휴무 (매주 일요일)_정기휴무 (매주 일요일)_월11:00 - 22:00_월11:00 - 22:00_월11:00 - 22:00_월_11:00 - 22:00_화11:00 - 22:00접기_화11:00 - 22:00접기_화11:00 - 22:00_화_11:00 - 22:00_접기_접기,별점없음,0,0,https://search.pstatic.net/common/?autoRotate=true&type=w560_sharpen&src=https%3A%2F%2Fldb-phinf.pstatic.net%2F20240813_12%2F1723537314993B0bui_JPEG%2FKakaoTalk_20240813_170157630.jpg,포장_무선 인터넷,주차 불가
한솥도시락 전북대후문점,50480809,"도시락,컵밥",도로명전북 전주시 덕진구 삼송3길 42 6호복사지번전북 전주시 덕진구 금암동 1543-8복사우편번호우편번호54899복사안내 레이어 닫기,063-275-1189,영업 종료09:00에 영업 시작9시 0분에 영업 시작_영업 종료09:00에 영업 시작9시 0분에 영업 시작_영업 종료09:00에 영업 시작9시 0분에 영업 시작_영업 종료_09:00에 영업 시작9시 0분에 영업 시작_09:00에 영업 시작_9시 0분에 영업 시작_수09:00 - 19:40_수09:00 - 19:40_수09:00 - 19:40_수_09:00 - 19:40_목09:00 - 19:40_목09:00 - 19:40_목09:00 - 19:40_목_09:00 - 19:40_금09:00 - 19:40_금09:00 - 19:40_금09:00 - 19:40_금_09:00 - 19:40_토09:00 - 13:30_토09:00 - 13:30_토09:00 - 13:30_토_09:00 - 13:30_일정기휴무 (매주 일요일)_일정기휴무 (매주 일요일)_일정기휴무 (매주 일요일)_일_정기휴무 (매주 일요일)_정기휴무 (매주 일요일)_월09:00 - 19:40_월09:00 - 19:40_월09:00 - 19:40_월_09:00 - 19:40_화09:00 - 19:40접기_화09:00 - 19:40접기_화09:00 - 19:40_화_09:00 - 19:40_접기_접기,별점4.55,0,0,https://search.pstatic.net/common/?autoRotate=true&type=w560_sharpen&src=https%3A%2F%2Fldb-phinf.pstatic.net%2F20250430_188%2F1745996348711AwNEN_JPEG%2F%25B7%25CE%25B0%25ED_1.jpg,포장_남/녀 화장실 구분,주차가능무료
한가람,17045267,한식,도로명전북 전주시 덕진구 송천중앙로 51복사지번전북 전주시 덕진구 덕진동2가 2-2복사우편번호우편번호54840복사안내 레이어 닫기,063-251-3535,영업 종료11:00에 영업 시작11시 0분에 영업 시작_영업 종료11:00에 영업 시작11시 0분에 영업 시작_영업 종료11:00에 영업 시작11시 0분에 영업 시작_영업 종료_11:00에 영업 시작11시 0분에 영업 시작_11:00에 영업 시작_11시 0분에 영업 시작_매일11:00 - 21:0014:30 - 17:00 브레이크타임접기_매일11:00 - 21:0014:30 - 17:00 브레이크타임접기_매일11:00 - 21:0014:30 - 17:00 브레이크타임_매일_11:00 - 21:0014:30 - 17:00 브레이크타임_접기_접기,별점없음,0,0,https://search.pstatic.net/common/?autoRotate=true&type=w560_sharpen&src=https%3A%2F%2Fldb-phinf.pstatic.net%2F20200403_56%2F15859061663965fEBg_JPEG%2FSIPMKZ45phCCE_HHc7-SQ9U9.jpeg.jpg,편의시설 정보 없음,주차가능무료
북창동순두부 전주서신점,38229587,두부요리,도로명전북 전주시 완산구 새터로 122-9복사지번전북 전주시 완산구 서신동 968-9복사우편번호우편번호54946복사안내 레이어 닫기,063-271-2317,"영업 종료09:00에 영업 시작9시 0분에 영업 시작_영업 종료09:00에 영업 시작9시 0분에 영업 시작_영업 종료09:00에 영업 시작9시 0분에 영업 시작_영업 종료_09:00에 영업 시작9시 0분에 영업 시작_09:00에 영업 시작_9시 0분에 영업 시작_수09:00 - 20:5015:00 - 17:00 브레이크타임14:10, 20:00 라스트오더_수09:00 - 20:5015:00 - 17:00 브레이크타임14:10, 20:00 라스트오더_수09:00 - 20:5015:00 - 17:00 브레이크타임14:10, 20:00 라스트오더_수_09:00 - 20:5015:00 - 17:00 브레이크타임14:10, 20:00 라스트오더_목09:00 - 20:5015:00 - 17:00 브레이크타임14:10, 20:00 라스트오더_목09:00 - 20:5015:00 - 17:00 브레이크타임14:10, 20:00 라스트오더_목09:00 - 20:5015:00 - 17:00 브레이크타임14:10, 20:00 라스트오더_목_09:00 - 20:5015:00 - 17:00 브레이크타임14:10, 20:00 라스트오더_금09:00 - 20:5015:00 - 17:00 브레이크타임14:10, 20:00 라스트오더_금09:00 - 20:5015:00 - 17:00 브레이크타임14:10, 20:00 라스트오더_금09:00 - 20:5015:00 - 17:00 브레이크타임14:10, 20:00 라스트오더_금_09:00 - 20:5015:00 - 17:00 브레이크타임14:10, 20:00 라스트오더_토09:00 - 20:5015:00 - 17:00 브레이크타임14:10, 20:00 라스트오더_토09:00 - 20:5015:00 - 17:00 브레이크타임14:10, 20:00 라스트오더_토09:00 - 20:5015:00 - 17:00 브레이크타임14:10, 20:00 라스트오더_토_09:00 - 20:5015:00 - 17:00 브레이크타임14:10, 20:00 라스트오더_일09:00 - 20:5015:00 - 17:00 브레이크타임14:10, 20:00 라스트오더_일09:00 - 20:5015:00 - 17:00 브레이크타임14:10, 20:00 라스트오더_일09:00 - 20:5015:00 - 17:00 브레이크타임14:10, 20:00 라스트오더_일_09:00 - 20:5015:00 - 17:00 브레이크타임14:10, 20:00 라스트오더_월09:00 - 20:5015:00 - 17:00 브레이크타임14:10, 20:00 라스트오더_월09:00 - 20:5015:00 - 17:00 브레이크타임14:10, 20:00 라스트오더_월09:00 - 20:5015:00 - 17:00 브레이크타임14:10, 20:00 라스트오더_월_09:00 - 20:5015:00 - 17:00 브레이크타임14:10, 20:00 라스트오더_화정기휴무 (매주 화요일)접기_화정기휴무 (매주 화요일)접기_화정기휴무 (매주 화요일)_화_정기휴무 (매주 화요일)_정기휴무 (매주 화요일)_접기_접기",별점4.41,0,0,https://search.pstatic.net/common/?autoRotate=true&type=w560_sharpen&src=https%3A%2F%2Fldb-phinf.pstatic.net%2F20240711_255%2F17206578370950McfQ_JPEG%2F1.jpg,편의시설 정보 없음,주차가능무료
순정닭발 전북대점,95978698,닭발,도로명전북 전주시 덕진구 명륜5길 18복사지번전북 전주시 덕진구 덕진동1가 1314-157복사우편번호우편번호54898복사안내 레이어 닫기,0507-1434-5889,영업 중다음 날 02:00에 영업 종료다음 날 2시 0분에 영업 종료_영업 중다음 날 02:00에 영업 종료다음 날 2시 0분에 영업 종료_영업 중다음 날 02:00에 영업 종료다음 날 2시 0분에 영업 종료_영업 중_다음 날 02:00에 영업 종료다음 날 2시 0분에 영업 종료_다음 날 02:00에 영업 종료_다음 날 2시 0분에 영업 종료_매일16:00 - 다음 날 02:00접기_매일16:00 - 다음 날 02:00접기_매일16:00 - 다음 날 02:00_매일_16:00 - 다음 날 02:00_접기_접기,별점4.42,0,0,https://search.pstatic.net/common/?autoRotate=true&type=w560_sharpen&src=https%3A%2F%2Fldb-phinf.pstatic.net%2F20240418_252%2F1713423620411cgh8I_JPEG%2FIMG_9039.jpeg,단체 이용 가능_포장_배달_무선 인터넷_\반려동물 동반,주차 불가
백자원,17027545,중식당,도로명전북 전주시 덕진구 백제대로 702 백자원복사지번전북 전주시 덕진구 인후동2가 1529-9복사우편번호우편번호54917복사안내 레이어 닫기,063-246-1405,"영업 종료11:00에 영업 시작11시 0분에 영업 시작_영업 종료11:00에 영업 시작11시 0분에 영업 시작_영업 종료11:00에 영업 시작11시 0분에 영업 시작_영업 종료_11:00에 영업 시작11시 0분에 영업 시작_11:00에 영업 시작_11시 0분에 영업 시작_수11:00 - 20:3015:00 - 17:00 브레이크타임20:00 라스트오더_수11:00 - 20:3015:00 - 17:00 브레이크타임20:00 라스트오더_수11:00 - 20:3015:00 - 17:00 브레이크타임20:00 라스트오더_수_11:00 - 20:3015:00 - 17:00 브레이크타임20:00 라스트오더_목11:00 - 20:3015:00 - 17:00 브레이크타임20:00 라스트오더_목11:00 - 20:3015:00 - 17:00 브레이크타임20:00 라스트오더_목11:00 - 20:3015:00 - 17:00 브레이크타임20:00 라스트오더_목_11:00 - 20:3015:00 - 17:00 브레이크타임20:00 라스트오더_금11:00 - 20:3015:00 - 17:00 브레이크타임20:00 라스트오더_금11:00 - 20:3015:00 - 17:00 브레이크타임20:00 라스트오더_금11:00 - 20:3015:00 - 17:00 브레이크타임20:00 라스트오더_금_11:00 - 20:3015:00 - 17:00 브레이크타임20:00 라스트오더_토11:00 - 20:3015:00 - 17:00 브레이크타임20:00 라스트오더_토11:00 - 20:3015:00 - 17:00 브레이크타임20:00 라스트오더_토11:00 - 20:3015:00 - 17:00 브레이크타임20:00 라스트오더_토_11:00 - 20:3015:00 - 17:00 브레이크타임20:00 라스트오더_일(6/14)정기휴무 (매달 2, 4번째 일요일)_일(6/14)정기휴무 (매달 2, 4번째 일요일)_일(6/14)정기휴무 (매달 2, 4번째 일요일)_일(6/14)_정기휴무 (매달 2, 4번째 일요일)_정기휴무 (매달 2, 4번째 일요일)_월11:00 - 20:3015:00 - 17:00 브레이크타임20:00 라스트오더_월11:00 - 20:3015:00 - 17:00 브레이크타임20:00 라스트오더_월11:00 - 20:3015:00 - 17:00 브레이크타임20:00 라스트오더_월_11:00 - 20:3015:00 - 17:00 브레이크타임20:00 라스트오더_화11:00 - 20:3015:00 - 17:00 브레이크타임20:00 라스트오더_화11:00 - 20:3015:00 - 17:00 브레이크타임20:00 라스트오더_화11:00 - 20:3015:00 - 17:00 브레이크타임20:00 라스트오더_화_11:00 - 20:3015:00 - 17:00 브레이크타임20:00 라스트오더_매달 2, 4번째 일요일 정기 휴무접기_매달 2, 4번째 일요일 정기 휴무접기_매달 2, 4번째 일요일 정기 휴무_접기_접기",별점없음,0,0,https://search.pstatic.net/common/?autoRotate=true&type=w560_sharpen&src=https%3A%2F%2Fldb-phinf.pstatic.net%2F20190802_268%2F1564715587471l5p0N_JPEG%2FP6c1-_go3owKLrsRVanarO-5.jpg,편의시설 정보 없음,주차 불가
완미족발 전주덕진점,1414472021,"족발,보쌈",도로명전북 전주시 덕진구 권삼득로 379 1층복사지번전북 전주시 덕진구 덕진동1가 1314-120복사우편번호우편번호54897복사안내 레이어 닫기,0507-1381-7339,영업 중24:00에 영업 종료0시 0분에 영업 종료_영업 중24:00에 영업 종료0시 0분에 영업 종료_영업 중24:00에 영업 종료0시 0분에 영업 종료_영업 중_24:00에 영업 종료0시 0분에 영업 종료_24:00에 영업 종료_0시 0분에 영업 종료_매일15:00 - 24:00접기_매일15:00 - 24:00접기_매일15:00 - 24:00_매일_15:00 - 24:00_접기_접기,별점없음,0,0,https://search.pstatic.net/common/?autoRotate=true&type=w560_sharpen&src=https%3A%2F%2Fldb-phinf.pstatic.net%2F20240905_245%2F1725512837090J2Wu1_JPEG%2F%25C5%25A9%25B1%25E2%25BA%25AF%25C8%25AF1.jpg,콜키지 가능유료,주차가능무료
민속광장,38711625,술집,도로명전북 전주시 덕진구 덕진광장로 8복사지번전북 전주시 덕진구 덕진동1가 1276-1복사우편번호우편번호54898복사안내 레이어 닫기,063-272-3773,영업 종료11:00에 영업 시작11시 0분에 영업 시작_영업 종료11:00에 영업 시작11시 0분에 영업 시작_영업 종료11:00에 영업 시작11시 0분에 영업 시작_영업 종료_11:00에 영업 시작11시 0분에 영업 시작_11:00에 영업 시작_11시 0분에 영업 시작_수11:00 - 22:0015:00 - 17:00 브레이크타임_수11:00 - 22:0015:00 - 17:00 브레이크타임_수11:00 - 22:0015:00 - 17:00 브레이크타임_수_11:00 - 22:0015:00 - 17:00 브레이크타임_목11:00 - 22:0015:00 - 17:00 브레이크타임_목11:00 - 22:0015:00 - 17:00 브레이크타임_목11:00 - 22:0015:00 - 17:00 브레이크타임_목_11:00 - 22:0015:00 - 17:00 브레이크타임_금11:00 - 22:0015:00 - 17:00 브레이크타임_금11:00 - 22:0015:00 - 17:00 브레이크타임_금11:00 - 22:0015:00 - 17:00 브레이크타임_금_11:00 - 22:0015:00 - 17:00 브레이크타임_토11:00 - 22:0015:00 - 17:00 브레이크타임_토11:00 - 22:0015:00 - 17:00 브레이크타임_토11:00 - 22:0015:00 - 17:00 브레이크타임_토_11:00 - 22:0015:00 - 17:00 브레이크타임_일정기휴무 (매주 일요일)_일정기휴무 (매주 일요일)_일정기휴무 (매주 일요일)_일_정기휴무 (매주 일요일)_정기휴무 (매주 일요일)_월11:00 - 22:0015:00 - 17:00 브레이크타임_월11:00 - 22:0015:00 - 17:00 브레이크타임_월11:00 - 22:0015:00 - 17:00 브레이크타임_월_11:00 - 22:0015:00 - 17:00 브레이크타임_화11:00 - 22:0015:00 - 17:00 브레이크타임접기_화11:00 - 22:0015:00 - 17:00 브레이크타임접기_화11:00 - 22:0015:00 - 17:00 브레이크타임_화_11:00 - 22:0015:00 - 17:00 브레이크타임_접기_접기,별점없음,0,0,https://search.pstatic.net/common/?autoRotate=true&type=w560_sharpen&src=https%3A%2F%2Fldb-phinf.pstatic.net%2F20181101_216%2F1541034230530RCqkB_JPEG%2F6W1bRs7bL6jlVvkoZjQqwH7Z.jpg,편의시설 정보 없음,주차가능무료
덴조,2009249105,요리주점,도로명전북 전주시 덕진구 명륜3길 18-3 1층복사지번전북 전주시 덕진구 덕진동1가 1314-182복사우편번호우편번호54898복사안내 레이어 닫기,0507-1426-2620,영업 중다음 날 02:00에 영업 종료다음 날 2시 0분에 영업 종료_영업 중다음 날 02:00에 영업 종료다음 날 2시 0분에 영업 종료_영업 중다음 날 02:00에 영업 종료다음 날 2시 0분에 영업 종료_영업 중_다음 날 02:00에 영업 종료다음 날 2시 0분에 영업 종료_다음 날 02:00에 영업 종료_다음 날 2시 0분에 영업 종료_수17:00 - 다음 날 02:00_수17:00 - 다음 날 02:00_수17:00 - 다음 날 02:00_수_17:00 - 다음 날 02:00_목17:00 - 다음 날 02:00_목17:00 - 다음 날 02:00_목17:00 - 다음 날 02:00_목_17:00 - 다음 날 02:00_금17:00 - 다음 날 03:00_금17:00 - 다음 날 03:00_금17:00 - 다음 날 03:00_금_17:00 - 다음 날 03:00_토17:00 - 다음 날 03:00_토17:00 - 다음 날 03:00_토17:00 - 다음 날 03:00_토_17:00 - 다음 날 03:00_일정기휴무 (매주 일요일)_일정기휴무 (매주 일요일)_일정기휴무 (매주 일요일)_일_정기휴무 (매주 일요일)_정기휴무 (매주 일요일)_월17:00 - 다음 날 02:00_월17:00 - 다음 날 02:00_월17:00 - 다음 날 02:00_월_17:00 - 다음 날 02:00_화17:00 - 다음 날 02:00접기_화17:00 - 다음 날 02:00접기_화17:00 - 다음 날 02:00_화_17:00 - 다음 날 02:00_접기_접기,별점없음,0,0,https://search.pstatic.net/common/?autoRotate=true&type=w560_sharpen&src=https%3A%2F%2Fldb-phinf.pstatic.net%2F20260303_211%2F1772463623804XWaSH_JPEG%2FIMG_9533.jpeg,콜키지 가능유료_단체 이용 가능_예약_무선 인터넷_남/녀 화장실 구분,주차 불가
빽다방 전주사대부고점,1147396805,테이크아웃커피,도로명전북 전주시 덕진구 백제대로 639 1층복사지번전북 전주시 덕진구 금암동 1589-1복사우편번호우편번호54907복사안내 레이어 닫기,0503-5260-5630,영업 종료08:00에 영업 시작8시 0분에 영업 시작_영업 종료08:00에 영업 시작8시 0분에 영업 시작_영업 종료08:00에 영업 시작8시 0분에 영업 시작_영업 종료_08:00에 영업 시작8시 0분에 영업 시작_08:00에 영업 시작_8시 0분에 영업 시작_수08:00 - 22:00_수08:00 - 22:00_수08:00 - 22:00_수_08:00 - 22:00_목08:00 - 22:00_목08:00 - 22:00_목08:00 - 22:00_목_08:00 - 22:00_금08:00 - 22:00_금08:00 - 22:00_금08:00 - 22:00_금_08:00 - 22:00_토08:00 - 22:00_토08:00 - 22:00_토08:00 - 22:00_토_08:00 - 22:00_일09:00 - 22:00_일09:00 - 22:00_일09:00 - 22:00_일_09:00 - 22:00_월08:00 - 22:00_월08:00 - 22:00_월08:00 - 22:00_월_08:00 - 22:00_화08:00 - 22:00_화08:00 - 22:00_화08:00 - 22:00_화_08:00 - 22:00_- 아이스크림은 pm9:30분에 주문마감합니다:)접기_- 아이스크림은 pm9:30분에 주문마감합니다:)접기_- 아이스크림은 pm9:30분에 주문마감합니다:)_- 아이스크림은 pm9:30분에 주문마감합니다:)_접기_접기,별점없음,0,0,https://search.pstatic.net/common/?autoRotate=true&type=w560_sharpen&src=https%3A%2F%2Fldb-phinf.pstatic.net%2F20220812_132%2F16602654471387D7RK_JPEG%2FKakaoTalk_20220812_095001488.jpg,편의시설 정보 없음,주차 불가
도꾸이,1390900413,"초밥,롤",도로명전북 전주시 덕진구 권삼득로 237복사지번전북 전주시 덕진구 금암동 728-30복사우편번호우편번호54931복사안내 레이어 닫기,063-252-1147,영업 종료11:00에 영업 시작11시 0분에 영업 시작_영업 종료11:00에 영업 시작11시 0분에 영업 시작_영업 종료11:00에 영업 시작11시 0분에 영업 시작_영업 종료_11:00에 영업 시작11시 0분에 영업 시작_11:00에 영업 시작_11시 0분에 영업 시작_수11:00 - 21:3014:30 - 16:30 브레이크타임21:10 라스트오더_수11:00 - 21:3014:30 - 16:30 브레이크타임21:10 라스트오더_수11:00 - 21:3014:30 - 16:30 브레이크타임21:10 라스트오더_수_11:00 - 21:3014:30 - 16:30 브레이크타임21:10 라스트오더_목11:00 - 21:3014:30 - 16:30 브레이크타임21:10 라스트오더_목11:00 - 21:3014:30 - 16:30 브레이크타임21:10 라스트오더_목11:00 - 21:3014:30 - 16:30 브레이크타임21:10 라스트오더_목_11:00 - 21:3014:30 - 16:30 브레이크타임21:10 라스트오더_금11:00 - 21:3014:30 - 16:30 브레이크타임21:10 라스트오더_금11:00 - 21:3014:30 - 16:30 브레이크타임21:10 라스트오더_금11:00 - 21:3014:30 - 16:30 브레이크타임21:10 라스트오더_금_11:00 - 21:3014:30 - 16:30 브레이크타임21:10 라스트오더_토11:20 - 21:0014:30 - 16:30 브레이크타임20:40 라스트오더_토11:20 - 21:0014:30 - 16:30 브레이크타임20:40 라스트오더_토11:20 - 21:0014:30 - 16:30 브레이크타임20:40 라스트오더_토_11:20 - 21:0014:30 - 16:30 브레이크타임20:40 라스트오더_일정기휴무 (매주 일요일)_일정기휴무 (매주 일요일)_일정기휴무 (매주 일요일)_일_정기휴무 (매주 일요일)_정기휴무 (매주 일요일)_월11:00 - 21:3014:30 - 16:30 브레이크타임21:10 라스트오더_월11:00 - 21:3014:30 - 16:30 브레이크타임21:10 라스트오더_월11:00 - 21:3014:30 - 16:30 브레이크타임21:10 라스트오더_월_11:00 - 21:3014:30 - 16:30 브레이크타임21:10 라스트오더_화11:00 - 21:3014:30 - 16:30 브레이크타임21:10 라스트오더_화11:00 - 21:3014:30 - 16:30 브레이크타임21:10 라스트오더_화11:00 - 21:3014:30 - 16:30 브레이크타임21:10 라스트오더_화_11:00 - 21:3014:30 - 16:30 브레이크타임21:10 라스트오더_- 일요일은 휴무합니다접기_- 일요일은 휴무합니다접기_- 일요일은 휴무합니다_- 일요일은 휴무합니다_접기_접기,별점4.44,0,0,https://search.pstatic.net/common/?autoRotate=true&type=w560_sharpen&src=https%3A%2F%2Fldb-phinf.pstatic.net%2F20250131_98%2F1738295992389gVe8h_JPEG%2F20250131_124427.jpg,포장_무선 인터넷,주차 불가
정남옥순대국 전북대점,2014792570,"순대,순댓국",도로명전북 전주시 덕진구 명륜4길 21 1층복사지번전북 전주시 덕진구 덕진동1가 1312-77복사우편번호우편번호54898복사안내 레이어 닫기,063-272-5325,영업 종료11:00에 영업 시작11시 0분에 영업 시작_영업 종료11:00에 영업 시작11시 0분에 영업 시작_영업 종료11:00에 영업 시작11시 0분에 영업 시작_영업 종료_11:00에 영업 시작11시 0분에 영업 시작_11:00에 영업 시작_11시 0분에 영업 시작_수11:00 - 21:3015:00 - 16:00 브레이크타임21:00 라스트오더_수11:00 - 21:3015:00 - 16:00 브레이크타임21:00 라스트오더_수11:00 - 21:3015:00 - 16:00 브레이크타임21:00 라스트오더_수_11:00 - 21:3015:00 - 16:00 브레이크타임21:00 라스트오더_목11:00 - 21:3015:00 - 16:00 브레이크타임21:00 라스트오더_목11:00 - 21:3015:00 - 16:00 브레이크타임21:00 라스트오더_목11:00 - 21:3015:00 - 16:00 브레이크타임21:00 라스트오더_목_11:00 - 21:3015:00 - 16:00 브레이크타임21:00 라스트오더_금11:00 - 21:3015:00 - 16:00 브레이크타임21:00 라스트오더_금11:00 - 21:3015:00 - 16:00 브레이크타임21:00 라스트오더_금11:00 - 21:3015:00 - 16:00 브레이크타임21:00 라스트오더_금_11:00 - 21:3015:00 - 16:00 브레이크타임21:00 라스트오더_토11:00 - 21:3015:00 - 16:00 브레이크타임21:00 라스트오더_토11:00 - 21:3015:00 - 16:00 브레이크타임21:00 라스트오더_토11:00 - 21:3015:00 - 16:00 브레이크타임21:00 라스트오더_토_11:00 - 21:3015:00 - 16:00 브레이크타임21:00 라스트오더_일정기휴무 (매주 일요일)_일정기휴무 (매주 일요일)_일정기휴무 (매주 일요일)_일_정기휴무 (매주 일요일)_정기휴무 (매주 일요일)_월11:00 - 21:3015:00 - 16:00 브레이크타임21:00 라스트오더_월11:00 - 21:3015:00 - 16:00 브레이크타임21:00 라스트오더_월11:00 - 21:3015:00 - 16:00 브레이크타임21:00 라스트오더_월_11:00 - 21:3015:00 - 16:00 브레이크타임21:00 라스트오더_화11:00 - 21:3015:00 - 16:00 브레이크타임21:00 라스트오더접기_화11:00 - 21:3015:00 - 16:00 브레이크타임21:00 라스트오더접기_화11:00 - 21:3015:00 - 16:00 브레이크타임21:00 라스트오더_화_11:00 - 21:3015:00 - 16:00 브레이크타임21:00 라스트오더_접기_접기,별점없음,0,0,https://search.pstatic.net/common/?autoRotate=true&type=w560_sharpen&src=https%3A%2F%2Fldb-phinf.pstatic.net%2F20260318_298%2F1773797342734yOMwH_JPEG%2F3472591864458242904.jpg,단체 이용 가능_포장_배달_예약,주차 불가
홍곱창 전북대점,1217671868,"곱창,막창,양",도로명전북 전주시 덕진구 명륜2길 11-12복사지번전북 전주시 덕진구 덕진동1가 1264-28복사우편번호우편번호54898복사안내 레이어 닫기,063-232-3204,영업 중23:00에 영업 종료23시 0분에 영업 종료_영업 중23:00에 영업 종료23시 0분에 영업 종료_영업 중23:00에 영업 종료23시 0분에 영업 종료_영업 중_23:00에 영업 종료23시 0분에 영업 종료_23:00에 영업 종료_23시 0분에 영업 종료_수15:00 - 23:00_수15:00 - 23:00_수15:00 - 23:00_수_15:00 - 23:00_목15:00 - 23:00_목15:00 - 23:00_목15:00 - 23:00_목_15:00 - 23:00_금15:00 - 23:00_금15:00 - 23:00_금15:00 - 23:00_금_15:00 - 23:00_토15:00 - 23:00_토15:00 - 23:00_토15:00 - 23:00_토_15:00 - 23:00_일정기휴무 (매주 일요일)_일정기휴무 (매주 일요일)_일정기휴무 (매주 일요일)_일_정기휴무 (매주 일요일)_정기휴무 (매주 일요일)_월15:00 - 23:00_월15:00 - 23:00_월15:00 - 23:00_월_15:00 - 23:00_화15:00 - 23:00접기_화15:00 - 23:00접기_화15:00 - 23:00_화_15:00 - 23:00_접기_접기,별점없음,0,0,https://search.pstatic.net/common/?autoRotate=true&type=w560_sharpen&src=https%3A%2F%2Fldb-phinf.pstatic.net%2F20191130_265%2F1575081127085f2fKa_JPEG%2F9fiHFJJNNC-0IwuCtVeANmhS.jpeg.jpg,단체 이용 가능_포장_무선 인터넷_예약,주차 불가
가장맛있는족발 전북대점,1001477550,"족발,보쌈",도로명전북 전주시 덕진구 권삼득로 343복사지번전북 전주시 덕진구 덕진동1가 664-1복사우편번호우편번호54897복사안내 레이어 닫기,063-278-5849,영업 중다음 날 01:00에 영업 종료다음 날 1시 0분에 영업 종료_영업 중다음 날 01:00에 영업 종료다음 날 1시 0분에 영업 종료_영업 중다음 날 01:00에 영업 종료다음 날 1시 0분에 영업 종료_영업 중_다음 날 01:00에 영업 종료다음 날 1시 0분에 영업 종료_다음 날 01:00에 영업 종료_다음 날 1시 0분에 영업 종료_매일16:00 - 다음 날 01:00접기_매일16:00 - 다음 날 01:00접기_매일16:00 - 다음 날 01:00_매일_16:00 - 다음 날 01:00_접기_접기,별점없음,0,0,https://search.pstatic.net/common/?autoRotate=true&quality=95&type=w750&src=https%3A%2F%2Fldb-phinf.pstatic.net%2F20170906_291%2F1504668412424tlBm1_JPEG%2FZ_kz2pW7dfb4OEalYpQWgvRO.jpg,포장_배달_단체 이용 가능_무선 인터넷_남/녀 화장실 구분,주차가능
층층제과,1905671639,베이커리,도로명전북 전주시 덕진구 들사평4길 6 상가 1층복사지번전북 전주시 덕진구 덕진동1가 1404-9복사우편번호우편번호54893복사안내 레이어 닫기,0507-1350-9103,오늘 휴무06/10 휴무06/10 휴무_오늘 휴무06/10 휴무06/10 휴무_오늘 휴무06/10 휴무06/10 휴무_오늘 휴무_06/10 휴무06/10 휴무_06/10 휴무_06/10 휴무_수(6/10)휴무_수(6/10)휴무_수(6/10)휴무_수(6/10)_휴무_휴무_목(6/11)휴무_목(6/11)휴무_목(6/11)휴무_목(6/11)_휴무_휴무_금(6/12)휴무_금(6/12)휴무_금(6/12)휴무_금(6/12)_휴무_휴무_토12:00 - 19:30_토12:00 - 19:30_토12:00 - 19:30_토_12:00 - 19:30_일정기휴무 (매주 일요일)_일정기휴무 (매주 일요일)_일정기휴무 (매주 일요일)_일_정기휴무 (매주 일요일)_정기휴무 (매주 일요일)_월정기휴무 (매주 월요일)_월정기휴무 (매주 월요일)_월정기휴무 (매주 월요일)_월_정기휴무 (매주 월요일)_정기휴무 (매주 월요일)_화정기휴무 (매주 화요일)_화정기휴무 (매주 화요일)_화정기휴무 (매주 화요일)_화_정기휴무 (매주 화요일)_정기휴무 (매주 화요일)_- 택배/홀 케이크 예약/주 1-2회 오프라인 판매로 운영접기_- 택배/홀 케이크 예약/주 1-2회 오프라인 판매로 운영접기_- 택배/홀 케이크 예약/주 1-2회 오프라인 판매로 운영_- 택배/홀 케이크 예약/주 1-2회 오프라인 판매로 운영_접기_접기,별점없음,0,0,https://search.pstatic.net/common/?autoRotate=true&type=w560_sharpen&src=https%3A%2F%2Fldb-phinf.pstatic.net%2F20260604_34%2F1780540725851WefzC_JPEG%2FIMG_1587.jpg,포장_배달,주차 불가
김종구 식맛치킨.전기바베큐 옛날통닭 송천센트럴파크점,1600637646,"치킨,닭강정",도로명전북 전주시 덕진구 송천로 20 1층.복사지번전북 전주시 덕진구 송천동1가 349-13복사우편번호우편번호54838복사안내 레이어 닫기,063-714-2808,영업 중다음 날 01:00에 영업 종료다음 날 1시 0분에 영업 종료_영업 중다음 날 01:00에 영업 종료다음 날 1시 0분에 영업 종료_영업 중다음 날 01:00에 영업 종료다음 날 1시 0분에 영업 종료_영업 중_다음 날 01:00에 영업 종료다음 날 1시 0분에 영업 종료_다음 날 01:00에 영업 종료_다음 날 1시 0분에 영업 종료_매일15:00 - 다음 날 01:00접기_매일15:00 - 다음 날 01:00접기_매일15:00 - 다음 날 01:00_매일_15:00 - 다음 날 01:00_접기_접기,별점없음,0,0,https://search.pstatic.net/common/?autoRotate=true&type=w560_sharpen&src=https%3A%2F%2Fldb-phinf.pstatic.net%2F20240529_14%2F1716959987977l4hXm_JPEG%2FIMG_1832.jpeg,단체 이용 가능_포장_배달_예약_남/녀 화장실 구분_유아의자_대기공간,주차 불가
오리과자점,1670139038,베이커리,도로명전북 전주시 덕진구 들사평로 45 오리과자점복사지번전북 전주시 덕진구 덕진동1가 1268-16복사우편번호우편번호54893복사안내 레이어 닫기,0507-1489-6789,영업 종료내일 휴무내일 휴무_영업 종료내일 휴무내일 휴무_영업 종료내일 휴무내일 휴무_영업 종료_내일 휴무내일 휴무_내일 휴무_내일 휴무_수10:30 - 18:30_수10:30 - 18:30_수10:30 - 18:30_수_10:30 - 18:30_목정기휴무 (매주 목요일)_목정기휴무 (매주 목요일)_목정기휴무 (매주 목요일)_목_정기휴무 (매주 목요일)_정기휴무 (매주 목요일)_금10:30 - 18:30_금10:30 - 18:30_금10:30 - 18:30_금_10:30 - 18:30_토10:30 - 18:30_토10:30 - 18:30_토10:30 - 18:30_토_10:30 - 18:30_일정기휴무 (매주 일요일)_일정기휴무 (매주 일요일)_일정기휴무 (매주 일요일)_일_정기휴무 (매주 일요일)_정기휴무 (매주 일요일)_월정기휴무 (매주 월요일)_월정기휴무 (매주 월요일)_월정기휴무 (매주 월요일)_월_정기휴무 (매주 월요일)_정기휴무 (매주 월요일)_화10:30 - 18:30_화10:30 - 18:30_화10:30 - 18:30_화_10:30 - 18:30_- 설연휴 가족들과 여행 잘 다녀오겠습니다접기_- 설연휴 가족들과 여행 잘 다녀오겠습니다접기_- 설연휴 가족들과 여행 잘 다녀오겠습니다_- 설연휴 가족들과 여행 잘 다녀오겠습니다_접기_접기,별점4.45,0,0,https://search.pstatic.net/common/?autoRotate=true&type=w560_sharpen&src=https%3A%2F%2Fldb-phinf.pstatic.net%2F20220103_64%2F1641201705945bshja_JPEG%2F%25BF%25EC%25B8%25AE%25B4%25D9.jpg,편의시설 정보 없음,주차 불가
백운면,1718914413,국수,도로명전북 전주시 덕진구 떡전4길 20-1복사지번전북 전주시 덕진구 금암동 757-9복사우편번호우편번호54932복사안내 레이어 닫기,0507-1496-1015,영업 종료10:30에 영업 시작10시 30분에 영업 시작_영업 종료10:30에 영업 시작10시 30분에 영업 시작_영업 종료10:30에 영업 시작10시 30분에 영업 시작_영업 종료_10:30에 영업 시작10시 30분에 영업 시작_10:30에 영업 시작_10시 30분에 영업 시작_수10:30 - 19:0015:00 - 17:00 브레이크타임_수10:30 - 19:0015:00 - 17:00 브레이크타임_수10:30 - 19:0015:00 - 17:00 브레이크타임_수_10:30 - 19:0015:00 - 17:00 브레이크타임_목10:30 - 19:0015:00 - 17:00 브레이크타임_목10:30 - 19:0015:00 - 17:00 브레이크타임_목10:30 - 19:0015:00 - 17:00 브레이크타임_목_10:30 - 19:0015:00 - 17:00 브레이크타임_금10:30 - 19:0015:00 - 17:00 브레이크타임_금10:30 - 19:0015:00 - 17:00 브레이크타임_금10:30 - 19:0015:00 - 17:00 브레이크타임_금_10:30 - 19:0015:00 - 17:00 브레이크타임_토10:30 - 15:00_토10:30 - 15:00_토10:30 - 15:00_토_10:30 - 15:00_일10:30 - 15:00_일10:30 - 15:00_일10:30 - 15:00_일_10:30 - 15:00_월10:30 - 19:0015:00 - 17:00 브레이크타임_월10:30 - 19:0015:00 - 17:00 브레이크타임_월10:30 - 19:0015:00 - 17:00 브레이크타임_월_10:30 - 19:0015:00 - 17:00 브레이크타임_화10:30 - 19:0015:00 - 17:00 브레이크타임접기_화10:30 - 19:0015:00 - 17:00 브레이크타임접기_화10:30 - 19:0015:00 - 17:00 브레이크타임_화_10:30 - 19:0015:00 - 17:00 브레이크타임_접기_접기,별점4.62,0,0,https://search.pstatic.net/common/?autoRotate=true&type=w560_sharpen&src=https%3A%2F%2Fldb-phinf.pstatic.net%2F20250607_277%2F17492999646341YiYU_JPEG%2FIMG_0909.jpeg,편의시설 정보 없음,주차 불가
여만국수전문점,21410459,국수,도로명전북 전주시 덕진구 사평로 43-5 1층복사지번전북 전주시 덕진구 덕진동1가 1405-35복사우편번호우편번호54888복사안내 레이어 닫기,063-277-1960,영업 종료11:00에 영업 시작11시 0분에 영업 시작_영업 종료11:00에 영업 시작11시 0분에 영업 시작_영업 종료11:00에 영업 시작11시 0분에 영업 시작_영업 종료_11:00에 영업 시작11시 0분에 영업 시작_11:00에 영업 시작_11시 0분에 영업 시작_수11:00 - 16:0015:30 라스트오더_수11:00 - 16:0015:30 라스트오더_수11:00 - 16:0015:30 라스트오더_수_11:00 - 16:0015:30 라스트오더_목11:00 - 16:0015:30 라스트오더_목11:00 - 16:0015:30 라스트오더_목11:00 - 16:0015:30 라스트오더_목_11:00 - 16:0015:30 라스트오더_금11:00 - 16:0015:30 라스트오더_금11:00 - 16:0015:30 라스트오더_금11:00 - 16:0015:30 라스트오더_금_11:00 - 16:0015:30 라스트오더_토11:00 - 16:0015:30 라스트오더_토11:00 - 16:0015:30 라스트오더_토11:00 - 16:0015:30 라스트오더_토_11:00 - 16:0015:30 라스트오더_일정기휴무 (매주 일요일)_일정기휴무 (매주 일요일)_일정기휴무 (매주 일요일)_일_정기휴무 (매주 일요일)_정기휴무 (매주 일요일)_월11:00 - 16:0015:30 라스트오더_월11:00 - 16:0015:30 라스트오더_월11:00 - 16:0015:30 라스트오더_월_11:00 - 16:0015:30 라스트오더_화11:00 - 16:0015:30 라스트오더_화11:00 - 16:0015:30 라스트오더_화11:00 - 16:0015:30 라스트오더_화_11:00 - 16:0015:30 라스트오더_- 재료소진 시 조기영업종료 될 수 있습니다.접기_- 재료소진 시 조기영업종료 될 수 있습니다.접기_- 재료소진 시 조기영업종료 될 수 있습니다._- 재료소진 시 조기영업종료 될 수 있습니다._접기_접기,별점4.43,0,0,https://search.pstatic.net/common/?autoRotate=true&type=w560_sharpen&src=https%3A%2F%2Fldb-phinf.pstatic.net%2F20241010_191%2F1728550798410p9Evx_PNG%2F%25BF%25A9%25B8%25B8%25B1%25B9%25BC%25F6_%25BF%25DC%25B0%25FC.png,무선 인터넷_남/녀 화장실 구분,주차가능무료
족보설렁탕,17044876,"곰탕,설렁탕",도로명전북 전주시 덕진구 송천중앙로 25복사지번전북 전주시 덕진구 덕진동2가 168-15복사우편번호우편번호54840복사안내 레이어 닫기,063-277-0004,영업 종료10:30에 영업 시작10시 30분에 영업 시작_영업 종료10:30에 영업 시작10시 30분에 영업 시작_영업 종료10:30에 영업 시작10시 30분에 영업 시작_영업 종료_10:30에 영업 시작10시 30분에 영업 시작_10:30에 영업 시작_10시 30분에 영업 시작_수10:30 - 21:00_수10:30 - 21:00_수10:30 - 21:00_수_10:30 - 21:00_목10:30 - 21:00_목10:30 - 21:00_목10:30 - 21:00_목_10:30 - 21:00_금10:30 - 21:00_금10:30 - 21:00_금10:30 - 21:00_금_10:30 - 21:00_토10:30 - 21:00_토10:30 - 21:00_토10:30 - 21:00_토_10:30 - 21:00_일10:30 - 21:00_일10:30 - 21:00_일10:30 - 21:00_일_10:30 - 21:00_월10:30 - 21:00_월10:30 - 21:00_월10:30 - 21:00_월_10:30 - 21:00_화10:30 - 21:00접기_화10:30 - 21:00접기_화10:30 - 21:00_화_10:30 - 21:00_접기_접기,별점없음,0,0,https://search.pstatic.net/common/?autoRotate=true&type=w560_sharpen&src=https%3A%2F%2Fldb-phinf.pstatic.net%2F20200413_75%2F1586755469860Cz9bj_JPEG%2F4-PmUalxoiRs2qtQMhFx2piD.jpg,단체 이용 가능,주차가능무료
솜리치킨 전북대점,1695634352,"치킨,닭강정",도로명전북 전주시 덕진구 권삼득로 333 120호복사지번전북 전주시 덕진구 덕진동1가 664-6복사우편번호우편번호54898복사안내 레이어 닫기,0507-1338-7486,영업 중다음 날 01:30에 영업 종료다음 날 1시 30분에 영업 종료_영업 중다음 날 01:30에 영업 종료다음 날 1시 30분에 영업 종료_영업 중다음 날 01:30에 영업 종료다음 날 1시 30분에 영업 종료_영업 중_다음 날 01:30에 영업 종료다음 날 1시 30분에 영업 종료_다음 날 01:30에 영업 종료_다음 날 1시 30분에 영업 종료_수16:00 - 다음 날 01:30_수16:00 - 다음 날 01:30_수16:00 - 다음 날 01:30_수_16:00 - 다음 날 01:30_목11:00 - 다음 날 01:0014:00 - 16:30 브레이크타임_목11:00 - 다음 날 01:0014:00 - 16:30 브레이크타임_목11:00 - 다음 날 01:0014:00 - 16:30 브레이크타임_목_11:00 - 다음 날 01:0014:00 - 16:30 브레이크타임_금11:00 - 다음 날 01:0014:00 - 16:30 브레이크타임_금11:00 - 다음 날 01:0014:00 - 16:30 브레이크타임_금11:00 - 다음 날 01:0014:00 - 16:30 브레이크타임_금_11:00 - 다음 날 01:0014:00 - 16:30 브레이크타임_토12:00 - 다음 날 01:30_토12:00 - 다음 날 01:30_토12:00 - 다음 날 01:30_토_12:00 - 다음 날 01:30_일12:00 - 다음 날 01:30_일12:00 - 다음 날 01:30_일12:00 - 다음 날 01:30_일_12:00 - 다음 날 01:30_월11:00 - 다음 날 01:0014:00 - 16:30 브레이크타임_월11:00 - 다음 날 01:0014:00 - 16:30 브레이크타임_월11:00 - 다음 날 01:0014:00 - 16:30 브레이크타임_월_11:00 - 다음 날 01:0014:00 - 16:30 브레이크타임_화11:00 - 다음 날 01:0014:00 - 16:30 브레이크타임접기_화11:00 - 다음 날 01:0014:00 - 16:30 브레이크타임접기_화11:00 - 다음 날 01:0014:00 - 16:30 브레이크타임_화_11:00 - 다음 날 01:0014:00 - 16:30 브레이크타임_접기_접기,별점없음,0,0,https://search.pstatic.net/common/?autoRotate=true&type=w560_sharpen&src=https%3A%2F%2Fldb-phinf.pstatic.net%2F20220417_228%2F1650202627528lbQTT_JPEG%2F0002.jpg,포장_무선 인터넷_남/녀 화장실 구분_배달_예약,주차가능무료
그날애 김밥판다 송천점,2016486771,한식,도로명전북 전주시 덕진구 솔내로 149 1층 김밥판다복사지번전북 전주시 덕진구 송천동1가 107-110복사우편번호우편번호54835복사안내 레이어 닫기,0507-1383-0699,영업 종료07:00에 영업 시작7시 0분에 영업 시작_영업 종료07:00에 영업 시작7시 0분에 영업 시작_영업 종료07:00에 영업 시작7시 0분에 영업 시작_영업 종료_07:00에 영업 시작7시 0분에 영업 시작_07:00에 영업 시작_7시 0분에 영업 시작_수07:00 - 22:0021:30 라스트오더_수07:00 - 22:0021:30 라스트오더_수07:00 - 22:0021:30 라스트오더_수_07:00 - 22:0021:30 라스트오더_목07:00 - 22:0021:30 라스트오더_목07:00 - 22:0021:30 라스트오더_목07:00 - 22:0021:30 라스트오더_목_07:00 - 22:0021:30 라스트오더_금07:00 - 22:0021:30 라스트오더_금07:00 - 22:0021:30 라스트오더_금07:00 - 22:0021:30 라스트오더_금_07:00 - 22:0021:30 라스트오더_토07:00 - 22:0021:30 라스트오더_토07:00 - 22:0021:30 라스트오더_토07:00 - 22:0021:30 라스트오더_토_07:00 - 22:0021:30 라스트오더_일07:00 - 22:0021:30 라스트오더_일07:00 - 22:0021:30 라스트오더_일07:00 - 22:0021:30 라스트오더_일_07:00 - 22:0021:30 라스트오더_월07:00 - 22:0021:30 라스트오더_월07:00 - 22:0021:30 라스트오더_월07:00 - 22:0021:30 라스트오더_월_07:00 - 22:0021:30 라스트오더_화정기휴무 (매주 화요일)_화정기휴무 (매주 화요일)_화정기휴무 (매주 화요일)_화_정기휴무 (매주 화요일)_정기휴무 (매주 화요일)_- 화요일 휴무접기_- 화요일 휴무접기_- 화요일 휴무_- 화요일 휴무_접기_접기,별점없음,0,0,https://search.pstatic.net/common/?autoRotate=true&type=w560_sharpen&src=https%3A%2F%2Fldb-phinf.pstatic.net%2F20260220_213%2F1771539831494HPuaN_JPEG%2FIMG_3352.jpeg,단체 이용 가능_포장_배달_무선 인터넷_출입구 휠체어 이용가능_좌석 휠체어 이용가능,주차 불가
옴그족발 전주 하가지구 본점,1222554810,"족발,보쌈",도로명전북 전주시 덕진구 가리내8길 10-10 1층복사지번전북 전주시 덕진구 덕진동2가 671-13복사우편번호우편번호54890복사안내 레이어 닫기,0507-1374-5060,영업 중23:00에 영업 종료23시 0분에 영업 종료_영업 중23:00에 영업 종료23시 0분에 영업 종료_영업 중23:00에 영업 종료23시 0분에 영업 종료_영업 중_23:00에 영업 종료23시 0분에 영업 종료_23:00에 영업 종료_23시 0분에 영업 종료_매일16:00 - 23:00접기_매일16:00 - 23:00접기_매일16:00 - 23:00_매일_16:00 - 23:00_접기_접기,별점없음,0,0,https://search.pstatic.net/common/?autoRotate=true&type=w278_sharpen&src=https%3A%2F%2Fldb-phinf.pstatic.net%2F20260426_238%2F1777187039813Cb7oB_JPEG%2FIMG_2021.jpeg,콜키지 가능유료_대관_포장_배달_무선 인터넷_예약_남/녀 화장실 구분_유아의자_단체 이용 가능_출입구 휠체어 이용가능_좌석 휠체어 이용가능,주차가능무료
우든,1296712157,요리주점,도로명전북 전주시 덕진구 명륜4길 11-3 WOODEN복사지번전북 전주시 덕진구 덕진동1가 1262-31복사우편번호우편번호54898복사안내 레이어 닫기,0507-1377-4807,영업 중다음 날 02:00에 영업 종료다음 날 2시 0분에 영업 종료_영업 중다음 날 02:00에 영업 종료다음 날 2시 0분에 영업 종료_영업 중다음 날 02:00에 영업 종료다음 날 2시 0분에 영업 종료_영업 중_다음 날 02:00에 영업 종료다음 날 2시 0분에 영업 종료_다음 날 02:00에 영업 종료_다음 날 2시 0분에 영업 종료_수17:00 - 다음 날 02:00_수17:00 - 다음 날 02:00_수17:00 - 다음 날 02:00_수_17:00 - 다음 날 02:00_목17:00 - 다음 날 02:00_목17:00 - 다음 날 02:00_목17:00 - 다음 날 02:00_목_17:00 - 다음 날 02:00_금17:00 - 다음 날 03:00_금17:00 - 다음 날 03:00_금17:00 - 다음 날 03:00_금_17:00 - 다음 날 03:00_토17:00 - 다음 날 03:00_토17:00 - 다음 날 03:00_토17:00 - 다음 날 03:00_토_17:00 - 다음 날 03:00_일17:00 - 다음 날 02:00_일17:00 - 다음 날 02:00_일17:00 - 다음 날 02:00_일_17:00 - 다음 날 02:00_월17:00 - 다음 날 02:00_월17:00 - 다음 날 02:00_월17:00 - 다음 날 02:00_월_17:00 - 다음 날 02:00_화17:00 - 다음 날 02:00접기_화17:00 - 다음 날 02:00접기_화17:00 - 다음 날 02:00_화_17:00 - 다음 날 02:00_접기_접기,별점없음,0,0,https://search.pstatic.net/common/?autoRotate=true&type=w560_sharpen&src=https%3A%2F%2Fldb-phinf.pstatic.net%2F20230904_26%2F1693830567640Gxopv_PNG%2FIMG_8723.png,남/녀 화장실 구분_무선 인터넷,주차가능무료
오늘의날씨,1109335815,"카페,디저트",도로명전북 전주시 덕진구 송천중앙로 130 송학아파트 상가건물 오늘의날씨복사지번전북 전주시 덕진구 송천동1가 395-16복사우편번호우편번호54837복사안내 레이어 닫기,063-715-4268,영업 중24:00에 영업 종료0시 0분에 영업 종료_영업 중24:00에 영업 종료0시 0분에 영업 종료_영업 중24:00에 영업 종료0시 0분에 영업 종료_영업 중_24:00에 영업 종료0시 0분에 영업 종료_24:00에 영업 종료_0시 0분에 영업 종료_수09:00 - 24:00_수09:00 - 24:00_수09:00 - 24:00_수_09:00 - 24:00_목09:00 - 24:00_목09:00 - 24:00_목09:00 - 24:00_목_09:00 - 24:00_금09:00 - 24:00_금09:00 - 24:00_금09:00 - 24:00_금_09:00 - 24:00_토10:00 - 24:00_토10:00 - 24:00_토10:00 - 24:00_토_10:00 - 24:00_일11:00 - 24:00_일11:00 - 24:00_일11:00 - 24:00_일_11:00 - 24:00_월09:00 - 24:00_월09:00 - 24:00_월09:00 - 24:00_월_09:00 - 24:00_화09:00 - 24:00접기_화09:00 - 24:00접기_화09:00 - 24:00_화_09:00 - 24:00_접기_접기,별점4.63,0,0,https://search.pstatic.net/common/?autoRotate=true&type=w560_sharpen&src=https%3A%2F%2Fldb-phinf.pstatic.net%2F20210523_53%2F16217377873157tWQG_JPEG%2F9wOIFis0unr6KpW_ri8ObCuw.jpg,단체 이용 가능_포장_남/녀 화장실 구분_장애인 주차구역,주차가능
파리바게뜨 전주터미널점,21634425,베이커리,도로명전북 전주시 덕진구 가리내로 30 (금암동) [전주 시외버스터미널]복사지번전북 전주시 덕진구 금암동 460-8 [전주 시외버스터미널]복사우편번호우편번호54933복사안내 레이어 닫기,063-902-8292,영업 중23:00에 영업 종료23시 0분에 영업 종료_영업 중23:00에 영업 종료23시 0분에 영업 종료_영업 중23:00에 영업 종료23시 0분에 영업 종료_영업 중_23:00에 영업 종료23시 0분에 영업 종료_23:00에 영업 종료_23시 0분에 영업 종료_매일07:00 - 23:00접기_매일07:00 - 23:00접기_매일07:00 - 23:00_매일_07:00 - 23:00_접기_접기,별점없음,0,0,https://search.pstatic.net/common/?autoRotate=true&type=w560_sharpen&src=https%3A%2F%2Fldb-phinf.pstatic.net%2F20220413_248%2F16498393201993Bh7l_PNG%2Fimage.png,예약_포장_배달_무선 인터넷_남/녀 화장실 구분,주차가능
와우케밥 치킨,1011212337,터키음식,도로명전북 전주시 덕진구 권삼득로 333 원플러스빌딩 1층 116호복사지번전북 전주시 덕진구 덕진동1가 664-6복사우편번호우편번호54898복사안내 레이어 닫기,063-274-2223,영업 중23:00에 영업 종료23시 0분에 영업 종료_영업 중23:00에 영업 종료23시 0분에 영업 종료_영업 중23:00에 영업 종료23시 0분에 영업 종료_영업 중_23:00에 영업 종료23시 0분에 영업 종료_23:00에 영업 종료_23시 0분에 영업 종료_수10:00 - 23:00_수10:00 - 23:00_수10:00 - 23:00_수_10:00 - 23:00_목10:00 - 23:00_목10:00 - 23:00_목10:00 - 23:00_목_10:00 - 23:00_금10:00 - 23:00_금10:00 - 23:00_금10:00 - 23:00_금_10:00 - 23:00_토11:00 - 24:00_토11:00 - 24:00_토11:00 - 24:00_토_11:00 - 24:00_일11:00 - 24:00_일11:00 - 24:00_일11:00 - 24:00_일_11:00 - 24:00_월10:00 - 23:00_월10:00 - 23:00_월10:00 - 23:00_월_10:00 - 23:00_화10:00 - 23:00접기_화10:00 - 23:00접기_화10:00 - 23:00_화_10:00 - 23:00_접기_접기,별점없음,0,0,https://search.pstatic.net/common/?autoRotate=true&type=w560_sharpen&src=https%3A%2F%2Fldb-phinf.pstatic.net%2F20211230_157%2F1640849765055oJMKJ_JPEG%2F20211229_220336.jpg,포장_남/녀 화장실 구분_무선 인터넷_단체 이용 가능_예약_배달_유아의자_화장실 휠체어 이용가능_출입구 휠체어 이용가능_좌석 휠체어 이용가능_장애인 주차구역,주차가능무료
피나치공 전주금암점,1267245933,피자,도로명전북 전주시 덕진구 조경단로 63-1복사지번전북 전주시 덕진구 금암동 1556-4복사우편번호우편번호54930복사안내 레이어 닫기,063-247-9297,영업 중다음 날 01:30에 라스트오더다음 날 1시 30분에 라스트오더_영업 중다음 날 01:30에 라스트오더다음 날 1시 30분에 라스트오더_영업 중다음 날 01:30에 라스트오더다음 날 1시 30분에 라스트오더_영업 중_다음 날 01:30에 라스트오더다음 날 1시 30분에 라스트오더_다음 날 01:30에 라스트오더_다음 날 1시 30분에 라스트오더_매일12:00 - 다음 날 02:0001:30 라스트오더접기_매일12:00 - 다음 날 02:0001:30 라스트오더접기_매일12:00 - 다음 날 02:0001:30 라스트오더_매일_12:00 - 다음 날 02:0001:30 라스트오더_접기_접기,별점없음,0,0,https://search.pstatic.net/common/?autoRotate=true&type=w560_sharpen&src=https%3A%2F%2Fldb-phinf.pstatic.net%2F20260116_243%2F1768554738856zbS2I_JPEG%2F%25BD%25C3%25BD%25C4%25B1%25C7_%25BB%25F3%25BD%25C3%25C0%25CC%25BA%25A5%25C6%25AE.jpg,포장_배달_예약,주차가능무료
바얀몽골,2011780350,아시아음식,도로명전북 전주시 덕진구 삼송1길 12 1층복사지번전북 전주시 덕진구 금암동 666-13복사우편번호우편번호54899복사안내 레이어 닫기,0507-1411-3513,영업 종료10:00에 영업 시작10시 0분에 영업 시작_영업 종료10:00에 영업 시작10시 0분에 영업 시작_영업 종료10:00에 영업 시작10시 0분에 영업 시작_영업 종료_10:00에 영업 시작10시 0분에 영업 시작_10:00에 영업 시작_10시 0분에 영업 시작_매일10:00 - 21:30접기_매일10:00 - 21:30접기_매일10:00 - 21:30_매일_10:00 - 21:30_접기_접기,별점없음,0,0,https://search.pstatic.net/common/?autoRotate=true&type=w560_sharpen&src=https%3A%2F%2Fldb-phinf.pstatic.net%2F20251223_249%2F1766481840052aQdvw_JPEG%2FIMG_6260.jpeg,포장_단체 이용 가능_배달_무선 인터넷_남/녀 화장실 구분_유아의자,주차 불가
해브어굿샐,1175652979,"다이어트,샐러드",도로명전북 전주시 덕진구 권삼득로 239 1층복사지번전북 전주시 덕진구 금암동 728-403복사우편번호우편번호54931복사안내 레이어 닫기,0507-1495-9034,영업 종료09:00에 영업 시작9시 0분에 영업 시작_영업 종료09:00에 영업 시작9시 0분에 영업 시작_영업 종료09:00에 영업 시작9시 0분에 영업 시작_영업 종료_09:00에 영업 시작9시 0분에 영업 시작_09:00에 영업 시작_9시 0분에 영업 시작_수09:00 - 19:0018:30 라스트오더_수09:00 - 19:0018:30 라스트오더_수09:00 - 19:0018:30 라스트오더_수_09:00 - 19:0018:30 라스트오더_목09:00 - 19:0018:30 라스트오더_목09:00 - 19:0018:30 라스트오더_목09:00 - 19:0018:30 라스트오더_목_09:00 - 19:0018:30 라스트오더_금09:00 - 19:0018:30 라스트오더_금09:00 - 19:0018:30 라스트오더_금09:00 - 19:0018:30 라스트오더_금_09:00 - 19:0018:30 라스트오더_토09:00 - 19:0018:30 라스트오더_토09:00 - 19:0018:30 라스트오더_토09:00 - 19:0018:30 라스트오더_토_09:00 - 19:0018:30 라스트오더_일정기휴무 (매주 일요일)_일정기휴무 (매주 일요일)_일정기휴무 (매주 일요일)_일_정기휴무 (매주 일요일)_정기휴무 (매주 일요일)_월09:00 - 19:0018:30 라스트오더_월09:00 - 19:0018:30 라스트오더_월09:00 - 19:0018:30 라스트오더_월_09:00 - 19:0018:30 라스트오더_화09:00 - 19:0018:30 라스트오더접기_화09:00 - 19:0018:30 라스트오더접기_화09:00 - 19:0018:30 라스트오더_화_09:00 - 19:0018:30 라스트오더_접기_접기,별점없음,0,0,https://search.pstatic.net/common/?autoRotate=true&type=w560_sharpen&src=https%3A%2F%2Fldb-phinf.pstatic.net%2F20241119_266%2F1731981697435rpWtj_JPEG%2F%25B8%25DE%25B4%25BA%25B8%25F0%25C0%25BD.jpg,포장_배달_무선 인터넷,주차가능무료
도란도란,1389678141,베이커리,도로명전북 전주시 덕진구 들사평로 41-2 1층 106호복사지번전북 전주시 덕진구 덕진동1가 1268-9복사우편번호우편번호54893복사안내 레이어 닫기,0507-1335-7587,영업 종료12:00에 영업 시작12시 0분에 영업 시작_영업 종료12:00에 영업 시작12시 0분에 영업 시작_영업 종료12:00에 영업 시작12시 0분에 영업 시작_영업 종료_12:00에 영업 시작12시 0분에 영업 시작_12:00에 영업 시작_12시 0분에 영업 시작_수12:00 - 19:0018:30 라스트오더_수12:00 - 19:0018:30 라스트오더_수12:00 - 19:0018:30 라스트오더_수_12:00 - 19:0018:30 라스트오더_목12:00 - 19:0018:30 라스트오더_목12:00 - 19:0018:30 라스트오더_목12:00 - 19:0018:30 라스트오더_목_12:00 - 19:0018:30 라스트오더_금12:00 - 19:0018:30 라스트오더_금12:00 - 19:0018:30 라스트오더_금12:00 - 19:0018:30 라스트오더_금_12:00 - 19:0018:30 라스트오더_토정기휴무 (매주 토요일)_토정기휴무 (매주 토요일)_토정기휴무 (매주 토요일)_토_정기휴무 (매주 토요일)_정기휴무 (매주 토요일)_일정기휴무 (매주 일요일)_일정기휴무 (매주 일요일)_일정기휴무 (매주 일요일)_일_정기휴무 (매주 일요일)_정기휴무 (매주 일요일)_월12:00 - 19:0018:30 라스트오더_월12:00 - 19:0018:30 라스트오더_월12:00 - 19:0018:30 라스트오더_월_12:00 - 19:0018:30 라스트오더_화12:00 - 19:0018:30 라스트오더_화12:00 - 19:0018:30 라스트오더_화12:00 - 19:0018:30 라스트오더_화_12:00 - 19:0018:30 라스트오더_- 인스타그램 dorandoran_bakeshop접기_- 인스타그램 dorandoran_bakeshop접기_- 인스타그램 dorandoran_bakeshop_- 인스타그램 dorandoran_bakeshop_접기_접기,별점없음,0,0,https://search.pstatic.net/common/?autoRotate=true&type=w560_sharpen&src=https%3A%2F%2Fldb-phinf.pstatic.net%2F20240624_242%2F1719219568647Yd2UN_JPEG%2FF709EE37-555F-4DD2-85C9-D482990742FA.jpeg,포장_배달_예약_남/녀 화장실 구분,주차가능무료
마쓰커피,2089706891,"카페,디저트",도로명전북 전주시 덕진구 들사평서로 32 1층복사지번전북 전주시 덕진구 덕진동1가 1435-12복사우편번호우편번호54893복사안내 레이어 닫기,0507-1404-7095,영업 종료10:00에 영업 시작10시 0분에 영업 시작_영업 종료10:00에 영업 시작10시 0분에 영업 시작_영업 종료10:00에 영업 시작10시 0분에 영업 시작_영업 종료_10:00에 영업 시작10시 0분에 영업 시작_10:00에 영업 시작_10시 0분에 영업 시작_수10:00 - 19:00_수10:00 - 19:00_수10:00 - 19:00_수_10:00 - 19:00_목10:00 - 19:00_목10:00 - 19:00_목10:00 - 19:00_목_10:00 - 19:00_금10:00 - 19:00_금10:00 - 19:00_금10:00 - 19:00_금_10:00 - 19:00_토10:00 - 19:00_토10:00 - 19:00_토10:00 - 19:00_토_10:00 - 19:00_일10:00 - 19:00_일10:00 - 19:00_일10:00 - 19:00_일_10:00 - 19:00_월정기휴무 (매주 월요일)_월정기휴무 (매주 월요일)_월정기휴무 (매주 월요일)_월_정기휴무 (매주 월요일)_정기휴무 (매주 월요일)_화10:00 - 19:00접기_화10:00 - 19:00접기_화10:00 - 19:00_화_10:00 - 19:00_접기_접기,별점없음,0,0,https://search.pstatic.net/common/?autoRotate=true&type=w560_sharpen&src=https%3A%2F%2Fldb-phinf.pstatic.net%2F20260519_107%2F1779165598716CJswk_JPEG%2F%25BD%25BA%25C5%25A9%25B8%25B0%25BC%25A6_2026-05-03_%25BF%25C0%25C0%25FC_10.20.27.jpg,편의시설 정보 없음,주차가능유료
롯데리아 전주서신점,11825211,햄버거,도로명전북 전주시 완산구 당산로 112복사지번전북 전주시 완산구 서신동 784복사우편번호우편번호54950복사안내 레이어 닫기,063-274-8342,곧 영업 종료23:00에 영업 종료23시 0분에 영업 종료_곧 영업 종료23:00에 영업 종료23시 0분에 영업 종료_곧 영업 종료23:00에 영업 종료23시 0분에 영업 종료_곧 영업 종료_23:00에 영업 종료23시 0분에 영업 종료_23:00에 영업 종료_23시 0분에 영업 종료_매일09:00 - 23:00접기_매일09:00 - 23:00접기_매일09:00 - 23:00_매일_09:00 - 23:00_접기_접기,별점4.31,0,0,https://search.pstatic.net/common/?autoRotate=true&type=w560_sharpen&src=https%3A%2F%2Fldb-phinf.pstatic.net%2F20240923_185%2F1727052511572Vxuh6_JPEG%2F1.jpg,배달,주차가능유료
홍콩반점0410 전북대점,1274220020,중식당,도로명전북 전주시 덕진구 덕진광장로 10복사지번전북 전주시 덕진구 덕진동1가 1277-1복사우편번호우편번호54898복사안내 레이어 닫기,0507-1320-0410,영업 종료10:30에 영업 시작10시 30분에 영업 시작_영업 종료10:30에 영업 시작10시 30분에 영업 시작_영업 종료10:30에 영업 시작10시 30분에 영업 시작_영업 종료_10:30에 영업 시작10시 30분에 영업 시작_10:30에 영업 시작_10시 30분에 영업 시작_수10:30 - 19:30_수10:30 - 19:30_수10:30 - 19:30_수_10:30 - 19:30_목10:30 - 19:30_목10:30 - 19:30_목10:30 - 19:30_목_10:30 - 19:30_금10:30 - 19:30_금10:30 - 19:30_금10:30 - 19:30_금_10:30 - 19:30_토10:30 - 19:30_토10:30 - 19:30_토10:30 - 19:30_토_10:30 - 19:30_일10:30 - 19:30_일10:30 - 19:30_일10:30 - 19:30_일_10:30 - 19:30_월정기휴무 (매주 월요일)_월정기휴무 (매주 월요일)_월정기휴무 (매주 월요일)_월_정기휴무 (매주 월요일)_정기휴무 (매주 월요일)_화정기휴무 (매주 화요일)접기_화정기휴무 (매주 화요일)접기_화정기휴무 (매주 화요일)_화_정기휴무 (매주 화요일)_정기휴무 (매주 화요일)_접기_접기,별점없음,0,0,https://search.pstatic.net/common/?autoRotate=true&type=w560_sharpen&src=https%3A%2F%2Fldb-phinf.pstatic.net%2F20260424_150%2F1777008083991uOoU6_JPEG%2F260420_%25C8%25AB%25C4%25E1%25B9%25DD%25C1%25A1_%25C7%25D1%25BB%25F3%25C2%25F7%25B8%25B2_%25B3%25D7%25C0%25CC%25B9%25F6%25C7%25C3%25B7%25B9%25C0%25CC%25BD%25BA_1200x1200.jpg,편의시설 정보 없음,주차가능유료
더리터 전주금암점,1111490646,테이크아웃커피,도로명전북 전주시 덕진구 권삼득로 239-1복사지번전북 전주시 덕진구 금암동 728-59복사우편번호우편번호54931복사안내 레이어 닫기,063-900-9720,영업 종료08:20에 영업 시작8시 20분에 영업 시작_영업 종료08:20에 영업 시작8시 20분에 영업 시작_영업 종료08:20에 영업 시작8시 20분에 영업 시작_영업 종료_08:20에 영업 시작8시 20분에 영업 시작_08:20에 영업 시작_8시 20분에 영업 시작_수08:20 - 21:30_수08:20 - 21:30_수08:20 - 21:30_수_08:20 - 21:30_목08:20 - 21:30_목08:20 - 21:30_목08:20 - 21:30_목_08:20 - 21:30_금08:20 - 21:30_금08:20 - 21:30_금08:20 - 21:30_금_08:20 - 21:30_토09:30 - 21:30_토09:30 - 21:30_토09:30 - 21:30_토_09:30 - 21:30_일09:30 - 21:30_일09:30 - 21:30_일09:30 - 21:30_일_09:30 - 21:30_월08:20 - 21:30_월08:20 - 21:30_월08:20 - 21:30_월_08:20 - 21:30_화08:20 - 21:30접기_화08:20 - 21:30접기_화08:20 - 21:30_화_08:20 - 21:30_접기_접기,별점4.37,0,0,https://search.pstatic.net/common/?autoRotate=true&type=w560_sharpen&src=https%3A%2F%2Fldb-phinf.pstatic.net%2F20231115_75%2F17000170221777YHqr_JPEG%2FIMG_1293.jpeg,편의시설 정보 없음,주차가능유료
BHC치킨 전북대점,1469522772,"치킨,닭강정",도로명전북 전주시 덕진구 명륜5길 20-1복사지번전북 전주시 덕진구 덕진동1가 1312-42복사우편번호우편번호54898복사안내 레이어 닫기,063-253-1070,영업 중24:00에 영업 종료0시 0분에 영업 종료_영업 중24:00에 영업 종료0시 0분에 영업 종료_영업 중24:00에 영업 종료0시 0분에 영업 종료_영업 중_24:00에 영업 종료0시 0분에 영업 종료_24:00에 영업 종료_0시 0분에 영업 종료_매일12:00 - 24:00_매일12:00 - 24:00_매일12:00 - 24:00_매일_12:00 - 24:00_- 휴무일은 매장으로 확인접기_- 휴무일은 매장으로 확인접기_- 휴무일은 매장으로 확인_- 휴무일은 매장으로 확인_접기_접기,별점없음,0,0,https://search.pstatic.net/common/?autoRotate=true&type=w560_sharpen&src=https%3A%2F%2Fldb-phinf.pstatic.net%2F20260326_256%2F1774481906299ECVtf_JPEG%2F260325_bhc_%25BD%25EE%25C0%25CC%25B0%25A5%25B8%25AF%25C5%25B7_%25B3%25D7%25C0%25CC%25B9%25F6_%25C7%25C3%25B7%25B9%25C0%25CC%25BD%25BA%25281000-1000%2529.jpeg,편의시설 정보 없음,주차가능유료
가마,34006669,양식,도로명전북 전주시 완산구 전주객사4길 74 2층 가마복사지번전북 전주시 완산구 고사동 172-1복사우편번호우편번호54999복사안내 레이어 닫기,0507-1309-8521,영업 종료11:30에 영업 시작11시 30분에 영업 시작_영업 종료11:30에 영업 시작11시 30분에 영업 시작_영업 종료11:30에 영업 시작11시 30분에 영업 시작_영업 종료_11:30에 영업 시작11시 30분에 영업 시작_11:30에 영업 시작_11시 30분에 영업 시작_수11:30 - 22:0015:00 - 16:30 브레이크타임21:10 라스트오더_수11:30 - 22:0015:00 - 16:30 브레이크타임21:10 라스트오더_수11:30 - 22:0015:00 - 16:30 브레이크타임21:10 라스트오더_수_11:30 - 22:0015:00 - 16:30 브레이크타임21:10 라스트오더_목11:30 - 22:0015:00 - 16:30 브레이크타임21:10 라스트오더_목11:30 - 22:0015:00 - 16:30 브레이크타임21:10 라스트오더_목11:30 - 22:0015:00 - 16:30 브레이크타임21:10 라스트오더_목_11:30 - 22:0015:00 - 16:30 브레이크타임21:10 라스트오더_금11:30 - 22:0015:00 - 16:30 브레이크타임21:10 라스트오더_금11:30 - 22:0015:00 - 16:30 브레이크타임21:10 라스트오더_금11:30 - 22:0015:00 - 16:30 브레이크타임21:10 라스트오더_금_11:30 - 22:0015:00 - 16:30 브레이크타임21:10 라스트오더_토11:30 - 22:0015:00 - 16:30 브레이크타임21:10 라스트오더_토11:30 - 22:0015:00 - 16:30 브레이크타임21:10 라스트오더_토11:30 - 22:0015:00 - 16:30 브레이크타임21:10 라스트오더_토_11:30 - 22:0015:00 - 16:30 브레이크타임21:10 라스트오더_일11:30 - 22:0015:00 - 16:30 브레이크타임21:10 라스트오더_일11:30 - 22:0015:00 - 16:30 브레이크타임21:10 라스트오더_일11:30 - 22:0015:00 - 16:30 브레이크타임21:10 라스트오더_일_11:30 - 22:0015:00 - 16:30 브레이크타임21:10 라스트오더_월11:30 - 22:0015:00 - 16:30 브레이크타임21:10 라스트오더_월11:30 - 22:0015:00 - 16:30 브레이크타임21:10 라스트오더_월11:30 - 22:0015:00 - 16:30 브레이크타임21:10 라스트오더_월_11:30 - 22:0015:00 - 16:30 브레이크타임21:10 라스트오더_화11:30 - 22:0015:00 - 16:30 브레이크타임21:10 라스트오더_화11:30 - 22:0015:00 - 16:30 브레이크타임21:10 라스트오더_화11:30 - 22:0015:00 - 16:30 브레이크타임21:10 라스트오더_화_11:30 - 22:0015:00 - 16:30 브레이크타임21:10 라스트오더_- 숙성생도우사용으로 정해진 도우가 팔리면 조기 마감됩니다접기_- 숙성생도우사용으로 정해진 도우가 팔리면 조기 마감됩니다접기_- 숙성생도우사용으로 정해진 도우가 팔리면 조기 마감됩니다_- 숙성생도우사용으로 정해진 도우가 팔리면 조기 마감됩니다_접기_접기,별점4.67,0,0,https://search.pstatic.net/common/?autoRotate=true&type=w560_sharpen&src=https%3A%2F%2Fldb-phinf.pstatic.net%2F20260309_40%2F1773031718705T0Ifb_JPEG%2FP20260227_132034672_502321F5-DB07-4B2A-8CBC-C996E40E0FC3.jpg,예약_포장_무선 인터넷_남/녀 화장실 구분_단체 이용 가능_유아의자_대기공간_장애인 주차구역,주차가능무료
양반가,11782597,한정식,도로명전북 전주시 완산구 최명희길 30-2복사지번전북 전주시 완산구 풍남동3가 79-2복사우편번호우편번호55042복사안내 레이어 닫기,063-282-0054,영업 종료11:00에 영업 시작11시 0분에 영업 시작_영업 종료11:00에 영업 시작11시 0분에 영업 시작_영업 종료11:00에 영업 시작11시 0분에 영업 시작_영업 종료_11:00에 영업 시작11시 0분에 영업 시작_11:00에 영업 시작_11시 0분에 영업 시작_수11:00 - 21:0015:00 - 17:00 브레이크타임_수11:00 - 21:0015:00 - 17:00 브레이크타임_수11:00 - 21:0015:00 - 17:00 브레이크타임_수_11:00 - 21:0015:00 - 17:00 브레이크타임_목11:00 - 21:0015:00 - 17:00 브레이크타임_목11:00 - 21:0015:00 - 17:00 브레이크타임_목11:00 - 21:0015:00 - 17:00 브레이크타임_목_11:00 - 21:0015:00 - 17:00 브레이크타임_금11:00 - 21:0015:00 - 17:00 브레이크타임_금11:00 - 21:0015:00 - 17:00 브레이크타임_금11:00 - 21:0015:00 - 17:00 브레이크타임_금_11:00 - 21:0015:00 - 17:00 브레이크타임_토11:00 - 21:0015:00 - 17:00 브레이크타임_토11:00 - 21:0015:00 - 17:00 브레이크타임_토11:00 - 21:0015:00 - 17:00 브레이크타임_토_11:00 - 21:0015:00 - 17:00 브레이크타임_일11:00 - 21:0015:00 - 17:00 브레이크타임_일11:00 - 21:0015:00 - 17:00 브레이크타임_일11:00 - 21:0015:00 - 17:00 브레이크타임_일_11:00 - 21:0015:00 - 17:00 브레이크타임_월11:00 - 21:0015:00 - 17:00 브레이크타임_월11:00 - 21:0015:00 - 17:00 브레이크타임_월11:00 - 21:0015:00 - 17:00 브레이크타임_월_11:00 - 21:0015:00 - 17:00 브레이크타임_화정기휴무 (매주 화요일)_화정기휴무 (매주 화요일)_화정기휴무 (매주 화요일)_화_정기휴무 (매주 화요일)_정기휴무 (매주 화요일)_- 매주화요일정기휴무접기_- 매주화요일정기휴무접기_- 매주화요일정기휴무_- 매주화요일정기휴무_접기_접기,별점4.01,0,0,https://search.pstatic.net/common/?autoRotate=true&type=w560_sharpen&src=https%3A%2F%2Fldb-phinf.pstatic.net%2F20240420_294%2F1713544695636uc4dE_JPEG%2F1713544556488.jpg,콜키지 가능유료_유기농 메뉴_비건 메뉴_단체 이용 가능_남/녀 화장실 구분_무선 인터넷_예약_포장_대기공간_출입구 휠체어 이용가능_좌석 휠체어 이용가능,주차 불가
중앙동고깃집,1146796327,한식,도로명전북 전주시 완산구 전라감영로 42-1 1층 중앙동 고깃집복사지번전북 전주시 완산구 중앙동4가 32-2복사우편번호우편번호55043복사안내 레이어 닫기,0507-1336-7602,영업 종료10:00에 영업 시작10시 0분에 영업 시작_영업 종료10:00에 영업 시작10시 0분에 영업 시작_영업 종료10:00에 영업 시작10시 0분에 영업 시작_영업 종료_10:00에 영업 시작10시 0분에 영업 시작_10:00에 영업 시작_10시 0분에 영업 시작_수10:00 - 22:0015:00 - 16:30 브레이크타임21:30 라스트오더_수10:00 - 22:0015:00 - 16:30 브레이크타임21:30 라스트오더_수10:00 - 22:0015:00 - 16:30 브레이크타임21:30 라스트오더_수_10:00 - 22:0015:00 - 16:30 브레이크타임21:30 라스트오더_목10:00 - 22:0015:00 - 16:30 브레이크타임21:30 라스트오더_목10:00 - 22:0015:00 - 16:30 브레이크타임21:30 라스트오더_목10:00 - 22:0015:00 - 16:30 브레이크타임21:30 라스트오더_목_10:00 - 22:0015:00 - 16:30 브레이크타임21:30 라스트오더_금10:00 - 22:0015:00 - 16:30 브레이크타임21:30 라스트오더_금10:00 - 22:0015:00 - 16:30 브레이크타임21:30 라스트오더_금10:00 - 22:0015:00 - 16:30 브레이크타임21:30 라스트오더_금_10:00 - 22:0015:00 - 16:30 브레이크타임21:30 라스트오더_토10:00 - 22:0021:30 라스트오더_토10:00 - 22:0021:30 라스트오더_토10:00 - 22:0021:30 라스트오더_토_10:00 - 22:0021:30 라스트오더_일10:00 - 21:3021:00 라스트오더_일10:00 - 21:3021:00 라스트오더_일10:00 - 21:3021:00 라스트오더_일_10:00 - 21:3021:00 라스트오더_월정기휴무 (매주 월요일)_월정기휴무 (매주 월요일)_월정기휴무 (매주 월요일)_월_정기휴무 (매주 월요일)_정기휴무 (매주 월요일)_화10:00 - 22:0015:00 - 16:30 브레이크타임21:30 라스트오더접기_화10:00 - 22:0015:00 - 16:30 브레이크타임21:30 라스트오더접기_화10:00 - 22:0015:00 - 16:30 브레이크타임21:30 라스트오더_화_10:00 - 22:0015:00 - 16:30 브레이크타임21:30 라스트오더_접기_접기,별점4.79,0,0,https://search.pstatic.net/common/?autoRotate=true&type=w560_sharpen&src=https%3A%2F%2Fldb-phinf.pstatic.net%2F20201223_182%2F1608709636344NKJgc_JPEG%2FnoOTVcjpUVV7LegbK2MWAyvS.jpg,편의시설 정보 없음,주차가능
정희 전주한옥마을점,2052033549,한식,도로명전북 전주시 완산구 은행로 40 정희 전주 한옥마을점복사지번전북 전주시 완산구 풍남동3가 76-12복사우편번호우편번호55042복사안내 레이어 닫기,0507-1386-5099,영업 종료11:00에 영업 시작11시 0분에 영업 시작_영업 종료11:00에 영업 시작11시 0분에 영업 시작_영업 종료11:00에 영업 시작11시 0분에 영업 시작_영업 종료_11:00에 영업 시작11시 0분에 영업 시작_11:00에 영업 시작_11시 0분에 영업 시작_수11:00 - 21:0015:00 - 17:00 브레이크타임20:20 라스트오더_수11:00 - 21:0015:00 - 17:00 브레이크타임20:20 라스트오더_수11:00 - 21:0015:00 - 17:00 브레이크타임20:20 라스트오더_수_11:00 - 21:0015:00 - 17:00 브레이크타임20:20 라스트오더_목11:00 - 21:0015:00 - 17:00 브레이크타임20:20 라스트오더_목11:00 - 21:0015:00 - 17:00 브레이크타임20:20 라스트오더_목11:00 - 21:0015:00 - 17:00 브레이크타임20:20 라스트오더_목_11:00 - 21:0015:00 - 17:00 브레이크타임20:20 라스트오더_금11:00 - 21:0015:00 - 17:00 브레이크타임20:20 라스트오더_금11:00 - 21:0015:00 - 17:00 브레이크타임20:20 라스트오더_금11:00 - 21:0015:00 - 17:00 브레이크타임20:20 라스트오더_금_11:00 - 21:0015:00 - 17:00 브레이크타임20:20 라스트오더_토11:00 - 21:0015:30 - 17:00 브레이크타임20:20 라스트오더_토11:00 - 21:0015:30 - 17:00 브레이크타임20:20 라스트오더_토11:00 - 21:0015:30 - 17:00 브레이크타임20:20 라스트오더_토_11:00 - 21:0015:30 - 17:00 브레이크타임20:20 라스트오더_일11:00 - 21:0015:30 - 17:00 브레이크타임20:20 라스트오더_일11:00 - 21:0015:30 - 17:00 브레이크타임20:20 라스트오더_일11:00 - 21:0015:30 - 17:00 브레이크타임20:20 라스트오더_일_11:00 - 21:0015:30 - 17:00 브레이크타임20:20 라스트오더_월11:00 - 21:0015:00 - 17:00 브레이크타임20:20 라스트오더_월11:00 - 21:0015:00 - 17:00 브레이크타임20:20 라스트오더_월11:00 - 21:0015:00 - 17:00 브레이크타임20:20 라스트오더_월_11:00 - 21:0015:00 - 17:00 브레이크타임20:20 라스트오더_화11:00 - 21:0015:00 - 17:00 브레이크타임20:20 라스트오더접기_화11:00 - 21:0015:00 - 17:00 브레이크타임20:20 라스트오더접기_화11:00 - 21:0015:00 - 17:00 브레이크타임20:20 라스트오더_화_11:00 - 21:0015:00 - 17:00 브레이크타임20:20 라스트오더_접기_접기,별점없음,0,0,https://search.pstatic.net/common/?autoRotate=true&type=w560_sharpen&src=https%3A%2F%2Fldb-phinf.pstatic.net%2F20260226_35%2F1772087313017Co3pN_PNG%2F%25BD%25BA%25C5%25A9%25B8%25B0%25BC%25A6_2026-01-20_162910.png,무선 인터넷_유아의자_남/녀 화장실 구분,주차가능유료
메르밀진미집 본점,19545775,국수,도로명전북 전주시 완산구 전주천동로 94 메르밀진미집 본점복사지번전북 전주시 완산구 전동 237복사우편번호우편번호55044복사안내 레이어 닫기,063-288-4020,영업 종료10:00에 영업 시작10시 0분에 영업 시작_영업 종료10:00에 영업 시작10시 0분에 영업 시작_영업 종료10:00에 영업 시작10시 0분에 영업 시작_영업 종료_10:00에 영업 시작10시 0분에 영업 시작_10:00에 영업 시작_10시 0분에 영업 시작_수10:00 - 20:0019:30 라스트오더_수10:00 - 20:0019:30 라스트오더_수10:00 - 20:0019:30 라스트오더_수_10:00 - 20:0019:30 라스트오더_목10:00 - 20:0019:30 라스트오더_목10:00 - 20:0019:30 라스트오더_목10:00 - 20:0019:30 라스트오더_목_10:00 - 20:0019:30 라스트오더_금10:00 - 20:0019:30 라스트오더_금10:00 - 20:0019:30 라스트오더_금10:00 - 20:0019:30 라스트오더_금_10:00 - 20:0019:30 라스트오더_토10:00 - 20:0019:30 라스트오더_토10:00 - 20:0019:30 라스트오더_토10:00 - 20:0019:30 라스트오더_토_10:00 - 20:0019:30 라스트오더_일10:00 - 20:0019:30 라스트오더_일10:00 - 20:0019:30 라스트오더_일10:00 - 20:0019:30 라스트오더_일_10:00 - 20:0019:30 라스트오더_월10:00 - 20:0019:30 라스트오더_월10:00 - 20:0019:30 라스트오더_월10:00 - 20:0019:30 라스트오더_월_10:00 - 20:0019:30 라스트오더_화10:00 - 20:0019:30 라스트오더접기_화10:00 - 20:0019:30 라스트오더접기_화10:00 - 20:0019:30 라스트오더_화_10:00 - 20:0019:30 라스트오더_접기_접기,별점4.27,0,0,https://search.pstatic.net/common/?autoRotate=true&type=w560_sharpen&src=https%3A%2F%2Fldb-phinf.pstatic.net%2F20260531_121%2F1780215939923s1yXk_JPEG%2F2026_6%25BF%25F9_7%25BF%25F9_%25C0%25DA%25BB%25F6%25B0%25ED%25B1%25B8%25B8%25B6_%25C4%25E1%25B1%25B9%25BC%25F6___%25B0%25F8%25C1%25F6%25BF%25EB.jpg,예약_단체 이용 가능_포장_배달_남/녀 화장실 구분_무선 인터넷_\반려동물 동반_유아의자_대기공간_화장실 휠체어 이용가능_출입구 휠체어 이용가능_좌석 휠체어 이용가능,주차가능무료
포스트빈,1152003157,"카페,디저트",도로명전북 전주시 완산구 은행로 49복사지번전북 전주시 완산구 풍남동3가 55-11복사우편번호우편번호55041복사안내 레이어 닫기,063-282-6007,영업 종료09:00에 영업 시작9시 0분에 영업 시작_영업 종료09:00에 영업 시작9시 0분에 영업 시작_영업 종료09:00에 영업 시작9시 0분에 영업 시작_영업 종료_09:00에 영업 시작9시 0분에 영업 시작_09:00에 영업 시작_9시 0분에 영업 시작_매일09:00 - 22:00접기_매일09:00 - 22:00접기_매일09:00 - 22:00_매일_09:00 - 22:00_접기_접기,별점없음,0,0,https://search.pstatic.net/common/?autoRotate=true&type=w560_sharpen&src=https%3A%2F%2Fldb-phinf.pstatic.net%2F20240522_140%2F1716355111297zQlXS_JPEG%2FKakaoTalk_20240516_140908625_02.jpg,단체 이용 가능_포장_예약_무선 인터넷_남/녀 화장실 구분,주차 불가
카페1938,1317484628,"카페,디저트",도로명전북 전주시 완산구 어진길 78 카페1938복사지번전북 전주시 완산구 경원동2가 63복사우편번호우편번호55039복사안내 레이어 닫기,0507-1425-3124,영업 종료09:00에 영업 시작9시 0분에 영업 시작_영업 종료09:00에 영업 시작9시 0분에 영업 시작_영업 종료09:00에 영업 시작9시 0분에 영업 시작_영업 종료_09:00에 영업 시작9시 0분에 영업 시작_09:00에 영업 시작_9시 0분에 영업 시작_수09:00 - 23:00_수09:00 - 23:00_수09:00 - 23:00_수_09:00 - 23:00_목09:00 - 23:00_목09:00 - 23:00_목09:00 - 23:00_목_09:00 - 23:00_금09:00 - 23:00_금09:00 - 23:00_금09:00 - 23:00_금_09:00 - 23:00_토09:00 - 23:00_토09:00 - 23:00_토09:00 - 23:00_토_09:00 - 23:00_일08:30 - 22:30_일08:30 - 22:30_일08:30 - 22:30_일_08:30 - 22:30_월09:00 - 23:00_월09:00 - 23:00_월09:00 - 23:00_월_09:00 - 23:00_화09:00 - 23:00_화09:00 - 23:00_화09:00 - 23:00_화_09:00 - 23:00_- 테이크아웃 가능시간 마감 30분전접기_- 테이크아웃 가능시간 마감 30분전접기_- 테이크아웃 가능시간 마감 30분전_- 테이크아웃 가능시간 마감 30분전_접기_접기,별점없음,0,0,https://search.pstatic.net/common/?autoRotate=true&type=w560_sharpen&src=https%3A%2F%2Fldb-phinf.pstatic.net%2F20251121_8%2F1763690510566A04dA_JPEG%2FKHS_5824_%25C1%25A4%25BB%25E7%25B0%25A2%25C7%25FC.jpeg,단체 이용 가능_예약_남/녀 화장실 구분_무선 인터넷_\반려동물 동반,주차가능무료
카페이르리,1111317495,"카페,디저트",도로명전북 전주시 완산구 은행로 69복사지번전북 전주시 완산구 교동 63-13복사우편번호우편번호55045복사안내 레이어 닫기,0507-1363-1528,영업 종료09:00에 영업 시작9시 0분에 영업 시작_영업 종료09:00에 영업 시작9시 0분에 영업 시작_영업 종료09:00에 영업 시작9시 0분에 영업 시작_영업 종료_09:00에 영업 시작9시 0분에 영업 시작_09:00에 영업 시작_9시 0분에 영업 시작_매일09:00 - 23:0022:30 라스트오더접기_매일09:00 - 23:0022:30 라스트오더접기_매일09:00 - 23:0022:30 라스트오더_매일_09:00 - 23:0022:30 라스트오더_접기_접기,별점4.45,0,0,https://search.pstatic.net/common/?autoRotate=true&type=w560_sharpen&src=https%3A%2F%2Fldb-phinf.pstatic.net%2F20240827_171%2F1724740816376ml9Eb_JPEG%2FKakaoTalk_20240827_153732548_11.jpg,단체 이용 가능_남/녀 화장실 구분,주차가능무료
PNB 풍년제과 본점,16784383,베이커리,도로명전북 전주시 완산구 팔달로 180복사지번전북 전주시 완산구 경원동1가 40-5복사우편번호우편번호55039복사안내 레이어 닫기,0507-1426-6666,영업 종료08:00에 영업 시작8시 0분에 영업 시작_영업 종료08:00에 영업 시작8시 0분에 영업 시작_영업 종료08:00에 영업 시작8시 0분에 영업 시작_영업 종료_08:00에 영업 시작8시 0분에 영업 시작_08:00에 영업 시작_8시 0분에 영업 시작_매일08:00 - 22:00접기_매일08:00 - 22:00접기_매일08:00 - 22:00_매일_08:00 - 22:00_접기_접기,별점4.37,0,0,https://search.pstatic.net/common/?autoRotate=true&type=w560_sharpen&src=https%3A%2F%2Fldb-phinf.pstatic.net%2F20160921_216%2F1474419723827S9GVI_JPEG%2F176871503223614_0.jpeg,무선 인터넷,주차가능
원스타임오프 전주한옥마을점,1142633504,"카페,디저트",도로명전북 전주시 완산구 전라감영로 75 원스타임오프복사지번전북 전주시 완산구 전동 140-1복사우편번호우편번호55038복사안내 레이어 닫기,0507-1323-2584,영업 종료09:00에 영업 시작9시 0분에 영업 시작_영업 종료09:00에 영업 시작9시 0분에 영업 시작_영업 종료09:00에 영업 시작9시 0분에 영업 시작_영업 종료_09:00에 영업 시작9시 0분에 영업 시작_09:00에 영업 시작_9시 0분에 영업 시작_수09:00 - 19:0018:30 라스트오더_수09:00 - 19:0018:30 라스트오더_수09:00 - 19:0018:30 라스트오더_수_09:00 - 19:0018:30 라스트오더_목09:00 - 19:0018:30 라스트오더_목09:00 - 19:0018:30 라스트오더_목09:00 - 19:0018:30 라스트오더_목_09:00 - 19:0018:30 라스트오더_금09:00 - 19:0018:30 라스트오더_금09:00 - 19:0018:30 라스트오더_금09:00 - 19:0018:30 라스트오더_금_09:00 - 19:0018:30 라스트오더_토09:00 - 21:0020:30 라스트오더_토09:00 - 21:0020:30 라스트오더_토09:00 - 21:0020:30 라스트오더_토_09:00 - 21:0020:30 라스트오더_일09:00 - 21:0020:30 라스트오더_일09:00 - 21:0020:30 라스트오더_일09:00 - 21:0020:30 라스트오더_일_09:00 - 21:0020:30 라스트오더_월09:00 - 19:0018:30 라스트오더_월09:00 - 19:0018:30 라스트오더_월09:00 - 19:0018:30 라스트오더_월_09:00 - 19:0018:30 라스트오더_화09:00 - 19:0018:30 라스트오더접기_화09:00 - 19:0018:30 라스트오더접기_화09:00 - 19:0018:30 라스트오더_화_09:00 - 19:0018:30 라스트오더_접기_접기,별점없음,0,0,https://search.pstatic.net/common/?autoRotate=true&type=w560_sharpen&src=https%3A%2F%2Fldb-phinf.pstatic.net%2F20260325_118%2F1774402384675kQyMB_PNG%2F12788.png,테이크아웃 할인_단체 이용 가능_포장_무선 인터넷_예약_배달_남/녀 화장실 구분,주차가능무료
풍년제과 본점,33277058,베이커리,도로명전북 전주시 완산구 팔달로 141 풍년제과 본점복사지번전북 전주시 완산구 전동 100복사우편번호우편번호55043복사안내 레이어 닫기,063-231-3366,영업 종료08:00에 영업 시작8시 0분에 영업 시작_영업 종료08:00에 영업 시작8시 0분에 영업 시작_영업 종료08:00에 영업 시작8시 0분에 영업 시작_영업 종료_08:00에 영업 시작8시 0분에 영업 시작_08:00에 영업 시작_8시 0분에 영업 시작_수08:00 - 22:0021:00 라스트오더_수08:00 - 22:0021:00 라스트오더_수08:00 - 22:0021:00 라스트오더_수_08:00 - 22:0021:00 라스트오더_목08:00 - 22:0021:00 라스트오더_목08:00 - 22:0021:00 라스트오더_목08:00 - 22:0021:00 라스트오더_목_08:00 - 22:0021:00 라스트오더_금08:00 - 22:0021:00 라스트오더_금08:00 - 22:0021:00 라스트오더_금08:00 - 22:0021:00 라스트오더_금_08:00 - 22:0021:00 라스트오더_토08:00 - 22:0021:00 라스트오더_토08:00 - 22:0021:00 라스트오더_토08:00 - 22:0021:00 라스트오더_토_08:00 - 22:0021:00 라스트오더_일08:00 - 22:0021:00 라스트오더_일08:00 - 22:0021:00 라스트오더_일08:00 - 22:0021:00 라스트오더_일_08:00 - 22:0021:00 라스트오더_월08:00 - 22:0021:00 라스트오더_월08:00 - 22:0021:00 라스트오더_월08:00 - 22:0021:00 라스트오더_월_08:00 - 22:0021:00 라스트오더_화08:00 - 22:0021:00 라스트오더접기_화08:00 - 22:0021:00 라스트오더접기_화08:00 - 22:0021:00 라스트오더_화_08:00 - 22:0021:00 라스트오더_접기_접기,별점4.42,0,0,https://search.pstatic.net/common/?autoRotate=true&type=w560_sharpen&src=https%3A%2F%2Fldb-phinf.pstatic.net%2F20260603_95%2F1780472465688kGafy_JPEG%2FKakaoTalk_20260602_165634405_01.jpg,포장_배달_단체 이용 가능_무선 인터넷_남/녀 화장실 구분_화장실 휠체어 이용가능_장애인 주차구역,주차가능유료
전주는전주 전주한옥마을 본점,1694616852,한식,"도로명전북 전주시 완산구 태조로 31 1층, 2층복사지번전북 전주시 완산구 교동 72-2복사우편번호우편번호55044복사안내 레이어 닫기",0507-1369-4405,영업 종료11:00에 영업 시작11시 0분에 영업 시작_영업 종료11:00에 영업 시작11시 0분에 영업 시작_영업 종료11:00에 영업 시작11시 0분에 영업 시작_영업 종료_11:00에 영업 시작11시 0분에 영업 시작_11:00에 영업 시작_11시 0분에 영업 시작_매일11:00 - 23:0022:10 라스트오더_매일11:00 - 23:0022:10 라스트오더_매일11:00 - 23:0022:10 라스트오더_매일_11:00 - 23:0022:10 라스트오더_- 21:30분 식사 메뉴 라스트 오더접기_- 21:30분 식사 메뉴 라스트 오더접기_- 21:30분 식사 메뉴 라스트 오더_- 21:30분 식사 메뉴 라스트 오더_접기_접기,별점없음,0,0,https://search.pstatic.net/common/?autoRotate=true&type=w278_sharpen&src=https%3A%2F%2Fnaverbooking-phinf.pstatic.net%2F20240108_88%2F1704700336373NUWac_JPEG%2FDSC08583.jpg,비건 메뉴_단체 이용 가능_예약_무선 인터넷_포장_남/녀 화장실 구분_유아의자_출입구 휠체어 이용가능,주차 불가
베테랑 칼국수,1246677842,종합분식,도로명전북 전주시 완산구 경기전길 135복사지번전북 전주시 완산구 교동 84-10복사우편번호우편번호55044복사안내 레이어 닫기,063-285-9898,영업 종료09:00에 영업 시작9시 0분에 영업 시작_영업 종료09:00에 영업 시작9시 0분에 영업 시작_영업 종료09:00에 영업 시작9시 0분에 영업 시작_영업 종료_09:00에 영업 시작9시 0분에 영업 시작_09:00에 영업 시작_9시 0분에 영업 시작_수09:00 - 20:00_수09:00 - 20:00_수09:00 - 20:00_수_09:00 - 20:00_목09:00 - 20:00_목09:00 - 20:00_목09:00 - 20:00_목_09:00 - 20:00_금09:00 - 20:00_금09:00 - 20:00_금09:00 - 20:00_금_09:00 - 20:00_토09:00 - 20:00_토09:00 - 20:00_토09:00 - 20:00_토_09:00 - 20:00_일09:00 - 20:00_일09:00 - 20:00_일09:00 - 20:00_일_09:00 - 20:00_월09:00 - 20:00_월09:00 - 20:00_월09:00 - 20:00_월_09:00 - 20:00_화09:00 - 20:00접기_화09:00 - 20:00접기_화09:00 - 20:00_화_09:00 - 20:00_접기_접기,별점없음,0,0,https://search.pstatic.net/common/?autoRotate=true&type=w560_sharpen&src=https%3A%2F%2Fldb-phinf.pstatic.net%2F20210110_298%2F16102184769318mwxQ_JPEG%2FhHd25L6MhM7NUuIGw6fNp704.jpeg.jpg,편의시설 정보 없음,주차가능
옐로우팜 전주객사점,2066468826,"과일,주스전문점",도로명전북 전주시 완산구 전주객사5길 13-8 1층복사지번전북 전주시 완산구 고사동 115복사우편번호우편번호54999복사안내 레이어 닫기,0507-1348-0830,영업 종료10:00에 영업 시작10시 0분에 영업 시작_영업 종료10:00에 영업 시작10시 0분에 영업 시작_영업 종료10:00에 영업 시작10시 0분에 영업 시작_영업 종료_10:00에 영업 시작10시 0분에 영업 시작_10:00에 영업 시작_10시 0분에 영업 시작_매일10:00 - 20:0019:30 라스트오더접기_매일10:00 - 20:0019:30 라스트오더접기_매일10:00 - 20:0019:30 라스트오더_매일_10:00 - 20:0019:30 라스트오더_접기_접기,별점없음,0,0,https://search.pstatic.net/common/?autoRotate=true&type=w278_sharpen&src=https%3A%2F%2Fldb-phinf.pstatic.net%2F20260520_238%2F17792512757008Gs07_JPEG%2F9.jpg,비건 메뉴_유기농 메뉴_단체 이용 가능_포장_배달_무선 인터넷_남/녀 화장실 구분_유아의자,주차 불가
구프오프 전주본점,1848527934,양식,도로명전북 전주시 완산구 천경로 27-1 구프오프복사지번전북 전주시 완산구 동서학동 166-9복사우편번호우편번호55100복사안내 레이어 닫기,0507-1382-1677,"영업 종료11:00에 영업 시작11시 0분에 영업 시작_영업 종료11:00에 영업 시작11시 0분에 영업 시작_영업 종료11:00에 영업 시작11시 0분에 영업 시작_영업 종료_11:00에 영업 시작11시 0분에 영업 시작_11:00에 영업 시작_11시 0분에 영업 시작_수11:00 - 21:0015:30 - 17:00 브레이크타임14:30, 20:00 라스트오더_수11:00 - 21:0015:30 - 17:00 브레이크타임14:30, 20:00 라스트오더_수11:00 - 21:0015:30 - 17:00 브레이크타임14:30, 20:00 라스트오더_수_11:00 - 21:0015:30 - 17:00 브레이크타임14:30, 20:00 라스트오더_목11:00 - 21:0015:30 - 17:00 브레이크타임14:30, 20:00 라스트오더_목11:00 - 21:0015:30 - 17:00 브레이크타임14:30, 20:00 라스트오더_목11:00 - 21:0015:30 - 17:00 브레이크타임14:30, 20:00 라스트오더_목_11:00 - 21:0015:30 - 17:00 브레이크타임14:30, 20:00 라스트오더_금11:00 - 21:0015:30 - 17:00 브레이크타임14:30, 20:00 라스트오더_금11:00 - 21:0015:30 - 17:00 브레이크타임14:30, 20:00 라스트오더_금11:00 - 21:0015:30 - 17:00 브레이크타임14:30, 20:00 라스트오더_금_11:00 - 21:0015:30 - 17:00 브레이크타임14:30, 20:00 라스트오더_토11:00 - 21:0016:00 - 17:00 브레이크타임15:00, 20:00 라스트오더_토11:00 - 21:0016:00 - 17:00 브레이크타임15:00, 20:00 라스트오더_토11:00 - 21:0016:00 - 17:00 브레이크타임15:00, 20:00 라스트오더_토_11:00 - 21:0016:00 - 17:00 브레이크타임15:00, 20:00 라스트오더_일11:00 - 21:0016:00 - 17:00 브레이크타임15:00, 20:00 라스트오더_일11:00 - 21:0016:00 - 17:00 브레이크타임15:00, 20:00 라스트오더_일11:00 - 21:0016:00 - 17:00 브레이크타임15:00, 20:00 라스트오더_일_11:00 - 21:0016:00 - 17:00 브레이크타임15:00, 20:00 라스트오더_월11:00 - 21:0015:30 - 17:00 브레이크타임14:30, 20:00 라스트오더_월11:00 - 21:0015:30 - 17:00 브레이크타임14:30, 20:00 라스트오더_월11:00 - 21:0015:30 - 17:00 브레이크타임14:30, 20:00 라스트오더_월_11:00 - 21:0015:30 - 17:00 브레이크타임14:30, 20:00 라스트오더_화11:00 - 21:0015:30 - 17:00 브레이크타임14:30, 20:00 라스트오더_화11:00 - 21:0015:30 - 17:00 브레이크타임14:30, 20:00 라스트오더_화11:00 - 21:0015:30 - 17:00 브레이크타임14:30, 20:00 라스트오더_화_11:00 - 21:0015:30 - 17:00 브레이크타임14:30, 20:00 라스트오더_- 평일14:30,주말15:00까지 마지막주문시간입니다접기_- 평일14:30,주말15:00까지 마지막주문시간입니다접기_- 평일14:30,주말15:00까지 마지막주문시간입니다_- 평일14:30,주말15:00까지 마지막주문시간입니다_접기_접기",별점4.77,0,0,https://search.pstatic.net/common/?autoRotate=true&type=w560_sharpen&src=https%3A%2F%2Fldb-phinf.pstatic.net%2F20250503_217%2F1746237024389tMMTB_JPEG%2F1000021627.jpg,와인 페어링_콜키지 가능유료_단체 이용 가능_무선 인터넷_남/녀 화장실 구분_포장_배달_예약_유아의자_대기공간_좌석 휠체어 이용가능,주차가능무료
이탈리돈,1857315164,돈가스,도로명전북 전주시 완산구 간납로 4복사지번전북 전주시 완산구 풍남동3가 7-7복사우편번호우편번호55036복사안내 레이어 닫기,1661-8418,영업 종료11:00에 영업 시작11시 0분에 영업 시작_영업 종료11:00에 영업 시작11시 0분에 영업 시작_영업 종료11:00에 영업 시작11시 0분에 영업 시작_영업 종료_11:00에 영업 시작11시 0분에 영업 시작_11:00에 영업 시작_11시 0분에 영업 시작_수11:00 - 20:3014:30 - 16:30 브레이크타임20:00 라스트오더_수11:00 - 20:3014:30 - 16:30 브레이크타임20:00 라스트오더_수11:00 - 20:3014:30 - 16:30 브레이크타임20:00 라스트오더_수_11:00 - 20:3014:30 - 16:30 브레이크타임20:00 라스트오더_목11:00 - 20:3014:30 - 16:30 브레이크타임20:00 라스트오더_목11:00 - 20:3014:30 - 16:30 브레이크타임20:00 라스트오더_목11:00 - 20:3014:30 - 16:30 브레이크타임20:00 라스트오더_목_11:00 - 20:3014:30 - 16:30 브레이크타임20:00 라스트오더_금11:00 - 20:3014:30 - 16:30 브레이크타임20:00 라스트오더_금11:00 - 20:3014:30 - 16:30 브레이크타임20:00 라스트오더_금11:00 - 20:3014:30 - 16:30 브레이크타임20:00 라스트오더_금_11:00 - 20:3014:30 - 16:30 브레이크타임20:00 라스트오더_토11:00 - 20:3020:00 라스트오더_토11:00 - 20:3020:00 라스트오더_토11:00 - 20:3020:00 라스트오더_토_11:00 - 20:3020:00 라스트오더_일11:00 - 20:3020:00 라스트오더_일11:00 - 20:3020:00 라스트오더_일11:00 - 20:3020:00 라스트오더_일_11:00 - 20:3020:00 라스트오더_월정기휴무 (매주 월요일)_월정기휴무 (매주 월요일)_월정기휴무 (매주 월요일)_월_정기휴무 (매주 월요일)_정기휴무 (매주 월요일)_화11:00 - 20:3014:30 - 16:30 브레이크타임20:00 라스트오더_화11:00 - 20:3014:30 - 16:30 브레이크타임20:00 라스트오더_화11:00 - 20:3014:30 - 16:30 브레이크타임20:00 라스트오더_화_11:00 - 20:3014:30 - 16:30 브레이크타임20:00 라스트오더_- 월 정기휴무 (공휴일 정상영업)접기_- 월 정기휴무 (공휴일 정상영업)접기_- 월 정기휴무 (공휴일 정상영업)_- 월 정기휴무 (공휴일 정상영업)_접기_접기,별점없음,0,0,https://search.pstatic.net/common/?autoRotate=true&type=w560_sharpen&src=https%3A%2F%2Fldb-phinf.pstatic.net%2F20251001_207%2F1759292307277reLIu_GIF%2F%25C0%25CC%25C5%25BB%25B8%25AE%25B5%25B7_gif.gif,남/녀 화장실 구분_예약_배달_무선 인터넷_포장,주차 불가
자매갈비전골,16792504,"육류,고기요리",도로명전북 전주시 완산구 기린대로 121 자매갈비전골복사지번전북 전주시 완산구 남노송동 536-1복사우편번호우편번호55040복사안내 레이어 닫기,0507-1420-7953,영업 종료10:30에 영업 시작10시 30분에 영업 시작_영업 종료10:30에 영업 시작10시 30분에 영업 시작_영업 종료10:30에 영업 시작10시 30분에 영업 시작_영업 종료_10:30에 영업 시작10시 30분에 영업 시작_10:30에 영업 시작_10시 30분에 영업 시작_수10:30 - 21:0015:30 - 16:30 브레이크타임_수10:30 - 21:0015:30 - 16:30 브레이크타임_수10:30 - 21:0015:30 - 16:30 브레이크타임_수_10:30 - 21:0015:30 - 16:30 브레이크타임_목10:30 - 21:0015:30 - 16:30 브레이크타임_목10:30 - 21:0015:30 - 16:30 브레이크타임_목10:30 - 21:0015:30 - 16:30 브레이크타임_목_10:30 - 21:0015:30 - 16:30 브레이크타임_금10:30 - 21:0015:30 - 16:30 브레이크타임_금10:30 - 21:0015:30 - 16:30 브레이크타임_금10:30 - 21:0015:30 - 16:30 브레이크타임_금_10:30 - 21:0015:30 - 16:30 브레이크타임_토10:30 - 21:00_토10:30 - 21:00_토10:30 - 21:00_토_10:30 - 21:00_일10:30 - 21:00_일10:30 - 21:00_일10:30 - 21:00_일_10:30 - 21:00_월10:30 - 21:0015:30 - 16:30 브레이크타임_월10:30 - 21:0015:30 - 16:30 브레이크타임_월10:30 - 21:0015:30 - 16:30 브레이크타임_월_10:30 - 21:0015:30 - 16:30 브레이크타임_화정기휴무 (매주 화요일)접기_화정기휴무 (매주 화요일)접기_화정기휴무 (매주 화요일)_화_정기휴무 (매주 화요일)_정기휴무 (매주 화요일)_접기_접기,별점4.34,0,0,https://search.pstatic.net/common/?autoRotate=true&type=w560_sharpen&src=https%3A%2F%2Fldb-phinf.pstatic.net%2F20240722_248%2F1721605468763fVNOE_JPEG%2F1721480242290.jpg,단체 이용 가능_예약_포장_남/녀 화장실 구분_무선 인터넷_대기공간_유아의자_방문접수/출장_배달_좌석 휠체어 이용가능,주차 불가
제일제과,1595618342,베이커리,도로명전북 전주시 완산구 기린대로 123 제일제과복사지번전북 전주시 완산구 남노송동 540-6복사우편번호우편번호55040복사안내 레이어 닫기,063-286-2828,영업 종료10:00에 영업 시작10시 0분에 영업 시작_영업 종료10:00에 영업 시작10시 0분에 영업 시작_영업 종료10:00에 영업 시작10시 0분에 영업 시작_영업 종료_10:00에 영업 시작10시 0분에 영업 시작_10:00에 영업 시작_10시 0분에 영업 시작_수10:00 - 22:0021:30 라스트오더_수10:00 - 22:0021:30 라스트오더_수10:00 - 22:0021:30 라스트오더_수_10:00 - 22:0021:30 라스트오더_목10:00 - 22:0021:30 라스트오더_목10:00 - 22:0021:30 라스트오더_목10:00 - 22:0021:30 라스트오더_목_10:00 - 22:0021:30 라스트오더_금10:00 - 22:0021:30 라스트오더_금10:00 - 22:0021:30 라스트오더_금10:00 - 22:0021:30 라스트오더_금_10:00 - 22:0021:30 라스트오더_토10:00 - 23:0022:30 라스트오더_토10:00 - 23:0022:30 라스트오더_토10:00 - 23:0022:30 라스트오더_토_10:00 - 23:0022:30 라스트오더_일10:00 - 22:0021:30 라스트오더_일10:00 - 22:0021:30 라스트오더_일10:00 - 22:0021:30 라스트오더_일_10:00 - 22:0021:30 라스트오더_월10:00 - 22:0021:30 라스트오더_월10:00 - 22:0021:30 라스트오더_월10:00 - 22:0021:30 라스트오더_월_10:00 - 22:0021:30 라스트오더_화10:00 - 22:0021:30 라스트오더접기_화10:00 - 22:0021:30 라스트오더접기_화10:00 - 22:0021:30 라스트오더_화_10:00 - 22:0021:30 라스트오더_접기_접기,별점없음,0,0,https://search.pstatic.net/common/?autoRotate=true&type=w560_sharpen&src=https%3A%2F%2Fldb-phinf.pstatic.net%2F20260123_41%2F1769170572820s1QPA_PNG%2FKakaoTalk_20260123_203833861.png,콜키지 가능유료_와인 페어링_단체 이용 가능_포장_배달_무선 인터넷_남/녀 화장실 구분_대기공간_예약,주차가능유료
전주왱이콩나물국밥전문점,33342797,국밥,도로명전북 전주시 완산구 동문길 88복사지번전북 전주시 완산구 경원동2가 12-1복사우편번호우편번호55039복사안내 레이어 닫기,063-287-6980,영업 종료07:00에 영업 시작7시 0분에 영업 시작_영업 종료07:00에 영업 시작7시 0분에 영업 시작_영업 종료07:00에 영업 시작7시 0분에 영업 시작_영업 종료_07:00에 영업 시작7시 0분에 영업 시작_07:00에 영업 시작_7시 0분에 영업 시작_매일07:00 - 21:00접기_매일07:00 - 21:00접기_매일07:00 - 21:00_매일_07:00 - 21:00_접기_접기,별점없음,0,0,https://search.pstatic.net/common/?autoRotate=true&type=w560_sharpen&src=https%3A%2F%2Fldb-phinf.pstatic.net%2F20150901_7%2F14410566252572NDae_JPEG%2F146951415372007_0.jpeg,편의시설 정보 없음,주차가능무료
메가MGC커피 전주한옥마을경기전점,1457865014,카페,도로명전북 전주시 완산구 팔달로 128 1층복사지번전북 전주시 완산구 전동 69-1복사우편번호우편번호55042복사안내 레이어 닫기,0507-1431-2886,영업 종료09:00에 영업 시작9시 0분에 영업 시작_영업 종료09:00에 영업 시작9시 0분에 영업 시작_영업 종료09:00에 영업 시작9시 0분에 영업 시작_영업 종료_09:00에 영업 시작9시 0분에 영업 시작_09:00에 영업 시작_9시 0분에 영업 시작_수09:00 - 20:00_수09:00 - 20:00_수09:00 - 20:00_수_09:00 - 20:00_목09:00 - 20:00_목09:00 - 20:00_목09:00 - 20:00_목_09:00 - 20:00_금09:00 - 21:00_금09:00 - 21:00_금09:00 - 21:00_금_09:00 - 21:00_토08:00 - 21:00_토08:00 - 21:00_토08:00 - 21:00_토_08:00 - 21:00_일08:00 - 21:00_일08:00 - 21:00_일08:00 - 21:00_일_08:00 - 21:00_월09:00 - 20:00_월09:00 - 20:00_월09:00 - 20:00_월_09:00 - 20:00_화09:00 - 20:00접기_화09:00 - 20:00접기_화09:00 - 20:00_화_09:00 - 20:00_접기_접기,별점없음,0,0,https://search.pstatic.net/common/?autoRotate=true&type=w560_sharpen&src=https%3A%2F%2Fldb-phinf.pstatic.net%2F20250413_300%2F1744546280881kmavG_PNG%2F%25B8%25DE%25B0%25A1%25B7%25CE%25B0%25ED.png,편의시설 정보 없음,주차 불가
한울밥상,36668406,한정식,도로명전북 전주시 완산구 기린대로 104복사지번전북 전주시 완산구 남노송동 529-21복사우편번호우편번호55036복사안내 레이어 닫기,063-227-4321,오늘 휴무매주 수요일 휴무매주 수요일 휴무_오늘 휴무매주 수요일 휴무매주 수요일 휴무_오늘 휴무매주 수요일 휴무매주 수요일 휴무_오늘 휴무_매주 수요일 휴무매주 수요일 휴무_매주 수요일 휴무_매주 수요일 휴무_수정기휴무 (매주 수요일)_수정기휴무 (매주 수요일)_수정기휴무 (매주 수요일)_수_정기휴무 (매주 수요일)_정기휴무 (매주 수요일)_목10:30 - 21:0015:00 - 17:00 브레이크타임20:00 라스트오더_목10:30 - 21:0015:00 - 17:00 브레이크타임20:00 라스트오더_목10:30 - 21:0015:00 - 17:00 브레이크타임20:00 라스트오더_목_10:30 - 21:0015:00 - 17:00 브레이크타임20:00 라스트오더_금10:30 - 21:0015:00 - 17:00 브레이크타임20:00 라스트오더_금10:30 - 21:0015:00 - 17:00 브레이크타임20:00 라스트오더_금10:30 - 21:0015:00 - 17:00 브레이크타임20:00 라스트오더_금_10:30 - 21:0015:00 - 17:00 브레이크타임20:00 라스트오더_토10:30 - 21:0015:00 - 17:00 브레이크타임20:00 라스트오더_토10:30 - 21:0015:00 - 17:00 브레이크타임20:00 라스트오더_토10:30 - 21:0015:00 - 17:00 브레이크타임20:00 라스트오더_토_10:30 - 21:0015:00 - 17:00 브레이크타임20:00 라스트오더_일10:30 - 21:0015:00 - 17:00 브레이크타임20:00 라스트오더_일10:30 - 21:0015:00 - 17:00 브레이크타임20:00 라스트오더_일10:30 - 21:0015:00 - 17:00 브레이크타임20:00 라스트오더_일_10:30 - 21:0015:00 - 17:00 브레이크타임20:00 라스트오더_월10:30 - 21:0015:00 - 17:00 브레이크타임20:00 라스트오더_월10:30 - 21:0015:00 - 17:00 브레이크타임20:00 라스트오더_월10:30 - 21:0015:00 - 17:00 브레이크타임20:00 라스트오더_월_10:30 - 21:0015:00 - 17:00 브레이크타임20:00 라스트오더_화10:30 - 21:0015:00 - 17:00 브레이크타임20:00 라스트오더_화10:30 - 21:0015:00 - 17:00 브레이크타임20:00 라스트오더_화10:30 - 21:0015:00 - 17:00 브레이크타임20:00 라스트오더_화_10:30 - 21:0015:00 - 17:00 브레이크타임20:00 라스트오더_- 점심 마지막 주문시간 15:00까지접기_- 점심 마지막 주문시간 15:00까지접기_- 점심 마지막 주문시간 15:00까지_- 점심 마지막 주문시간 15:00까지_접기_접기,별점없음,0,0,https://search.pstatic.net/common/?autoRotate=true&type=w560_sharpen&src=https%3A%2F%2Fldb-phinf.pstatic.net%2F20211210_110%2F1639117070681Wa4bP_JPEG%2FKakaoTalk_20211210_145321843_05.jpg,예약_단체 이용 가능_남/녀 화장실 구분_무선 인터넷,주차가능
한국집,16795216,비빔밥,도로명전북 전주시 완산구 어진길 119복사지번전북 전주시 완산구 전동 2-1복사우편번호우편번호55042복사안내 레이어 닫기,0507-1317-2286,영업 종료09:50에 영업 시작9시 50분에 영업 시작_영업 종료09:50에 영업 시작9시 50분에 영업 시작_영업 종료09:50에 영업 시작9시 50분에 영업 시작_영업 종료_09:50에 영업 시작9시 50분에 영업 시작_09:50에 영업 시작_9시 50분에 영업 시작_수09:50 - 20:5020:15 라스트오더_수09:50 - 20:5020:15 라스트오더_수09:50 - 20:5020:15 라스트오더_수_09:50 - 20:5020:15 라스트오더_목09:50 - 20:5020:15 라스트오더_목09:50 - 20:5020:15 라스트오더_목09:50 - 20:5020:15 라스트오더_목_09:50 - 20:5020:15 라스트오더_금09:50 - 20:5020:15 라스트오더_금09:50 - 20:5020:15 라스트오더_금09:50 - 20:5020:15 라스트오더_금_09:50 - 20:5020:15 라스트오더_토09:50 - 20:5020:15 라스트오더_토09:50 - 20:5020:15 라스트오더_토09:50 - 20:5020:15 라스트오더_토_09:50 - 20:5020:15 라스트오더_일09:50 - 20:5020:15 라스트오더_일09:50 - 20:5020:15 라스트오더_일09:50 - 20:5020:15 라스트오더_일_09:50 - 20:5020:15 라스트오더_월09:50 - 20:5020:15 라스트오더_월09:50 - 20:5020:15 라스트오더_월09:50 - 20:5020:15 라스트오더_월_09:50 - 20:5020:15 라스트오더_화09:50 - 20:5020:15 라스트오더_화09:50 - 20:5020:15 라스트오더_화09:50 - 20:5020:15 라스트오더_화_09:50 - 20:5020:15 라스트오더_- 매장 상황에 따라 브레이크타임이 발생될 수 있습니다.접기_- 매장 상황에 따라 브레이크타임이 발생될 수 있습니다.접기_- 매장 상황에 따라 브레이크타임이 발생될 수 있습니다._- 매장 상황에 따라 브레이크타임이 발생될 수 있습니다._접기_접기,별점4.05,0,0,https://search.pstatic.net/common/?autoRotate=true&type=w560_sharpen&src=https%3A%2F%2Fldb-phinf.pstatic.net%2F20151209_77%2F1449632514456FsLOI_JPEG%2F167159527173268_0.jpg,비건 메뉴_단체 이용 가능_포장_무선 인터넷_남/녀 화장실 구분_출입구 휠체어 이용가능_좌석 휠체어 이용가능_장애인 주차구역,주차가능무료
45년전통비빔밥 종로회관,11540579,비빔밥,도로명전북 전주시 완산구 전동성당길 98복사지번전북 전주시 완산구 전동 60-2복사우편번호우편번호55042복사안내 레이어 닫기,063-288-4578,영업 종료10:50에 영업 시작10시 50분에 영업 시작_영업 종료10:50에 영업 시작10시 50분에 영업 시작_영업 종료10:50에 영업 시작10시 50분에 영업 시작_영업 종료_10:50에 영업 시작10시 50분에 영업 시작_10:50에 영업 시작_10시 50분에 영업 시작_수10:50 - 20:0019:40 라스트오더_수10:50 - 20:0019:40 라스트오더_수10:50 - 20:0019:40 라스트오더_수_10:50 - 20:0019:40 라스트오더_목10:50 - 20:0019:40 라스트오더_목10:50 - 20:0019:40 라스트오더_목10:50 - 20:0019:40 라스트오더_목_10:50 - 20:0019:40 라스트오더_금10:50 - 20:0019:40 라스트오더_금10:50 - 20:0019:40 라스트오더_금10:50 - 20:0019:40 라스트오더_금_10:50 - 20:0019:40 라스트오더_토10:50 - 20:0019:40 라스트오더_토10:50 - 20:0019:40 라스트오더_토10:50 - 20:0019:40 라스트오더_토_10:50 - 20:0019:40 라스트오더_일10:50 - 20:0019:40 라스트오더_일10:50 - 20:0019:40 라스트오더_일10:50 - 20:0019:40 라스트오더_일_10:50 - 20:0019:40 라스트오더_월10:50 - 20:0019:40 라스트오더_월10:50 - 20:0019:40 라스트오더_월10:50 - 20:0019:40 라스트오더_월_10:50 - 20:0019:40 라스트오더_화10:50 - 20:0019:40 라스트오더접기_화10:50 - 20:0019:40 라스트오더접기_화10:50 - 20:0019:40 라스트오더_화_10:50 - 20:0019:40 라스트오더_접기_접기,별점없음,0,0,https://search.pstatic.net/common/?autoRotate=true&type=w560_sharpen&src=https%3A%2F%2Fldb-phinf.pstatic.net%2F20171027_215%2F1509091765177WdHKe_JPEG%2FZBZAB_OdUE4PGYtqjPj5DP7P.jpg,콜키지 가능유료_비건 메뉴_예약_단체 이용 가능_포장_남/녀 화장실 구분_무선 인터넷_출입구 휠체어 이용가능,주차가능무료
길거리야 한옥마을점,1705369488,베이커리,도로명전북 전주시 완산구 경기전길 124복사지번전북 전주시 완산구 교동 267-2복사우편번호우편번호55044복사안내 레이어 닫기,063-286-5533,영업 종료09:30에 영업 시작9시 30분에 영업 시작_영업 종료09:30에 영업 시작9시 30분에 영업 시작_영업 종료09:30에 영업 시작9시 30분에 영업 시작_영업 종료_09:30에 영업 시작9시 30분에 영업 시작_09:30에 영업 시작_9시 30분에 영업 시작_수09:30 - 21:00_수09:30 - 21:00_수09:30 - 21:00_수_09:30 - 21:00_목09:30 - 21:00_목09:30 - 21:00_목09:30 - 21:00_목_09:30 - 21:00_금09:30 - 21:00_금09:30 - 21:00_금09:30 - 21:00_금_09:30 - 21:00_토09:30 - 21:00_토09:30 - 21:00_토09:30 - 21:00_토_09:30 - 21:00_일09:30 - 21:00_일09:30 - 21:00_일09:30 - 21:00_일_09:30 - 21:00_월09:30 - 21:00_월09:30 - 21:00_월09:30 - 21:00_월_09:30 - 21:00_화09:30 - 21:00접기_화09:30 - 21:00접기_화09:30 - 21:00_화_09:30 - 21:00_접기_접기,별점4.42,0,0,https://search.pstatic.net/common/?autoRotate=true&type=w560_sharpen&src=https%3A%2F%2Fldb-phinf.pstatic.net%2F20210208_17%2F1612750924387KxDc0_JPEG%2FuCwOCHxuDwUK7nV0ggXDm6YO.jpg,편의시설 정보 없음,주차가능무료
진할머니갈비국밥,1196809444,한식,도로명전북 전주시 완산구 풍남문1길 15복사지번전북 전주시 완산구 전동 296-7복사우편번호우편번호55043복사안내 레이어 닫기,0507-1491-8522,영업 종료07:00에 영업 시작7시 0분에 영업 시작_영업 종료07:00에 영업 시작7시 0분에 영업 시작_영업 종료07:00에 영업 시작7시 0분에 영업 시작_영업 종료_07:00에 영업 시작7시 0분에 영업 시작_07:00에 영업 시작_7시 0분에 영업 시작_수07:00 - 22:0021:30 라스트오더_수07:00 - 22:0021:30 라스트오더_수07:00 - 22:0021:30 라스트오더_수_07:00 - 22:0021:30 라스트오더_목07:00 - 22:0021:30 라스트오더_목07:00 - 22:0021:30 라스트오더_목07:00 - 22:0021:30 라스트오더_목_07:00 - 22:0021:30 라스트오더_금07:00 - 22:0021:30 라스트오더_금07:00 - 22:0021:30 라스트오더_금07:00 - 22:0021:30 라스트오더_금_07:00 - 22:0021:30 라스트오더_토07:00 - 22:0021:30 라스트오더_토07:00 - 22:0021:30 라스트오더_토07:00 - 22:0021:30 라스트오더_토_07:00 - 22:0021:30 라스트오더_일07:00 - 22:0021:30 라스트오더_일07:00 - 22:0021:30 라스트오더_일07:00 - 22:0021:30 라스트오더_일_07:00 - 22:0021:30 라스트오더_월07:00 - 22:0021:30 라스트오더_월07:00 - 22:0021:30 라스트오더_월07:00 - 22:0021:30 라스트오더_월_07:00 - 22:0021:30 라스트오더_화07:00 - 22:0021:30 라스트오더접기_화07:00 - 22:0021:30 라스트오더접기_화07:00 - 22:0021:30 라스트오더_화_07:00 - 22:0021:30 라스트오더_접기_접기,별점없음,0,0,https://search.pstatic.net/common/?autoRotate=true&type=w560_sharpen&src=https%3A%2F%2Fldb-phinf.pstatic.net%2F20240705_185%2F1720119710102ok8PW_JPEG%2FScreenshot_20240705_035306_NAVER.jpg,단체 이용 가능_포장_남/녀 화장실 구분_무선 인터넷,주차가능무료
포담 전주시청점,1270117665,베트남음식,도로명전북 전주시 완산구 팔달로 262-9 1층 포담 전주 시청점복사지번전북 전주시 완산구 서노송동 647-11복사우편번호우편번호54995복사안내 레이어 닫기,0507-1494-5280,영업 종료08:00에 영업 시작8시 0분에 영업 시작_영업 종료08:00에 영업 시작8시 0분에 영업 시작_영업 종료08:00에 영업 시작8시 0분에 영업 시작_영업 종료_08:00에 영업 시작8시 0분에 영업 시작_08:00에 영업 시작_8시 0분에 영업 시작_수08:00 - 20:0019:50 라스트오더_수08:00 - 20:0019:50 라스트오더_수08:00 - 20:0019:50 라스트오더_수_08:00 - 20:0019:50 라스트오더_목08:00 - 20:0019:50 라스트오더_목08:00 - 20:0019:50 라스트오더_목08:00 - 20:0019:50 라스트오더_목_08:00 - 20:0019:50 라스트오더_금08:00 - 20:0019:50 라스트오더_금08:00 - 20:0019:50 라스트오더_금08:00 - 20:0019:50 라스트오더_금_08:00 - 20:0019:50 라스트오더_토08:00 - 20:0019:50 라스트오더_토08:00 - 20:0019:50 라스트오더_토08:00 - 20:0019:50 라스트오더_토_08:00 - 20:0019:50 라스트오더_일정기휴무 (매주 일요일)_일정기휴무 (매주 일요일)_일정기휴무 (매주 일요일)_일_정기휴무 (매주 일요일)_정기휴무 (매주 일요일)_월08:00 - 20:0019:50 라스트오더_월08:00 - 20:0019:50 라스트오더_월08:00 - 20:0019:50 라스트오더_월_08:00 - 20:0019:50 라스트오더_화08:00 - 20:0019:50 라스트오더접기_화08:00 - 20:0019:50 라스트오더접기_화08:00 - 20:0019:50 라스트오더_화_08:00 - 20:0019:50 라스트오더_접기_접기,별점4.91,0,0,https://search.pstatic.net/common/?autoRotate=true&type=w560_sharpen&src=https%3A%2F%2Fldb-phinf.pstatic.net%2F20241117_45%2F1731832808483PsQ5E_JPEG%2F%25B4%25EB%25C7%25A5_L.jpg,글루텐프리 메뉴_비건 메뉴_대관_단체 이용 가능_포장_배달_무선 인터넷_유아의자_예약_출입구 휠체어 이용가능_좌석 휠체어 이용가능,주차가능무료
교동석쇠불고기,1547379426,"육류,고기요리",도로명전북 전주시 완산구 은행로 70 교동석쇠불고기복사지번전북 전주시 완산구 교동 80-5 석쇠불고기복사우편번호우편번호55044복사안내 레이어 닫기,063-285-7989,영업 종료11:00에 영업 시작11시 0분에 영업 시작_영업 종료11:00에 영업 시작11시 0분에 영업 시작_영업 종료11:00에 영업 시작11시 0분에 영업 시작_영업 종료_11:00에 영업 시작11시 0분에 영업 시작_11:00에 영업 시작_11시 0분에 영업 시작_매일11:00 - 21:00접기_매일11:00 - 21:00접기_매일11:00 - 21:00_매일_11:00 - 21:00_접기_접기,별점4.28,0,0,https://search.pstatic.net/common/?autoRotate=true&type=w560_sharpen&src=https%3A%2F%2Fldb-phinf.pstatic.net%2F20250317_73%2F17421818805766AM6n_JPEG%2F1000025668.jpg,편의시설 정보 없음,주차가능유료
전주한옥마을전망대카페,1988260686,"카페,디저트",도로명전북 전주시 완산구 어진길 15복사지번전북 전주시 완산구 남노송동 98-13복사우편번호우편번호55041복사안내 레이어 닫기,063-231-0703,영업 종료09:00에 영업 시작9시 0분에 영업 시작_영업 종료09:00에 영업 시작9시 0분에 영업 시작_영업 종료09:00에 영업 시작9시 0분에 영업 시작_영업 종료_09:00에 영업 시작9시 0분에 영업 시작_09:00에 영업 시작_9시 0분에 영업 시작_매일09:00 - 23:00접기_매일09:00 - 23:00접기_매일09:00 - 23:00_매일_09:00 - 23:00_접기_접기,별점4.16,0,0,https://search.pstatic.net/common/?autoRotate=true&type=w560_sharpen&src=https%3A%2F%2Fldb-phinf.pstatic.net%2F20231210_144%2F1702140182326f2VHu_JPEG%2FIMG_0368.JPG,예약_단체 이용 가능,주차 불가
만년닭강정 한옥마을직영점,1512374178,"치킨,닭강정",도로명전북 전주시 완산구 태조로 27 1층 만년닭강정복사지번전북 전주시 완산구 교동 70-5복사우편번호우편번호55044복사안내 레이어 닫기,0507-1378-1901,영업 종료11:00에 영업 시작11시 0분에 영업 시작_영업 종료11:00에 영업 시작11시 0분에 영업 시작_영업 종료11:00에 영업 시작11시 0분에 영업 시작_영업 종료_11:00에 영업 시작11시 0분에 영업 시작_11:00에 영업 시작_11시 0분에 영업 시작_수11:00 - 21:00_수11:00 - 21:00_수11:00 - 21:00_수_11:00 - 21:00_목11:00 - 21:00_목11:00 - 21:00_목11:00 - 21:00_목_11:00 - 21:00_금11:00 - 21:00_금11:00 - 21:00_금11:00 - 21:00_금_11:00 - 21:00_토10:00 - 22:00_토10:00 - 22:00_토10:00 - 22:00_토_10:00 - 22:00_일10:00 - 22:00_일10:00 - 22:00_일10:00 - 22:00_일_10:00 - 22:00_월11:00 - 21:00_월11:00 - 21:00_월11:00 - 21:00_월_11:00 - 21:00_화11:00 - 21:00접기_화11:00 - 21:00접기_화11:00 - 21:00_화_11:00 - 21:00_접기_접기,별점없음,0,0,https://search.pstatic.net/common/?autoRotate=true&type=w560_sharpen&src=https%3A%2F%2Fldb-phinf.pstatic.net%2F20240919_17%2F1726724606536dQWWz_JPEG%2FKakaoTalk_20240918_162830400.jpg,포장_배달_예약,주차 불가
교동집,11877554,중식당,도로명전북 전주시 완산구 향교길 61 교동집복사지번전북 전주시 완산구 교동 111-2 집복사우편번호우편번호55044복사안내 레이어 닫기,063-284-3544,오늘 휴무06/10 휴무06/10 휴무_오늘 휴무06/10 휴무06/10 휴무_오늘 휴무06/10 휴무06/10 휴무_오늘 휴무_06/10 휴무06/10 휴무_06/10 휴무_06/10 휴무_수(6/10)휴무_수(6/10)휴무_수(6/10)휴무_수(6/10)_휴무_휴무_목11:00 - 15:30_목11:00 - 15:30_목11:00 - 15:30_목_11:00 - 15:30_금11:00 - 15:30_금11:00 - 15:30_금11:00 - 15:30_금_11:00 - 15:30_토11:00 - 21:00_토11:00 - 21:00_토11:00 - 21:00_토_11:00 - 21:00_일11:00 - 21:00_일11:00 - 21:00_일11:00 - 21:00_일_11:00 - 21:00_월11:00 - 15:30_월11:00 - 15:30_월11:00 - 15:30_월_11:00 - 15:30_화정기휴무 (매주 화요일)접기_화정기휴무 (매주 화요일)접기_화정기휴무 (매주 화요일)_화_정기휴무 (매주 화요일)_정기휴무 (매주 화요일)_접기_접기,별점없음,0,0,https://search.pstatic.net/common/?autoRotate=true&type=w560_sharpen&src=https%3A%2F%2Fldb-phinf.pstatic.net%2F20230511_134%2F1683788076156gTw66_JPEG%2FAA1016F1-665E-4B6B-9850-64F0CEF9AC05.jpeg,포장_무선 인터넷_남/녀 화장실 구분,주차가능
다우랑,33655830,만두,도로명전북 전주시 완산구 태조로 33복사지번전북 전주시 완산구 교동 269-2복사우편번호우편번호55044복사안내 레이어 닫기,0507-1482-5009,영업 종료10:00에 영업 시작10시 0분에 영업 시작_영업 종료10:00에 영업 시작10시 0분에 영업 시작_영업 종료10:00에 영업 시작10시 0분에 영업 시작_영업 종료_10:00에 영업 시작10시 0분에 영업 시작_10:00에 영업 시작_10시 0분에 영업 시작_수10:00 - 21:00_수10:00 - 21:00_수10:00 - 21:00_수_10:00 - 21:00_목10:00 - 21:00_목10:00 - 21:00_목10:00 - 21:00_목_10:00 - 21:00_금10:00 - 21:30_금10:00 - 21:30_금10:00 - 21:30_금_10:00 - 21:30_토10:00 - 21:30_토10:00 - 21:30_토10:00 - 21:30_토_10:00 - 21:30_일10:00 - 21:00_일10:00 - 21:00_일10:00 - 21:00_일_10:00 - 21:00_월10:00 - 21:00_월10:00 - 21:00_월10:00 - 21:00_월_10:00 - 21:00_화10:00 - 21:00접기_화10:00 - 21:00접기_화10:00 - 21:00_화_10:00 - 21:00_접기_접기,별점4.31,0,0,https://search.pstatic.net/common/?autoRotate=true&type=w560_sharpen&src=https%3A%2F%2Fldb-phinf.pstatic.net%2F20220511_168%2F1652244912763cnzoy_JPEG%2FKakaoTalk_20220511_135432010_01.jpg,포장,주차가능
양식당,36854548,이탈리아음식,도로명전북 전주시 완산구 풍남문3길 26 1층복사지번전북 전주시 완산구 전동 110-1복사우편번호우편번호55043복사안내 레이어 닫기,0507-1360-5171,영업 종료11:30에 영업 시작11시 30분에 영업 시작_영업 종료11:30에 영업 시작11시 30분에 영업 시작_영업 종료11:30에 영업 시작11시 30분에 영업 시작_영업 종료_11:30에 영업 시작11시 30분에 영업 시작_11:30에 영업 시작_11시 30분에 영업 시작_수11:30 - 21:3014:30 - 17:30 브레이크타임20:30 라스트오더_수11:30 - 21:3014:30 - 17:30 브레이크타임20:30 라스트오더_수11:30 - 21:3014:30 - 17:30 브레이크타임20:30 라스트오더_수_11:30 - 21:3014:30 - 17:30 브레이크타임20:30 라스트오더_목11:30 - 21:3014:30 - 17:30 브레이크타임20:30 라스트오더_목11:30 - 21:3014:30 - 17:30 브레이크타임20:30 라스트오더_목11:30 - 21:3014:30 - 17:30 브레이크타임20:30 라스트오더_목_11:30 - 21:3014:30 - 17:30 브레이크타임20:30 라스트오더_금11:30 - 21:3014:30 - 17:30 브레이크타임20:30 라스트오더_금11:30 - 21:3014:30 - 17:30 브레이크타임20:30 라스트오더_금11:30 - 21:3014:30 - 17:30 브레이크타임20:30 라스트오더_금_11:30 - 21:3014:30 - 17:30 브레이크타임20:30 라스트오더_토11:30 - 21:3014:30 - 17:00 브레이크타임20:30 라스트오더_토11:30 - 21:3014:30 - 17:00 브레이크타임20:30 라스트오더_토11:30 - 21:3014:30 - 17:00 브레이크타임20:30 라스트오더_토_11:30 - 21:3014:30 - 17:00 브레이크타임20:30 라스트오더_일11:30 - 21:3014:30 - 17:00 브레이크타임20:30 라스트오더_일11:30 - 21:3014:30 - 17:00 브레이크타임20:30 라스트오더_일11:30 - 21:3014:30 - 17:00 브레이크타임20:30 라스트오더_일_11:30 - 21:3014:30 - 17:00 브레이크타임20:30 라스트오더_월정기휴무 (매주 월요일)_월정기휴무 (매주 월요일)_월정기휴무 (매주 월요일)_월_정기휴무 (매주 월요일)_정기휴무 (매주 월요일)_화11:30 - 21:3014:30 - 17:30 브레이크타임20:30 라스트오더접기_화11:30 - 21:3014:30 - 17:30 브레이크타임20:30 라스트오더접기_화11:30 - 21:3014:30 - 17:30 브레이크타임20:30 라스트오더_화_11:30 - 21:3014:30 - 17:30 브레이크타임20:30 라스트오더_접기_접기,별점4.49,0,0,https://search.pstatic.net/common/?autoRotate=true&type=w560_sharpen&src=https%3A%2F%2Fldb-phinf.pstatic.net%2F20251204_7%2F1764782681547ea7zT_JPEG%2F1000063567.jpg,콜키지 가능유료_예약_단체 이용 가능_무선 인터넷_유아의자,주차가능무료
다문,11874167,한정식,도로명전북 전주시 완산구 은행로 74-8 다문복사지번전북 전주시 완산구 교동 82복사우편번호우편번호55044복사안내 레이어 닫기,0507-1346-8607,영업 종료11:30에 영업 시작11시 30분에 영업 시작_영업 종료11:30에 영업 시작11시 30분에 영업 시작_영업 종료11:30에 영업 시작11시 30분에 영업 시작_영업 종료_11:30에 영업 시작11시 30분에 영업 시작_11:30에 영업 시작_11시 30분에 영업 시작_수11:30 - 20:0015:00 - 17:00 브레이크타임19:10 라스트오더_수11:30 - 20:0015:00 - 17:00 브레이크타임19:10 라스트오더_수11:30 - 20:0015:00 - 17:00 브레이크타임19:10 라스트오더_수_11:30 - 20:0015:00 - 17:00 브레이크타임19:10 라스트오더_목11:30 - 20:0015:00 - 17:00 브레이크타임19:10 라스트오더_목11:30 - 20:0015:00 - 17:00 브레이크타임19:10 라스트오더_목11:30 - 20:0015:00 - 17:00 브레이크타임19:10 라스트오더_목_11:30 - 20:0015:00 - 17:00 브레이크타임19:10 라스트오더_금11:30 - 20:0015:00 - 17:00 브레이크타임19:10 라스트오더_금11:30 - 20:0015:00 - 17:00 브레이크타임19:10 라스트오더_금11:30 - 20:0015:00 - 17:00 브레이크타임19:10 라스트오더_금_11:30 - 20:0015:00 - 17:00 브레이크타임19:10 라스트오더_토11:30 - 20:0015:00 - 17:00 브레이크타임19:10 라스트오더_토11:30 - 20:0015:00 - 17:00 브레이크타임19:10 라스트오더_토11:30 - 20:0015:00 - 17:00 브레이크타임19:10 라스트오더_토_11:30 - 20:0015:00 - 17:00 브레이크타임19:10 라스트오더_일11:30 - 20:0015:00 - 17:00 브레이크타임19:10 라스트오더_일11:30 - 20:0015:00 - 17:00 브레이크타임19:10 라스트오더_일11:30 - 20:0015:00 - 17:00 브레이크타임19:10 라스트오더_일_11:30 - 20:0015:00 - 17:00 브레이크타임19:10 라스트오더_월11:30 - 20:0015:00 - 17:00 브레이크타임19:10 라스트오더_월11:30 - 20:0015:00 - 17:00 브레이크타임19:10 라스트오더_월11:30 - 20:0015:00 - 17:00 브레이크타임19:10 라스트오더_월_11:30 - 20:0015:00 - 17:00 브레이크타임19:10 라스트오더_화11:30 - 20:0015:00 - 17:00 브레이크타임19:10 라스트오더_화11:30 - 20:0015:00 - 17:00 브레이크타임19:10 라스트오더_화11:30 - 20:0015:00 - 17:00 브레이크타임19:10 라스트오더_화_11:30 - 20:0015:00 - 17:00 브레이크타임19:10 라스트오더_- 점심 라스트오더는 14:10 입니다.접기_- 점심 라스트오더는 14:10 입니다.접기_- 점심 라스트오더는 14:10 입니다._- 점심 라스트오더는 14:10 입니다._접기_접기,별점없음,0,0,https://search.pstatic.net/common/?autoRotate=true&type=w278_sharpen&src=https%3A%2F%2Fldb-phinf.pstatic.net%2F20251128_268%2F1764308415765GAGjK_JPEG%2F%25B4%25D9%25BF%25EE%25B7%25CE%25B5%25E5.jpg,단체 이용 가능_포장_무선 인터넷_남/녀 화장실 구분_예약,주차가능무료
히포파운드,1762730414,"카페,디저트","도로명전북 전주시 완산구 기린대로 130 1층 , 히포파운드복사지번전북 전주시 완산구 남노송동 519-47복사우편번호우편번호55033복사안내 레이어 닫기",0507-1458-6290,오늘 휴무매주 수요일 휴무매주 수요일 휴무_오늘 휴무매주 수요일 휴무매주 수요일 휴무_오늘 휴무매주 수요일 휴무매주 수요일 휴무_오늘 휴무_매주 수요일 휴무매주 수요일 휴무_매주 수요일 휴무_매주 수요일 휴무_수정기휴무 (매주 수요일)_수정기휴무 (매주 수요일)_수정기휴무 (매주 수요일)_수_정기휴무 (매주 수요일)_정기휴무 (매주 수요일)_목정기휴무 (매주 목요일)_목정기휴무 (매주 목요일)_목정기휴무 (매주 목요일)_목_정기휴무 (매주 목요일)_정기휴무 (매주 목요일)_금11:00 - 19:00_금11:00 - 19:00_금11:00 - 19:00_금_11:00 - 19:00_토11:00 - 19:00_토11:00 - 19:00_토11:00 - 19:00_토_11:00 - 19:00_일11:00 - 19:00_일11:00 - 19:00_일11:00 - 19:00_일_11:00 - 19:00_월정기휴무 (매주 월요일)_월정기휴무 (매주 월요일)_월정기휴무 (매주 월요일)_월_정기휴무 (매주 월요일)_정기휴무 (매주 월요일)_화정기휴무 (매주 화요일)_화정기휴무 (매주 화요일)_화정기휴무 (매주 화요일)_화_정기휴무 (매주 화요일)_정기휴무 (매주 화요일)_- 제품 소진시 조기마감접기_- 제품 소진시 조기마감접기_- 제품 소진시 조기마감_- 제품 소진시 조기마감_접기_접기,별점없음,0,0,https://search.pstatic.net/common/?autoRotate=true&type=w560_sharpen&src=https%3A%2F%2Fldb-phinf.pstatic.net%2F20250702_49%2F1751430288790mFakK_JPEG%2FPSX_20250701_222614.jpg,포장,주차 불가
현대옥 한옥마을점,36601205,국밥,도로명전북 전주시 완산구 오목대길 66복사지번전북 전주시 완산구 교동 92-12복사우편번호우편번호55044복사안내 레이어 닫기,063-285-8989,영업 종료08:00에 영업 시작8시 0분에 영업 시작_영업 종료08:00에 영업 시작8시 0분에 영업 시작_영업 종료08:00에 영업 시작8시 0분에 영업 시작_영업 종료_08:00에 영업 시작8시 0분에 영업 시작_08:00에 영업 시작_8시 0분에 영업 시작_매일08:00 - 19:0015:00 - 16:00 브레이크타임접기_매일08:00 - 19:0015:00 - 16:00 브레이크타임접기_매일08:00 - 19:0015:00 - 16:00 브레이크타임_매일_08:00 - 19:0015:00 - 16:00 브레이크타임_접기_접기,별점4.24,0,0,https://search.pstatic.net/common/?autoRotate=true&type=w560_sharpen&src=https%3A%2F%2Fldb-phinf.pstatic.net%2F20251222_174%2F1766391846040gEJow_JPEG%2F00._%25C7%25C3%25B7%25B9%25C0%25CC%25BD%25BA_%25B4%25EB%25C7%25A5%25BB%25E7%25C1%25F81%2528%25BF%25C0%25C2%25A1%25BE%25EE%25BB%25E7%25B8%25AE_%25B9%25AE%25B1%25B8%25C3%25DF%25B0%25A1%2529.jpg,편의시설 정보 없음,주차 불가
전주맛집한림옥,1046726141,"백반,가정식",도로명전북 전주시 완산구 팔달로 145 1층 한림옥복사지번전북 전주시 완산구 전동 125-8복사우편번호우편번호55043복사안내 레이어 닫기,0507-1470-1531,영업 종료09:00에 영업 시작9시 0분에 영업 시작_영업 종료09:00에 영업 시작9시 0분에 영업 시작_영업 종료09:00에 영업 시작9시 0분에 영업 시작_영업 종료_09:00에 영업 시작9시 0분에 영업 시작_09:00에 영업 시작_9시 0분에 영업 시작_매일09:00 - 20:0015:00 - 16:00 브레이크타임접기_매일09:00 - 20:0015:00 - 16:00 브레이크타임접기_매일09:00 - 20:0015:00 - 16:00 브레이크타임_매일_09:00 - 20:0015:00 - 16:00 브레이크타임_접기_접기,별점없음,0,0,https://search.pstatic.net/common/?autoRotate=true&type=w560_sharpen&src=https%3A%2F%2Fldb-phinf.pstatic.net%2F20260328_186%2F1774685151682IAK1x_PNG%2F30E5A2BC-DA4D-4209-86C6-978673DE38C2.png,단체 이용 가능_예약,주차가능무료
파스톨로지,1827022117,"스파게티,파스타전문",도로명전북 전주시 완산구 전주객사3길 98 1층복사지번전북 전주시 완산구 고사동 300-9복사우편번호우편번호54999복사안내 레이어 닫기,0507-1327-3002,"영업 종료11:30에 영업 시작11시 30분에 영업 시작_영업 종료11:30에 영업 시작11시 30분에 영업 시작_영업 종료11:30에 영업 시작11시 30분에 영업 시작_영업 종료_11:30에 영업 시작11시 30분에 영업 시작_11:30에 영업 시작_11시 30분에 영업 시작_수11:30 - 20:4015:00 - 17:00 브레이크타임_수11:30 - 20:4015:00 - 17:00 브레이크타임_수11:30 - 20:4015:00 - 17:00 브레이크타임_수_11:30 - 20:4015:00 - 17:00 브레이크타임_목11:30 - 20:4015:00 - 17:00 브레이크타임_목11:30 - 20:4015:00 - 17:00 브레이크타임_목11:30 - 20:4015:00 - 17:00 브레이크타임_목_11:30 - 20:4015:00 - 17:00 브레이크타임_금11:30 - 20:4015:00 - 17:00 브레이크타임_금11:30 - 20:4015:00 - 17:00 브레이크타임_금11:30 - 20:4015:00 - 17:00 브레이크타임_금_11:30 - 20:4015:00 - 17:00 브레이크타임_토11:30 - 20:4015:00 - 17:00 브레이크타임_토11:30 - 20:4015:00 - 17:00 브레이크타임_토11:30 - 20:4015:00 - 17:00 브레이크타임_토_11:30 - 20:4015:00 - 17:00 브레이크타임_일11:30 - 20:4015:00 - 17:00 브레이크타임_일11:30 - 20:4015:00 - 17:00 브레이크타임_일11:30 - 20:4015:00 - 17:00 브레이크타임_일_11:30 - 20:4015:00 - 17:00 브레이크타임_월정기휴무 (매주 월요일)_월정기휴무 (매주 월요일)_월정기휴무 (매주 월요일)_월_정기휴무 (매주 월요일)_정기휴무 (매주 월요일)_화11:30 - 20:4015:00 - 17:00 브레이크타임_화11:30 - 20:4015:00 - 17:00 브레이크타임_화11:30 - 20:4015:00 - 17:00 브레이크타임_화_11:30 - 20:4015:00 - 17:00 브레이크타임_- 블루리본서베이,레드리본,식신맛집 선정,호주유학파셰프맛집접기_- 블루리본서베이,레드리본,식신맛집 선정,호주유학파셰프맛집접기_- 블루리본서베이,레드리본,식신맛집 선정,호주유학파셰프맛집_- 블루리본서베이,레드리본,식신맛집 선정,호주유학파셰프맛집_접기_접기",별점4.58,0,0,https://search.pstatic.net/common/?autoRotate=true&type=w560_sharpen&src=https%3A%2F%2Fldb-phinf.pstatic.net%2F20260509_48%2F177833317123661m05_JPEG%2FIMG_9617.jpg,콜키지 가능유료_대관_예약_무선 인터넷_남/녀 화장실 구분_포장_배달_단체 이용 가능_대기공간_유아의자_\반려동물 동반,주차가능유료
시선 전주본점,1124540853,"육류,고기요리",도로명전북 전주시 완산구 아중로 69 시선복사지번전북 전주시 완산구 중노송동 220-6복사우편번호우편번호55011복사안내 레이어 닫기,0507-1402-6992,영업 종료11:00에 영업 시작11시 0분에 영업 시작_영업 종료11:00에 영업 시작11시 0분에 영업 시작_영업 종료11:00에 영업 시작11시 0분에 영업 시작_영업 종료_11:00에 영업 시작11시 0분에 영업 시작_11:00에 영업 시작_11시 0분에 영업 시작_수(6/10)17:00 - 22:00_수(6/10)17:00 - 22:00_수(6/10)17:00 - 22:00_수(6/10)_17:00 - 22:00_목11:00 - 22:0015:00 - 17:00 브레이크타임21:00 라스트오더_목11:00 - 22:0015:00 - 17:00 브레이크타임21:00 라스트오더_목11:00 - 22:0015:00 - 17:00 브레이크타임21:00 라스트오더_목_11:00 - 22:0015:00 - 17:00 브레이크타임21:00 라스트오더_금11:00 - 22:0015:00 - 17:00 브레이크타임21:00 라스트오더_금11:00 - 22:0015:00 - 17:00 브레이크타임21:00 라스트오더_금11:00 - 22:0015:00 - 17:00 브레이크타임21:00 라스트오더_금_11:00 - 22:0015:00 - 17:00 브레이크타임21:00 라스트오더_토11:00 - 22:0015:00 - 17:00 브레이크타임21:00 라스트오더_토11:00 - 22:0015:00 - 17:00 브레이크타임21:00 라스트오더_토11:00 - 22:0015:00 - 17:00 브레이크타임21:00 라스트오더_토_11:00 - 22:0015:00 - 17:00 브레이크타임21:00 라스트오더_일11:00 - 22:0015:00 - 17:00 브레이크타임21:00 라스트오더_일11:00 - 22:0015:00 - 17:00 브레이크타임21:00 라스트오더_일11:00 - 22:0015:00 - 17:00 브레이크타임21:00 라스트오더_일_11:00 - 22:0015:00 - 17:00 브레이크타임21:00 라스트오더_월정기휴무 (매주 월요일)_월정기휴무 (매주 월요일)_월정기휴무 (매주 월요일)_월_정기휴무 (매주 월요일)_정기휴무 (매주 월요일)_화17:00 - 22:0021:00 라스트오더_화17:00 - 22:0021:00 라스트오더_화17:00 - 22:0021:00 라스트오더_화_17:00 - 22:0021:00 라스트오더_- 화요일은 오후5시부터 영업합니다!(점심영접기_- 화요일은 오후5시부터 영업합니다!(점심영접기_- 화요일은 오후5시부터 영업합니다!(점심영_- 화요일은 오후5시부터 영업합니다!(점심영_접기_접기,별점없음,0,0,https://search.pstatic.net/common/?autoRotate=true&type=w560_sharpen&src=https%3A%2F%2Fnaverbooking-phinf.pstatic.net%2F20260411_61%2F1775836971909gN4en_PNG%2Fimage.png,콜키지 가능무료_단체 이용 가능_무선 인터넷_남/녀 화장실 구분_예약_유아의자,주차가능무료
장가네왕족발,20066569,"족발,보쌈",도로명전북 전주시 완산구 동문길 24 장가네왕족발복사지번전북 전주시 완산구 풍남동2가 6-2복사우편번호우편번호55040복사안내 레이어 닫기,063-282-7476,영업 종료11:00에 영업 시작11시 0분에 영업 시작_영업 종료11:00에 영업 시작11시 0분에 영업 시작_영업 종료11:00에 영업 시작11시 0분에 영업 시작_영업 종료_11:00에 영업 시작11시 0분에 영업 시작_11:00에 영업 시작_11시 0분에 영업 시작_수11:00 - 22:00_수11:00 - 22:00_수11:00 - 22:00_수_11:00 - 22:00_목11:00 - 22:00_목11:00 - 22:00_목11:00 - 22:00_목_11:00 - 22:00_금11:00 - 22:00_금11:00 - 22:00_금11:00 - 22:00_금_11:00 - 22:00_토11:00 - 22:00_토11:00 - 22:00_토11:00 - 22:00_토_11:00 - 22:00_일11:00 - 21:30_일11:00 - 21:30_일11:00 - 21:30_일_11:00 - 21:30_월11:00 - 22:00_월11:00 - 22:00_월11:00 - 22:00_월_11:00 - 22:00_화11:00 - 22:00_화11:00 - 22:00_화11:00 - 22:00_화_11:00 - 22:00_격주 화요일 정기 휴무접기_격주 화요일 정기 휴무접기_격주 화요일 정기 휴무_접기_접기,별점없음,0,0,https://search.pstatic.net/common/?autoRotate=true&type=w560_sharpen&src=https%3A%2F%2Fldb-phinf.pstatic.net%2F20220624_186%2F1656061111755eIOW3_JPEG%2F20210418_075506.jpg,단체 이용 가능_예약_포장_남/녀 화장실 구분,주차 불가
노매딕 비어가든,1881814519,"맥주,호프",도로명전북 전주시 완산구 향교길 57복사지번전북 전주시 완산구 교동 110-1복사우편번호우편번호55044복사안내 레이어 닫기,0507-1492-2315,영업 종료15:00에 영업 시작15시 0분에 영업 시작_영업 종료15:00에 영업 시작15시 0분에 영업 시작_영업 종료15:00에 영업 시작15시 0분에 영업 시작_영업 종료_15:00에 영업 시작15시 0분에 영업 시작_15:00에 영업 시작_15시 0분에 영업 시작_수15:00 - 23:00_수15:00 - 23:00_수15:00 - 23:00_수_15:00 - 23:00_목15:00 - 23:00_목15:00 - 23:00_목15:00 - 23:00_목_15:00 - 23:00_금15:00 - 24:00_금15:00 - 24:00_금15:00 - 24:00_금_15:00 - 24:00_토15:00 - 24:00_토15:00 - 24:00_토15:00 - 24:00_토_15:00 - 24:00_일15:00 - 24:00_일15:00 - 24:00_일15:00 - 24:00_일_15:00 - 24:00_월15:00 - 23:00_월15:00 - 23:00_월15:00 - 23:00_월_15:00 - 23:00_화15:00 - 23:00접기_화15:00 - 23:00접기_화15:00 - 23:00_화_15:00 - 23:00_접기_접기,별점없음,0,0,https://search.pstatic.net/common/?autoRotate=true&type=w560_sharpen&src=https%3A%2F%2Fldb-phinf.pstatic.net%2F20240919_198%2F1726718210216NS4J2_JPEG%2FBEER_GARDEN_2.jpg,테이크아웃 할인_비건 메뉴_무선 인터넷_\반려동물 동반_남/녀 화장실 구분_단체 이용 가능_포장,주차 불가
경기전막걸리,365573704,한식,도로명전북 전주시 완산구 전동성당길 78복사지번전북 전주시 완산구 전동 34-1복사우편번호우편번호55042복사안내 레이어 닫기,0507-1483-1114,영업 종료15:00에 영업 시작15시 0분에 영업 시작_영업 종료15:00에 영업 시작15시 0분에 영업 시작_영업 종료15:00에 영업 시작15시 0분에 영업 시작_영업 종료_15:00에 영업 시작15시 0분에 영업 시작_15:00에 영업 시작_15시 0분에 영업 시작_수15:00 - 22:00_수15:00 - 22:00_수15:00 - 22:00_수_15:00 - 22:00_목15:00 - 22:00_목15:00 - 22:00_목15:00 - 22:00_목_15:00 - 22:00_금15:00 - 22:00_금15:00 - 22:00_금15:00 - 22:00_금_15:00 - 22:00_토11:00 - 23:00_토11:00 - 23:00_토11:00 - 23:00_토_11:00 - 23:00_일15:00 - 22:00_일15:00 - 22:00_일15:00 - 22:00_일_15:00 - 22:00_월15:00 - 22:00_월15:00 - 22:00_월15:00 - 22:00_월_15:00 - 22:00_화15:00 - 22:00_화15:00 - 22:00_화15:00 - 22:00_화_15:00 - 22:00_- 법정 공휴일은 정상 영업합니다.접기_- 법정 공휴일은 정상 영업합니다.접기_- 법정 공휴일은 정상 영업합니다._- 법정 공휴일은 정상 영업합니다._접기_접기,별점없음,0,0,https://search.pstatic.net/common/?autoRotate=true&type=w560_sharpen&src=https%3A%2F%2Fldb-phinf.pstatic.net%2F20180116_179%2F1516088324427nrmBz_JPEG%2F7N3JVj-X5scQFm9AFcm4SdHP.jpg,예약_단체 이용 가능_무선 인터넷_남/녀 화장실 구분_출입구 휠체어 이용가능,주차가능무료
교동떡갈비,19570232,"육류,고기요리",도로명전북 전주시 완산구 은행로 52복사지번전북 전주시 완산구 풍남동3가 73-2복사우편번호우편번호55042복사안내 레이어 닫기,063-288-2232,영업 종료11:00에 영업 시작11시 0분에 영업 시작_영업 종료11:00에 영업 시작11시 0분에 영업 시작_영업 종료11:00에 영업 시작11시 0분에 영업 시작_영업 종료_11:00에 영업 시작11시 0분에 영업 시작_11:00에 영업 시작_11시 0분에 영업 시작_매일11:00 - 20:30접기_매일11:00 - 20:30접기_매일11:00 - 20:30_매일_11:00 - 20:30_접기_접기,별점4.17,0,0,https://search.pstatic.net/common/?autoRotate=true&type=w560_sharpen&src=https%3A%2F%2Fldb-phinf.pstatic.net%2F20171222_121%2F1513928854046V8yvl_JPEG%2F1n7EYZ0Fb-1IdlVPY5alORFC.jpg,단체 이용 가능_예약_포장_남/녀 화장실 구분_무선 인터넷,주차가능무료
남노갈비 본점,16792676,"육류,고기요리",도로명전북 전주시 완산구 한지길 24복사지번전북 전주시 완산구 풍남동2가 29-5복사우편번호우편번호55040복사안내 레이어 닫기,063-288-3525,오늘 휴무매주 수요일 휴무매주 수요일 휴무_오늘 휴무매주 수요일 휴무매주 수요일 휴무_오늘 휴무매주 수요일 휴무매주 수요일 휴무_오늘 휴무_매주 수요일 휴무매주 수요일 휴무_매주 수요일 휴무_매주 수요일 휴무_수정기휴무 (매주 수요일)_수정기휴무 (매주 수요일)_수정기휴무 (매주 수요일)_수_정기휴무 (매주 수요일)_정기휴무 (매주 수요일)_목11:00 - 21:4014:30 - 16:00 브레이크타임_목11:00 - 21:4014:30 - 16:00 브레이크타임_목11:00 - 21:4014:30 - 16:00 브레이크타임_목_11:00 - 21:4014:30 - 16:00 브레이크타임_금11:00 - 21:4014:30 - 16:00 브레이크타임_금11:00 - 21:4014:30 - 16:00 브레이크타임_금11:00 - 21:4014:30 - 16:00 브레이크타임_금_11:00 - 21:4014:30 - 16:00 브레이크타임_토11:00 - 21:4014:30 - 16:00 브레이크타임_토11:00 - 21:4014:30 - 16:00 브레이크타임_토11:00 - 21:4014:30 - 16:00 브레이크타임_토_11:00 - 21:4014:30 - 16:00 브레이크타임_일11:00 - 21:4014:30 - 16:00 브레이크타임_일11:00 - 21:4014:30 - 16:00 브레이크타임_일11:00 - 21:4014:30 - 16:00 브레이크타임_일_11:00 - 21:4014:30 - 16:00 브레이크타임_월11:00 - 21:4014:30 - 16:00 브레이크타임_월11:00 - 21:4014:30 - 16:00 브레이크타임_월11:00 - 21:4014:30 - 16:00 브레이크타임_월_11:00 - 21:4014:30 - 16:00 브레이크타임_화11:00 - 21:4014:30 - 16:00 브레이크타임접기_화11:00 - 21:4014:30 - 16:00 브레이크타임접기_화11:00 - 21:4014:30 - 16:00 브레이크타임_화_11:00 - 21:4014:30 - 16:00 브레이크타임_접기_접기,별점4.19,0,0,https://search.pstatic.net/common/?autoRotate=true&type=w560_sharpen&src=https%3A%2F%2Fldb-phinf.pstatic.net%2F20151113_29%2F14473961070394ucBL_JPEG%2F167063555845782_0.jpg,편의시설 정보 없음,주차가능무료
한옥마을물갈비,1617861777,"육류,고기요리",도로명전북 전주시 완산구 동문길 28 1층복사지번전북 전주시 완산구 풍남동2가 7-3복사우편번호우편번호55040복사안내 레이어 닫기,0507-1361-6685,영업 종료11:00에 영업 시작11시 0분에 영업 시작_영업 종료11:00에 영업 시작11시 0분에 영업 시작_영업 종료11:00에 영업 시작11시 0분에 영업 시작_영업 종료_11:00에 영업 시작11시 0분에 영업 시작_11:00에 영업 시작_11시 0분에 영업 시작_수11:00 - 22:0015:00 - 16:30 브레이크타임_수11:00 - 22:0015:00 - 16:30 브레이크타임_수11:00 - 22:0015:00 - 16:30 브레이크타임_수_11:00 - 22:0015:00 - 16:30 브레이크타임_목11:00 - 22:0015:00 - 16:30 브레이크타임_목11:00 - 22:0015:00 - 16:30 브레이크타임_목11:00 - 22:0015:00 - 16:30 브레이크타임_목_11:00 - 22:0015:00 - 16:30 브레이크타임_금11:00 - 22:0015:00 - 16:30 브레이크타임_금11:00 - 22:0015:00 - 16:30 브레이크타임_금11:00 - 22:0015:00 - 16:30 브레이크타임_금_11:00 - 22:0015:00 - 16:30 브레이크타임_토11:00 - 22:00_토11:00 - 22:00_토11:00 - 22:00_토_11:00 - 22:00_일11:00 - 22:00_일11:00 - 22:00_일11:00 - 22:00_일_11:00 - 22:00_월11:00 - 22:0015:00 - 16:30 브레이크타임_월11:00 - 22:0015:00 - 16:30 브레이크타임_월11:00 - 22:0015:00 - 16:30 브레이크타임_월_11:00 - 22:0015:00 - 16:30 브레이크타임_화11:00 - 22:0015:00 - 16:30 브레이크타임접기_화11:00 - 22:0015:00 - 16:30 브레이크타임접기_화11:00 - 22:0015:00 - 16:30 브레이크타임_화_11:00 - 22:0015:00 - 16:30 브레이크타임_접기_접기,별점없음,0,0,https://search.pstatic.net/common/?autoRotate=true&type=w560_sharpen&src=https%3A%2F%2Fldb-phinf.pstatic.net%2F20230712_23%2F16891250719552viUT_JPEG%2FIMG_2069.jpg,단체 이용 가능_포장_예약_무선 인터넷_남/녀 화장실 구분,주차가능
교동석갈비,33276367,한식,도로명전북 전주시 완산구 태조로 26 마패복사지번전북 전주시 완산구 풍남동3가 66-2복사우편번호우편번호55042복사안내 레이어 닫기,063-288-2282,영업 종료11:00에 영업 시작11시 0분에 영업 시작_영업 종료11:00에 영업 시작11시 0분에 영업 시작_영업 종료11:00에 영업 시작11시 0분에 영업 시작_영업 종료_11:00에 영업 시작11시 0분에 영업 시작_11:00에 영업 시작_11시 0분에 영업 시작_수11:00 - 20:3015:30 - 16:00 브레이크타임20:00 라스트오더_수11:00 - 20:3015:30 - 16:00 브레이크타임20:00 라스트오더_수11:00 - 20:3015:30 - 16:00 브레이크타임20:00 라스트오더_수_11:00 - 20:3015:30 - 16:00 브레이크타임20:00 라스트오더_목11:00 - 20:3015:30 - 16:00 브레이크타임20:00 라스트오더_목11:00 - 20:3015:30 - 16:00 브레이크타임20:00 라스트오더_목11:00 - 20:3015:30 - 16:00 브레이크타임20:00 라스트오더_목_11:00 - 20:3015:30 - 16:00 브레이크타임20:00 라스트오더_금11:00 - 20:3015:30 - 16:00 브레이크타임20:00 라스트오더_금11:00 - 20:3015:30 - 16:00 브레이크타임20:00 라스트오더_금11:00 - 20:3015:30 - 16:00 브레이크타임20:00 라스트오더_금_11:00 - 20:3015:30 - 16:00 브레이크타임20:00 라스트오더_토11:00 - 20:3020:00 라스트오더_토11:00 - 20:3020:00 라스트오더_토11:00 - 20:3020:00 라스트오더_토_11:00 - 20:3020:00 라스트오더_일11:00 - 20:3020:00 라스트오더_일11:00 - 20:3020:00 라스트오더_일11:00 - 20:3020:00 라스트오더_일_11:00 - 20:3020:00 라스트오더_월11:00 - 20:3015:30 - 16:00 브레이크타임20:00 라스트오더_월11:00 - 20:3015:30 - 16:00 브레이크타임20:00 라스트오더_월11:00 - 20:3015:30 - 16:00 브레이크타임20:00 라스트오더_월_11:00 - 20:3015:30 - 16:00 브레이크타임20:00 라스트오더_화11:00 - 20:3015:30 - 16:00 브레이크타임20:00 라스트오더_화11:00 - 20:3015:30 - 16:00 브레이크타임20:00 라스트오더_화11:00 - 20:3015:30 - 16:00 브레이크타임20:00 라스트오더_화_11:00 - 20:3015:30 - 16:00 브레이크타임20:00 라스트오더_- 명절 연휴 다 영업합니다.접기_- 명절 연휴 다 영업합니다.접기_- 명절 연휴 다 영업합니다._- 명절 연휴 다 영업합니다._접기_접기,별점4.12,0,0,https://search.pstatic.net/common/?autoRotate=true&type=w560_sharpen&src=https%3A%2F%2Fldb-phinf.pstatic.net%2F20151113_124%2F1447393691727KyPJg_JPEG%2F167063547830200_0.jpg,단체 이용 가능_포장_남/녀 화장실 구분_무선 인터넷_예약,주차가능
고궁수라간 한옥마을점,37232352,비빔밥,도로명전북 전주시 완산구 은행로 31 고궁수라간 한옥마을점복사지번전북 전주시 완산구 풍남동3가 36-3복사우편번호우편번호55041복사안내 레이어 닫기,0507-1310-3212,영업 종료11:00에 영업 시작11시 0분에 영업 시작_영업 종료11:00에 영업 시작11시 0분에 영업 시작_영업 종료11:00에 영업 시작11시 0분에 영업 시작_영업 종료_11:00에 영업 시작11시 0분에 영업 시작_11:00에 영업 시작_11시 0분에 영업 시작_수11:00 - 20:3015:00 - 17:00 브레이크타임20:00 라스트오더_수11:00 - 20:3015:00 - 17:00 브레이크타임20:00 라스트오더_수11:00 - 20:3015:00 - 17:00 브레이크타임20:00 라스트오더_수_11:00 - 20:3015:00 - 17:00 브레이크타임20:00 라스트오더_목11:00 - 20:3015:00 - 17:00 브레이크타임20:00 라스트오더_목11:00 - 20:3015:00 - 17:00 브레이크타임20:00 라스트오더_목11:00 - 20:3015:00 - 17:00 브레이크타임20:00 라스트오더_목_11:00 - 20:3015:00 - 17:00 브레이크타임20:00 라스트오더_금11:00 - 20:3015:00 - 17:00 브레이크타임20:00 라스트오더_금11:00 - 20:3015:00 - 17:00 브레이크타임20:00 라스트오더_금11:00 - 20:3015:00 - 17:00 브레이크타임20:00 라스트오더_금_11:00 - 20:3015:00 - 17:00 브레이크타임20:00 라스트오더_토11:00 - 20:3020:00 라스트오더_토11:00 - 20:3020:00 라스트오더_토11:00 - 20:3020:00 라스트오더_토_11:00 - 20:3020:00 라스트오더_일11:00 - 20:3020:00 라스트오더_일11:00 - 20:3020:00 라스트오더_일11:00 - 20:3020:00 라스트오더_일_11:00 - 20:3020:00 라스트오더_월11:00 - 20:3015:00 - 17:00 브레이크타임20:00 라스트오더_월11:00 - 20:3015:00 - 17:00 브레이크타임20:00 라스트오더_월11:00 - 20:3015:00 - 17:00 브레이크타임20:00 라스트오더_월_11:00 - 20:3015:00 - 17:00 브레이크타임20:00 라스트오더_화11:00 - 20:3015:00 - 17:00 브레이크타임20:00 라스트오더_화11:00 - 20:3015:00 - 17:00 브레이크타임20:00 라스트오더_화11:00 - 20:3015:00 - 17:00 브레이크타임20:00 라스트오더_화_11:00 - 20:3015:00 - 17:00 브레이크타임20:00 라스트오더_- 마감입장은 20:00까지 가능접기_- 마감입장은 20:00까지 가능접기_- 마감입장은 20:00까지 가능_- 마감입장은 20:00까지 가능_접기_접기,별점없음,0,0,https://search.pstatic.net/common/?autoRotate=true&type=w560_sharpen&src=https%3A%2F%2Fldb-phinf.pstatic.net%2F20190507_43%2F1557199809426dCm7j_PNG%2F%25C0%25FC%25C1%25D6%25B5%25B9%25BC%25DC%25BA%25F1%25BA%25F6%25B9%25E4.png,단체 이용 가능_포장_무선 인터넷_남/녀 화장실 구분_대기공간_출입구 휠체어 이용가능,주차 불가
풍남정,16795271,한식,도로명전북 전주시 완산구 태조로 52복사지번전북 전주시 완산구 전동 71-1복사우편번호우편번호55042복사안내 레이어 닫기,063-285-7782,영업 종료10:30에 영업 시작10시 30분에 영업 시작_영업 종료10:30에 영업 시작10시 30분에 영업 시작_영업 종료10:30에 영업 시작10시 30분에 영업 시작_영업 종료_10:30에 영업 시작10시 30분에 영업 시작_10:30에 영업 시작_10시 30분에 영업 시작_수10:30 - 21:0016:00 - 17:00 브레이크타임_수10:30 - 21:0016:00 - 17:00 브레이크타임_수10:30 - 21:0016:00 - 17:00 브레이크타임_수_10:30 - 21:0016:00 - 17:00 브레이크타임_목10:30 - 21:0016:00 - 17:00 브레이크타임_목10:30 - 21:0016:00 - 17:00 브레이크타임_목10:30 - 21:0016:00 - 17:00 브레이크타임_목_10:30 - 21:0016:00 - 17:00 브레이크타임_금10:30 - 21:0016:00 - 17:00 브레이크타임_금10:30 - 21:0016:00 - 17:00 브레이크타임_금10:30 - 21:0016:00 - 17:00 브레이크타임_금_10:30 - 21:0016:00 - 17:00 브레이크타임_토10:30 - 21:0016:00 - 17:00 브레이크타임_토10:30 - 21:0016:00 - 17:00 브레이크타임_토10:30 - 21:0016:00 - 17:00 브레이크타임_토_10:30 - 21:0016:00 - 17:00 브레이크타임_일10:30 - 21:0016:00 - 17:00 브레이크타임_일10:30 - 21:0016:00 - 17:00 브레이크타임_일10:30 - 21:0016:00 - 17:00 브레이크타임_일_10:30 - 21:0016:00 - 17:00 브레이크타임_월정기휴무 (매주 월요일)_월정기휴무 (매주 월요일)_월정기휴무 (매주 월요일)_월_정기휴무 (매주 월요일)_정기휴무 (매주 월요일)_화10:30 - 21:0016:00 - 17:00 브레이크타임_화10:30 - 21:0016:00 - 17:00 브레이크타임_화10:30 - 21:0016:00 - 17:00 브레이크타임_화_10:30 - 21:0016:00 - 17:00 브레이크타임_- 6월중 매주 월요일은 쉽니다접기_- 6월중 매주 월요일은 쉽니다접기_- 6월중 매주 월요일은 쉽니다_- 6월중 매주 월요일은 쉽니다_접기_접기,별점없음,0,0,https://search.pstatic.net/common/?autoRotate=true&type=w560_sharpen&src=https%3A%2F%2Fldb-phinf.pstatic.net%2F20151222_200%2F14507692767873cT4J_JPEG%2F167172565775481_0.jpg,단체 이용 가능_유아의자_남/녀 화장실 구분_포장_출입구 휠체어 이용가능,주차 불가
완산본국밥,1605532714,국밥,도로명전북 전주시 완산구 경기전길 44 1층복사지번전북 전주시 완산구 경원동2가 62복사우편번호우편번호55039복사안내 레이어 닫기,063-282-9409,영업 종료11:00에 영업 시작11시 0분에 영업 시작_영업 종료11:00에 영업 시작11시 0분에 영업 시작_영업 종료11:00에 영업 시작11시 0분에 영업 시작_영업 종료_11:00에 영업 시작11시 0분에 영업 시작_11:00에 영업 시작_11시 0분에 영업 시작_수11:00 - 21:0015:00 - 17:00 브레이크타임20:30 라스트오더_수11:00 - 21:0015:00 - 17:00 브레이크타임20:30 라스트오더_수11:00 - 21:0015:00 - 17:00 브레이크타임20:30 라스트오더_수_11:00 - 21:0015:00 - 17:00 브레이크타임20:30 라스트오더_목11:00 - 21:0015:00 - 17:00 브레이크타임20:30 라스트오더_목11:00 - 21:0015:00 - 17:00 브레이크타임20:30 라스트오더_목11:00 - 21:0015:00 - 17:00 브레이크타임20:30 라스트오더_목_11:00 - 21:0015:00 - 17:00 브레이크타임20:30 라스트오더_금11:00 - 21:0015:00 - 17:00 브레이크타임20:30 라스트오더_금11:00 - 21:0015:00 - 17:00 브레이크타임20:30 라스트오더_금11:00 - 21:0015:00 - 17:00 브레이크타임20:30 라스트오더_금_11:00 - 21:0015:00 - 17:00 브레이크타임20:30 라스트오더_토11:00 - 21:0015:00 - 17:00 브레이크타임20:30 라스트오더_토11:00 - 21:0015:00 - 17:00 브레이크타임20:30 라스트오더_토11:00 - 21:0015:00 - 17:00 브레이크타임20:30 라스트오더_토_11:00 - 21:0015:00 - 17:00 브레이크타임20:30 라스트오더_일11:00 - 21:0015:00 - 17:00 브레이크타임20:30 라스트오더_일11:00 - 21:0015:00 - 17:00 브레이크타임20:30 라스트오더_일11:00 - 21:0015:00 - 17:00 브레이크타임20:30 라스트오더_일_11:00 - 21:0015:00 - 17:00 브레이크타임20:30 라스트오더_월정기휴무 (매주 월요일)_월정기휴무 (매주 월요일)_월정기휴무 (매주 월요일)_월_정기휴무 (매주 월요일)_정기휴무 (매주 월요일)_화11:00 - 21:0015:00 - 17:00 브레이크타임20:30 라스트오더접기_화11:00 - 21:0015:00 - 17:00 브레이크타임20:30 라스트오더접기_화11:00 - 21:0015:00 - 17:00 브레이크타임20:30 라스트오더_화_11:00 - 21:0015:00 - 17:00 브레이크타임20:30 라스트오더_접기_접기,별점없음,0,0,https://search.pstatic.net/common/?autoRotate=true&type=w560_sharpen&src=https%3A%2F%2Fldb-phinf.pstatic.net%2F20260409_95%2F17757222836833CHN0_JPEG%2F19783.jpg,단체 이용 가능_유아의자_무선 인터넷_남/녀 화장실 구분,주차 불가
피콜로,1528624932,양식,도로명전북 전주시 완산구 전주객사1길 42 1층 피콜로복사지번전북 전주시 완산구 다가동3가 43-5복사우편번호우편번호54999복사안내 레이어 닫기,0507-1388-5252,"영업 종료11:30에 영업 시작11시 30분에 영업 시작_영업 종료11:30에 영업 시작11시 30분에 영업 시작_영업 종료11:30에 영업 시작11시 30분에 영업 시작_영업 종료_11:30에 영업 시작11시 30분에 영업 시작_11:30에 영업 시작_11시 30분에 영업 시작_수11:30 - 21:3015:30 - 17:00 브레이크타임14:30, 20:30 라스트오더_수11:30 - 21:3015:30 - 17:00 브레이크타임14:30, 20:30 라스트오더_수11:30 - 21:3015:30 - 17:00 브레이크타임14:30, 20:30 라스트오더_수_11:30 - 21:3015:30 - 17:00 브레이크타임14:30, 20:30 라스트오더_목11:30 - 21:3015:30 - 17:00 브레이크타임14:30, 20:30 라스트오더_목11:30 - 21:3015:30 - 17:00 브레이크타임14:30, 20:30 라스트오더_목11:30 - 21:3015:30 - 17:00 브레이크타임14:30, 20:30 라스트오더_목_11:30 - 21:3015:30 - 17:00 브레이크타임14:30, 20:30 라스트오더_금11:30 - 21:3015:30 - 17:00 브레이크타임14:30, 20:30 라스트오더_금11:30 - 21:3015:30 - 17:00 브레이크타임14:30, 20:30 라스트오더_금11:30 - 21:3015:30 - 17:00 브레이크타임14:30, 20:30 라스트오더_금_11:30 - 21:3015:30 - 17:00 브레이크타임14:30, 20:30 라스트오더_토11:30 - 21:3016:00 - 17:00 브레이크타임15:00, 20:30 라스트오더_토11:30 - 21:3016:00 - 17:00 브레이크타임15:00, 20:30 라스트오더_토11:30 - 21:3016:00 - 17:00 브레이크타임15:00, 20:30 라스트오더_토_11:30 - 21:3016:00 - 17:00 브레이크타임15:00, 20:30 라스트오더_일11:30 - 21:3016:00 - 17:00 브레이크타임15:00, 20:30 라스트오더_일11:30 - 21:3016:00 - 17:00 브레이크타임15:00, 20:30 라스트오더_일11:30 - 21:3016:00 - 17:00 브레이크타임15:00, 20:30 라스트오더_일_11:30 - 21:3016:00 - 17:00 브레이크타임15:00, 20:30 라스트오더_월11:30 - 21:3015:30 - 17:00 브레이크타임14:30, 20:30 라스트오더_월11:30 - 21:3015:30 - 17:00 브레이크타임14:30, 20:30 라스트오더_월11:30 - 21:3015:30 - 17:00 브레이크타임14:30, 20:30 라스트오더_월_11:30 - 21:3015:30 - 17:00 브레이크타임14:30, 20:30 라스트오더_화정기휴무 (매주 화요일)접기_화정기휴무 (매주 화요일)접기_화정기휴무 (매주 화요일)_화_정기휴무 (매주 화요일)_정기휴무 (매주 화요일)_접기_접기",별점4.54,0,0,https://search.pstatic.net/common/?autoRotate=true&type=w560_sharpen&src=https%3A%2F%2Fldb-phinf.pstatic.net%2F20220126_177%2F1643130593585xA2Y7_JPEG%2FKakaoTalk_20220107_133921865.jpg,콜키지 가능유료_단체 이용 가능_무선 인터넷_예약_포장_배달_유아의자_대기공간_출입구 휠체어 이용가능,주차가능유료
생활맥주 전주객리단길점,1034080506,"맥주,호프",도로명전북 전주시 완산구 전주객사2길 28-3 생활맥주복사지번전북 전주시 완산구 고사동 459-2복사우편번호우편번호54999복사안내 레이어 닫기,0507-1405-2200,영업 중다음 날 02:00에 영업 종료다음 날 2시 0분에 영업 종료_영업 중다음 날 02:00에 영업 종료다음 날 2시 0분에 영업 종료_영업 중다음 날 02:00에 영업 종료다음 날 2시 0분에 영업 종료_영업 중_다음 날 02:00에 영업 종료다음 날 2시 0분에 영업 종료_다음 날 02:00에 영업 종료_다음 날 2시 0분에 영업 종료_수17:00 - 다음 날 02:00_수17:00 - 다음 날 02:00_수17:00 - 다음 날 02:00_수_17:00 - 다음 날 02:00_목17:00 - 다음 날 02:00_목17:00 - 다음 날 02:00_목17:00 - 다음 날 02:00_목_17:00 - 다음 날 02:00_금17:00 - 다음 날 03:00_금17:00 - 다음 날 03:00_금17:00 - 다음 날 03:00_금_17:00 - 다음 날 03:00_토17:00 - 다음 날 03:00_토17:00 - 다음 날 03:00_토17:00 - 다음 날 03:00_토_17:00 - 다음 날 03:00_일16:00 - 다음 날 01:00_일16:00 - 다음 날 01:00_일16:00 - 다음 날 01:00_일_16:00 - 다음 날 01:00_월17:00 - 다음 날 02:00_월17:00 - 다음 날 02:00_월17:00 - 다음 날 02:00_월_17:00 - 다음 날 02:00_화17:00 - 다음 날 02:00접기_화17:00 - 다음 날 02:00접기_화17:00 - 다음 날 02:00_화_17:00 - 다음 날 02:00_접기_접기,별점없음,0,0,https://search.pstatic.net/common/?autoRotate=true&type=w560_sharpen&src=https%3A%2F%2Fldb-phinf.pstatic.net%2F20250409_288%2F1744202634328Cmojp_JPEG%2F%25B8%25C5%25C0%25E5%25B3%25BB%25BA%25CE.jpg,포장_단체 이용 가능_배달_무선 인터넷_예약_\반려동물 동반_남/녀 화장실 구분,주차가능무료
외할머니솜씨,16809530,차,도로명전북 전주시 완산구 오목대길 81-8복사지번전북 전주시 완산구 교동 97-1복사우편번호우편번호55044복사안내 레이어 닫기,063-232-5804,영업 종료11:00에 영업 시작11시 0분에 영업 시작_영업 종료11:00에 영업 시작11시 0분에 영업 시작_영업 종료11:00에 영업 시작11시 0분에 영업 시작_영업 종료_11:00에 영업 시작11시 0분에 영업 시작_11:00에 영업 시작_11시 0분에 영업 시작_수11:00 - 18:0017:30 라스트오더_수11:00 - 18:0017:30 라스트오더_수11:00 - 18:0017:30 라스트오더_수_11:00 - 18:0017:30 라스트오더_목11:00 - 18:0017:30 라스트오더_목11:00 - 18:0017:30 라스트오더_목11:00 - 18:0017:30 라스트오더_목_11:00 - 18:0017:30 라스트오더_금11:00 - 18:0017:30 라스트오더_금11:00 - 18:0017:30 라스트오더_금11:00 - 18:0017:30 라스트오더_금_11:00 - 18:0017:30 라스트오더_토11:00 - 20:0019:30 라스트오더_토11:00 - 20:0019:30 라스트오더_토11:00 - 20:0019:30 라스트오더_토_11:00 - 20:0019:30 라스트오더_일11:00 - 20:0019:30 라스트오더_일11:00 - 20:0019:30 라스트오더_일11:00 - 20:0019:30 라스트오더_일_11:00 - 20:0019:30 라스트오더_월11:00 - 18:0017:30 라스트오더_월11:00 - 18:0017:30 라스트오더_월11:00 - 18:0017:30 라스트오더_월_11:00 - 18:0017:30 라스트오더_화11:00 - 18:0017:30 라스트오더_화11:00 - 18:0017:30 라스트오더_화11:00 - 18:0017:30 라스트오더_화_11:00 - 18:0017:30 라스트오더_- 설연휴 8시주문마감 9시 클로즈 입니다접기_- 설연휴 8시주문마감 9시 클로즈 입니다접기_- 설연휴 8시주문마감 9시 클로즈 입니다_- 설연휴 8시주문마감 9시 클로즈 입니다_접기_접기,별점없음,0,0,https://search.pstatic.net/common/?autoRotate=true&type=w560_sharpen&src=https%3A%2F%2Fldb-phinf.pstatic.net%2F20181016_30%2F1539674375169hoQIA_JPEG%2FRHjINkoa1n5GSrzMc2ImXcx4.jpg,단체 이용 가능_포장_남/녀 화장실 구분_무선 인터넷_장애인 주차구역,주차가능무료
꽃담집,1857422428,한식,도로명전북 전주시 완산구 은행로 38 꽃담집복사지번전북 전주시 완산구 풍남동3가 76-23복사우편번호우편번호55042복사안내 레이어 닫기,0507-1358-3393,영업 종료10:30에 영업 시작10시 30분에 영업 시작_영업 종료10:30에 영업 시작10시 30분에 영업 시작_영업 종료10:30에 영업 시작10시 30분에 영업 시작_영업 종료_10:30에 영업 시작10시 30분에 영업 시작_10:30에 영업 시작_10시 30분에 영업 시작_수10:30 - 21:0015:00 - 16:30 브레이크타임20:20 라스트오더_수10:30 - 21:0015:00 - 16:30 브레이크타임20:20 라스트오더_수10:30 - 21:0015:00 - 16:30 브레이크타임20:20 라스트오더_수_10:30 - 21:0015:00 - 16:30 브레이크타임20:20 라스트오더_목10:30 - 21:0015:00 - 16:30 브레이크타임20:20 라스트오더_목10:30 - 21:0015:00 - 16:30 브레이크타임20:20 라스트오더_목10:30 - 21:0015:00 - 16:30 브레이크타임20:20 라스트오더_목_10:30 - 21:0015:00 - 16:30 브레이크타임20:20 라스트오더_금10:30 - 21:0015:00 - 16:30 브레이크타임20:20 라스트오더_금10:30 - 21:0015:00 - 16:30 브레이크타임20:20 라스트오더_금10:30 - 21:0015:00 - 16:30 브레이크타임20:20 라스트오더_금_10:30 - 21:0015:00 - 16:30 브레이크타임20:20 라스트오더_토10:30 - 21:0015:30 - 16:30 브레이크타임20:20 라스트오더_토10:30 - 21:0015:30 - 16:30 브레이크타임20:20 라스트오더_토10:30 - 21:0015:30 - 16:30 브레이크타임20:20 라스트오더_토_10:30 - 21:0015:30 - 16:30 브레이크타임20:20 라스트오더_일10:30 - 21:0015:30 - 16:30 브레이크타임20:20 라스트오더_일10:30 - 21:0015:30 - 16:30 브레이크타임20:20 라스트오더_일10:30 - 21:0015:30 - 16:30 브레이크타임20:20 라스트오더_일_10:30 - 21:0015:30 - 16:30 브레이크타임20:20 라스트오더_월10:30 - 21:0015:00 - 16:30 브레이크타임20:20 라스트오더_월10:30 - 21:0015:00 - 16:30 브레이크타임20:20 라스트오더_월10:30 - 21:0015:00 - 16:30 브레이크타임20:20 라스트오더_월_10:30 - 21:0015:00 - 16:30 브레이크타임20:20 라스트오더_화10:30 - 21:0015:00 - 16:30 브레이크타임20:20 라스트오더접기_화10:30 - 21:0015:00 - 16:30 브레이크타임20:20 라스트오더접기_화10:30 - 21:0015:00 - 16:30 브레이크타임20:20 라스트오더_화_10:30 - 21:0015:00 - 16:30 브레이크타임20:20 라스트오더_접기_접기,별점없음,0,0,https://search.pstatic.net/common/?autoRotate=true&type=w560_sharpen&src=https%3A%2F%2Fldb-phinf.pstatic.net%2F20231105_273%2F1699163632663TWlIv_JPEG%2F1N1A2455.jpg,남/녀 화장실 구분_무선 인터넷_포장_예약_단체 이용 가능,주차 불가
전동떡갈비,1867826015,한식,도로명전북 전주시 완산구 전동성당길 66복사지번전북 전주시 완산구 전동 16-2복사우편번호우편번호55042복사안내 레이어 닫기,063-232-5500,영업 종료10:30에 영업 시작10시 30분에 영업 시작_영업 종료10:30에 영업 시작10시 30분에 영업 시작_영업 종료10:30에 영업 시작10시 30분에 영업 시작_영업 종료_10:30에 영업 시작10시 30분에 영업 시작_10:30에 영업 시작_10시 30분에 영업 시작_수10:30 - 20:3015:30 - 17:00 브레이크타임19:50 라스트오더_수10:30 - 20:3015:30 - 17:00 브레이크타임19:50 라스트오더_수10:30 - 20:3015:30 - 17:00 브레이크타임19:50 라스트오더_수_10:30 - 20:3015:30 - 17:00 브레이크타임19:50 라스트오더_목10:30 - 20:3015:30 - 17:00 브레이크타임19:50 라스트오더_목10:30 - 20:3015:30 - 17:00 브레이크타임19:50 라스트오더_목10:30 - 20:3015:30 - 17:00 브레이크타임19:50 라스트오더_목_10:30 - 20:3015:30 - 17:00 브레이크타임19:50 라스트오더_금10:30 - 20:3015:30 - 17:00 브레이크타임19:50 라스트오더_금10:30 - 20:3015:30 - 17:00 브레이크타임19:50 라스트오더_금10:30 - 20:3015:30 - 17:00 브레이크타임19:50 라스트오더_금_10:30 - 20:3015:30 - 17:00 브레이크타임19:50 라스트오더_토10:30 - 20:3015:30 - 17:00 브레이크타임19:50 라스트오더_토10:30 - 20:3015:30 - 17:00 브레이크타임19:50 라스트오더_토10:30 - 20:3015:30 - 17:00 브레이크타임19:50 라스트오더_토_10:30 - 20:3015:30 - 17:00 브레이크타임19:50 라스트오더_일10:30 - 20:3015:30 - 17:00 브레이크타임19:50 라스트오더_일10:30 - 20:3015:30 - 17:00 브레이크타임19:50 라스트오더_일10:30 - 20:3015:30 - 17:00 브레이크타임19:50 라스트오더_일_10:30 - 20:3015:30 - 17:00 브레이크타임19:50 라스트오더_월10:30 - 20:3015:30 - 17:00 브레이크타임19:50 라스트오더_월10:30 - 20:3015:30 - 17:00 브레이크타임19:50 라스트오더_월10:30 - 20:3015:30 - 17:00 브레이크타임19:50 라스트오더_월_10:30 - 20:3015:30 - 17:00 브레이크타임19:50 라스트오더_화10:30 - 20:3015:30 - 17:00 브레이크타임19:50 라스트오더접기_화10:30 - 20:3015:30 - 17:00 브레이크타임19:50 라스트오더접기_화10:30 - 20:3015:30 - 17:00 브레이크타임19:50 라스트오더_화_10:30 - 20:3015:30 - 17:00 브레이크타임19:50 라스트오더_접기_접기,별점없음,0,0,https://search.pstatic.net/common/?autoRotate=true&type=w560_sharpen&src=https%3A%2F%2Fldb-phinf.pstatic.net%2F20180730_94%2F1532904624772HGUiN_JPEG%2FSa6Vn0KZdKuDwzkOXH0bkIq9.JPG.jpg,단체 이용 가능_남/녀 화장실 구분_무선 인터넷_예약_유아의자,주차가능무료
경기전중앙숯불,13342926,소고기구이,지번전북 전주시 완산구 풍남동3가 80-1복사우편번호우편번호560033복사안내 레이어 닫기,063-231-1771,영업 종료11:30에 영업 시작11시 30분에 영업 시작_영업 종료11:30에 영업 시작11시 30분에 영업 시작_영업 종료11:30에 영업 시작11시 30분에 영업 시작_영업 종료_11:30에 영업 시작11시 30분에 영업 시작_11:30에 영업 시작_11시 30분에 영업 시작_목11:30 - 21:3015:00 - 16:30 브레이크타임_목11:30 - 21:3015:00 - 16:30 브레이크타임_목11:30 - 21:3015:00 - 16:30 브레이크타임_목_11:30 - 21:3015:00 - 16:30 브레이크타임_금11:30 - 21:3015:00 - 16:30 브레이크타임_금11:30 - 21:3015:00 - 16:30 브레이크타임_금11:30 - 21:3015:00 - 16:30 브레이크타임_금_11:30 - 21:3015:00 - 16:30 브레이크타임_토11:30 - 21:3015:00 - 16:30 브레이크타임_토11:30 - 21:3015:00 - 16:30 브레이크타임_토11:30 - 21:3015:00 - 16:30 브레이크타임_토_11:30 - 21:3015:00 - 16:30 브레이크타임_일정기휴무 (매주 일요일)_일정기휴무 (매주 일요일)_일정기휴무 (매주 일요일)_일_정기휴무 (매주 일요일)_정기휴무 (매주 일요일)_월11:30 - 21:3015:00 - 16:30 브레이크타임_월11:30 - 21:3015:00 - 16:30 브레이크타임_월11:30 - 21:3015:00 - 16:30 브레이크타임_월_11:30 - 21:3015:00 - 16:30 브레이크타임_화11:30 - 21:3015:00 - 16:30 브레이크타임_화11:30 - 21:3015:00 - 16:30 브레이크타임_화11:30 - 21:3015:00 - 16:30 브레이크타임_화_11:30 - 21:3015:00 - 16:30 브레이크타임_수11:30 - 21:3015:00 - 16:30 브레이크타임접기_수11:30 - 21:3015:00 - 16:30 브레이크타임접기_수11:30 - 21:3015:00 - 16:30 브레이크타임_수_11:30 - 21:3015:00 - 16:30 브레이크타임_접기_접기,별점없음,0,0,https://search.pstatic.net/common/?autoRotate=true&type=w560_sharpen&src=https%3A%2F%2Fldb-phinf.pstatic.net%2F20210611_145%2F1623400722194tT9fm_JPEG%2FscZOPNeC--nLC8UmWeHjO07q.jpeg.jpg,단체 이용 가능,주차가능무료
아서원1920 전주한옥마을꽃심호텔점,2099020069,중식당,도로명전북 전주시 완산구 팔달로 171 1층복사지번전북 전주시 완산구 경원동1가 102복사우편번호우편번호55038복사안내 레이어 닫기,0507-1443-1790,"영업 종료11:00에 영업 시작11시 0분에 영업 시작_영업 종료11:00에 영업 시작11시 0분에 영업 시작_영업 종료11:00에 영업 시작11시 0분에 영업 시작_영업 종료_11:00에 영업 시작11시 0분에 영업 시작_11:00에 영업 시작_11시 0분에 영업 시작_목11:00 - 21:0015:00 - 17:00 브레이크타임14:20, 20:20 라스트오더_목11:00 - 21:0015:00 - 17:00 브레이크타임14:20, 20:20 라스트오더_목11:00 - 21:0015:00 - 17:00 브레이크타임14:20, 20:20 라스트오더_목_11:00 - 21:0015:00 - 17:00 브레이크타임14:20, 20:20 라스트오더_금11:00 - 21:0015:00 - 17:00 브레이크타임14:20, 20:20 라스트오더_금11:00 - 21:0015:00 - 17:00 브레이크타임14:20, 20:20 라스트오더_금11:00 - 21:0015:00 - 17:00 브레이크타임14:20, 20:20 라스트오더_금_11:00 - 21:0015:00 - 17:00 브레이크타임14:20, 20:20 라스트오더_토11:00 - 21:0015:00 - 16:30 브레이크타임14:20, 20:20 라스트오더_토11:00 - 21:0015:00 - 16:30 브레이크타임14:20, 20:20 라스트오더_토11:00 - 21:0015:00 - 16:30 브레이크타임14:20, 20:20 라스트오더_토_11:00 - 21:0015:00 - 16:30 브레이크타임14:20, 20:20 라스트오더_일11:00 - 21:0015:00 - 16:30 브레이크타임14:20, 20:20 라스트오더_일11:00 - 21:0015:00 - 16:30 브레이크타임14:20, 20:20 라스트오더_일11:00 - 21:0015:00 - 16:30 브레이크타임14:20, 20:20 라스트오더_일_11:00 - 21:0015:00 - 16:30 브레이크타임14:20, 20:20 라스트오더_월11:00 - 21:0015:00 - 17:00 브레이크타임14:20, 20:20 라스트오더_월11:00 - 21:0015:00 - 17:00 브레이크타임14:20, 20:20 라스트오더_월11:00 - 21:0015:00 - 17:00 브레이크타임14:20, 20:20 라스트오더_월_11:00 - 21:0015:00 - 17:00 브레이크타임14:20, 20:20 라스트오더_화11:00 - 21:0015:00 - 17:00 브레이크타임14:20, 20:20 라스트오더_화11:00 - 21:0015:00 - 17:00 브레이크타임14:20, 20:20 라스트오더_화11:00 - 21:0015:00 - 17:00 브레이크타임14:20, 20:20 라스트오더_화_11:00 - 21:0015:00 - 17:00 브레이크타임14:20, 20:20 라스트오더_수11:00 - 21:0015:00 - 17:00 브레이크타임14:20, 20:20 라스트오더접기_수11:00 - 21:0015:00 - 17:00 브레이크타임14:20, 20:20 라스트오더접기_수11:00 - 21:0015:00 - 17:00 브레이크타임14:20, 20:20 라스트오더_수_11:00 - 21:0015:00 - 17:00 브레이크타임14:20, 20:20 라스트오더_접기_접기",별점없음,0,0,https://search.pstatic.net/common/?autoRotate=true&type=w560_sharpen&src=https%3A%2F%2Fldb-phinf.pstatic.net%2F20250704_237%2F1751596452416oropY_PNG%2F%25BE%25C6%25BC%25AD%25BF%25F8_%25BA%25ED%25B7%25E7%25B8%25AE%25BA%25BB2025.png,콜키지 가능유료_단체 이용 가능_예약_무선 인터넷_유아의자_포장_남/녀 화장실 구분_화장실 휠체어 이용가능_출입구 휠체어 이용가능_좌석 휠체어 이용가능_장애인 주차구역,주차가능무료
맘앤타르트 전주한옥마을본점,36917453,"카페,디저트",도로명전북 전주시 완산구 전동성당길 100 1층복사지번전북 전주시 완산구 전동 64-1복사우편번호우편번호55042복사안내 레이어 닫기,0507-1394-9582,영업 종료10:00에 영업 시작10시 0분에 영업 시작_영업 종료10:00에 영업 시작10시 0분에 영업 시작_영업 종료10:00에 영업 시작10시 0분에 영업 시작_영업 종료_10:00에 영업 시작10시 0분에 영업 시작_10:00에 영업 시작_10시 0분에 영업 시작_목10:00 - 19:00_목10:00 - 19:00_목10:00 - 19:00_목_10:00 - 19:00_금10:00 - 19:00_금10:00 - 19:00_금10:00 - 19:00_금_10:00 - 19:00_토10:00 - 19:00_토10:00 - 19:00_토10:00 - 19:00_토_10:00 - 19:00_일10:00 - 19:00_일10:00 - 19:00_일10:00 - 19:00_일_10:00 - 19:00_월10:00 - 19:00_월10:00 - 19:00_월10:00 - 19:00_월_10:00 - 19:00_화10:00 - 19:00_화10:00 - 19:00_화10:00 - 19:00_화_10:00 - 19:00_수10:00 - 19:00_수10:00 - 19:00_수10:00 - 19:00_수_10:00 - 19:00_- 재료 소진 시 영업시간 상관없이 마감입니다 :)접기_- 재료 소진 시 영업시간 상관없이 마감입니다 :)접기_- 재료 소진 시 영업시간 상관없이 마감입니다 :)_- 재료 소진 시 영업시간 상관없이 마감입니다 :)_접기_접기,별점없음,0,0,https://search.pstatic.net/common/?autoRotate=true&type=w560_sharpen&src=https%3A%2F%2Fldb-phinf.pstatic.net%2F20260306_98%2F1772774744333G21n0_JPEG%2F1772774570717.jpg,예약_포장_배달_방문접수/출장_무선 인터넷_남/녀 화장실 구분,주차가능
옛촌막걸리 전주한옥마을 직영점,37462977,"전통,민속주점",도로명전북 전주시 완산구 팔달로 144-4복사지번전북 전주시 완산구 전동 52-2복사우편번호우편번호55042복사안내 레이어 닫기,063-232-9991,영업 종료15:00에 영업 시작15시 0분에 영업 시작_영업 종료15:00에 영업 시작15시 0분에 영업 시작_영업 종료15:00에 영업 시작15시 0분에 영업 시작_영업 종료_15:00에 영업 시작15시 0분에 영업 시작_15:00에 영업 시작_15시 0분에 영업 시작_목15:00 - 21:3020:30 라스트오더_목15:00 - 21:3020:30 라스트오더_목15:00 - 21:3020:30 라스트오더_목_15:00 - 21:3020:30 라스트오더_금15:00 - 22:3021:30 라스트오더_금15:00 - 22:3021:30 라스트오더_금15:00 - 22:3021:30 라스트오더_금_15:00 - 22:3021:30 라스트오더_토13:00 - 22:3021:30 라스트오더_토13:00 - 22:3021:30 라스트오더_토13:00 - 22:3021:30 라스트오더_토_13:00 - 22:3021:30 라스트오더_일13:00 - 21:0020:00 라스트오더_일13:00 - 21:0020:00 라스트오더_일13:00 - 21:0020:00 라스트오더_일_13:00 - 21:0020:00 라스트오더_월15:00 - 21:3020:30 라스트오더_월15:00 - 21:3020:30 라스트오더_월15:00 - 21:3020:30 라스트오더_월_15:00 - 21:3020:30 라스트오더_화15:00 - 21:3020:30 라스트오더_화15:00 - 21:3020:30 라스트오더_화15:00 - 21:3020:30 라스트오더_화_15:00 - 21:3020:30 라스트오더_수15:00 - 21:3020:30 라스트오더_수15:00 - 21:3020:30 라스트오더_수15:00 - 21:3020:30 라스트오더_수_15:00 - 21:3020:30 라스트오더_- 영업시간은 영업장 상황에 따라 단축 될 수 있습니다.접기_- 영업시간은 영업장 상황에 따라 단축 될 수 있습니다.접기_- 영업시간은 영업장 상황에 따라 단축 될 수 있습니다._- 영업시간은 영업장 상황에 따라 단축 될 수 있습니다._접기_접기,별점4.16,0,0,https://search.pstatic.net/common/?autoRotate=true&type=w560_sharpen&src=https%3A%2F%2Fldb-phinf.pstatic.net%2F20220512_260%2F1652321225594Xd2rP_JPEG%2FDSC01622.jpg,단체 이용 가능_남/녀 화장실 구분_무선 인터넷_포장,주차가능
마시랑게,1123902077,"카페,디저트",도로명전북 전주시 완산구 전동성당길 100 1층 2층복사지번전북 전주시 완산구 전동 64-1복사우편번호우편번호55042복사안내 레이어 닫기,0507-1477-1739,영업 종료10:30에 영업 시작10시 30분에 영업 시작_영업 종료10:30에 영업 시작10시 30분에 영업 시작_영업 종료10:30에 영업 시작10시 30분에 영업 시작_영업 종료_10:30에 영업 시작10시 30분에 영업 시작_10:30에 영업 시작_10시 30분에 영업 시작_매일10:30 - 21:00접기_매일10:30 - 21:00접기_매일10:30 - 21:00_매일_10:30 - 21:00_접기_접기,별점없음,0,0,https://search.pstatic.net/common/?autoRotate=true&type=w560_sharpen&src=https%3A%2F%2Fldb-phinf.pstatic.net%2F20231006_230%2F1696568625508lUASO_JPEG%2FKakaoTalk_20230801_152013597_07.jpg,단체 이용 가능_무선 인터넷_남/녀 화장실 구분_예약,주차 불가
교동다원,12002551,"카페,디저트",도로명전북 전주시 완산구 은행로 65-5 교동다원복사지번전북 전주시 완산구 교동 64-7복사우편번호우편번호55045복사안내 레이어 닫기,063-282-7133,영업 종료11:00에 영업 시작11시 0분에 영업 시작_영업 종료11:00에 영업 시작11시 0분에 영업 시작_영업 종료11:00에 영업 시작11시 0분에 영업 시작_영업 종료_11:00에 영업 시작11시 0분에 영업 시작_11:00에 영업 시작_11시 0분에 영업 시작_목11:00 - 19:00_목11:00 - 19:00_목11:00 - 19:00_목_11:00 - 19:00_금11:00 - 19:00_금11:00 - 19:00_금11:00 - 19:00_금_11:00 - 19:00_토11:00 - 19:00_토11:00 - 19:00_토11:00 - 19:00_토_11:00 - 19:00_일11:00 - 19:00_일11:00 - 19:00_일11:00 - 19:00_일_11:00 - 19:00_월11:00 - 19:00_월11:00 - 19:00_월11:00 - 19:00_월_11:00 - 19:00_화정기휴무 (매주 화요일)_화정기휴무 (매주 화요일)_화정기휴무 (매주 화요일)_화_정기휴무 (매주 화요일)_정기휴무 (매주 화요일)_수11:00 - 19:00접기_수11:00 - 19:00접기_수11:00 - 19:00_수_11:00 - 19:00_접기_접기,별점4.7,0,0,https://search.pstatic.net/common/?autoRotate=true&type=w560_sharpen&src=https%3A%2F%2Fldb-phinf.pstatic.net%2F20250429_43%2F17458559211903bwdp_JPEG%2FIMG_3489.jpeg,비건 메뉴_무선 인터넷_남/녀 화장실 구분_포장_단체 이용 가능_노키즈존,주차 불가
기와,36438334,한식,도로명전북 전주시 완산구 어진길 15복사지번전북 전주시 완산구 남노송동 98-13복사우편번호우편번호55041복사안내 레이어 닫기,0507-1483-0722,영업 종료11:00에 영업 시작11시 0분에 영업 시작_영업 종료11:00에 영업 시작11시 0분에 영업 시작_영업 종료11:00에 영업 시작11시 0분에 영업 시작_영업 종료_11:00에 영업 시작11시 0분에 영업 시작_11:00에 영업 시작_11시 0분에 영업 시작_목11:00 - 21:0016:00 - 17:00 브레이크타임20:30 라스트오더_목11:00 - 21:0016:00 - 17:00 브레이크타임20:30 라스트오더_목11:00 - 21:0016:00 - 17:00 브레이크타임20:30 라스트오더_목_11:00 - 21:0016:00 - 17:00 브레이크타임20:30 라스트오더_금11:00 - 21:0016:00 - 17:00 브레이크타임20:30 라스트오더_금11:00 - 21:0016:00 - 17:00 브레이크타임20:30 라스트오더_금11:00 - 21:0016:00 - 17:00 브레이크타임20:30 라스트오더_금_11:00 - 21:0016:00 - 17:00 브레이크타임20:30 라스트오더_토11:00 - 21:0020:30 라스트오더_토11:00 - 21:0020:30 라스트오더_토11:00 - 21:0020:30 라스트오더_토_11:00 - 21:0020:30 라스트오더_일11:00 - 21:0020:30 라스트오더_일11:00 - 21:0020:30 라스트오더_일11:00 - 21:0020:30 라스트오더_일_11:00 - 21:0020:30 라스트오더_월11:00 - 21:0016:00 - 17:00 브레이크타임20:30 라스트오더_월11:00 - 21:0016:00 - 17:00 브레이크타임20:30 라스트오더_월11:00 - 21:0016:00 - 17:00 브레이크타임20:30 라스트오더_월_11:00 - 21:0016:00 - 17:00 브레이크타임20:30 라스트오더_화11:00 - 21:0016:00 - 17:00 브레이크타임20:30 라스트오더_화11:00 - 21:0016:00 - 17:00 브레이크타임20:30 라스트오더_화11:00 - 21:0016:00 - 17:00 브레이크타임20:30 라스트오더_화_11:00 - 21:0016:00 - 17:00 브레이크타임20:30 라스트오더_수11:00 - 21:0016:00 - 17:00 브레이크타임20:30 라스트오더_수11:00 - 21:0016:00 - 17:00 브레이크타임20:30 라스트오더_수11:00 - 21:0016:00 - 17:00 브레이크타임20:30 라스트오더_수_11:00 - 21:0016:00 - 17:00 브레이크타임20:30 라스트오더_- 저희 업장은 연중무휴로 영업을 하고 있습니다.접기_- 저희 업장은 연중무휴로 영업을 하고 있습니다.접기_- 저희 업장은 연중무휴로 영업을 하고 있습니다._- 저희 업장은 연중무휴로 영업을 하고 있습니다._접기_접기,별점없음,0,0,https://search.pstatic.net/common/?autoRotate=true&type=w560_sharpen&src=https%3A%2F%2Fldb-phinf.pstatic.net%2F20251108_262%2F1762585589989QpdrY_JPEG%2FP20251017_203130465_3F49C49E-BC92-4451-AE7C-ECCCE8152DAD.JPG,콜키지 가능유료_예약_단체 이용 가능_남/녀 화장실 구분_무선 인터넷_유아의자,주차가능무료
올드브릭,1714791865,"카페,디저트",도로명전북 전주시 완산구 황학6길 1 올드브릭복사지번전북 전주시 완산구 동서학동 849-56복사우편번호우편번호55101복사안내 레이어 닫기,063-282-0046,영업 종료10:00에 영업 시작10시 0분에 영업 시작_영업 종료10:00에 영업 시작10시 0분에 영업 시작_영업 종료10:00에 영업 시작10시 0분에 영업 시작_영업 종료_10:00에 영업 시작10시 0분에 영업 시작_10:00에 영업 시작_10시 0분에 영업 시작_매일10:00 - 21:4021:00 라스트오더접기_매일10:00 - 21:4021:00 라스트오더접기_매일10:00 - 21:4021:00 라스트오더_매일_10:00 - 21:4021:00 라스트오더_접기_접기,별점없음,0,0,https://search.pstatic.net/common/?autoRotate=true&type=w560_sharpen&src=https%3A%2F%2Fldb-phinf.pstatic.net%2F20250912_36%2F1757653491626bJl8t_JPEG%2FKakaoTalk_20250912_135559745_05.jpg,단체 이용 가능_포장_무선 인터넷_남/녀 화장실 구분_유아의자_\반려동물 동반_화장실 휠체어 이용가능_출입구 휠체어 이용가능,주차가능무료
취향,1003701983,중식당,도로명전북 전주시 완산구 기린대로 204 1층 취향복사지번전북 전주시 완산구 서노송동 568-121복사우편번호우편번호55005복사안내 레이어 닫기,063-231-3331,영업 종료10:30에 영업 시작10시 30분에 영업 시작_영업 종료10:30에 영업 시작10시 30분에 영업 시작_영업 종료10:30에 영업 시작10시 30분에 영업 시작_영업 종료_10:30에 영업 시작10시 30분에 영업 시작_10:30에 영업 시작_10시 30분에 영업 시작_목10:30 - 21:0015:00 - 16:30 브레이크타임20:30 라스트오더_목10:30 - 21:0015:00 - 16:30 브레이크타임20:30 라스트오더_목10:30 - 21:0015:00 - 16:30 브레이크타임20:30 라스트오더_목_10:30 - 21:0015:00 - 16:30 브레이크타임20:30 라스트오더_금10:30 - 20:3015:00 - 16:30 브레이크타임20:00 라스트오더_금10:30 - 20:3015:00 - 16:30 브레이크타임20:00 라스트오더_금10:30 - 20:3015:00 - 16:30 브레이크타임20:00 라스트오더_금_10:30 - 20:3015:00 - 16:30 브레이크타임20:00 라스트오더_토10:30 - 21:0020:30 라스트오더_토10:30 - 21:0020:30 라스트오더_토10:30 - 21:0020:30 라스트오더_토_10:30 - 21:0020:30 라스트오더_일10:30 - 20:3020:00 라스트오더_일10:30 - 20:3020:00 라스트오더_일10:30 - 20:3020:00 라스트오더_일_10:30 - 20:3020:00 라스트오더_월정기휴무 (매주 월요일)_월정기휴무 (매주 월요일)_월정기휴무 (매주 월요일)_월_정기휴무 (매주 월요일)_정기휴무 (매주 월요일)_화10:30 - 21:0015:00 - 16:30 브레이크타임20:30 라스트오더_화10:30 - 21:0015:00 - 16:30 브레이크타임20:30 라스트오더_화10:30 - 21:0015:00 - 16:30 브레이크타임20:30 라스트오더_화_10:30 - 21:0015:00 - 16:30 브레이크타임20:30 라스트오더_수10:30 - 21:0015:00 - 16:30 브레이크타임20:30 라스트오더_수10:30 - 21:0015:00 - 16:30 브레이크타임20:30 라스트오더_수10:30 - 21:0015:00 - 16:30 브레이크타임20:30 라스트오더_수_10:30 - 21:0015:00 - 16:30 브레이크타임20:30 라스트오더_- 주말 및 공휴일은 브레이크 타임 없이 운영합니다접기_- 주말 및 공휴일은 브레이크 타임 없이 운영합니다접기_- 주말 및 공휴일은 브레이크 타임 없이 운영합니다_- 주말 및 공휴일은 브레이크 타임 없이 운영합니다_접기_접기,별점없음,0,0,https://search.pstatic.net/common/?autoRotate=true&type=w560_sharpen&src=https%3A%2F%2Fldb-phinf.pstatic.net%2F20250422_225%2F1745288510167TuIE2_JPEG%2F%25BB%25E7%25C0%25E5%25B4%25D4_%25BB%25E7%25C1%25F8.jpeg,단체 이용 가능_포장_예약_배달,주차가능무료
무슈빠따뜨,1032411589,피자,도로명전북 전주시 완산구 은행로 85-2 무슈빠따뜨복사지번전북 전주시 완산구 교동 119-2복사우편번호우편번호55045복사안내 레이어 닫기,0507-1469-8520,영업 종료11:30에 영업 시작11시 30분에 영업 시작_영업 종료11:30에 영업 시작11시 30분에 영업 시작_영업 종료11:30에 영업 시작11시 30분에 영업 시작_영업 종료_11:30에 영업 시작11시 30분에 영업 시작_11:30에 영업 시작_11시 30분에 영업 시작_목11:30 - 21:0015:00 - 17:00 브레이크타임20:00 라스트오더_목11:30 - 21:0015:00 - 17:00 브레이크타임20:00 라스트오더_목11:30 - 21:0015:00 - 17:00 브레이크타임20:00 라스트오더_목_11:30 - 21:0015:00 - 17:00 브레이크타임20:00 라스트오더_금11:30 - 21:0015:00 - 17:00 브레이크타임20:00 라스트오더_금11:30 - 21:0015:00 - 17:00 브레이크타임20:00 라스트오더_금11:30 - 21:0015:00 - 17:00 브레이크타임20:00 라스트오더_금_11:30 - 21:0015:00 - 17:00 브레이크타임20:00 라스트오더_토11:30 - 21:0015:00 - 17:00 브레이크타임20:00 라스트오더_토11:30 - 21:0015:00 - 17:00 브레이크타임20:00 라스트오더_토11:30 - 21:0015:00 - 17:00 브레이크타임20:00 라스트오더_토_11:30 - 21:0015:00 - 17:00 브레이크타임20:00 라스트오더_일11:30 - 21:0015:00 - 17:00 브레이크타임20:00 라스트오더_일11:30 - 21:0015:00 - 17:00 브레이크타임20:00 라스트오더_일11:30 - 21:0015:00 - 17:00 브레이크타임20:00 라스트오더_일_11:30 - 21:0015:00 - 17:00 브레이크타임20:00 라스트오더_월11:30 - 21:0015:00 - 17:00 브레이크타임20:00 라스트오더_월11:30 - 21:0015:00 - 17:00 브레이크타임20:00 라스트오더_월11:30 - 21:0015:00 - 17:00 브레이크타임20:00 라스트오더_월_11:30 - 21:0015:00 - 17:00 브레이크타임20:00 라스트오더_화정기휴무 (매주 화요일)_화정기휴무 (매주 화요일)_화정기휴무 (매주 화요일)_화_정기휴무 (매주 화요일)_정기휴무 (매주 화요일)_수정기휴무 (매주 수요일)_수정기휴무 (매주 수요일)_수정기휴무 (매주 수요일)_수_정기휴무 (매주 수요일)_정기휴무 (매주 수요일)_- ✅ 라스트오더 점심 14:30 / 저녁 20:00접기_- ✅ 라스트오더 점심 14:30 / 저녁 20:00접기_- ✅ 라스트오더 점심 14:30 / 저녁 20:00_- ✅ 라스트오더 점심 14:30 / 저녁 20:00_접기_접기,별점없음,0,0,https://search.pstatic.net/common/?autoRotate=true&type=w560_sharpen&src=https%3A%2F%2Fldb-phinf.pstatic.net%2F20250213_270%2F1739436203635oXMV1_JPEG%2FIMG_3703.jpeg,무선 인터넷_포장,주차 불가
남양집 한옥마을본점,1043975062,"매운탕,해물탕",도로명전북 전주시 완산구 전주천동로 10복사지번전북 전주시 완산구 교동 3-18복사우편번호우편번호55045복사안내 레이어 닫기,063-284-1912,영업 종료09:00에 영업 시작9시 0분에 영업 시작_영업 종료09:00에 영업 시작9시 0분에 영업 시작_영업 종료09:00에 영업 시작9시 0분에 영업 시작_영업 종료_09:00에 영업 시작9시 0분에 영업 시작_09:00에 영업 시작_9시 0분에 영업 시작_목09:00 - 21:0020:00 라스트오더_목09:00 - 21:0020:00 라스트오더_목09:00 - 21:0020:00 라스트오더_목_09:00 - 21:0020:00 라스트오더_금09:00 - 21:0020:00 라스트오더_금09:00 - 21:0020:00 라스트오더_금09:00 - 21:0020:00 라스트오더_금_09:00 - 21:0020:00 라스트오더_토09:00 - 21:0020:00 라스트오더_토09:00 - 21:0020:00 라스트오더_토09:00 - 21:0020:00 라스트오더_토_09:00 - 21:0020:00 라스트오더_일09:00 - 21:0020:00 라스트오더_일09:00 - 21:0020:00 라스트오더_일09:00 - 21:0020:00 라스트오더_일_09:00 - 21:0020:00 라스트오더_월09:00 - 21:0020:00 라스트오더_월09:00 - 21:0020:00 라스트오더_월09:00 - 21:0020:00 라스트오더_월_09:00 - 21:0020:00 라스트오더_화09:00 - 21:0020:00 라스트오더_화09:00 - 21:0020:00 라스트오더_화09:00 - 21:0020:00 라스트오더_화_09:00 - 21:0020:00 라스트오더_수09:00 - 21:0020:00 라스트오더접기_수09:00 - 21:0020:00 라스트오더접기_수09:00 - 21:0020:00 라스트오더_수_09:00 - 21:0020:00 라스트오더_접기_접기,별점없음,0,0,https://search.pstatic.net/common/?autoRotate=true&type=w560_sharpen&src=https%3A%2F%2Fldb-phinf.pstatic.net%2F20240605_234%2F1717576226964jdzzm_PNG%2F20240605_172246.png,단체 이용 가능_예약_\반려동물 동반,주차 불가
하숙영가마솥비빔밥,13342936,비빔밥,도로명전북 전주시 완산구 전라감영5길 19-3 하숙영가마솥비빔밥복사지번전북 전주시 완산구 중앙동3가 78-1복사우편번호우편번호55038복사안내 레이어 닫기,063-285-4288,"영업 종료11:00에 영업 시작11시 0분에 영업 시작_영업 종료11:00에 영업 시작11시 0분에 영업 시작_영업 종료11:00에 영업 시작11시 0분에 영업 시작_영업 종료_11:00에 영업 시작11시 0분에 영업 시작_11:00에 영업 시작_11시 0분에 영업 시작_목11:00 - 20:3015:30 - 17:30 브레이크타임14:30, 19:30 라스트오더_목11:00 - 20:3015:30 - 17:30 브레이크타임14:30, 19:30 라스트오더_목11:00 - 20:3015:30 - 17:30 브레이크타임14:30, 19:30 라스트오더_목_11:00 - 20:3015:30 - 17:30 브레이크타임14:30, 19:30 라스트오더_금11:00 - 20:3015:30 - 17:30 브레이크타임14:30, 19:30 라스트오더_금11:00 - 20:3015:30 - 17:30 브레이크타임14:30, 19:30 라스트오더_금11:00 - 20:3015:30 - 17:30 브레이크타임14:30, 19:30 라스트오더_금_11:00 - 20:3015:30 - 17:30 브레이크타임14:30, 19:30 라스트오더_토11:00 - 20:3019:30 라스트오더_토11:00 - 20:3019:30 라스트오더_토11:00 - 20:3019:30 라스트오더_토_11:00 - 20:3019:30 라스트오더_일11:00 - 20:3019:30 라스트오더_일11:00 - 20:3019:30 라스트오더_일11:00 - 20:3019:30 라스트오더_일_11:00 - 20:3019:30 라스트오더_월11:00 - 20:3015:30 - 17:30 브레이크타임14:30, 19:30 라스트오더_월11:00 - 20:3015:30 - 17:30 브레이크타임14:30, 19:30 라스트오더_월11:00 - 20:3015:30 - 17:30 브레이크타임14:30, 19:30 라스트오더_월_11:00 - 20:3015:30 - 17:30 브레이크타임14:30, 19:30 라스트오더_화11:00 - 20:3015:30 - 17:30 브레이크타임14:30, 19:30 라스트오더_화11:00 - 20:3015:30 - 17:30 브레이크타임14:30, 19:30 라스트오더_화11:00 - 20:3015:30 - 17:30 브레이크타임14:30, 19:30 라스트오더_화_11:00 - 20:3015:30 - 17:30 브레이크타임14:30, 19:30 라스트오더_수정기휴무 (매주 수요일)_수정기휴무 (매주 수요일)_수정기휴무 (매주 수요일)_수_정기휴무 (매주 수요일)_정기휴무 (매주 수요일)_- 주말브레이크타임 없습니다. 4~6월 매주 수요일 휴무접기_- 주말브레이크타임 없습니다. 4~6월 매주 수요일 휴무접기_- 주말브레이크타임 없습니다. 4~6월 매주 수요일 휴무_- 주말브레이크타임 없습니다. 4~6월 매주 수요일 휴무_접기_접기",별점4.33,0,0,https://search.pstatic.net/common/?autoRotate=true&type=w560_sharpen&src=https%3A%2F%2Fldb-phinf.pstatic.net%2F20190604_221%2F1559651762842b4vhY_JPEG%2FHYzrA_yK8pICv5Z9eGSCRfMp.jpg,단체 이용 가능_남/녀 화장실 구분_무선 인터넷,주차가능유료
천년누리봄,21037887,"전통,민속주점",도로명전북 전주시 완산구 경기전길 38-8복사지번전북 전주시 완산구 경원동2가 53-1복사우편번호우편번호55039복사안내 레이어 닫기,0507-1303-8813,영업 종료11:30에 영업 시작11시 30분에 영업 시작_영업 종료11:30에 영업 시작11시 30분에 영업 시작_영업 종료11:30에 영업 시작11시 30분에 영업 시작_영업 종료_11:30에 영업 시작11시 30분에 영업 시작_11:30에 영업 시작_11시 30분에 영업 시작_목11:30 - 22:0014:00 - 17:00 브레이크타임20:30 라스트오더_목11:30 - 22:0014:00 - 17:00 브레이크타임20:30 라스트오더_목11:30 - 22:0014:00 - 17:00 브레이크타임20:30 라스트오더_목_11:30 - 22:0014:00 - 17:00 브레이크타임20:30 라스트오더_금11:30 - 22:0014:00 - 17:00 브레이크타임20:30 라스트오더_금11:30 - 22:0014:00 - 17:00 브레이크타임20:30 라스트오더_금11:30 - 22:0014:00 - 17:00 브레이크타임20:30 라스트오더_금_11:30 - 22:0014:00 - 17:00 브레이크타임20:30 라스트오더_토11:30 - 22:0014:00 - 17:00 브레이크타임20:30 라스트오더_토11:30 - 22:0014:00 - 17:00 브레이크타임20:30 라스트오더_토11:30 - 22:0014:00 - 17:00 브레이크타임20:30 라스트오더_토_11:30 - 22:0014:00 - 17:00 브레이크타임20:30 라스트오더_일정기휴무 (매주 일요일)_일정기휴무 (매주 일요일)_일정기휴무 (매주 일요일)_일_정기휴무 (매주 일요일)_정기휴무 (매주 일요일)_월11:30 - 22:0014:00 - 17:00 브레이크타임20:30 라스트오더_월11:30 - 22:0014:00 - 17:00 브레이크타임20:30 라스트오더_월11:30 - 22:0014:00 - 17:00 브레이크타임20:30 라스트오더_월_11:30 - 22:0014:00 - 17:00 브레이크타임20:30 라스트오더_화11:30 - 22:0014:00 - 17:00 브레이크타임20:30 라스트오더_화11:30 - 22:0014:00 - 17:00 브레이크타임20:30 라스트오더_화11:30 - 22:0014:00 - 17:00 브레이크타임20:30 라스트오더_화_11:30 - 22:0014:00 - 17:00 브레이크타임20:30 라스트오더_수11:30 - 22:0014:00 - 17:00 브레이크타임20:30 라스트오더접기_수11:30 - 22:0014:00 - 17:00 브레이크타임20:30 라스트오더접기_수11:30 - 22:0014:00 - 17:00 브레이크타임20:30 라스트오더_수_11:30 - 22:0014:00 - 17:00 브레이크타임20:30 라스트오더_접기_접기,별점없음,0,0,https://search.pstatic.net/common/?autoRotate=true&type=w560_sharpen&src=https%3A%2F%2Fldb-phinf.pstatic.net%2F20220621_195%2F1655796935087q7W3t_JPEG%2FKakaoTalk_20220519_144138561_02.jpg,단체 이용 가능_포장_예약_남/녀 화장실 구분,주차가능
이태리얼음과자아이스크림옥,2025548335,아이스크림,도로명전북 전주시 완산구 경기전길 141복사지번전북 전주시 완산구 교동 86-1복사우편번호우편번호55044복사안내 레이어 닫기,0507-1392-3694,영업 종료12:00에 영업 시작12시 0분에 영업 시작_영업 종료12:00에 영업 시작12시 0분에 영업 시작_영업 종료12:00에 영업 시작12시 0분에 영업 시작_영업 종료_12:00에 영업 시작12시 0분에 영업 시작_12:00에 영업 시작_12시 0분에 영업 시작_목12:00 - 22:00_목12:00 - 22:00_목12:00 - 22:00_목_12:00 - 22:00_금12:00 - 22:00_금12:00 - 22:00_금12:00 - 22:00_금_12:00 - 22:00_토09:30 - 22:00_토09:30 - 22:00_토09:30 - 22:00_토_09:30 - 22:00_일09:30 - 22:00_일09:30 - 22:00_일09:30 - 22:00_일_09:30 - 22:00_월12:00 - 22:00_월12:00 - 22:00_월12:00 - 22:00_월_12:00 - 22:00_화13:00 - 22:00_화13:00 - 22:00_화13:00 - 22:00_화_13:00 - 22:00_수12:00 - 22:00접기_수12:00 - 22:00접기_수12:00 - 22:00_수_12:00 - 22:00_접기_접기,별점없음,0,0,https://search.pstatic.net/common/?autoRotate=true&type=w560_sharpen&src=https%3A%2F%2Fldb-phinf.pstatic.net%2F20260121_102%2F1768966476550vtFzr_PNG%2FIMG_4517.png,편의시설 정보 없음,주차 불가
우동로 삼거리제면소,2088108062,일식당,도로명전북 전주시 완산구 전라감영로 73 1층 우동로 삼거리제면소복사지번전북 전주시 완산구 전동 140-9복사우편번호우편번호55038복사안내 레이어 닫기,0507-1441-4117,"영업 종료11:30에 영업 시작11시 30분에 영업 시작_영업 종료11:30에 영업 시작11시 30분에 영업 시작_영업 종료11:30에 영업 시작11시 30분에 영업 시작_영업 종료_11:30에 영업 시작11시 30분에 영업 시작_11:30에 영업 시작_11시 30분에 영업 시작_목11:30 - 21:0015:00 - 17:00 브레이크타임14:30, 20:30 라스트오더_목11:30 - 21:0015:00 - 17:00 브레이크타임14:30, 20:30 라스트오더_목11:30 - 21:0015:00 - 17:00 브레이크타임14:30, 20:30 라스트오더_목_11:30 - 21:0015:00 - 17:00 브레이크타임14:30, 20:30 라스트오더_금11:30 - 21:0015:00 - 17:00 브레이크타임14:30, 20:30 라스트오더_금11:30 - 21:0015:00 - 17:00 브레이크타임14:30, 20:30 라스트오더_금11:30 - 21:0015:00 - 17:00 브레이크타임14:30, 20:30 라스트오더_금_11:30 - 21:0015:00 - 17:00 브레이크타임14:30, 20:30 라스트오더_토11:30 - 21:0020:30 라스트오더_토11:30 - 21:0020:30 라스트오더_토11:30 - 21:0020:30 라스트오더_토_11:30 - 21:0020:30 라스트오더_일11:30 - 21:0020:30 라스트오더_일11:30 - 21:0020:30 라스트오더_일11:30 - 21:0020:30 라스트오더_일_11:30 - 21:0020:30 라스트오더_월11:30 - 21:0015:00 - 17:00 브레이크타임14:30, 20:30 라스트오더_월11:30 - 21:0015:00 - 17:00 브레이크타임14:30, 20:30 라스트오더_월11:30 - 21:0015:00 - 17:00 브레이크타임14:30, 20:30 라스트오더_월_11:30 - 21:0015:00 - 17:00 브레이크타임14:30, 20:30 라스트오더_화11:30 - 21:0015:00 - 17:00 브레이크타임14:30, 20:30 라스트오더_화11:30 - 21:0015:00 - 17:00 브레이크타임14:30, 20:30 라스트오더_화11:30 - 21:0015:00 - 17:00 브레이크타임14:30, 20:30 라스트오더_화_11:30 - 21:0015:00 - 17:00 브레이크타임14:30, 20:30 라스트오더_수11:30 - 21:0015:00 - 17:00 브레이크타임14:30, 20:30 라스트오더접기_수11:30 - 21:0015:00 - 17:00 브레이크타임14:30, 20:30 라스트오더접기_수11:30 - 21:0015:00 - 17:00 브레이크타임14:30, 20:30 라스트오더_수_11:30 - 21:0015:00 - 17:00 브레이크타임14:30, 20:30 라스트오더_접기_접기",별점없음,0,0,https://search.pstatic.net/common/?autoRotate=true&type=w560_sharpen&src=https%3A%2F%2Fldb-phinf.pstatic.net%2F20251204_19%2F1764835309427HX39L_JPEG%2FD5C107F1-BA4A-486B-BA12-B4AC0C6EA845.jpeg,단체 이용 가능_예약_무선 인터넷_남/녀 화장실 구분,주차가능무료
하와이안레시피,34907347,아시아음식,도로명전북 전주시 완산구 향교길 44복사지번전북 전주시 완산구 교동 215-2복사우편번호우편번호55044복사안내 레이어 닫기,0507-1361-7537,영업 종료11:00에 영업 시작11시 0분에 영업 시작_영업 종료11:00에 영업 시작11시 0분에 영업 시작_영업 종료11:00에 영업 시작11시 0분에 영업 시작_영업 종료_11:00에 영업 시작11시 0분에 영업 시작_11:00에 영업 시작_11시 0분에 영업 시작_목11:00 - 20:0015:30 - 17:00 브레이크타임19:30 라스트오더_목11:00 - 20:0015:30 - 17:00 브레이크타임19:30 라스트오더_목11:00 - 20:0015:30 - 17:00 브레이크타임19:30 라스트오더_목_11:00 - 20:0015:30 - 17:00 브레이크타임19:30 라스트오더_금11:00 - 20:0015:30 - 17:00 브레이크타임19:30 라스트오더_금11:00 - 20:0015:30 - 17:00 브레이크타임19:30 라스트오더_금11:00 - 20:0015:30 - 17:00 브레이크타임19:30 라스트오더_금_11:00 - 20:0015:30 - 17:00 브레이크타임19:30 라스트오더_토11:00 - 16:0015:30 라스트오더_토11:00 - 16:0015:30 라스트오더_토11:00 - 16:0015:30 라스트오더_토_11:00 - 16:0015:30 라스트오더_일정기휴무 (매주 일요일)_일정기휴무 (매주 일요일)_일정기휴무 (매주 일요일)_일_정기휴무 (매주 일요일)_정기휴무 (매주 일요일)_월11:00 - 20:0015:30 - 17:00 브레이크타임19:30 라스트오더_월11:00 - 20:0015:30 - 17:00 브레이크타임19:30 라스트오더_월11:00 - 20:0015:30 - 17:00 브레이크타임19:30 라스트오더_월_11:00 - 20:0015:30 - 17:00 브레이크타임19:30 라스트오더_화11:00 - 20:0015:30 - 17:00 브레이크타임19:30 라스트오더_화11:00 - 20:0015:30 - 17:00 브레이크타임19:30 라스트오더_화11:00 - 20:0015:30 - 17:00 브레이크타임19:30 라스트오더_화_11:00 - 20:0015:30 - 17:00 브레이크타임19:30 라스트오더_수11:00 - 20:0015:30 - 17:00 브레이크타임19:30 라스트오더_수11:00 - 20:0015:30 - 17:00 브레이크타임19:30 라스트오더_수11:00 - 20:0015:30 - 17:00 브레이크타임19:30 라스트오더_수_11:00 - 20:0015:30 - 17:00 브레이크타임19:30 라스트오더_- 추석휴무 일월 / 화수목 영업 11:00 - 5:00접기_- 추석휴무 일월 / 화수목 영업 11:00 - 5:00접기_- 추석휴무 일월 / 화수목 영업 11:00 - 5:00_- 추석휴무 일월 / 화수목 영업 11:00 - 5:00_접기_접기,별점없음,0,0,https://search.pstatic.net/common/?autoRotate=true&type=w560_sharpen&src=https%3A%2F%2Fldb-phinf.pstatic.net%2F20211029_91%2F1635474389500UdBN0_PNG%2F0vlwLsRZjMmv0pH0b5FrpQJC.png,무선 인터넷,주차가능무료
PNB 풍년제과 전동점,1552071530,베이커리,도로명전북 전주시 완산구 팔달로 136 PNB 전동점복사지번전북 전주시 완산구 전동 61-8 PNB 점복사우편번호우편번호55042복사안내 레이어 닫기,0507-1402-6683,영업 종료09:30에 영업 시작9시 30분에 영업 시작_영업 종료09:30에 영업 시작9시 30분에 영업 시작_영업 종료09:30에 영업 시작9시 30분에 영업 시작_영업 종료_09:30에 영업 시작9시 30분에 영업 시작_09:30에 영업 시작_9시 30분에 영업 시작_매일09:30 - 20:00접기_매일09:30 - 20:00접기_매일09:30 - 20:00_매일_09:30 - 20:00_접기_접기,별점4.48,0,0,https://search.pstatic.net/common/?autoRotate=true&type=w560_sharpen&src=https%3A%2F%2Fldb-phinf.pstatic.net%2F20211228_120%2F16406721000053VbJ2_JPEG%2F5D3_0749.JPG,무선 인터넷,주차가능
가족회관,36410653,비빔밥,도로명전북 전주시 완산구 전라감영5길 17 가족회관복사지번전북 전주시 완산구 중앙동3가 80복사우편번호우편번호55038복사안내 레이어 닫기,0507-1378-0986,영업 종료10:30에 영업 시작10시 30분에 영업 시작_영업 종료10:30에 영업 시작10시 30분에 영업 시작_영업 종료10:30에 영업 시작10시 30분에 영업 시작_영업 종료_10:30에 영업 시작10시 30분에 영업 시작_10:30에 영업 시작_10시 30분에 영업 시작_목10:30 - 20:0019:50 라스트오더_목10:30 - 20:0019:50 라스트오더_목10:30 - 20:0019:50 라스트오더_목_10:30 - 20:0019:50 라스트오더_금10:30 - 20:0019:50 라스트오더_금10:30 - 20:0019:50 라스트오더_금10:30 - 20:0019:50 라스트오더_금_10:30 - 20:0019:50 라스트오더_토10:30 - 20:0019:50 라스트오더_토10:30 - 20:0019:50 라스트오더_토10:30 - 20:0019:50 라스트오더_토_10:30 - 20:0019:50 라스트오더_일10:30 - 20:0019:50 라스트오더_일10:30 - 20:0019:50 라스트오더_일10:30 - 20:0019:50 라스트오더_일_10:30 - 20:0019:50 라스트오더_월10:30 - 20:0019:50 라스트오더_월10:30 - 20:0019:50 라스트오더_월10:30 - 20:0019:50 라스트오더_월_10:30 - 20:0019:50 라스트오더_화10:30 - 20:0019:50 라스트오더_화10:30 - 20:0019:50 라스트오더_화10:30 - 20:0019:50 라스트오더_화_10:30 - 20:0019:50 라스트오더_수10:30 - 20:0019:50 라스트오더접기_수10:30 - 20:0019:50 라스트오더접기_수10:30 - 20:0019:50 라스트오더_수_10:30 - 20:0019:50 라스트오더_접기_접기,별점없음,0,0,https://search.pstatic.net/common/?autoRotate=true&type=w560_sharpen&src=https%3A%2F%2Fnaverbooking-phinf.pstatic.net%2F20230616_178%2F1686898742054G432g_JPEG%2FIMG_1161.JPG,편의시설 정보 없음,주차가능
계수나무짬뽕,12866459,중식당,도로명전북 전주시 완산구 전동성당길 26 1층복사지번전북 전주시 완산구 경원동1가 115-5복사우편번호우편번호55039복사안내 레이어 닫기,0507-1390-5232,오늘 휴무매주 목요일 휴무매주 목요일 휴무_오늘 휴무매주 목요일 휴무매주 목요일 휴무_오늘 휴무매주 목요일 휴무매주 목요일 휴무_오늘 휴무_매주 목요일 휴무매주 목요일 휴무_매주 목요일 휴무_매주 목요일 휴무_목정기휴무 (매주 목요일)_목정기휴무 (매주 목요일)_목정기휴무 (매주 목요일)_목_정기휴무 (매주 목요일)_정기휴무 (매주 목요일)_금10:00 - 24:0015:30 - 16:30 브레이크타임_금10:00 - 24:0015:30 - 16:30 브레이크타임_금10:00 - 24:0015:30 - 16:30 브레이크타임_금_10:00 - 24:0015:30 - 16:30 브레이크타임_토10:00 - 24:0015:30 - 16:30 브레이크타임_토10:00 - 24:0015:30 - 16:30 브레이크타임_토10:00 - 24:0015:30 - 16:30 브레이크타임_토_10:00 - 24:0015:30 - 16:30 브레이크타임_일10:00 - 24:0015:30 - 16:30 브레이크타임_일10:00 - 24:0015:30 - 16:30 브레이크타임_일10:00 - 24:0015:30 - 16:30 브레이크타임_일_10:00 - 24:0015:30 - 16:30 브레이크타임_월10:00 - 24:0015:30 - 16:30 브레이크타임_월10:00 - 24:0015:30 - 16:30 브레이크타임_월10:00 - 24:0015:30 - 16:30 브레이크타임_월_10:00 - 24:0015:30 - 16:30 브레이크타임_화10:00 - 24:0015:30 - 16:30 브레이크타임_화10:00 - 24:0015:30 - 16:30 브레이크타임_화10:00 - 24:0015:30 - 16:30 브레이크타임_화_10:00 - 24:0015:30 - 16:30 브레이크타임_수10:00 - 24:0015:30 - 16:30 브레이크타임접기_수10:00 - 24:0015:30 - 16:30 브레이크타임접기_수10:00 - 24:0015:30 - 16:30 브레이크타임_수_10:00 - 24:0015:30 - 16:30 브레이크타임_접기_접기,별점4.51,0,0,https://search.pstatic.net/common/?autoRotate=true&type=w560_sharpen&src=https%3A%2F%2Fldb-phinf.pstatic.net%2F20260225_232%2F1771984849645a7gto_JPEG%2F1914.jpg,단체 이용 가능_배달_포장_예약_\반려동물 동반_대기공간_남/녀 화장실 구분_유아의자_무선 인터넷,주차가능무료
이탈리돈,1857315164,돈가스,도로명전북 전주시 완산구 간납로 4복사지번전북 전주시 완산구 풍남동3가 7-7복사우편번호우편번호55036복사안내 레이어 닫기,1661-8418,영업 종료11:00에 영업 시작11시 0분에 영업 시작_영업 종료11:00에 영업 시작11시 0분에 영업 시작_영업 종료11:00에 영업 시작11시 0분에 영업 시작_영업 종료_11:00에 영업 시작11시 0분에 영업 시작_11:00에 영업 시작_11시 0분에 영업 시작_목11:00 - 20:3014:30 - 16:30 브레이크타임20:00 라스트오더_목11:00 - 20:3014:30 - 16:30 브레이크타임20:00 라스트오더_목11:00 - 20:3014:30 - 16:30 브레이크타임20:00 라스트오더_목_11:00 - 20:3014:30 - 16:30 브레이크타임20:00 라스트오더_금11:00 - 20:3014:30 - 16:30 브레이크타임20:00 라스트오더_금11:00 - 20:3014:30 - 16:30 브레이크타임20:00 라스트오더_금11:00 - 20:3014:30 - 16:30 브레이크타임20:00 라스트오더_금_11:00 - 20:3014:30 - 16:30 브레이크타임20:00 라스트오더_토11:00 - 20:3020:00 라스트오더_토11:00 - 20:3020:00 라스트오더_토11:00 - 20:3020:00 라스트오더_토_11:00 - 20:3020:00 라스트오더_일11:00 - 20:3020:00 라스트오더_일11:00 - 20:3020:00 라스트오더_일11:00 - 20:3020:00 라스트오더_일_11:00 - 20:3020:00 라스트오더_월정기휴무 (매주 월요일)_월정기휴무 (매주 월요일)_월정기휴무 (매주 월요일)_월_정기휴무 (매주 월요일)_정기휴무 (매주 월요일)_화11:00 - 20:3014:30 - 16:30 브레이크타임20:00 라스트오더_화11:00 - 20:3014:30 - 16:30 브레이크타임20:00 라스트오더_화11:00 - 20:3014:30 - 16:30 브레이크타임20:00 라스트오더_화_11:00 - 20:3014:30 - 16:30 브레이크타임20:00 라스트오더_수11:00 - 20:3014:30 - 16:30 브레이크타임20:00 라스트오더_수11:00 - 20:3014:30 - 16:30 브레이크타임20:00 라스트오더_수11:00 - 20:3014:30 - 16:30 브레이크타임20:00 라스트오더_수_11:00 - 20:3014:30 - 16:30 브레이크타임20:00 라스트오더_- 월 정기휴무 (공휴일 정상영업)접기_- 월 정기휴무 (공휴일 정상영업)접기_- 월 정기휴무 (공휴일 정상영업)_- 월 정기휴무 (공휴일 정상영업)_접기_접기,별점없음,0,0,https://search.pstatic.net/common/?autoRotate=true&type=w560_sharpen&src=https%3A%2F%2Fldb-phinf.pstatic.net%2F20251001_207%2F1759292307277reLIu_GIF%2F%25C0%25CC%25C5%25BB%25B8%25AE%25B5%25B7_gif.gif,남/녀 화장실 구분_예약_배달_무선 인터넷_포장,주차 불가
봄해언니네 전주한옥마을점,2063262479,"카페,디저트",도로명전북 전주시 완산구 은행로 74 봄해언니네 전주한옥마을점복사지번전북 전주시 완산구 교동 91-2복사우편번호우편번호55044복사안내 레이어 닫기,063-288-9043,영업 종료10:30에 영업 시작10시 30분에 영업 시작_영업 종료10:30에 영업 시작10시 30분에 영업 시작_영업 종료10:30에 영업 시작10시 30분에 영업 시작_영업 종료_10:30에 영업 시작10시 30분에 영업 시작_10:30에 영업 시작_10시 30분에 영업 시작_목10:30 - 18:30_목10:30 - 18:30_목10:30 - 18:30_목_10:30 - 18:30_금10:30 - 19:30_금10:30 - 19:30_금10:30 - 19:30_금_10:30 - 19:30_토10:00 - 20:00_토10:00 - 20:00_토10:00 - 20:00_토_10:00 - 20:00_일10:00 - 19:30_일10:00 - 19:30_일10:00 - 19:30_일_10:00 - 19:30_월10:30 - 18:30_월10:30 - 18:30_월10:30 - 18:30_월_10:30 - 18:30_화10:30 - 18:30_화10:30 - 18:30_화10:30 - 18:30_화_10:30 - 18:30_수10:30 - 18:30접기_수10:30 - 18:30접기_수10:30 - 18:30_수_10:30 - 18:30_접기_접기,별점없음,0,0,https://search.pstatic.net/common/?autoRotate=true&type=w560_sharpen&src=https%3A%2F%2Fldb-phinf.pstatic.net%2F20251205_255%2F1764922460898mrtyD_JPEG%2FIMG_2033.jpeg,비건 메뉴_단체 이용 가능_포장_\반려동물 동반_남/녀 화장실 구분_유아의자_출입구 휠체어 이용가능,주차가능유료
양반가,11782597,한정식,도로명전북 전주시 완산구 최명희길 30-2복사지번전북 전주시 완산구 풍남동3가 79-2복사우편번호우편번호55042복사안내 레이어 닫기,063-282-0054,영업 종료11:00에 영업 시작11시 0분에 영업 시작_영업 종료11:00에 영업 시작11시 0분에 영업 시작_영업 종료11:00에 영업 시작11시 0분에 영업 시작_영업 종료_11:00에 영업 시작11시 0분에 영업 시작_11:00에 영업 시작_11시 0분에 영업 시작_목11:00 - 21:0015:00 - 17:00 브레이크타임_목11:00 - 21:0015:00 - 17:00 브레이크타임_목11:00 - 21:0015:00 - 17:00 브레이크타임_목_11:00 - 21:0015:00 - 17:00 브레이크타임_금11:00 - 21:0015:00 - 17:00 브레이크타임_금11:00 - 21:0015:00 - 17:00 브레이크타임_금11:00 - 21:0015:00 - 17:00 브레이크타임_금_11:00 - 21:0015:00 - 17:00 브레이크타임_토11:00 - 21:0015:00 - 17:00 브레이크타임_토11:00 - 21:0015:00 - 17:00 브레이크타임_토11:00 - 21:0015:00 - 17:00 브레이크타임_토_11:00 - 21:0015:00 - 17:00 브레이크타임_일11:00 - 21:0015:00 - 17:00 브레이크타임_일11:00 - 21:0015:00 - 17:00 브레이크타임_일11:00 - 21:0015:00 - 17:00 브레이크타임_일_11:00 - 21:0015:00 - 17:00 브레이크타임_월11:00 - 21:0015:00 - 17:00 브레이크타임_월11:00 - 21:0015:00 - 17:00 브레이크타임_월11:00 - 21:0015:00 - 17:00 브레이크타임_월_11:00 - 21:0015:00 - 17:00 브레이크타임_화정기휴무 (매주 화요일)_화정기휴무 (매주 화요일)_화정기휴무 (매주 화요일)_화_정기휴무 (매주 화요일)_정기휴무 (매주 화요일)_수11:00 - 21:0015:00 - 17:00 브레이크타임_수11:00 - 21:0015:00 - 17:00 브레이크타임_수11:00 - 21:0015:00 - 17:00 브레이크타임_수_11:00 - 21:0015:00 - 17:00 브레이크타임_- 매주화요일정기휴무접기_- 매주화요일정기휴무접기_- 매주화요일정기휴무_- 매주화요일정기휴무_접기_접기,별점4.01,0,0,https://search.pstatic.net/common/?autoRotate=true&type=w560_sharpen&src=https%3A%2F%2Fldb-phinf.pstatic.net%2F20240420_294%2F1713544695636uc4dE_JPEG%2F1713544556488.jpg,콜키지 가능유료_유기농 메뉴_비건 메뉴_단체 이용 가능_남/녀 화장실 구분_무선 인터넷_예약_포장_대기공간_출입구 휠체어 이용가능_좌석 휠체어 이용가능,주차 불가
녹두꽃,1546888859,한정식,도로명전북 전주시 완산구 팔달로 106-1 한옥마을 주차장 안쪽 1층복사지번전북 전주시 완산구 전동 211-3복사우편번호우편번호55044복사안내 레이어 닫기,0507-1391-1392,영업 종료11:00에 영업 시작11시 0분에 영업 시작_영업 종료11:00에 영업 시작11시 0분에 영업 시작_영업 종료11:00에 영업 시작11시 0분에 영업 시작_영업 종료_11:00에 영업 시작11시 0분에 영업 시작_11:00에 영업 시작_11시 0분에 영업 시작_목11:00 - 20:5015:00 - 17:00 브레이크타임19:50 라스트오더_목11:00 - 20:5015:00 - 17:00 브레이크타임19:50 라스트오더_목11:00 - 20:5015:00 - 17:00 브레이크타임19:50 라스트오더_목_11:00 - 20:5015:00 - 17:00 브레이크타임19:50 라스트오더_금11:00 - 20:5015:00 - 17:00 브레이크타임19:50 라스트오더_금11:00 - 20:5015:00 - 17:00 브레이크타임19:50 라스트오더_금11:00 - 20:5015:00 - 17:00 브레이크타임19:50 라스트오더_금_11:00 - 20:5015:00 - 17:00 브레이크타임19:50 라스트오더_토11:00 - 20:5015:00 - 17:00 브레이크타임19:50 라스트오더_토11:00 - 20:5015:00 - 17:00 브레이크타임19:50 라스트오더_토11:00 - 20:5015:00 - 17:00 브레이크타임19:50 라스트오더_토_11:00 - 20:5015:00 - 17:00 브레이크타임19:50 라스트오더_일11:00 - 20:0015:00 - 17:00 브레이크타임19:00 라스트오더_일11:00 - 20:0015:00 - 17:00 브레이크타임19:00 라스트오더_일11:00 - 20:0015:00 - 17:00 브레이크타임19:00 라스트오더_일_11:00 - 20:0015:00 - 17:00 브레이크타임19:00 라스트오더_월11:00 - 20:5015:00 - 17:00 브레이크타임19:50 라스트오더_월11:00 - 20:5015:00 - 17:00 브레이크타임19:50 라스트오더_월11:00 - 20:5015:00 - 17:00 브레이크타임19:50 라스트오더_월_11:00 - 20:5015:00 - 17:00 브레이크타임19:50 라스트오더_화11:00 - 20:5015:00 - 17:00 브레이크타임19:50 라스트오더_화11:00 - 20:5015:00 - 17:00 브레이크타임19:50 라스트오더_화11:00 - 20:5015:00 - 17:00 브레이크타임19:50 라스트오더_화_11:00 - 20:5015:00 - 17:00 브레이크타임19:50 라스트오더_수11:00 - 20:5015:00 - 17:00 브레이크타임19:50 라스트오더_수11:00 - 20:5015:00 - 17:00 브레이크타임19:50 라스트오더_수11:00 - 20:5015:00 - 17:00 브레이크타임19:50 라스트오더_수_11:00 - 20:5015:00 - 17:00 브레이크타임19:50 라스트오더_- 연중무휴/일요일 저녁 재료소진시 1~2시간 조기종료가능접기_- 연중무휴/일요일 저녁 재료소진시 1~2시간 조기종료가능접기_- 연중무휴/일요일 저녁 재료소진시 1~2시간 조기종료가능_- 연중무휴/일요일 저녁 재료소진시 1~2시간 조기종료가능_접기_접기,별점없음,0,0,https://search.pstatic.net/common/?autoRotate=true&type=w560_sharpen&src=https%3A%2F%2Fldb-phinf.pstatic.net%2F20231202_279%2F1701479984453cHL3O_JPEG%2FIMG_0405.jpg,비건 메뉴_테이크아웃 할인_콜키지 가능유료_단체 이용 가능_포장_배달_예약_무선 인터넷_남/녀 화장실 구분_유아의자_화장실 휠체어 이용가능_출입구 휠체어 이용가능_좌석 휠체어 이용가능_장애인 주차구역,주차가능무료
아느양과,1020475568,"카페,디저트",도로명전북 전주시 완산구 팔달로 110 1-2층복사지번전북 전주시 완산구 전동 198-1복사우편번호우편번호55044복사안내 레이어 닫기,0507-1321-8007,영업 종료10:00에 영업 시작10시 0분에 영업 시작_영업 종료10:00에 영업 시작10시 0분에 영업 시작_영업 종료10:00에 영업 시작10시 0분에 영업 시작_영업 종료_10:00에 영업 시작10시 0분에 영업 시작_10:00에 영업 시작_10시 0분에 영업 시작_목10:00 - 19:0018:30 라스트오더_목10:00 - 19:0018:30 라스트오더_목10:00 - 19:0018:30 라스트오더_목_10:00 - 19:0018:30 라스트오더_금10:00 - 19:0018:30 라스트오더_금10:00 - 19:0018:30 라스트오더_금10:00 - 19:0018:30 라스트오더_금_10:00 - 19:0018:30 라스트오더_토10:00 - 18:0017:30 라스트오더_토10:00 - 18:0017:30 라스트오더_토10:00 - 18:0017:30 라스트오더_토_10:00 - 18:0017:30 라스트오더_일10:00 - 18:0017:30 라스트오더_일10:00 - 18:0017:30 라스트오더_일10:00 - 18:0017:30 라스트오더_일_10:00 - 18:0017:30 라스트오더_월정기휴무 (매주 월요일)_월정기휴무 (매주 월요일)_월정기휴무 (매주 월요일)_월_정기휴무 (매주 월요일)_정기휴무 (매주 월요일)_화10:00 - 19:0018:30 라스트오더_화10:00 - 19:0018:30 라스트오더_화10:00 - 19:0018:30 라스트오더_화_10:00 - 19:0018:30 라스트오더_수10:00 - 19:0018:30 라스트오더접기_수10:00 - 19:0018:30 라스트오더접기_수10:00 - 19:0018:30 라스트오더_수_10:00 - 19:0018:30 라스트오더_접기_접기,별점없음,0,0,https://search.pstatic.net/common/?autoRotate=true&type=w560_sharpen&src=https%3A%2F%2Fldb-phinf.pstatic.net%2F20240529_93%2F1716951714403cRxjd_JPEG%2FB30C7CC0-6943-40B7-AEDE-41B7BE2FB783.jpeg,포장_배달_남/녀 화장실 구분_예약_무선 인터넷,주차 불가
한자매간장게장 전주한옥마을점본점,1681765187,게요리,도로명전북 전주시 완산구 경기전길 23 1층 한자매간장게장복사지번전북 전주시 완산구 풍남동1가 45복사우편번호우편번호55039복사안내 레이어 닫기,0507-1416-0413,영업 종료11:00에 영업 시작11시 0분에 영업 시작_영업 종료11:00에 영업 시작11시 0분에 영업 시작_영업 종료11:00에 영업 시작11시 0분에 영업 시작_영업 종료_11:00에 영업 시작11시 0분에 영업 시작_11:00에 영업 시작_11시 0분에 영업 시작_목11:00 - 22:0015:00 - 17:00 브레이크타임20:30 라스트오더_목11:00 - 22:0015:00 - 17:00 브레이크타임20:30 라스트오더_목11:00 - 22:0015:00 - 17:00 브레이크타임20:30 라스트오더_목_11:00 - 22:0015:00 - 17:00 브레이크타임20:30 라스트오더_금11:00 - 22:0015:00 - 17:00 브레이크타임20:30 라스트오더_금11:00 - 22:0015:00 - 17:00 브레이크타임20:30 라스트오더_금11:00 - 22:0015:00 - 17:00 브레이크타임20:30 라스트오더_금_11:00 - 22:0015:00 - 17:00 브레이크타임20:30 라스트오더_토11:00 - 22:0020:30 라스트오더_토11:00 - 22:0020:30 라스트오더_토11:00 - 22:0020:30 라스트오더_토_11:00 - 22:0020:30 라스트오더_일11:00 - 22:0020:30 라스트오더_일11:00 - 22:0020:30 라스트오더_일11:00 - 22:0020:30 라스트오더_일_11:00 - 22:0020:30 라스트오더_월11:00 - 22:0015:00 - 17:00 브레이크타임20:30 라스트오더_월11:00 - 22:0015:00 - 17:00 브레이크타임20:30 라스트오더_월11:00 - 22:0015:00 - 17:00 브레이크타임20:30 라스트오더_월_11:00 - 22:0015:00 - 17:00 브레이크타임20:30 라스트오더_화11:00 - 22:0015:00 - 17:00 브레이크타임20:30 라스트오더_화11:00 - 22:0015:00 - 17:00 브레이크타임20:30 라스트오더_화11:00 - 22:0015:00 - 17:00 브레이크타임20:30 라스트오더_화_11:00 - 22:0015:00 - 17:00 브레이크타임20:30 라스트오더_수11:00 - 22:0015:00 - 17:00 브레이크타임20:30 라스트오더접기_수11:00 - 22:0015:00 - 17:00 브레이크타임20:30 라스트오더접기_수11:00 - 22:0015:00 - 17:00 브레이크타임20:30 라스트오더_수_11:00 - 22:0015:00 - 17:00 브레이크타임20:30 라스트오더_접기_접기,별점없음,0,0,https://search.pstatic.net/common/?autoRotate=true&type=w560_sharpen&src=https%3A%2F%2Fldb-phinf.pstatic.net%2F20260520_90%2F17792491728651jJRC_JPEG%2F%25C0%25FC%25C1%25D6%25C7%25D1%25BF%25C1%25B8%25B6%25C0%25BB%25B8%25C0%25C1%25FD%25B0%25A3%25C0%25E5%25B0%25D4%25C0%25E5%25B8%25C0%25C1%25FD%25C5%25D7%25B6%25F3%25BD%25BA%25C0%25D6%25B4%25C2%25C0%25FC%25C1%25D6%25B8%25C0%25C1%25FD_%25284%2529.jpg,단체 이용 가능_포장_배달_예약_남/녀 화장실 구분_무선 인터넷,주차가능무료
매당,13111709,한정식,도로명전북 전주시 완산구 은행로 20-4 풍남동1가복사지번전북 전주시 완산구  52-1복사우편번호우편번호55039복사안내 레이어 닫기,063-284-4955,영업 종료11:30에 영업 시작11시 30분에 영업 시작_영업 종료11:30에 영업 시작11시 30분에 영업 시작_영업 종료11:30에 영업 시작11시 30분에 영업 시작_영업 종료_11:30에 영업 시작11시 30분에 영업 시작_11:30에 영업 시작_11시 30분에 영업 시작_매일11:30 - 21:3020:30 라스트오더_매일11:30 - 21:3020:30 라스트오더_매일11:30 - 21:3020:30 라스트오더_매일_11:30 - 21:3020:30 라스트오더_- 연휴에는 재료소진으로 브레이크타임 있습니다(15-17)접기_- 연휴에는 재료소진으로 브레이크타임 있습니다(15-17)접기_- 연휴에는 재료소진으로 브레이크타임 있습니다(15-17)_- 연휴에는 재료소진으로 브레이크타임 있습니다(15-17)_접기_접기,별점4.24,0,0,https://search.pstatic.net/common/?autoRotate=true&type=w560_sharpen&src=https%3A%2F%2Fldb-phinf.pstatic.net%2F20210825_289%2F1629868218225D71rt_JPEG%2FH-JmZNYkpsaY5dIlNC31CC8_.jpg,예약_무선 인터넷_남/녀 화장실 구분_단체 이용 가능_대기공간,주차가능무료
누스카페,1340180969,카페,도로명전북 전주시 완산구 충경로 90 2층복사지번전북 전주시 완산구 경원동2가 5-3복사우편번호우편번호55039복사안내 레이어 닫기,0507-1358-0567,영업 종료11:00에 영업 시작11시 0분에 영업 시작_영업 종료11:00에 영업 시작11시 0분에 영업 시작_영업 종료11:00에 영업 시작11시 0분에 영업 시작_영업 종료_11:00에 영업 시작11시 0분에 영업 시작_11:00에 영업 시작_11시 0분에 영업 시작_목11:00 - 23:00_목11:00 - 23:00_목11:00 - 23:00_목_11:00 - 23:00_금11:00 - 23:00_금11:00 - 23:00_금11:00 - 23:00_금_11:00 - 23:00_토11:00 - 23:00_토11:00 - 23:00_토11:00 - 23:00_토_11:00 - 23:00_일11:00 - 23:00_일11:00 - 23:00_일11:00 - 23:00_일_11:00 - 23:00_월11:00 - 23:00_월11:00 - 23:00_월11:00 - 23:00_월_11:00 - 23:00_화11:00 - 23:00_화11:00 - 23:00_화11:00 - 23:00_화_11:00 - 23:00_수11:00 - 23:00접기_수11:00 - 23:00접기_수11:00 - 23:00_수_11:00 - 23:00_접기_접기,별점없음,0,0,https://search.pstatic.net/common/?autoRotate=true&type=w560_sharpen&src=https%3A%2F%2Fldb-phinf.pstatic.net%2F20250122_292%2F1737522786358zVHrG_JPEG%2FKakaoTalk_20250122_141033453.jpg,와인 페어링_핸드드립_로스터리_비건 메뉴_유기농 메뉴_단체 이용 가능_포장_노키즈존_무선 인터넷_\반려동물 동반_예약,주차 불가
행원,220469525,"카페,디저트",도로명전북 전주시 완산구 풍남문3길 12 카페행원복사지번전북 전주시 완산구 전동 96-1복사우편번호우편번호55043복사안내 레이어 닫기,063-284-6566,영업 종료11:00에 영업 시작11시 0분에 영업 시작_영업 종료11:00에 영업 시작11시 0분에 영업 시작_영업 종료11:00에 영업 시작11시 0분에 영업 시작_영업 종료_11:00에 영업 시작11시 0분에 영업 시작_11:00에 영업 시작_11시 0분에 영업 시작_목11:00 - 18:0017:30 라스트오더_목11:00 - 18:0017:30 라스트오더_목11:00 - 18:0017:30 라스트오더_목_11:00 - 18:0017:30 라스트오더_금11:00 - 18:0017:30 라스트오더_금11:00 - 18:0017:30 라스트오더_금11:00 - 18:0017:30 라스트오더_금_11:00 - 18:0017:30 라스트오더_토11:00 - 19:0018:30 라스트오더_토11:00 - 19:0018:30 라스트오더_토11:00 - 19:0018:30 라스트오더_토_11:00 - 19:0018:30 라스트오더_일11:00 - 19:0018:30 라스트오더_일11:00 - 19:0018:30 라스트오더_일11:00 - 19:0018:30 라스트오더_일_11:00 - 19:0018:30 라스트오더_월11:00 - 18:0017:30 라스트오더_월11:00 - 18:0017:30 라스트오더_월11:00 - 18:0017:30 라스트오더_월_11:00 - 18:0017:30 라스트오더_화정기휴무 (매주 화요일)_화정기휴무 (매주 화요일)_화정기휴무 (매주 화요일)_화_정기휴무 (매주 화요일)_정기휴무 (매주 화요일)_수11:00 - 18:0017:30 라스트오더접기_수11:00 - 18:0017:30 라스트오더접기_수11:00 - 18:0017:30 라스트오더_수_11:00 - 18:0017:30 라스트오더_접기_접기,별점없음,0,0,https://search.pstatic.net/common/?autoRotate=true&type=w560_sharpen&src=https%3A%2F%2Fldb-phinf.pstatic.net%2F20250109_7%2F1736413499101Lg8WF_JPEG%2FIMG_2178.jpeg,무선 인터넷_남/녀 화장실 구분_단체 이용 가능_포장,주차가능무료
교동시래청,38700908,한식,도로명전북 전주시 완산구 기린대로 80-1 교동시래청복사지번전북 전주시 완산구 풍남동3가 9-6복사우편번호우편번호55036복사안내 레이어 닫기,063-282-9171,영업 종료08:00에 영업 시작8시 0분에 영업 시작_영업 종료08:00에 영업 시작8시 0분에 영업 시작_영업 종료08:00에 영업 시작8시 0분에 영업 시작_영업 종료_08:00에 영업 시작8시 0분에 영업 시작_08:00에 영업 시작_8시 0분에 영업 시작_목08:00 - 20:3016:00 - 17:00 브레이크타임20:00 라스트오더_목08:00 - 20:3016:00 - 17:00 브레이크타임20:00 라스트오더_목08:00 - 20:3016:00 - 17:00 브레이크타임20:00 라스트오더_목_08:00 - 20:3016:00 - 17:00 브레이크타임20:00 라스트오더_금08:00 - 20:3016:00 - 17:00 브레이크타임20:00 라스트오더_금08:00 - 20:3016:00 - 17:00 브레이크타임20:00 라스트오더_금08:00 - 20:3016:00 - 17:00 브레이크타임20:00 라스트오더_금_08:00 - 20:3016:00 - 17:00 브레이크타임20:00 라스트오더_토08:00 - 20:3016:00 - 17:00 브레이크타임20:00 라스트오더_토08:00 - 20:3016:00 - 17:00 브레이크타임20:00 라스트오더_토08:00 - 20:3016:00 - 17:00 브레이크타임20:00 라스트오더_토_08:00 - 20:3016:00 - 17:00 브레이크타임20:00 라스트오더_일08:00 - 20:3016:00 - 17:00 브레이크타임20:00 라스트오더_일08:00 - 20:3016:00 - 17:00 브레이크타임20:00 라스트오더_일08:00 - 20:3016:00 - 17:00 브레이크타임20:00 라스트오더_일_08:00 - 20:3016:00 - 17:00 브레이크타임20:00 라스트오더_월08:00 - 20:3016:00 - 17:00 브레이크타임20:00 라스트오더_월08:00 - 20:3016:00 - 17:00 브레이크타임20:00 라스트오더_월08:00 - 20:3016:00 - 17:00 브레이크타임20:00 라스트오더_월_08:00 - 20:3016:00 - 17:00 브레이크타임20:00 라스트오더_화정기휴무 (매주 화요일)_화정기휴무 (매주 화요일)_화정기휴무 (매주 화요일)_화_정기휴무 (매주 화요일)_정기휴무 (매주 화요일)_수08:00 - 20:3016:00 - 17:00 브레이크타임20:00 라스트오더접기_수08:00 - 20:3016:00 - 17:00 브레이크타임20:00 라스트오더접기_수08:00 - 20:3016:00 - 17:00 브레이크타임20:00 라스트오더_수_08:00 - 20:3016:00 - 17:00 브레이크타임20:00 라스트오더_접기_접기,별점없음,0,0,https://search.pstatic.net/common/?autoRotate=true&type=w560_sharpen&src=https%3A%2F%2Fldb-phinf.pstatic.net%2F20260110_176%2F1768006409382Xm1pX_JPEG%2F4612.jpg,예약_단체 이용 가능_무선 인터넷_남/녀 화장실 구분_\반려동물 동반_유아의자,주차 불가
88켄터키치킨 한옥마을점,36103478,"치킨,닭강정",도로명전북 전주시 완산구 경기전길 46복사지번전북 전주시 완산구 경원동2가 62복사우편번호우편번호55039복사안내 레이어 닫기,063-288-9288,영업 종료16:00에 영업 시작16시 0분에 영업 시작_영업 종료16:00에 영업 시작16시 0분에 영업 시작_영업 종료16:00에 영업 시작16시 0분에 영업 시작_영업 종료_16:00에 영업 시작16시 0분에 영업 시작_16:00에 영업 시작_16시 0분에 영업 시작_목16:00 - 24:00_목16:00 - 24:00_목16:00 - 24:00_목_16:00 - 24:00_금16:00 - 24:00_금16:00 - 24:00_금16:00 - 24:00_금_16:00 - 24:00_토16:00 - 24:00_토16:00 - 24:00_토16:00 - 24:00_토_16:00 - 24:00_일16:00 - 24:00_일16:00 - 24:00_일16:00 - 24:00_일_16:00 - 24:00_월정기휴무 (매주 월요일)_월정기휴무 (매주 월요일)_월정기휴무 (매주 월요일)_월_정기휴무 (매주 월요일)_정기휴무 (매주 월요일)_화16:00 - 24:00_화16:00 - 24:00_화16:00 - 24:00_화_16:00 - 24:00_수16:00 - 24:00접기_수16:00 - 24:00접기_수16:00 - 24:00_수_16:00 - 24:00_접기_접기,별점없음,0,0,https://search.pstatic.net/common/?autoRotate=true&type=w560_sharpen&src=https%3A%2F%2Fldb-phinf.pstatic.net%2F20190425_121%2F1556195180368kujii_JPEG%2FuK49T6jsMx9KNXO1mKPTOCEd.jpeg.jpg,예약_포장_남/녀 화장실 구분_무선 인터넷_단체 이용 가능,주차 불가
전주식당,37536622,한식,도로명전북 전주시 완산구 어진길 15복사지번전북 전주시 완산구 남노송동 98-13복사우편번호우편번호55041복사안내 레이어 닫기,0507-1447-0746,영업 종료10:00에 영업 시작10시 0분에 영업 시작_영업 종료10:00에 영업 시작10시 0분에 영업 시작_영업 종료10:00에 영업 시작10시 0분에 영업 시작_영업 종료_10:00에 영업 시작10시 0분에 영업 시작_10:00에 영업 시작_10시 0분에 영업 시작_목10:00 - 20:3020:00 라스트오더_목10:00 - 20:3020:00 라스트오더_목10:00 - 20:3020:00 라스트오더_목_10:00 - 20:3020:00 라스트오더_금10:00 - 20:3020:00 라스트오더_금10:00 - 20:3020:00 라스트오더_금10:00 - 20:3020:00 라스트오더_금_10:00 - 20:3020:00 라스트오더_토09:00 - 21:0020:30 라스트오더_토09:00 - 21:0020:30 라스트오더_토09:00 - 21:0020:30 라스트오더_토_09:00 - 21:0020:30 라스트오더_일09:00 - 21:0020:30 라스트오더_일09:00 - 21:0020:30 라스트오더_일09:00 - 21:0020:30 라스트오더_일_09:00 - 21:0020:30 라스트오더_월10:00 - 20:3020:00 라스트오더_월10:00 - 20:3020:00 라스트오더_월10:00 - 20:3020:00 라스트오더_월_10:00 - 20:3020:00 라스트오더_화10:00 - 20:3020:00 라스트오더_화10:00 - 20:3020:00 라스트오더_화10:00 - 20:3020:00 라스트오더_화_10:00 - 20:3020:00 라스트오더_수10:00 - 20:3020:00 라스트오더접기_수10:00 - 20:3020:00 라스트오더접기_수10:00 - 20:3020:00 라스트오더_수_10:00 - 20:3020:00 라스트오더_접기_접기,별점없음,0,0,https://search.pstatic.net/common/?autoRotate=true&type=w560_sharpen&src=https%3A%2F%2Fldb-phinf.pstatic.net%2F20231207_2%2F1701877822428koQ79_JPEG%2F%25C0%25FC%25C1%25D6%25BA%25F1%25BA%25F6%25B9%25E4.jpg,단체 이용 가능_예약_무선 인터넷_남/녀 화장실 구분_유아의자,주차 불가
파스쿠찌 전주한옥마을점,2051705505,카페,도로명전북 전주시 완산구 어진길 58 1층복사지번전북 전주시 완산구 풍남동1가 59-4복사우편번호우편번호55039복사안내 레이어 닫기,0507-1340-8497,영업 종료09:00에 영업 시작9시 0분에 영업 시작_영업 종료09:00에 영업 시작9시 0분에 영업 시작_영업 종료09:00에 영업 시작9시 0분에 영업 시작_영업 종료_09:00에 영업 시작9시 0분에 영업 시작_09:00에 영업 시작_9시 0분에 영업 시작_목09:00 - 21:0020:30 라스트오더_목09:00 - 21:0020:30 라스트오더_목09:00 - 21:0020:30 라스트오더_목_09:00 - 21:0020:30 라스트오더_금09:00 - 21:3021:00 라스트오더_금09:00 - 21:3021:00 라스트오더_금09:00 - 21:3021:00 라스트오더_금_09:00 - 21:3021:00 라스트오더_토09:00 - 22:0021:30 라스트오더_토09:00 - 22:0021:30 라스트오더_토09:00 - 22:0021:30 라스트오더_토_09:00 - 22:0021:30 라스트오더_일09:00 - 21:3021:00 라스트오더_일09:00 - 21:3021:00 라스트오더_일09:00 - 21:3021:00 라스트오더_일_09:00 - 21:3021:00 라스트오더_월09:00 - 21:0020:30 라스트오더_월09:00 - 21:0020:30 라스트오더_월09:00 - 21:0020:30 라스트오더_월_09:00 - 21:0020:30 라스트오더_화09:00 - 21:0020:30 라스트오더_화09:00 - 21:0020:30 라스트오더_화09:00 - 21:0020:30 라스트오더_화_09:00 - 21:0020:30 라스트오더_수09:00 - 21:0020:30 라스트오더접기_수09:00 - 21:0020:30 라스트오더접기_수09:00 - 21:0020:30 라스트오더_수_09:00 - 21:0020:30 라스트오더_접기_접기,별점없음,0,0,https://search.pstatic.net/common/?autoRotate=true&type=w560_sharpen&src=https%3A%2F%2Fldb-phinf.pstatic.net%2F20251031_62%2F1761905824809SVrDm_JPEG%2F1000005855.jpg,단체 이용 가능_포장_배달_남/녀 화장실 구분_무선 인터넷,주차 불가
전주비빔소리,1755299109,비빔밥,도로명전북 전주시 완산구 경기전길 126 1층복사지번전북 전주시 완산구 교동 266-3복사우편번호우편번호55044복사안내 레이어 닫기,063-253-2589,영업 종료09:00에 영업 시작9시 0분에 영업 시작_영업 종료09:00에 영업 시작9시 0분에 영업 시작_영업 종료09:00에 영업 시작9시 0분에 영업 시작_영업 종료_09:00에 영업 시작9시 0분에 영업 시작_09:00에 영업 시작_9시 0분에 영업 시작_매일09:00 - 21:0020:30 라스트오더접기_매일09:00 - 21:0020:30 라스트오더접기_매일09:00 - 21:0020:30 라스트오더_매일_09:00 - 21:0020:30 라스트오더_접기_접기,별점없음,0,0,https://search.pstatic.net/common/?autoRotate=true&type=w560_sharpen&src=https%3A%2F%2Fldb-phinf.pstatic.net%2F20241108_77%2F1731041581698WnsOd_JPEG%2FIMG_5813.jpeg,단체 이용 가능_유아의자,주차 불가
인디비주얼 전주한옥마을점,1179834312,"카페,디저트",도로명전북 전주시 완산구 한지길 9-4 1층복사지번전북 전주시 완산구 남노송동 536-19복사우편번호우편번호55040복사안내 레이어 닫기,0507-1460-2959,영업 종료10:00에 영업 시작10시 0분에 영업 시작_영업 종료10:00에 영업 시작10시 0분에 영업 시작_영업 종료10:00에 영업 시작10시 0분에 영업 시작_영업 종료_10:00에 영업 시작10시 0분에 영업 시작_10:00에 영업 시작_10시 0분에 영업 시작_목10:00 - 22:0021:30 라스트오더_목10:00 - 22:0021:30 라스트오더_목10:00 - 22:0021:30 라스트오더_목_10:00 - 22:0021:30 라스트오더_금10:00 - 22:0021:30 라스트오더_금10:00 - 22:0021:30 라스트오더_금10:00 - 22:0021:30 라스트오더_금_10:00 - 22:0021:30 라스트오더_토10:00 - 22:0021:30 라스트오더_토10:00 - 22:0021:30 라스트오더_토10:00 - 22:0021:30 라스트오더_토_10:00 - 22:0021:30 라스트오더_일10:00 - 22:0021:30 라스트오더_일10:00 - 22:0021:30 라스트오더_일10:00 - 22:0021:30 라스트오더_일_10:00 - 22:0021:30 라스트오더_월10:00 - 22:0021:30 라스트오더_월10:00 - 22:0021:30 라스트오더_월10:00 - 22:0021:30 라스트오더_월_10:00 - 22:0021:30 라스트오더_화10:30 - 20:0019:30 라스트오더_화10:30 - 20:0019:30 라스트오더_화10:30 - 20:0019:30 라스트오더_화_10:30 - 20:0019:30 라스트오더_수10:00 - 22:0021:30 라스트오더접기_수10:00 - 22:0021:30 라스트오더접기_수10:00 - 22:0021:30 라스트오더_수_10:00 - 22:0021:30 라스트오더_접기_접기,별점없음,0,0,https://search.pstatic.net/common/?autoRotate=true&type=w278_sharpen&src=https%3A%2F%2Fldb-phinf.pstatic.net%2F20260312_164%2F1773323330928oYHKi_PNG%2F1000018183.png,핸드드립_로스터리_단체 이용 가능_무선 인터넷_\반려동물 동반_남/녀 화장실 구분_포장_배달_유아의자_예약_출입구 휠체어 이용가능,주차가능유료
차미라미,1228677786,"카페,디저트",도로명전북 전주시 완산구 경기전길 51 1층 차미라미복사지번전북 전주시 완산구 풍남동3가 89-3복사우편번호우편번호55042복사안내 레이어 닫기,0507-1380-4435,영업 종료11:00에 영업 시작11시 0분에 영업 시작_영업 종료11:00에 영업 시작11시 0분에 영업 시작_영업 종료11:00에 영업 시작11시 0분에 영업 시작_영업 종료_11:00에 영업 시작11시 0분에 영업 시작_11:00에 영업 시작_11시 0분에 영업 시작_목11:00 - 18:00_목11:00 - 18:00_목11:00 - 18:00_목_11:00 - 18:00_금11:00 - 18:00_금11:00 - 18:00_금11:00 - 18:00_금_11:00 - 18:00_토09:30 - 19:30_토09:30 - 19:30_토09:30 - 19:30_토_09:30 - 19:30_일09:00 - 19:30_일09:00 - 19:30_일09:00 - 19:30_일_09:00 - 19:30_월정기휴무 (매주 월요일)_월정기휴무 (매주 월요일)_월정기휴무 (매주 월요일)_월_정기휴무 (매주 월요일)_정기휴무 (매주 월요일)_화11:00 - 18:00_화11:00 - 18:00_화11:00 - 18:00_화_11:00 - 18:00_수11:00 - 18:00접기_수11:00 - 18:00접기_수11:00 - 18:00_수_11:00 - 18:00_접기_접기,별점4.69,0,0,https://search.pstatic.net/common/?autoRotate=true&type=w560_sharpen&src=https%3A%2F%2Fldb-phinf.pstatic.net%2F20240412_269%2F17129137200119CtJJ_JPEG%2F1F96D7A4-D1B6-473C-A6FA-2BD0E1FDA0A9.jpeg,단체 이용 가능_무선 인터넷_남/녀 화장실 구분_포장_예약_방문접수/출장,주차가능무료
팀버앤타임,2011990936,"카페,디저트",도로명전북 전주시 완산구 동문길 27 팀버앤타임복사지번전북 전주시 완산구 풍남동2가 26-2복사우편번호우편번호55040복사안내 레이어 닫기,0507-1481-2513,영업 종료12:00에 영업 시작12시 0분에 영업 시작_영업 종료12:00에 영업 시작12시 0분에 영업 시작_영업 종료12:00에 영업 시작12시 0분에 영업 시작_영업 종료_12:00에 영업 시작12시 0분에 영업 시작_12:00에 영업 시작_12시 0분에 영업 시작_목12:00 - 22:00_목12:00 - 22:00_목12:00 - 22:00_목_12:00 - 22:00_금12:00 - 22:00_금12:00 - 22:00_금12:00 - 22:00_금_12:00 - 22:00_토12:00 - 22:00_토12:00 - 22:00_토12:00 - 22:00_토_12:00 - 22:00_일12:00 - 22:00_일12:00 - 22:00_일12:00 - 22:00_일_12:00 - 22:00_월12:00 - 22:00_월12:00 - 22:00_월12:00 - 22:00_월_12:00 - 22:00_화정기휴무 (매주 화요일)_화정기휴무 (매주 화요일)_화정기휴무 (매주 화요일)_화_정기휴무 (매주 화요일)_정기휴무 (매주 화요일)_수12:00 - 22:00접기_수12:00 - 22:00접기_수12:00 - 22:00_수_12:00 - 22:00_접기_접기,별점없음,0,0,https://search.pstatic.net/common/?autoRotate=true&type=w560_sharpen&src=https%3A%2F%2Fldb-phinf.pstatic.net%2F20251002_204%2F1759363973552mPBrN_JPEG%2F8BF984B8-B498-4839-A861-AD617BD93DE6.jpeg,무선 인터넷_남/녀 화장실 구분_유아의자_단체 이용 가능_\반려동물 동반,주차가능무료
동우,2031271948,중식당,도로명전북 전주시 완산구 전라감영5길 28복사지번전북 전주시 완산구 경원동1가 86복사우편번호우편번호55038복사안내 레이어 닫기,0507-1495-3062,영업 종료10:30에 영업 시작10시 30분에 영업 시작_영업 종료10:30에 영업 시작10시 30분에 영업 시작_영업 종료10:30에 영업 시작10시 30분에 영업 시작_영업 종료_10:30에 영업 시작10시 30분에 영업 시작_10:30에 영업 시작_10시 30분에 영업 시작_목10:30 - 21:0020:00 라스트오더_목10:30 - 21:0020:00 라스트오더_목10:30 - 21:0020:00 라스트오더_목_10:30 - 21:0020:00 라스트오더_금10:30 - 21:0020:00 라스트오더_금10:30 - 21:0020:00 라스트오더_금10:30 - 21:0020:00 라스트오더_금_10:30 - 21:0020:00 라스트오더_토10:30 - 21:0020:00 라스트오더_토10:30 - 21:0020:00 라스트오더_토10:30 - 21:0020:00 라스트오더_토_10:30 - 21:0020:00 라스트오더_일10:30 - 21:0020:00 라스트오더_일10:30 - 21:0020:00 라스트오더_일10:30 - 21:0020:00 라스트오더_일_10:30 - 21:0020:00 라스트오더_월10:30 - 21:0020:00 라스트오더_월10:30 - 21:0020:00 라스트오더_월10:30 - 21:0020:00 라스트오더_월_10:30 - 21:0020:00 라스트오더_화정기휴무 (매주 화요일)_화정기휴무 (매주 화요일)_화정기휴무 (매주 화요일)_화_정기휴무 (매주 화요일)_정기휴무 (매주 화요일)_수10:30 - 21:0020:00 라스트오더접기_수10:30 - 21:0020:00 라스트오더접기_수10:30 - 21:0020:00 라스트오더_수_10:30 - 21:0020:00 라스트오더_접기_접기,별점없음,0,0,https://search.pstatic.net/common/?autoRotate=true&type=w560_sharpen&src=https%3A%2F%2Fldb-phinf.pstatic.net%2F20260202_269%2F1770003420636MU88w_PNG%2FKakaoTalk_20260131_130825237.png,포장_예약_남/녀 화장실 구분_유아의자_단체 이용 가능_무선 인터넷_출입구 휠체어 이용가능_좌석 휠체어 이용가능,주차가능무료
해태바베큐,11778952,"치킨,닭강정",도로명전북 전주시 완산구 전동성당길 13복사지번전북 전주시 완산구 경원동2가 7-6복사우편번호우편번호55039복사안내 레이어 닫기,063-282-9509,영업 종료16:00에 영업 시작16시 0분에 영업 시작_영업 종료16:00에 영업 시작16시 0분에 영업 시작_영업 종료16:00에 영업 시작16시 0분에 영업 시작_영업 종료_16:00에 영업 시작16시 0분에 영업 시작_16:00에 영업 시작_16시 0분에 영업 시작_목16:00 - 21:40_목16:00 - 21:40_목16:00 - 21:40_목_16:00 - 21:40_금16:00 - 21:40_금16:00 - 21:40_금16:00 - 21:40_금_16:00 - 21:40_토16:00 - 21:40_토16:00 - 21:40_토16:00 - 21:40_토_16:00 - 21:40_일16:00 - 21:00_일16:00 - 21:00_일16:00 - 21:00_일_16:00 - 21:00_월정기휴무 (매주 월요일)_월정기휴무 (매주 월요일)_월정기휴무 (매주 월요일)_월_정기휴무 (매주 월요일)_정기휴무 (매주 월요일)_화16:00 - 21:40_화16:00 - 21:40_화16:00 - 21:40_화_16:00 - 21:40_수16:00 - 21:40_수16:00 - 21:40_수16:00 - 21:40_수_16:00 - 21:40_- 재료 소진 시 마감접기_- 재료 소진 시 마감접기_- 재료 소진 시 마감_- 재료 소진 시 마감_접기_접기,별점없음,0,0,https://search.pstatic.net/common/?autoRotate=true&type=w560_sharpen&src=https%3A%2F%2Fldb-phinf.pstatic.net%2F20220728_64%2F1658970828541YntBj_JPEG%2FScreenshot_20220727-214332_Instagram.jpg,편의시설 정보 없음,주차가능무료
신뱅이,16809544,한식,도로명전북 전주시 완산구 경기전길 153-9복사지번전북 전주시 완산구 교동 98-1복사우편번호우편번호55044복사안내 레이어 닫기,063-282-3030,영업 종료08:00에 영업 시작8시 0분에 영업 시작_영업 종료08:00에 영업 시작8시 0분에 영업 시작_영업 종료08:00에 영업 시작8시 0분에 영업 시작_영업 종료_08:00에 영업 시작8시 0분에 영업 시작_08:00에 영업 시작_8시 0분에 영업 시작_매일08:00 - 20:00접기_매일08:00 - 20:00접기_매일08:00 - 20:00_매일_08:00 - 20:00_접기_접기,별점없음,0,0,https://search.pstatic.net/common/?autoRotate=true&type=w560_sharpen&src=https%3A%2F%2Fldb-phinf.pstatic.net%2F20190811_23%2F1565491116312FLufk_JPEG%2FOZ5TFThmNZ5qacaq7j1aCxqE.jpg,예약_단체 이용 가능_포장_배달,주차가능무료
동락,16781259,일식당,도로명전북 전주시 완산구 전라감영5길 15-5 동락복사지번전북 전주시 완산구 중앙동3가 88-1복사우편번호우편번호55038복사안내 레이어 닫기,063-284-7454,영업 종료11:00에 영업 시작11시 0분에 영업 시작_영업 종료11:00에 영업 시작11시 0분에 영업 시작_영업 종료11:00에 영업 시작11시 0분에 영업 시작_영업 종료_11:00에 영업 시작11시 0분에 영업 시작_11:00에 영업 시작_11시 0분에 영업 시작_목11:00 - 21:1014:45 - 17:10 브레이크타임_목11:00 - 21:1014:45 - 17:10 브레이크타임_목11:00 - 21:1014:45 - 17:10 브레이크타임_목_11:00 - 21:1014:45 - 17:10 브레이크타임_금11:00 - 21:1014:45 - 17:10 브레이크타임_금11:00 - 21:1014:45 - 17:10 브레이크타임_금11:00 - 21:1014:45 - 17:10 브레이크타임_금_11:00 - 21:1014:45 - 17:10 브레이크타임_토11:00 - 21:1014:45 - 17:10 브레이크타임_토11:00 - 21:1014:45 - 17:10 브레이크타임_토11:00 - 21:1014:45 - 17:10 브레이크타임_토_11:00 - 21:1014:45 - 17:10 브레이크타임_일11:00 - 21:1014:45 - 17:10 브레이크타임_일11:00 - 21:1014:45 - 17:10 브레이크타임_일11:00 - 21:1014:45 - 17:10 브레이크타임_일_11:00 - 21:1014:45 - 17:10 브레이크타임_월11:00 - 21:1014:45 - 17:10 브레이크타임_월11:00 - 21:1014:45 - 17:10 브레이크타임_월11:00 - 21:1014:45 - 17:10 브레이크타임_월_11:00 - 21:1014:45 - 17:10 브레이크타임_화11:00 - 21:1014:45 - 17:10 브레이크타임_화11:00 - 21:1014:45 - 17:10 브레이크타임_화11:00 - 21:1014:45 - 17:10 브레이크타임_화_11:00 - 21:1014:45 - 17:10 브레이크타임_수11:00 - 21:1014:45 - 17:10 브레이크타임접기_수11:00 - 21:1014:45 - 17:10 브레이크타임접기_수11:00 - 21:1014:45 - 17:10 브레이크타임_수_11:00 - 21:1014:45 - 17:10 브레이크타임_접기_접기,별점없음,0,0,https://search.pstatic.net/common/?autoRotate=true&type=w560_sharpen&src=https%3A%2F%2Fldb-phinf.pstatic.net%2F20250427_154%2F1745728285492FaILu_JPEG%2F1000004343.jpg,콜키지 가능무료_포장_배달_단체 이용 가능_예약_무선 인터넷,주차가능무료
전망,33988633,카페,도로명전북 전주시 완산구 한지길 89 전주한옥마을 전망복사지번전북 전주시 완산구 풍남동3가 24-1복사안내 레이어 닫기,0507-1400-6106,영업 종료09:00에 영업 시작9시 0분에 영업 시작_영업 종료09:00에 영업 시작9시 0분에 영업 시작_영업 종료09:00에 영업 시작9시 0분에 영업 시작_영업 종료_09:00에 영업 시작9시 0분에 영업 시작_09:00에 영업 시작_9시 0분에 영업 시작_매일09:00 - 23:00접기_매일09:00 - 23:00접기_매일09:00 - 23:00_매일_09:00 - 23:00_접기_접기,별점4.35,0,0,https://search.pstatic.net/common/?autoRotate=true&type=w560_sharpen&src=https%3A%2F%2Fldb-phinf.pstatic.net%2F20190928_37%2F1569669362269c49Ap_JPEG%2FtnMhtWLSuBqSJAG9brA-hsoe.JPG.jpg,예약_단체 이용 가능_포장_무선 인터넷_남/녀 화장실 구분,주차가능무료
라한호텔 전주 하녹당,1570387748,카페,도로명전북 전주시 완산구 기린대로 85 라한호텔 전주 2층복사지번전북 전주시 완산구 풍남동3가 26-5복사우편번호우편번호55041복사안내 레이어 닫기,063-907-7380,영업 종료10:30에 영업 시작10시 30분에 영업 시작_영업 종료10:30에 영업 시작10시 30분에 영업 시작_영업 종료10:30에 영업 시작10시 30분에 영업 시작_영업 종료_10:30에 영업 시작10시 30분에 영업 시작_10:30에 영업 시작_10시 30분에 영업 시작_매일10:30 - 22:30_매일10:30 - 22:30_매일10:30 - 22:30_매일_10:30 - 22:30_- 시즌별로 운영시간에 변동이 있을 수 있습니다.접기_- 시즌별로 운영시간에 변동이 있을 수 있습니다.접기_- 시즌별로 운영시간에 변동이 있을 수 있습니다._- 시즌별로 운영시간에 변동이 있을 수 있습니다._접기_접기,별점없음,0,0,https://search.pstatic.net/common/?autoRotate=true&type=w560_sharpen&src=https%3A%2F%2Fldb-phinf.pstatic.net%2F20230329_165%2F1680077407148I802h_JPEG%2F1.jpg,단체 이용 가능_남/녀 화장실 구분_무선 인터넷_포장,주차가능
차경,1911444489,"카페,디저트",도로명전북 전주시 완산구 경기전길 61 차경복사지번전북 전주시 완산구 풍남동3가 88-8복사우편번호우편번호55042복사안내 레이어 닫기,0507-1328-4820,영업 종료11:00에 영업 시작11시 0분에 영업 시작_영업 종료11:00에 영업 시작11시 0분에 영업 시작_영업 종료11:00에 영업 시작11시 0분에 영업 시작_영업 종료_11:00에 영업 시작11시 0분에 영업 시작_11:00에 영업 시작_11시 0분에 영업 시작_목11:00 - 20:0019:30 라스트오더_목11:00 - 20:0019:30 라스트오더_목11:00 - 20:0019:30 라스트오더_목_11:00 - 20:0019:30 라스트오더_금11:00 - 20:0019:30 라스트오더_금11:00 - 20:0019:30 라스트오더_금11:00 - 20:0019:30 라스트오더_금_11:00 - 20:0019:30 라스트오더_토10:30 - 21:0020:30 라스트오더_토10:30 - 21:0020:30 라스트오더_토10:30 - 21:0020:30 라스트오더_토_10:30 - 21:0020:30 라스트오더_일10:30 - 20:0019:30 라스트오더_일10:30 - 20:0019:30 라스트오더_일10:30 - 20:0019:30 라스트오더_일_10:30 - 20:0019:30 라스트오더_월정기휴무 (매주 월요일)_월정기휴무 (매주 월요일)_월정기휴무 (매주 월요일)_월_정기휴무 (매주 월요일)_정기휴무 (매주 월요일)_화11:00 - 20:0019:30 라스트오더_화11:00 - 20:0019:30 라스트오더_화11:00 - 20:0019:30 라스트오더_화_11:00 - 20:0019:30 라스트오더_수11:00 - 20:0019:30 라스트오더접기_수11:00 - 20:0019:30 라스트오더접기_수11:00 - 20:0019:30 라스트오더_수_11:00 - 20:0019:30 라스트오더_접기_접기,별점없음,0,0,https://search.pstatic.net/common/?autoRotate=true&type=w560_sharpen&src=https%3A%2F%2Fldb-phinf.pstatic.net%2F20190925_216%2F1569400447921HjfmB_JPEG%2FmS7zZ23fOqhb3k62ppipPe7X.jpg,남/녀 화장실 구분_무선 인터넷_포장,주차 불가
전주한옥마을 선화식당,1846648297,한식,도로명전북 전주시 완산구 팔달로 160 1층복사지번전북 전주시 완산구 경원동1가 128-18복사우편번호우편번호55039복사안내 레이어 닫기,0507-1490-8027,"영업 종료09:00에 영업 시작9시 0분에 영업 시작_영업 종료09:00에 영업 시작9시 0분에 영업 시작_영업 종료09:00에 영업 시작9시 0분에 영업 시작_영업 종료_09:00에 영업 시작9시 0분에 영업 시작_09:00에 영업 시작_9시 0분에 영업 시작_목09:00 - 20:0014:30 - 17:00 브레이크타임14:00, 19:30 라스트오더_목09:00 - 20:0014:30 - 17:00 브레이크타임14:00, 19:30 라스트오더_목09:00 - 20:0014:30 - 17:00 브레이크타임14:00, 19:30 라스트오더_목_09:00 - 20:0014:30 - 17:00 브레이크타임14:00, 19:30 라스트오더_금09:00 - 20:0014:30 - 17:00 브레이크타임14:00, 19:30 라스트오더_금09:00 - 20:0014:30 - 17:00 브레이크타임14:00, 19:30 라스트오더_금09:00 - 20:0014:30 - 17:00 브레이크타임14:00, 19:30 라스트오더_금_09:00 - 20:0014:30 - 17:00 브레이크타임14:00, 19:30 라스트오더_토09:00 - 20:0014:30 - 17:00 브레이크타임14:00, 19:30 라스트오더_토09:00 - 20:0014:30 - 17:00 브레이크타임14:00, 19:30 라스트오더_토09:00 - 20:0014:30 - 17:00 브레이크타임14:00, 19:30 라스트오더_토_09:00 - 20:0014:30 - 17:00 브레이크타임14:00, 19:30 라스트오더_일09:00 - 20:0014:30 - 17:00 브레이크타임14:00, 19:30 라스트오더_일09:00 - 20:0014:30 - 17:00 브레이크타임14:00, 19:30 라스트오더_일09:00 - 20:0014:30 - 17:00 브레이크타임14:00, 19:30 라스트오더_일_09:00 - 20:0014:30 - 17:00 브레이크타임14:00, 19:30 라스트오더_월정기휴무 (매주 월요일)_월정기휴무 (매주 월요일)_월정기휴무 (매주 월요일)_월_정기휴무 (매주 월요일)_정기휴무 (매주 월요일)_화09:00 - 20:0014:30 - 17:00 브레이크타임14:00, 19:30 라스트오더_화09:00 - 20:0014:30 - 17:00 브레이크타임14:00, 19:30 라스트오더_화09:00 - 20:0014:30 - 17:00 브레이크타임14:00, 19:30 라스트오더_화_09:00 - 20:0014:30 - 17:00 브레이크타임14:00, 19:30 라스트오더_수09:00 - 20:0014:30 - 17:00 브레이크타임14:00, 19:30 라스트오더접기_수09:00 - 20:0014:30 - 17:00 브레이크타임14:00, 19:30 라스트오더접기_수09:00 - 20:0014:30 - 17:00 브레이크타임14:00, 19:30 라스트오더_수_09:00 - 20:0014:30 - 17:00 브레이크타임14:00, 19:30 라스트오더_접기_접기",별점없음,0,0,https://search.pstatic.net/common/?autoRotate=true&type=w560_sharpen&src=https%3A%2F%2Fldb-phinf.pstatic.net%2F20250609_214%2F1749445384989dlu9V_JPEG%2FKakaoTalk_20250608_191703841.jpg,단체 이용 가능_예약_무선 인터넷_남/녀 화장실 구분_유아의자_장애인 주차구역,주차가능무료
더마시랑게,1721087230,"카페,디저트","도로명전북 전주시 완산구 전동성당길 88 1층, 2층, 3층복사지번전북 전주시 완산구 전동 58-1복사우편번호우편번호55042복사안내 레이어 닫기",0507-1392-1739,영업 종료11:00에 영업 시작11시 0분에 영업 시작_영업 종료11:00에 영업 시작11시 0분에 영업 시작_영업 종료11:00에 영업 시작11시 0분에 영업 시작_영업 종료_11:00에 영업 시작11시 0분에 영업 시작_11:00에 영업 시작_11시 0분에 영업 시작_목11:00 - 20:00_목11:00 - 20:00_목11:00 - 20:00_목_11:00 - 20:00_금11:00 - 20:00_금11:00 - 20:00_금11:00 - 20:00_금_11:00 - 20:00_토11:00 - 20:00_토11:00 - 20:00_토11:00 - 20:00_토_11:00 - 20:00_일11:00 - 20:00_일11:00 - 20:00_일11:00 - 20:00_일_11:00 - 20:00_월11:00 - 20:00_월11:00 - 20:00_월11:00 - 20:00_월_11:00 - 20:00_화정기휴무 (매주 화요일)_화정기휴무 (매주 화요일)_화정기휴무 (매주 화요일)_화_정기휴무 (매주 화요일)_정기휴무 (매주 화요일)_수11:00 - 20:00_수11:00 - 20:00_수11:00 - 20:00_수_11:00 - 20:00_- 더마시랑게는 5/5 어린이날 정상 영업합니다!접기_- 더마시랑게는 5/5 어린이날 정상 영업합니다!접기_- 더마시랑게는 5/5 어린이날 정상 영업합니다!_- 더마시랑게는 5/5 어린이날 정상 영업합니다!_접기_접기,별점없음,0,0,https://search.pstatic.net/common/?autoRotate=true&type=w560_sharpen&src=https%3A%2F%2Fldb-phinf.pstatic.net%2F20260210_17%2F1770723452233yxUHB_JPEG%2F22.jpg,단체 이용 가능_무선 인터넷_남/녀 화장실 구분_포장_예약,주차 불가
바인쿡 한옥마을점,1626671638,"육류,고기요리",도로명전북 전주시 완산구 경기전길 28 1층복사지번전북 전주시 완산구 경원동2가 26-2복사우편번호우편번호55039복사안내 레이어 닫기,0507-1331-2115,영업 종료11:00에 영업 시작11시 0분에 영업 시작_영업 종료11:00에 영업 시작11시 0분에 영업 시작_영업 종료11:00에 영업 시작11시 0분에 영업 시작_영업 종료_11:00에 영업 시작11시 0분에 영업 시작_11:00에 영업 시작_11시 0분에 영업 시작_목11:00 - 22:0015:00 - 17:00 브레이크타임21:00 라스트오더_목11:00 - 22:0015:00 - 17:00 브레이크타임21:00 라스트오더_목11:00 - 22:0015:00 - 17:00 브레이크타임21:00 라스트오더_목_11:00 - 22:0015:00 - 17:00 브레이크타임21:00 라스트오더_금11:00 - 22:0015:00 - 17:00 브레이크타임21:00 라스트오더_금11:00 - 22:0015:00 - 17:00 브레이크타임21:00 라스트오더_금11:00 - 22:0015:00 - 17:00 브레이크타임21:00 라스트오더_금_11:00 - 22:0015:00 - 17:00 브레이크타임21:00 라스트오더_토11:00 - 22:0015:00 - 17:00 브레이크타임21:00 라스트오더_토11:00 - 22:0015:00 - 17:00 브레이크타임21:00 라스트오더_토11:00 - 22:0015:00 - 17:00 브레이크타임21:00 라스트오더_토_11:00 - 22:0015:00 - 17:00 브레이크타임21:00 라스트오더_일11:00 - 22:0015:00 - 17:00 브레이크타임21:00 라스트오더_일11:00 - 22:0015:00 - 17:00 브레이크타임21:00 라스트오더_일11:00 - 22:0015:00 - 17:00 브레이크타임21:00 라스트오더_일_11:00 - 22:0015:00 - 17:00 브레이크타임21:00 라스트오더_월11:00 - 22:0015:00 - 17:00 브레이크타임21:00 라스트오더_월11:00 - 22:0015:00 - 17:00 브레이크타임21:00 라스트오더_월11:00 - 22:0015:00 - 17:00 브레이크타임21:00 라스트오더_월_11:00 - 22:0015:00 - 17:00 브레이크타임21:00 라스트오더_화정기휴무 (매주 화요일)_화정기휴무 (매주 화요일)_화정기휴무 (매주 화요일)_화_정기휴무 (매주 화요일)_정기휴무 (매주 화요일)_수11:00 - 22:0015:00 - 17:00 브레이크타임21:00 라스트오더접기_수11:00 - 22:0015:00 - 17:00 브레이크타임21:00 라스트오더접기_수11:00 - 22:0015:00 - 17:00 브레이크타임21:00 라스트오더_수_11:00 - 22:0015:00 - 17:00 브레이크타임21:00 라스트오더_접기_접기,별점없음,0,0,https://search.pstatic.net/common/?autoRotate=true&type=w560_sharpen&src=https%3A%2F%2Fldb-phinf.pstatic.net%2F20230830_24%2F1693368110887JT1X6_JPEG%2FP20230829_121549219_B19411B2-CAB0-4278-84D7-828891CB870E.JPG,대관_단체 이용 가능_배달_예약_무선 인터넷_유아의자_포장_\반려동물 동반,주차가능유료
수니네밥상,1389584564,한정식,도로명전북 전주시 완산구 최명희길 30-3복사지번전북 전주시 완산구 풍남동3가 79-1복사우편번호우편번호55042복사안내 레이어 닫기,063-282-8191,영업 종료10:00에 영업 시작10시 0분에 영업 시작_영업 종료10:00에 영업 시작10시 0분에 영업 시작_영업 종료10:00에 영업 시작10시 0분에 영업 시작_영업 종료_10:00에 영업 시작10시 0분에 영업 시작_10:00에 영업 시작_10시 0분에 영업 시작_목10:00 - 20:3020:00 라스트오더_목10:00 - 20:3020:00 라스트오더_목10:00 - 20:3020:00 라스트오더_목_10:00 - 20:3020:00 라스트오더_금10:00 - 20:3020:00 라스트오더_금10:00 - 20:3020:00 라스트오더_금10:00 - 20:3020:00 라스트오더_금_10:00 - 20:3020:00 라스트오더_토10:00 - 20:3020:00 라스트오더_토10:00 - 20:3020:00 라스트오더_토10:00 - 20:3020:00 라스트오더_토_10:00 - 20:3020:00 라스트오더_일10:00 - 20:3020:00 라스트오더_일10:00 - 20:3020:00 라스트오더_일10:00 - 20:3020:00 라스트오더_일_10:00 - 20:3020:00 라스트오더_월정기휴무 (매주 월요일)_월정기휴무 (매주 월요일)_월정기휴무 (매주 월요일)_월_정기휴무 (매주 월요일)_정기휴무 (매주 월요일)_화10:00 - 20:3020:00 라스트오더_화10:00 - 20:3020:00 라스트오더_화10:00 - 20:3020:00 라스트오더_화_10:00 - 20:3020:00 라스트오더_수10:00 - 20:3020:00 라스트오더접기_수10:00 - 20:3020:00 라스트오더접기_수10:00 - 20:3020:00 라스트오더_수_10:00 - 20:3020:00 라스트오더_접기_접기,별점없음,0,0,https://search.pstatic.net/common/?autoRotate=true&type=w560_sharpen&src=https%3A%2F%2Fldb-phinf.pstatic.net%2F20240201_5%2F1706770132632vYd2W_JPEG%2FKakaoTalk_20240128_141938325_06.jpg,단체 이용 가능_포장_예약,주차 불가
교동육전,1979994709,한식,도로명전북 전주시 완산구 태조로 25 교동육전복사지번전북 전주시 완산구 교동 70-6 육전복사우편번호우편번호55044복사안내 레이어 닫기,0507-1352-3414,영업 종료10:00에 영업 시작10시 0분에 영업 시작_영업 종료10:00에 영업 시작10시 0분에 영업 시작_영업 종료10:00에 영업 시작10시 0분에 영업 시작_영업 종료_10:00에 영업 시작10시 0분에 영업 시작_10:00에 영업 시작_10시 0분에 영업 시작_매일10:00 - 22:00접기_매일10:00 - 22:00접기_매일10:00 - 22:00_매일_10:00 - 22:00_접기_접기,별점없음,0,0,https://search.pstatic.net/common/?autoRotate=true&type=w560_sharpen&src=https%3A%2F%2Fldb-phinf.pstatic.net%2F20260502_73%2F1777715368420zUzDM_JPEG%2FKakaoTalk_20260502_182501977.jpg,단체 이용 가능_포장_예약,주차 불가
자연도소금빵in 전주,2087613980,베이커리,도로명전북 전주시 완산구 태조로 18 1층복사지번전북 전주시 완산구 풍남동3가 61-6복사우편번호우편번호55041복사안내 레이어 닫기,063-232-2245,영업 종료09:00에 영업 시작9시 0분에 영업 시작_영업 종료09:00에 영업 시작9시 0분에 영업 시작_영업 종료09:00에 영업 시작9시 0분에 영업 시작_영업 종료_09:00에 영업 시작9시 0분에 영업 시작_09:00에 영업 시작_9시 0분에 영업 시작_매일09:00 - 22:00접기_매일09:00 - 22:00접기_매일09:00 - 22:00_매일_09:00 - 22:00_접기_접기,별점없음,0,0,https://search.pstatic.net/common/?autoRotate=true&type=w560_sharpen&src=https%3A%2F%2Fldb-phinf.pstatic.net%2F20260406_174%2F1775463855134lfbAl_JPEG%2F%25C0%25FC%25C1%25D6%25C8%25AE2.jpg,포장,주차 불가
플뢰르,1453928815,술집,도로명전북 전주시 완산구 현무2길 14-23복사지번전북 전주시 완산구 경원동3가 6-16복사우편번호우편번호55000복사안내 레이어 닫기,063-909-5015,영업 종료12:00에 영업 시작12시 0분에 영업 시작_영업 종료12:00에 영업 시작12시 0분에 영업 시작_영업 종료12:00에 영업 시작12시 0분에 영업 시작_영업 종료_12:00에 영업 시작12시 0분에 영업 시작_12:00에 영업 시작_12시 0분에 영업 시작_목12:00 - 24:00_목12:00 - 24:00_목12:00 - 24:00_목_12:00 - 24:00_금12:00 - 다음 날 01:00_금12:00 - 다음 날 01:00_금12:00 - 다음 날 01:00_금_12:00 - 다음 날 01:00_토12:00 - 다음 날 01:00_토12:00 - 다음 날 01:00_토12:00 - 다음 날 01:00_토_12:00 - 다음 날 01:00_일정기휴무 (매주 일요일)_일정기휴무 (매주 일요일)_일정기휴무 (매주 일요일)_일_정기휴무 (매주 일요일)_정기휴무 (매주 일요일)_월18:30 - 24:00_월18:30 - 24:00_월18:30 - 24:00_월_18:30 - 24:00_화12:00 - 24:00_화12:00 - 24:00_화12:00 - 24:00_화_12:00 - 24:00_수12:00 - 24:00접기_수12:00 - 24:00접기_수12:00 - 24:00_수_12:00 - 24:00_접기_접기,별점없음,0,0,https://search.pstatic.net/common/?autoRotate=true&type=w560_sharpen&src=https%3A%2F%2Fldb-phinf.pstatic.net%2F20260301_198%2F1772332161469mJbPJ_JPEG%2F1000080249.jpg,단체 이용 가능_무선 인터넷_남/녀 화장실 구분,주차 불가
물왓동네,1764825498,"카페,디저트",도로명전북 전주시 완산구 한지길 95 물왓동네복사지번전북 전주시 완산구 풍남동3가 23-11복사우편번호우편번호55041복사안내 레이어 닫기,0507-1356-2803,영업 종료11:00에 영업 시작11시 0분에 영업 시작_영업 종료11:00에 영업 시작11시 0분에 영업 시작_영업 종료11:00에 영업 시작11시 0분에 영업 시작_영업 종료_11:00에 영업 시작11시 0분에 영업 시작_11:00에 영업 시작_11시 0분에 영업 시작_목11:00 - 19:00_목11:00 - 19:00_목11:00 - 19:00_목_11:00 - 19:00_금11:00 - 19:00_금11:00 - 19:00_금11:00 - 19:00_금_11:00 - 19:00_토10:00 - 22:00_토10:00 - 22:00_토10:00 - 22:00_토_10:00 - 22:00_일10:00 - 22:00_일10:00 - 22:00_일10:00 - 22:00_일_10:00 - 22:00_월11:00 - 19:00_월11:00 - 19:00_월11:00 - 19:00_월_11:00 - 19:00_화11:00 - 19:00_화11:00 - 19:00_화11:00 - 19:00_화_11:00 - 19:00_수정기휴무 (매주 수요일)_수정기휴무 (매주 수요일)_수정기휴무 (매주 수요일)_수_정기휴무 (매주 수요일)_정기휴무 (매주 수요일)_- 정기휴무가 공휴일인 경우 정상영업합니다:)접기_- 정기휴무가 공휴일인 경우 정상영업합니다:)접기_- 정기휴무가 공휴일인 경우 정상영업합니다:)_- 정기휴무가 공휴일인 경우 정상영업합니다:)_접기_접기,별점없음,0,0,https://search.pstatic.net/common/?autoRotate=true&type=w560_sharpen&src=https%3A%2F%2Fldb-phinf.pstatic.net%2F20260419_171%2F1776567653997rcbS9_JPEG%2FIMG_4288.jpg,유기농 메뉴_테이크아웃 할인_비건 메뉴_무선 인터넷_배달_포장_남/녀 화장실 구분_단체 이용 가능_유아의자_예약_\반려동물 동반_화장실 휠체어 이용가능_출입구 휠체어 이용가능_좌석 휠체어 이용가능,주차 불가
워커비 전주,1432293077,"카페,디저트",도로명전북 전주시 완산구 팔달로 133복사지번전북 전주시 완산구 전동 88-12복사우편번호우편번호55043복사안내 레이어 닫기,0507-1315-5373,영업 종료10:00에 영업 시작10시 0분에 영업 시작_영업 종료10:00에 영업 시작10시 0분에 영업 시작_영업 종료10:00에 영업 시작10시 0분에 영업 시작_영업 종료_10:00에 영업 시작10시 0분에 영업 시작_10:00에 영업 시작_10시 0분에 영업 시작_목10:00 - 18:0017:30 라스트오더_목10:00 - 18:0017:30 라스트오더_목10:00 - 18:0017:30 라스트오더_목_10:00 - 18:0017:30 라스트오더_금10:00 - 18:0017:30 라스트오더_금10:00 - 18:0017:30 라스트오더_금10:00 - 18:0017:30 라스트오더_금_10:00 - 18:0017:30 라스트오더_토10:00 - 18:0017:30 라스트오더_토10:00 - 18:0017:30 라스트오더_토10:00 - 18:0017:30 라스트오더_토_10:00 - 18:0017:30 라스트오더_일10:00 - 18:0017:30 라스트오더_일10:00 - 18:0017:30 라스트오더_일10:00 - 18:0017:30 라스트오더_일_10:00 - 18:0017:30 라스트오더_월10:00 - 18:0017:30 라스트오더_월10:00 - 18:0017:30 라스트오더_월10:00 - 18:0017:30 라스트오더_월_10:00 - 18:0017:30 라스트오더_화정기휴무 (매주 화요일)_화정기휴무 (매주 화요일)_화정기휴무 (매주 화요일)_화_정기휴무 (매주 화요일)_정기휴무 (매주 화요일)_수10:00 - 18:0017:30 라스트오더접기_수10:00 - 18:0017:30 라스트오더접기_수10:00 - 18:0017:30 라스트오더_수_10:00 - 18:0017:30 라스트오더_접기_접기,별점없음,0,0,https://search.pstatic.net/common/?autoRotate=true&type=w560_sharpen&src=https%3A%2F%2Fldb-phinf.pstatic.net%2F20240301_26%2F1709264262321PA0HX_PNG%2Fhouse-of-b-jeonju-01.png,비건 메뉴_포장_예약_무선 인터넷_남/녀 화장실 구분_대기공간_단체 이용 가능_화장실 휠체어 이용가능_출입구 휠체어 이용가능_좌석 휠체어 이용가능,주차가능유료
흐노니,1906448474,"카페,디저트",도로명전북 전주시 완산구 한지길 22 1층복사지번전북 전주시 완산구 풍남동2가 29-2복사우편번호우편번호55040복사안내 레이어 닫기,0507-1398-8444,영업 종료11:00에 영업 시작11시 0분에 영업 시작_영업 종료11:00에 영업 시작11시 0분에 영업 시작_영업 종료11:00에 영업 시작11시 0분에 영업 시작_영업 종료_11:00에 영업 시작11시 0분에 영업 시작_11:00에 영업 시작_11시 0분에 영업 시작_매일11:00 - 22:00_매일11:00 - 22:00_매일11:00 - 22:00_매일_11:00 - 22:00_- 휴무없이 매일 활짝 열려있어요♥접기_- 휴무없이 매일 활짝 열려있어요♥접기_- 휴무없이 매일 활짝 열려있어요♥_- 휴무없이 매일 활짝 열려있어요♥_접기_접기,별점없음,0,0,https://search.pstatic.net/common/?autoRotate=true&type=w560_sharpen&src=https%3A%2F%2Fldb-phinf.pstatic.net%2F20251217_262%2F1765978406154cSu6K_JPEG%2FIMG_6183.jpeg,콜키지 가능유료_단체 이용 가능_무선 인터넷_예약_남/녀 화장실 구분_포장,주차가능무료
문꼬치문강정 전주한옥마을점,1553305813,"일식튀김,꼬치",도로명전북 전주시 완산구 은행로 35 1층복사지번전북 전주시 완산구 풍남동3가 46-1복사우편번호우편번호55041복사안내 레이어 닫기,0507-1311-8661,영업 종료11:30에 영업 시작11시 30분에 영업 시작_영업 종료11:30에 영업 시작11시 30분에 영업 시작_영업 종료11:30에 영업 시작11시 30분에 영업 시작_영업 종료_11:30에 영업 시작11시 30분에 영업 시작_11:30에 영업 시작_11시 30분에 영업 시작_목11:30 - 20:3020:00 라스트오더_목11:30 - 20:3020:00 라스트오더_목11:30 - 20:3020:00 라스트오더_목_11:30 - 20:3020:00 라스트오더_금11:30 - 20:3020:00 라스트오더_금11:30 - 20:3020:00 라스트오더_금11:30 - 20:3020:00 라스트오더_금_11:30 - 20:3020:00 라스트오더_토11:00 - 22:0021:30 라스트오더_토11:00 - 22:0021:30 라스트오더_토11:00 - 22:0021:30 라스트오더_토_11:00 - 22:0021:30 라스트오더_일11:00 - 21:0020:30 라스트오더_일11:00 - 21:0020:30 라스트오더_일11:00 - 21:0020:30 라스트오더_일_11:00 - 21:0020:30 라스트오더_월11:30 - 20:3020:00 라스트오더_월11:30 - 20:3020:00 라스트오더_월11:30 - 20:3020:00 라스트오더_월_11:30 - 20:3020:00 라스트오더_화11:30 - 20:3020:00 라스트오더_화11:30 - 20:3020:00 라스트오더_화11:30 - 20:3020:00 라스트오더_화_11:30 - 20:3020:00 라스트오더_수11:30 - 20:3020:00 라스트오더_수11:30 - 20:3020:00 라스트오더_수11:30 - 20:3020:00 라스트오더_수_11:30 - 20:3020:00 라스트오더_- 연중 무휴로 영업되며 임시 휴일은 사전에 공지해드립니다접기_- 연중 무휴로 영업되며 임시 휴일은 사전에 공지해드립니다접기_- 연중 무휴로 영업되며 임시 휴일은 사전에 공지해드립니다_- 연중 무휴로 영업되며 임시 휴일은 사전에 공지해드립니다_접기_접기,별점없음,0,0,https://search.pstatic.net/common/?autoRotate=true&type=w560_sharpen&src=https%3A%2F%2Fldb-phinf.pstatic.net%2F20250116_4%2F1736996833274xtNRv_JPEG%2FKakaoTalk_20250116_112505385.jpg,포장_대기공간_무선 인터넷,주차가능유료
PNB 풍년제과 한옥마을1호점,33234305,베이커리,도로명전북 전주시 완산구 은행로 61복사지번전북 전주시 완산구 교동 67-2복사우편번호우편번호55045복사안내 레이어 닫기,0507-1432-7300,영업 종료08:30에 영업 시작8시 30분에 영업 시작_영업 종료08:30에 영업 시작8시 30분에 영업 시작_영업 종료08:30에 영업 시작8시 30분에 영업 시작_영업 종료_08:30에 영업 시작8시 30분에 영업 시작_08:30에 영업 시작_8시 30분에 영업 시작_매일08:30 - 21:30접기_매일08:30 - 21:30접기_매일08:30 - 21:30_매일_08:30 - 21:30_접기_접기,별점없음,0,0,https://search.pstatic.net/common/?autoRotate=true&type=w560_sharpen&src=https%3A%2F%2Fldb-phinf.pstatic.net%2F20150901_118%2F1441052542500dAE2i_JPEG%2FSUBMIT_1404803988491_33234305.jpg,포장,주차가능유료
이디야 전주한옥마을점,21719276,카페,도로명전북 전주시 완산구 팔달로 130-1복사지번전북 전주시 완산구 전동 65-1복사우편번호우편번호55042복사안내 레이어 닫기,063-288-8393,영업 종료08:30에 영업 시작8시 30분에 영업 시작_영업 종료08:30에 영업 시작8시 30분에 영업 시작_영업 종료08:30에 영업 시작8시 30분에 영업 시작_영업 종료_08:30에 영업 시작8시 30분에 영업 시작_08:30에 영업 시작_8시 30분에 영업 시작_매일08:30 - 22:00접기_매일08:30 - 22:00접기_매일08:30 - 22:00_매일_08:30 - 22:00_접기_접기,별점4.33,0,0,https://search.pstatic.net/common/?autoRotate=true&type=w560_sharpen&src=https%3A%2F%2Fldb-phinf.pstatic.net%2F20260602_118%2F1780358490913PvU3R_JPEG%2F%25C0%25CC%25B5%25F0%25BE%25DF_%25BF%25C2%25B6%25F3%25C0%25CE_SNS%252C_%25B1%25E2%25C5%25B8_%25C4%25DA%25C4%25DA%25B3%25D3%25B6%25F3%25B6%25BC_2%25C1%25BE_%25B3%25D7%25C0%25CC%25B9%25F6%25C3%25A4%25B3%25CE.jpg,포장,주차가능무료
전주교동샌드 전주한옥마을본점,1800133014,베이커리,도로명전북 전주시 완산구 팔달로 126 2층 전주교동샌드복사지번전북 전주시 완산구 전동 74복사우편번호우편번호55042복사안내 레이어 닫기,0507-1319-9927,영업 종료10:00에 영업 시작10시 0분에 영업 시작_영업 종료10:00에 영업 시작10시 0분에 영업 시작_영업 종료10:00에 영업 시작10시 0분에 영업 시작_영업 종료_10:00에 영업 시작10시 0분에 영업 시작_10:00에 영업 시작_10시 0분에 영업 시작_목10:00 - 19:30_목10:00 - 19:30_목10:00 - 19:30_목_10:00 - 19:30_금10:00 - 19:30_금10:00 - 19:30_금10:00 - 19:30_금_10:00 - 19:30_토09:00 - 21:00_토09:00 - 21:00_토09:00 - 21:00_토_09:00 - 21:00_일09:00 - 21:00_일09:00 - 21:00_일09:00 - 21:00_일_09:00 - 21:00_월10:00 - 19:30_월10:00 - 19:30_월10:00 - 19:30_월_10:00 - 19:30_화10:00 - 19:30_화10:00 - 19:30_화10:00 - 19:30_화_10:00 - 19:30_수10:00 - 19:30접기_수10:00 - 19:30접기_수10:00 - 19:30_수_10:00 - 19:30_접기_접기,별점없음,0,0,https://search.pstatic.net/common/?autoRotate=true&type=w560_sharpen&src=https%3A%2F%2Fldb-phinf.pstatic.net%2F20240126_175%2F1706261679356LlcD7_JPEG%2F1703566692713.jpg,예약,주차가능무료
족떡이네,34268977,"육류,고기요리",도로명전북 전주시 완산구 은행로 65-3복사지번전북 전주시 완산구 교동 64-8복사우편번호우편번호55045복사안내 레이어 닫기,063-285-0198,영업 종료11:00에 영업 시작11시 0분에 영업 시작_영업 종료11:00에 영업 시작11시 0분에 영업 시작_영업 종료11:00에 영업 시작11시 0분에 영업 시작_영업 종료_11:00에 영업 시작11시 0분에 영업 시작_11:00에 영업 시작_11시 0분에 영업 시작_목11:00 - 21:0015:00 - 16:30 브레이크타임20:20 라스트오더_목11:00 - 21:0015:00 - 16:30 브레이크타임20:20 라스트오더_목11:00 - 21:0015:00 - 16:30 브레이크타임20:20 라스트오더_목_11:00 - 21:0015:00 - 16:30 브레이크타임20:20 라스트오더_금11:00 - 22:0015:00 - 16:00 브레이크타임21:20 라스트오더_금11:00 - 22:0015:00 - 16:00 브레이크타임21:20 라스트오더_금11:00 - 22:0015:00 - 16:00 브레이크타임21:20 라스트오더_금_11:00 - 22:0015:00 - 16:00 브레이크타임21:20 라스트오더_토11:00 - 22:0015:00 - 16:00 브레이크타임21:20 라스트오더_토11:00 - 22:0015:00 - 16:00 브레이크타임21:20 라스트오더_토11:00 - 22:0015:00 - 16:00 브레이크타임21:20 라스트오더_토_11:00 - 22:0015:00 - 16:00 브레이크타임21:20 라스트오더_일11:00 - 21:0015:00 - 16:30 브레이크타임20:20 라스트오더_일11:00 - 21:0015:00 - 16:30 브레이크타임20:20 라스트오더_일11:00 - 21:0015:00 - 16:30 브레이크타임20:20 라스트오더_일_11:00 - 21:0015:00 - 16:30 브레이크타임20:20 라스트오더_월11:00 - 21:0015:00 - 16:30 브레이크타임20:20 라스트오더_월11:00 - 21:0015:00 - 16:30 브레이크타임20:20 라스트오더_월11:00 - 21:0015:00 - 16:30 브레이크타임20:20 라스트오더_월_11:00 - 21:0015:00 - 16:30 브레이크타임20:20 라스트오더_화11:00 - 21:0015:00 - 16:30 브레이크타임20:20 라스트오더_화11:00 - 21:0015:00 - 16:30 브레이크타임20:20 라스트오더_화11:00 - 21:0015:00 - 16:30 브레이크타임20:20 라스트오더_화_11:00 - 21:0015:00 - 16:30 브레이크타임20:20 라스트오더_수11:00 - 21:0015:00 - 16:30 브레이크타임20:20 라스트오더_수11:00 - 21:0015:00 - 16:30 브레이크타임20:20 라스트오더_수11:00 - 21:0015:00 - 16:30 브레이크타임20:20 라스트오더_수_11:00 - 21:0015:00 - 16:30 브레이크타임20:20 라스트오더_- 자세한 문의는 전화로 부탁드립니다.접기_- 자세한 문의는 전화로 부탁드립니다.접기_- 자세한 문의는 전화로 부탁드립니다._- 자세한 문의는 전화로 부탁드립니다._접기_접기,별점없음,0,0,https://search.pstatic.net/common/?autoRotate=true&type=w560_sharpen&src=https%3A%2F%2Fldb-phinf.pstatic.net%2F20250913_123%2F1757690374626Q4i3l_JPEG%2F%25B8%25F0%25B5%25EB1.jpg,단체 이용 가능_포장_무선 인터넷_예약,주차 불가
용이네,31334911,"찌개,전골",도로명전북 전주시 완산구 풍남문3길 4복사지번전북 전주시 완산구 전동 92-6복사우편번호우편번호55043복사안내 레이어 닫기,063-232-9007,영업 종료11:00에 영업 시작11시 0분에 영업 시작_영업 종료11:00에 영업 시작11시 0분에 영업 시작_영업 종료11:00에 영업 시작11시 0분에 영업 시작_영업 종료_11:00에 영업 시작11시 0분에 영업 시작_11:00에 영업 시작_11시 0분에 영업 시작_목11:00 - 21:0015:00 - 17:00 브레이크타임20:00 라스트오더_목11:00 - 21:0015:00 - 17:00 브레이크타임20:00 라스트오더_목11:00 - 21:0015:00 - 17:00 브레이크타임20:00 라스트오더_목_11:00 - 21:0015:00 - 17:00 브레이크타임20:00 라스트오더_금11:00 - 21:0015:00 - 17:00 브레이크타임20:00 라스트오더_금11:00 - 21:0015:00 - 17:00 브레이크타임20:00 라스트오더_금11:00 - 21:0015:00 - 17:00 브레이크타임20:00 라스트오더_금_11:00 - 21:0015:00 - 17:00 브레이크타임20:00 라스트오더_토11:00 - 21:0015:00 - 17:00 브레이크타임20:00 라스트오더_토11:00 - 21:0015:00 - 17:00 브레이크타임20:00 라스트오더_토11:00 - 21:0015:00 - 17:00 브레이크타임20:00 라스트오더_토_11:00 - 21:0015:00 - 17:00 브레이크타임20:00 라스트오더_일정기휴무 (매주 일요일)_일정기휴무 (매주 일요일)_일정기휴무 (매주 일요일)_일_정기휴무 (매주 일요일)_정기휴무 (매주 일요일)_월11:00 - 21:0015:00 - 17:00 브레이크타임20:00 라스트오더_월11:00 - 21:0015:00 - 17:00 브레이크타임20:00 라스트오더_월11:00 - 21:0015:00 - 17:00 브레이크타임20:00 라스트오더_월_11:00 - 21:0015:00 - 17:00 브레이크타임20:00 라스트오더_화11:00 - 21:0015:00 - 17:00 브레이크타임20:00 라스트오더_화11:00 - 21:0015:00 - 17:00 브레이크타임20:00 라스트오더_화11:00 - 21:0015:00 - 17:00 브레이크타임20:00 라스트오더_화_11:00 - 21:0015:00 - 17:00 브레이크타임20:00 라스트오더_수11:00 - 21:0015:00 - 17:00 브레이크타임20:00 라스트오더접기_수11:00 - 21:0015:00 - 17:00 브레이크타임20:00 라스트오더접기_수11:00 - 21:0015:00 - 17:00 브레이크타임20:00 라스트오더_수_11:00 - 21:0015:00 - 17:00 브레이크타임20:00 라스트오더_접기_접기,별점없음,0,0,https://search.pstatic.net/common/?autoRotate=true&type=w560_sharpen&src=https%3A%2F%2Fldb-phinf.pstatic.net%2F20240118_122%2F17055443631251Jk7T_JPEG%2FIMG_8348_%25281%2529.JPG,포장_배달_예약,주차 불가
올드빅커피,1008325110,카페,도로명전북 전주시 완산구 풍남문3길 20 2층 갈색문복사지번전북 전주시 완산구 전동 94-8복사우편번호우편번호55043복사안내 레이어 닫기,070-4090-9480,영업 종료12:00에 영업 시작12시 0분에 영업 시작_영업 종료12:00에 영업 시작12시 0분에 영업 시작_영업 종료12:00에 영업 시작12시 0분에 영업 시작_영업 종료_12:00에 영업 시작12시 0분에 영업 시작_12:00에 영업 시작_12시 0분에 영업 시작_목12:00 - 21:0020:20 라스트오더_목12:00 - 21:0020:20 라스트오더_목12:00 - 21:0020:20 라스트오더_목_12:00 - 21:0020:20 라스트오더_금12:00 - 21:0020:20 라스트오더_금12:00 - 21:0020:20 라스트오더_금12:00 - 21:0020:20 라스트오더_금_12:00 - 21:0020:20 라스트오더_토12:00 - 21:0020:20 라스트오더_토12:00 - 21:0020:20 라스트오더_토12:00 - 21:0020:20 라스트오더_토_12:00 - 21:0020:20 라스트오더_일12:00 - 20:0019:20 라스트오더_일12:00 - 20:0019:20 라스트오더_일12:00 - 20:0019:20 라스트오더_일_12:00 - 20:0019:20 라스트오더_월(6/15)12:00 - 20:00_월(6/15)12:00 - 20:00_월(6/15)12:00 - 20:00_월(6/15)_12:00 - 20:00_화12:00 - 21:0020:20 라스트오더_화12:00 - 21:0020:20 라스트오더_화12:00 - 21:0020:20 라스트오더_화_12:00 - 21:0020:20 라스트오더_수12:00 - 21:0020:20 라스트오더_수12:00 - 21:0020:20 라스트오더_수12:00 - 21:0020:20 라스트오더_수_12:00 - 21:0020:20 라스트오더_- 라스트오더 마감40분전접기_- 라스트오더 마감40분전접기_- 라스트오더 마감40분전_- 라스트오더 마감40분전_접기_접기,별점없음,0,0,https://search.pstatic.net/common/?autoRotate=true&type=w560_sharpen&src=https%3A%2F%2Fldb-phinf.pstatic.net%2F20230907_160%2F1694042052257PSWM4_JPEG%2FIMG_0252.jpeg,포장_무선 인터넷_단체 이용 가능,주차가능유료
만추,1112374153,"카페,디저트",도로명전북 전주시 완산구 팔달로 138 1층복사지번전북 전주시 완산구 전동 58-9복사우편번호우편번호55042복사안내 레이어 닫기,0507-1335-7514,영업 종료12:00에 영업 시작12시 0분에 영업 시작_영업 종료12:00에 영업 시작12시 0분에 영업 시작_영업 종료12:00에 영업 시작12시 0분에 영업 시작_영업 종료_12:00에 영업 시작12시 0분에 영업 시작_12:00에 영업 시작_12시 0분에 영업 시작_목12:00 - 21:0020:30 라스트오더_목12:00 - 21:0020:30 라스트오더_목12:00 - 21:0020:30 라스트오더_목_12:00 - 21:0020:30 라스트오더_금12:00 - 21:0020:30 라스트오더_금12:00 - 21:0020:30 라스트오더_금12:00 - 21:0020:30 라스트오더_금_12:00 - 21:0020:30 라스트오더_토11:00 - 21:0020:30 라스트오더_토11:00 - 21:0020:30 라스트오더_토11:00 - 21:0020:30 라스트오더_토_11:00 - 21:0020:30 라스트오더_일11:00 - 20:0019:30 라스트오더_일11:00 - 20:0019:30 라스트오더_일11:00 - 20:0019:30 라스트오더_일_11:00 - 20:0019:30 라스트오더_월12:00 - 21:0020:30 라스트오더_월12:00 - 21:0020:30 라스트오더_월12:00 - 21:0020:30 라스트오더_월_12:00 - 21:0020:30 라스트오더_화12:00 - 21:0020:30 라스트오더_화12:00 - 21:0020:30 라스트오더_화12:00 - 21:0020:30 라스트오더_화_12:00 - 21:0020:30 라스트오더_수12:00 - 21:0020:30 라스트오더접기_수12:00 - 21:0020:30 라스트오더접기_수12:00 - 21:0020:30 라스트오더_수_12:00 - 21:0020:30 라스트오더_접기_접기,별점없음,0,0,https://search.pstatic.net/common/?autoRotate=true&type=w560_sharpen&src=https%3A%2F%2Fldb-phinf.pstatic.net%2F20240510_282%2F1715274955081ICnAY_PNG%2F%25B8%25B8%25C3%25DF_%25BF%25DC%25B0%25FC.png,포장_무선 인터넷_남/녀 화장실 구분_유아의자_단체 이용 가능_배달_예약_\반려동물 동반_방문접수/출장,주차 불가
앵콜카스테라,2063488747,베이커리,도로명전북 전주시 완산구 태조로 25-6 앵콜카스테라복사지번전북 전주시 완산구 교동 70-9복사우편번호우편번호55044복사안내 레이어 닫기,0507-1304-2506,영업 종료10:00에 영업 시작10시 0분에 영업 시작_영업 종료10:00에 영업 시작10시 0분에 영업 시작_영업 종료10:00에 영업 시작10시 0분에 영업 시작_영업 종료_10:00에 영업 시작10시 0분에 영업 시작_10:00에 영업 시작_10시 0분에 영업 시작_목10:00 - 19:00_목10:00 - 19:00_목10:00 - 19:00_목_10:00 - 19:00_금10:00 - 20:00_금10:00 - 20:00_금10:00 - 20:00_금_10:00 - 20:00_토10:00 - 20:00_토10:00 - 20:00_토10:00 - 20:00_토_10:00 - 20:00_일10:00 - 20:00_일10:00 - 20:00_일10:00 - 20:00_일_10:00 - 20:00_월10:00 - 19:00_월10:00 - 19:00_월10:00 - 19:00_월_10:00 - 19:00_화10:00 - 19:00_화10:00 - 19:00_화10:00 - 19:00_화_10:00 - 19:00_수10:00 - 19:00_수10:00 - 19:00_수10:00 - 19:00_수_10:00 - 19:00_- 카스테라 소진 시 조기 마감하오니 문의 부탁드립니다.접기_- 카스테라 소진 시 조기 마감하오니 문의 부탁드립니다.접기_- 카스테라 소진 시 조기 마감하오니 문의 부탁드립니다._- 카스테라 소진 시 조기 마감하오니 문의 부탁드립니다._접기_접기,별점없음,0,0,https://search.pstatic.net/common/?autoRotate=true&type=w560_sharpen&src=https%3A%2F%2Fldb-phinf.pstatic.net%2F20260330_55%2F1774855177516u0FOq_JPEG%2FIMG_9800.jpeg,생일 혜택_글루텐프리 메뉴_유기농 메뉴_포장_단체 이용 가능_예약_무선 인터넷_방문접수/출장_남/녀 화장실 구분_대기공간_\반려동물 동반_유아시설 (놀이방),주차가능유료
조선옥 한옥마을점,35566902,한식,도로명전북 전주시 완산구 한지길 89복사지번전북 전주시 완산구 풍남동3가 24-1복사우편번호우편번호55041복사안내 레이어 닫기,063-286-5522,영업 종료09:00에 영업 시작9시 0분에 영업 시작_영업 종료09:00에 영업 시작9시 0분에 영업 시작_영업 종료09:00에 영업 시작9시 0분에 영업 시작_영업 종료_09:00에 영업 시작9시 0분에 영업 시작_09:00에 영업 시작_9시 0분에 영업 시작_매일09:00 - 22:0021:30 라스트오더_매일09:00 - 22:0021:30 라스트오더_매일09:00 - 22:0021:30 라스트오더_매일_09:00 - 22:0021:30 라스트오더_- 저희는 명절 포함 365일 연중 무휴 입니다.접기_- 저희는 명절 포함 365일 연중 무휴 입니다.접기_- 저희는 명절 포함 365일 연중 무휴 입니다._- 저희는 명절 포함 365일 연중 무휴 입니다._접기_접기,별점없음,0,0,https://search.pstatic.net/common/?autoRotate=true&type=w560_sharpen&src=https%3A%2F%2Fldb-phinf.pstatic.net%2F20250910_119%2F1757482139344enAFH_JPEG%2FKakaoTalk_20250728_125651629.jpg,단체 이용 가능_포장_예약_남/녀 화장실 구분_출입구 휠체어 이용가능_좌석 휠체어 이용가능,주차 불가
부에나까사,1581972495,카페,도로명전북 전주시 완산구 간납로 20복사지번전북 전주시 완산구 풍남동3가 1복사우편번호우편번호55036복사안내 레이어 닫기,063-902-2004,영업 종료10:00에 영업 시작10시 0분에 영업 시작_영업 종료10:00에 영업 시작10시 0분에 영업 시작_영업 종료10:00에 영업 시작10시 0분에 영업 시작_영업 종료_10:00에 영업 시작10시 0분에 영업 시작_10:00에 영업 시작_10시 0분에 영업 시작_매일10:00 - 21:00접기_매일10:00 - 21:00접기_매일10:00 - 21:00_매일_10:00 - 21:00_접기_접기,별점없음,0,0,https://search.pstatic.net/common/?autoRotate=true&type=w560_sharpen&src=https%3A%2F%2Fldb-phinf.pstatic.net%2F20200522_89%2F1590119244036RyHy7_JPEG%2FHkSphLcuSRoeFaCbnavpwnMb.jpg,편의시설 정보 없음,주차 불가
허가낸닭발,16792179,닭발,도로명전북 전주시 완산구 동문길 64복사지번전북 전주시 완산구 풍남동1가 17-1복사우편번호우편번호55039복사안내 레이어 닫기,063-288-7297,"영업 종료16:30에 영업 시작16시 30분에 영업 시작_영업 종료16:30에 영업 시작16시 30분에 영업 시작_영업 종료16:30에 영업 시작16시 30분에 영업 시작_영업 종료_16:30에 영업 시작16시 30분에 영업 시작_16:30에 영업 시작_16시 30분에 영업 시작_목16:30 - 24:00_목16:30 - 24:00_목16:30 - 24:00_목_16:30 - 24:00_금16:30 - 24:00_금16:30 - 24:00_금16:30 - 24:00_금_16:30 - 24:00_토16:30 - 23:00_토16:30 - 23:00_토16:30 - 23:00_토_16:30 - 23:00_일정기휴무 (매주 일요일)_일정기휴무 (매주 일요일)_일정기휴무 (매주 일요일)_일_정기휴무 (매주 일요일)_정기휴무 (매주 일요일)_월16:30 - 24:00_월16:30 - 24:00_월16:30 - 24:00_월_16:30 - 24:00_화16:30 - 24:00_화16:30 - 24:00_화16:30 - 24:00_화_16:30 - 24:00_수16:30 - 24:00_수16:30 - 24:00_수16:30 - 24:00_수_16:30 - 24:00_- 매주일요일휴무,두쨋주네쨋주월요일휴무,토요일11시마감접기_- 매주일요일휴무,두쨋주네쨋주월요일휴무,토요일11시마감접기_- 매주일요일휴무,두쨋주네쨋주월요일휴무,토요일11시마감_- 매주일요일휴무,두쨋주네쨋주월요일휴무,토요일11시마감_접기_접기",별점4.57,0,0,https://search.pstatic.net/common/?autoRotate=true&type=w560_sharpen&src=https%3A%2F%2Fldb-phinf.pstatic.net%2F20190811_176%2F1565450410255CRJV3_JPEG%2FoTgsRTbgwdvi3PSVUgSM7j04.jpg,예약_포장_무선 인터넷,주차 불가
카페달곰,38591627,"카페,디저트",도로명전북 전주시 완산구 은행로 71 카페달곰복사지번전북 전주시 완산구 교동 62-5복사우편번호우편번호55045복사안내 레이어 닫기,0507-1485-1023,영업 종료10:30에 영업 시작10시 30분에 영업 시작_영업 종료10:30에 영업 시작10시 30분에 영업 시작_영업 종료10:30에 영업 시작10시 30분에 영업 시작_영업 종료_10:30에 영업 시작10시 30분에 영업 시작_10:30에 영업 시작_10시 30분에 영업 시작_매일10:30 - 22:0021:30 라스트오더_매일10:30 - 22:0021:30 라스트오더_매일10:30 - 22:0021:30 라스트오더_매일_10:30 - 22:0021:30 라스트오더_- 10월6일 추석당일 13시 오픈 입니다^^접기_- 10월6일 추석당일 13시 오픈 입니다^^접기_- 10월6일 추석당일 13시 오픈 입니다^^_- 10월6일 추석당일 13시 오픈 입니다^^_접기_접기,별점4.34,0,0,https://search.pstatic.net/common/?autoRotate=true&type=w560_sharpen&src=https%3A%2F%2Fldb-phinf.pstatic.net%2F20260601_102%2F1780300362853vhvgw_JPEG%2FKakaoTalk_20260531_195000643_01.jpg,포장_무선 인터넷_남/녀 화장실 구분,주차 불가
교동옥수수,1232027243,종합분식,도로명전북 전주시 완산구 태조로 21 1층 103호복사지번전북 전주시 완산구 교동 69-4복사우편번호우편번호55044복사안내 레이어 닫기,0507-1417-7986,영업 종료11:15에 영업 시작11시 15분에 영업 시작_영업 종료11:15에 영업 시작11시 15분에 영업 시작_영업 종료11:15에 영업 시작11시 15분에 영업 시작_영업 종료_11:15에 영업 시작11시 15분에 영업 시작_11:15에 영업 시작_11시 15분에 영업 시작_목11:15 - 21:00_목11:15 - 21:00_목11:15 - 21:00_목_11:15 - 21:00_금11:15 - 21:00_금11:15 - 21:00_금11:15 - 21:00_금_11:15 - 21:00_토10:15 - 22:00_토10:15 - 22:00_토10:15 - 22:00_토_10:15 - 22:00_일10:15 - 22:00_일10:15 - 22:00_일10:15 - 22:00_일_10:15 - 22:00_월11:15 - 21:00_월11:15 - 21:00_월11:15 - 21:00_월_11:15 - 21:00_화11:15 - 21:00_화11:15 - 21:00_화11:15 - 21:00_화_11:15 - 21:00_수11:15 - 21:00접기_수11:15 - 21:00접기_수11:15 - 21:00_수_11:15 - 21:00_접기_접기,별점없음,0,0,https://search.pstatic.net/common/?autoRotate=true&type=w560_sharpen&src=https%3A%2F%2Fldb-phinf.pstatic.net%2F20240620_201%2F1718863784160bdVcJ_PNG%2F1000036456.png,포장_단체 이용 가능,주차가능무료
임실슈퍼,1934236037,"맥주,호프",도로명전북 전주시 완산구 경기전길 7복사지번전북 전주시 완산구 풍남동1가 11-6복사우편번호우편번호55039복사안내 레이어 닫기,063-288-1896,영업 종료17:00에 영업 시작17시 0분에 영업 시작_영업 종료17:00에 영업 시작17시 0분에 영업 시작_영업 종료17:00에 영업 시작17시 0분에 영업 시작_영업 종료_17:00에 영업 시작17시 0분에 영업 시작_17:00에 영업 시작_17시 0분에 영업 시작_매일17:00 - 다음 날 01:00접기_매일17:00 - 다음 날 01:00접기_매일17:00 - 다음 날 01:00_매일_17:00 - 다음 날 01:00_접기_접기,별점없음,0,0,https://search.pstatic.net/common/?autoRotate=true&type=w560_sharpen&src=https%3A%2F%2Fldb-phinf.pstatic.net%2F20190209_111%2F1549712184905BrNXt_JPEG%2FT8mKm5rwT5out1UEltVTjPk_.jpg,편의시설 정보 없음,주차가능무료
소복 전주한옥마을점,36639835,아이스크림,도로명전북 전주시 완산구 은행로 72-1복사지번전북 전주시 완산구 교동 81-5복사우편번호우편번호55044복사안내 레이어 닫기,070-8841-7691,영업 종료12:00에 영업 시작12시 0분에 영업 시작_영업 종료12:00에 영업 시작12시 0분에 영업 시작_영업 종료12:00에 영업 시작12시 0분에 영업 시작_영업 종료_12:00에 영업 시작12시 0분에 영업 시작_12:00에 영업 시작_12시 0분에 영업 시작_목12:00 - 20:00_목12:00 - 20:00_목12:00 - 20:00_목_12:00 - 20:00_금12:00 - 21:00_금12:00 - 21:00_금12:00 - 21:00_금_12:00 - 21:00_토11:00 - 22:00_토11:00 - 22:00_토11:00 - 22:00_토_11:00 - 22:00_일11:00 - 21:00_일11:00 - 21:00_일11:00 - 21:00_일_11:00 - 21:00_월12:00 - 20:00_월12:00 - 20:00_월12:00 - 20:00_월_12:00 - 20:00_화12:00 - 20:00_화12:00 - 20:00_화12:00 - 20:00_화_12:00 - 20:00_수12:00 - 20:00_수12:00 - 20:00_수12:00 - 20:00_수_12:00 - 20:00_- 원료 소진시 조기 마감 합니다. 전화 후 방문해 주세요접기_- 원료 소진시 조기 마감 합니다. 전화 후 방문해 주세요접기_- 원료 소진시 조기 마감 합니다. 전화 후 방문해 주세요_- 원료 소진시 조기 마감 합니다. 전화 후 방문해 주세요_접기_접기,별점없음,0,0,https://search.pstatic.net/common/?autoRotate=true&type=w560_sharpen&src=https%3A%2F%2Fldb-phinf.pstatic.net%2F20200120_272%2F15795179062721AyPt_JPEG%2FWoShbD17nC4t2Gkov0NxCJ7F.jpg,포장_무선 인터넷,주차가능무료
빽다방 전주한옥마을점,1355823629,테이크아웃커피,도로명전북 전주시 완산구 풍남문2길 9 1층복사지번전북 전주시 완산구 전동 184-3복사우편번호우편번호55043복사안내 레이어 닫기,063-287-1379,영업 종료08:00에 영업 시작8시 0분에 영업 시작_영업 종료08:00에 영업 시작8시 0분에 영업 시작_영업 종료08:00에 영업 시작8시 0분에 영업 시작_영업 종료_08:00에 영업 시작8시 0분에 영업 시작_08:00에 영업 시작_8시 0분에 영업 시작_목08:00 - 18:30_목08:00 - 18:30_목08:00 - 18:30_목_08:00 - 18:30_금08:00 - 22:00_금08:00 - 22:00_금08:00 - 22:00_금_08:00 - 22:00_토08:00 - 22:00_토08:00 - 22:00_토08:00 - 22:00_토_08:00 - 22:00_일08:00 - 19:00_일08:00 - 19:00_일08:00 - 19:00_일_08:00 - 19:00_월08:00 - 18:30_월08:00 - 18:30_월08:00 - 18:30_월_08:00 - 18:30_화08:00 - 18:30_화08:00 - 18:30_화08:00 - 18:30_화_08:00 - 18:30_수08:00 - 18:30접기_수08:00 - 18:30접기_수08:00 - 18:30_수_08:00 - 18:30_접기_접기,별점없음,0,0,https://search.pstatic.net/common/?autoRotate=true&type=w560_sharpen&src=https%3A%2F%2Fldb-phinf.pstatic.net%2F20230502_116%2F16830202005255r3jz_JPEG%2F1683015642171-2.jpg,무선 인터넷_포장_배달,주차가능무료
자매갈비전골 별관,1356860807,"육류,고기요리",도로명전북 전주시 완산구 한지길 16복사지번전북 전주시 완산구 풍남동2가 3-4복사우편번호우편번호55040복사안내 레이어 닫기,063-283-7952,영업 종료10:30에 영업 시작10시 30분에 영업 시작_영업 종료10:30에 영업 시작10시 30분에 영업 시작_영업 종료10:30에 영업 시작10시 30분에 영업 시작_영업 종료_10:30에 영업 시작10시 30분에 영업 시작_10:30에 영업 시작_10시 30분에 영업 시작_목10:30 - 21:00_목10:30 - 21:00_목10:30 - 21:00_목_10:30 - 21:00_금10:30 - 21:00_금10:30 - 21:00_금10:30 - 21:00_금_10:30 - 21:00_토10:30 - 21:00_토10:30 - 21:00_토10:30 - 21:00_토_10:30 - 21:00_일10:30 - 21:00_일10:30 - 21:00_일10:30 - 21:00_일_10:30 - 21:00_월10:30 - 21:00_월10:30 - 21:00_월10:30 - 21:00_월_10:30 - 21:00_화정기휴무 (매주 화요일)_화정기휴무 (매주 화요일)_화정기휴무 (매주 화요일)_화_정기휴무 (매주 화요일)_정기휴무 (매주 화요일)_수10:30 - 21:00접기_수10:30 - 21:00접기_수10:30 - 21:00_수_10:30 - 21:00_접기_접기,별점없음,0,0,https://search.pstatic.net/common/?autoRotate=true&type=w560_sharpen&src=https%3A%2F%2Fldb-phinf.pstatic.net%2F20240722_24%2F1721605494746TRrVr_JPEG%2F1721480242290.jpg,단체 이용 가능_포장_예약_남/녀 화장실 구분_유아의자_대기공간_무선 인터넷_출입구 휠체어 이용가능_좌석 휠체어 이용가능,주차 불가
명진당 한옥마을점,2005346980,"카페,디저트",도로명전북 전주시 완산구 최명희길 8 명진당 한옥마을점복사지번전북 전주시 완산구 풍남동3가 41-7복사우편번호우편번호55041복사안내 레이어 닫기,0507-1350-0445,영업 종료11:00에 영업 시작11시 0분에 영업 시작_영업 종료11:00에 영업 시작11시 0분에 영업 시작_영업 종료11:00에 영업 시작11시 0분에 영업 시작_영업 종료_11:00에 영업 시작11시 0분에 영업 시작_11:00에 영업 시작_11시 0분에 영업 시작_목11:00 - 20:00_목11:00 - 20:00_목11:00 - 20:00_목_11:00 - 20:00_금10:00 - 20:00_금10:00 - 20:00_금10:00 - 20:00_금_10:00 - 20:00_토10:00 - 20:00_토10:00 - 20:00_토10:00 - 20:00_토_10:00 - 20:00_일10:00 - 20:00_일10:00 - 20:00_일10:00 - 20:00_일_10:00 - 20:00_월정기휴무 (매주 월요일)_월정기휴무 (매주 월요일)_월정기휴무 (매주 월요일)_월_정기휴무 (매주 월요일)_정기휴무 (매주 월요일)_화11:00 - 20:00_화11:00 - 20:00_화11:00 - 20:00_화_11:00 - 20:00_수11:00 - 20:00접기_수11:00 - 20:00접기_수11:00 - 20:00_수_11:00 - 20:00_접기_접기,별점없음,0,0,https://search.pstatic.net/common/?autoRotate=true&type=w560_sharpen&src=https%3A%2F%2Fldb-phinf.pstatic.net%2F20260408_20%2F1775626131927sVVjW_JPEG%2FqhrtnddkQkd.jpg,포장_예약,주차 불가
카페달,38711072,카페,도로명전북 전주시 완산구 최명희길 20복사지번전북 전주시 완산구 풍남동3가 47-3복사우편번호우편번호55041복사안내 레이어 닫기,063-288-8886,영업 종료09:00에 영업 시작9시 0분에 영업 시작_영업 종료09:00에 영업 시작9시 0분에 영업 시작_영업 종료09:00에 영업 시작9시 0분에 영업 시작_영업 종료_09:00에 영업 시작9시 0분에 영업 시작_09:00에 영업 시작_9시 0분에 영업 시작_목09:00 - 21:00_목09:00 - 21:00_목09:00 - 21:00_목_09:00 - 21:00_금09:00 - 21:00_금09:00 - 21:00_금09:00 - 21:00_금_09:00 - 21:00_토09:00 - 21:00_토09:00 - 21:00_토09:00 - 21:00_토_09:00 - 21:00_일09:00 - 21:00_일09:00 - 21:00_일09:00 - 21:00_일_09:00 - 21:00_월09:00 - 21:00_월09:00 - 21:00_월09:00 - 21:00_월_09:00 - 21:00_화09:00 - 21:00_화09:00 - 21:00_화09:00 - 21:00_화_09:00 - 21:00_수09:00 - 21:00접기_수09:00 - 21:00접기_수09:00 - 21:00_수_09:00 - 21:00_접기_접기,별점4.46,0,0,https://search.pstatic.net/common/?autoRotate=true&type=w560_sharpen&src=https%3A%2F%2Fldb-phinf.pstatic.net%2F20200523_129%2F15902237880643p8Bu_JPEG%2Fchf9IfoBFJ4ouZrVjUXcNDwG.jpg,단체 이용 가능_배달_무선 인터넷_\반려동물 동반_남/녀 화장실 구분_포장_예약,주차 불가
교동고로케,35074724,베이커리,도로명전북 전주시 완산구 경기전길 126복사지번전북 전주시 완산구 교동 266-3복사우편번호우편번호55044복사안내 레이어 닫기,063-283-5555,영업 종료10:00에 영업 시작10시 0분에 영업 시작_영업 종료10:00에 영업 시작10시 0분에 영업 시작_영업 종료10:00에 영업 시작10시 0분에 영업 시작_영업 종료_10:00에 영업 시작10시 0분에 영업 시작_10:00에 영업 시작_10시 0분에 영업 시작_매일10:00 - 20:30접기_매일10:00 - 20:30접기_매일10:00 - 20:30_매일_10:00 - 20:30_접기_접기,별점없음,0,0,https://search.pstatic.net/common/?autoRotate=true&type=w560_sharpen&src=https%3A%2F%2Fldb-phinf.pstatic.net%2F20200121_245%2F1579615201411TI7wH_JPEG%2F4XzgWM7OelQccPAXDAtT8Kxv.jpg,편의시설 정보 없음,주차 불가
태조밥상,1986587883,한식,도로명전북 전주시 완산구 경기전길 122 태조밥상복사지번전북 전주시 완산구 교동 268복사우편번호우편번호55044복사안내 레이어 닫기,063-288-4004,영업 종료10:30에 영업 시작10시 30분에 영업 시작_영업 종료10:30에 영업 시작10시 30분에 영업 시작_영업 종료10:30에 영업 시작10시 30분에 영업 시작_영업 종료_10:30에 영업 시작10시 30분에 영업 시작_10:30에 영업 시작_10시 30분에 영업 시작_목10:30 - 21:00_목10:30 - 21:00_목10:30 - 21:00_목_10:30 - 21:00_금10:30 - 21:00_금10:30 - 21:00_금10:30 - 21:00_금_10:30 - 21:00_토10:30 - 21:00_토10:30 - 21:00_토10:30 - 21:00_토_10:30 - 21:00_일10:30 - 21:00_일10:30 - 21:00_일10:30 - 21:00_일_10:30 - 21:00_월정기휴무 (매주 월요일)_월정기휴무 (매주 월요일)_월정기휴무 (매주 월요일)_월_정기휴무 (매주 월요일)_정기휴무 (매주 월요일)_화10:30 - 21:00_화10:30 - 21:00_화10:30 - 21:00_화_10:30 - 21:00_수10:30 - 21:00접기_수10:30 - 21:00접기_수10:30 - 21:00_수_10:30 - 21:00_접기_접기,별점없음,0,0,https://search.pstatic.net/common/?autoRotate=true&type=w560_sharpen&src=https%3A%2F%2Fldb-phinf.pstatic.net%2F20220312_60%2F1647051356492DWJSS_JPEG%2F20220312_111343.jpg,단체 이용 가능_\반려동물 동반_무선 인터넷_남/녀 화장실 구분,주차 불가
로띠팜,1247292714,돈가스,도로명전북 전주시 완산구 향교길 27 1층 로띠팜복사지번전북 전주시 완산구 교동 243-1복사우편번호우편번호55044복사안내 레이어 닫기,0507-1301-8926,영업 종료11:00에 영업 시작11시 0분에 영업 시작_영업 종료11:00에 영업 시작11시 0분에 영업 시작_영업 종료11:00에 영업 시작11시 0분에 영업 시작_영업 종료_11:00에 영업 시작11시 0분에 영업 시작_11:00에 영업 시작_11시 0분에 영업 시작_목11:00 - 19:30_목11:00 - 19:30_목11:00 - 19:30_목_11:00 - 19:30_금11:00 - 19:30_금11:00 - 19:30_금11:00 - 19:30_금_11:00 - 19:30_토11:00 - 17:00_토11:00 - 17:00_토11:00 - 17:00_토_11:00 - 17:00_일11:00 - 14:00_일11:00 - 14:00_일11:00 - 14:00_일_11:00 - 14:00_월11:00 - 19:30_월11:00 - 19:30_월11:00 - 19:30_월_11:00 - 19:30_화11:00 - 19:30_화11:00 - 19:30_화11:00 - 19:30_화_11:00 - 19:30_수11:00 - 19:30접기_수11:00 - 19:30접기_수11:00 - 19:30_수_11:00 - 19:30_접기_접기,별점4.52,0,0,https://search.pstatic.net/common/?autoRotate=true&type=w560_sharpen&src=https%3A%2F%2Fldb-phinf.pstatic.net%2F20251002_276%2F1759393599266Epef2_JPEG%2FKakaoTalk_20251002_172501427_%25281%2529.jpg,테이크아웃 할인_남/녀 화장실 구분_무선 인터넷_예약_단체 이용 가능_포장_배달_대기공간,주차가능무료
카페딸기밥상,1921235472,"카페,디저트",도로명전북 전주시 완산구 충경로 94 1층복사지번전북 전주시 완산구 경원동3가 75-19복사우편번호우편번호55039복사안내 레이어 닫기,0507-1359-9894,영업 종료11:00에 영업 시작11시 0분에 영업 시작_영업 종료11:00에 영업 시작11시 0분에 영업 시작_영업 종료11:00에 영업 시작11시 0분에 영업 시작_영업 종료_11:00에 영업 시작11시 0분에 영업 시작_11:00에 영업 시작_11시 0분에 영업 시작_목11:00 - 19:00_목11:00 - 19:00_목11:00 - 19:00_목_11:00 - 19:00_금11:00 - 19:00_금11:00 - 19:00_금11:00 - 19:00_금_11:00 - 19:00_토11:00 - 19:00_토11:00 - 19:00_토11:00 - 19:00_토_11:00 - 19:00_일11:00 - 19:00_일11:00 - 19:00_일11:00 - 19:00_일_11:00 - 19:00_월11:00 - 19:00_월11:00 - 19:00_월11:00 - 19:00_월_11:00 - 19:00_화11:00 - 19:00_화11:00 - 19:00_화11:00 - 19:00_화_11:00 - 19:00_수정기휴무 (매주 수요일)접기_수정기휴무 (매주 수요일)접기_수정기휴무 (매주 수요일)_수_정기휴무 (매주 수요일)_정기휴무 (매주 수요일)_접기_접기,별점없음,0,0,https://search.pstatic.net/common/?autoRotate=true&type=w560_sharpen&src=https%3A%2F%2Fldb-phinf.pstatic.net%2F20260508_65%2F17782255056638N621_JPEG%2FKakaoTalk_Photo_2026-05-08-16-31-28-2.jpg,편의시설 정보 없음,주차가능무료
이화연,2005487787,"카페,디저트",도로명전북 전주시 완산구 한지길 91 이화연복사지번전북 전주시 완산구 풍남동3가 24-3복사우편번호우편번호55041복사안내 레이어 닫기,0507-1336-6232,영업 종료09:00에 영업 시작9시 0분에 영업 시작_영업 종료09:00에 영업 시작9시 0분에 영업 시작_영업 종료09:00에 영업 시작9시 0분에 영업 시작_영업 종료_09:00에 영업 시작9시 0분에 영업 시작_09:00에 영업 시작_9시 0분에 영업 시작_목09:00 - 18:00_목09:00 - 18:00_목09:00 - 18:00_목_09:00 - 18:00_금09:00 - 18:00_금09:00 - 18:00_금09:00 - 18:00_금_09:00 - 18:00_토09:00 - 18:00_토09:00 - 18:00_토09:00 - 18:00_토_09:00 - 18:00_일09:00 - 18:00_일09:00 - 18:00_일09:00 - 18:00_일_09:00 - 18:00_월09:00 - 18:00_월09:00 - 18:00_월09:00 - 18:00_월_09:00 - 18:00_화09:00 - 18:00_화09:00 - 18:00_화09:00 - 18:00_화_09:00 - 18:00_수정기휴무 (매주 수요일)_수정기휴무 (매주 수요일)_수정기휴무 (매주 수요일)_수_정기휴무 (매주 수요일)_정기휴무 (매주 수요일)_- 정기휴무가 공휴일인 경우 정상영업합니다:)접기_- 정기휴무가 공휴일인 경우 정상영업합니다:)접기_- 정기휴무가 공휴일인 경우 정상영업합니다:)_- 정기휴무가 공휴일인 경우 정상영업합니다:)_접기_접기,별점없음,0,0,https://search.pstatic.net/common/?autoRotate=true&type=w278_sharpen&src=https%3A%2F%2Fldb-phinf.pstatic.net%2F20260507_30%2F17780857449095fiMs_JPEG%2FKakaoTalk_20260429_205843194_02.jpg,비건 메뉴_드라이브스루_글루텐프리 메뉴_포장_배달_방문접수/출장_예약_무선 인터넷_대기공간_단체 이용 가능,주차가능유료
황제면가,1635795654,한식,도로명전북 전주시 완산구 향교길 22복사지번전북 전주시 완산구 교동 232-1복사우편번호우편번호55044복사안내 레이어 닫기,063-274-7942,영업 종료11:00에 영업 시작11시 0분에 영업 시작_영업 종료11:00에 영업 시작11시 0분에 영업 시작_영업 종료11:00에 영업 시작11시 0분에 영업 시작_영업 종료_11:00에 영업 시작11시 0분에 영업 시작_11:00에 영업 시작_11시 0분에 영업 시작_목11:00 - 19:3015:00 - 17:00 브레이크타임_목11:00 - 19:3015:00 - 17:00 브레이크타임_목11:00 - 19:3015:00 - 17:00 브레이크타임_목_11:00 - 19:3015:00 - 17:00 브레이크타임_금11:00 - 19:3015:00 - 17:00 브레이크타임_금11:00 - 19:3015:00 - 17:00 브레이크타임_금11:00 - 19:3015:00 - 17:00 브레이크타임_금_11:00 - 19:3015:00 - 17:00 브레이크타임_토11:00 - 19:3015:00 - 17:00 브레이크타임_토11:00 - 19:3015:00 - 17:00 브레이크타임_토11:00 - 19:3015:00 - 17:00 브레이크타임_토_11:00 - 19:3015:00 - 17:00 브레이크타임_일11:00 - 19:3015:00 - 17:00 브레이크타임_일11:00 - 19:3015:00 - 17:00 브레이크타임_일11:00 - 19:3015:00 - 17:00 브레이크타임_일_11:00 - 19:3015:00 - 17:00 브레이크타임_월11:00 - 19:3015:00 - 17:00 브레이크타임_월11:00 - 19:3015:00 - 17:00 브레이크타임_월11:00 - 19:3015:00 - 17:00 브레이크타임_월_11:00 - 19:3015:00 - 17:00 브레이크타임_화11:00 - 19:3015:00 - 17:00 브레이크타임_화11:00 - 19:3015:00 - 17:00 브레이크타임_화11:00 - 19:3015:00 - 17:00 브레이크타임_화_11:00 - 19:3015:00 - 17:00 브레이크타임_수정기휴무 (매주 수요일)접기_수정기휴무 (매주 수요일)접기_수정기휴무 (매주 수요일)_수_정기휴무 (매주 수요일)_정기휴무 (매주 수요일)_접기_접기,별점4.6,0,0,https://search.pstatic.net/common/?autoRotate=true&type=w560_sharpen&src=https%3A%2F%2Fldb-phinf.pstatic.net%2F20210907_106%2F1631003215759npRT2_JPEG%2Flxah-EWrfg1MAKiwup5-9mBy.jpg,단체 이용 가능_포장_무선 인터넷_남/녀 화장실 구분,주차가능무료
부매랑,1190444238,"카페,디저트",도로명전북 전주시 완산구 동문길 6 1층복사지번전북 전주시 완산구 남노송동 536-20복사우편번호우편번호55040복사안내 레이어 닫기,0507-1498-8898,영업 종료11:00에 영업 시작11시 0분에 영업 시작_영업 종료11:00에 영업 시작11시 0분에 영업 시작_영업 종료11:00에 영업 시작11시 0분에 영업 시작_영업 종료_11:00에 영업 시작11시 0분에 영업 시작_11:00에 영업 시작_11시 0분에 영업 시작_목11:00 - 24:0016:00 - 19:00 브레이크타임_목11:00 - 24:0016:00 - 19:00 브레이크타임_목11:00 - 24:0016:00 - 19:00 브레이크타임_목_11:00 - 24:0016:00 - 19:00 브레이크타임_금11:00 - 24:0016:00 - 19:00 브레이크타임_금11:00 - 24:0016:00 - 19:00 브레이크타임_금11:00 - 24:0016:00 - 19:00 브레이크타임_금_11:00 - 24:0016:00 - 19:00 브레이크타임_토10:00 - 24:00_토10:00 - 24:00_토10:00 - 24:00_토_10:00 - 24:00_일10:00 - 24:00_일10:00 - 24:00_일10:00 - 24:00_일_10:00 - 24:00_월11:00 - 24:0016:00 - 19:00 브레이크타임_월11:00 - 24:0016:00 - 19:00 브레이크타임_월11:00 - 24:0016:00 - 19:00 브레이크타임_월_11:00 - 24:0016:00 - 19:00 브레이크타임_화11:00 - 24:0016:00 - 19:00 브레이크타임_화11:00 - 24:0016:00 - 19:00 브레이크타임_화11:00 - 24:0016:00 - 19:00 브레이크타임_화_11:00 - 24:0016:00 - 19:00 브레이크타임_수11:00 - 24:0016:00 - 19:00 브레이크타임접기_수11:00 - 24:0016:00 - 19:00 브레이크타임접기_수11:00 - 24:0016:00 - 19:00 브레이크타임_수_11:00 - 24:0016:00 - 19:00 브레이크타임_접기_접기,별점없음,0,0,https://search.pstatic.net/common/?autoRotate=true&type=w560_sharpen&src=https%3A%2F%2Fldb-phinf.pstatic.net%2F20230610_239%2F1686406827676MpweV_JPEG%2F20230610_223026.jpg,포장_예약_무선 인터넷_\반려동물 동반,주차가능
전일갑오,2005508021,"맥주,호프",도로명전북 전주시 완산구 현무2길 16 1층복사지번전북 전주시 완산구 경원동3가 13-12복사우편번호우편번호55000복사안내 레이어 닫기,063-284-0793,영업 종료15:00에 영업 시작15시 0분에 영업 시작_영업 종료15:00에 영업 시작15시 0분에 영업 시작_영업 종료15:00에 영업 시작15시 0분에 영업 시작_영업 종료_15:00에 영업 시작15시 0분에 영업 시작_15:00에 영업 시작_15시 0분에 영업 시작_목15:00 - 다음 날 01:00_목15:00 - 다음 날 01:00_목15:00 - 다음 날 01:00_목_15:00 - 다음 날 01:00_금15:00 - 다음 날 01:00_금15:00 - 다음 날 01:00_금15:00 - 다음 날 01:00_금_15:00 - 다음 날 01:00_토15:00 - 다음 날 01:00_토15:00 - 다음 날 01:00_토15:00 - 다음 날 01:00_토_15:00 - 다음 날 01:00_일정기휴무 (매주 일요일)_일정기휴무 (매주 일요일)_일정기휴무 (매주 일요일)_일_정기휴무 (매주 일요일)_정기휴무 (매주 일요일)_월15:00 - 다음 날 01:00_월15:00 - 다음 날 01:00_월15:00 - 다음 날 01:00_월_15:00 - 다음 날 01:00_화15:00 - 다음 날 01:00_화15:00 - 다음 날 01:00_화15:00 - 다음 날 01:00_화_15:00 - 다음 날 01:00_수15:00 - 다음 날 01:00_수15:00 - 다음 날 01:00_수15:00 - 다음 날 01:00_수_15:00 - 다음 날 01:00_- 설날 다음날과 추석 다음날도 휴무접기_- 설날 다음날과 추석 다음날도 휴무접기_- 설날 다음날과 추석 다음날도 휴무_- 설날 다음날과 추석 다음날도 휴무_접기_접기,별점없음,0,0,https://search.pstatic.net/common/?autoRotate=true&type=w560_sharpen&src=https%3A%2F%2Fldb-phinf.pstatic.net%2F20251130_292%2F1764506710609JofFU_JPEG%2FIMG_4321.jpeg,편의시설 정보 없음,주차가능
혜원가,36419424,한식,도로명전북 전주시 완산구 풍남문3길 25 혜원가복사지번전북 전주시 완산구 전동 146-5복사우편번호우편번호55043복사안내 레이어 닫기,0507-1331-9998,영업 종료08:30에 영업 시작8시 30분에 영업 시작_영업 종료08:30에 영업 시작8시 30분에 영업 시작_영업 종료08:30에 영업 시작8시 30분에 영업 시작_영업 종료_08:30에 영업 시작8시 30분에 영업 시작_08:30에 영업 시작_8시 30분에 영업 시작_목08:30 - 21:00_목08:30 - 21:00_목08:30 - 21:00_목_08:30 - 21:00_금08:30 - 21:00_금08:30 - 21:00_금08:30 - 21:00_금_08:30 - 21:00_토08:00 - 21:00_토08:00 - 21:00_토08:00 - 21:00_토_08:00 - 21:00_일08:00 - 21:00_일08:00 - 21:00_일08:00 - 21:00_일_08:00 - 21:00_월08:30 - 21:00_월08:30 - 21:00_월08:30 - 21:00_월_08:30 - 21:00_화08:30 - 21:00_화08:30 - 21:00_화08:30 - 21:00_화_08:30 - 21:00_수08:30 - 21:00접기_수08:30 - 21:00접기_수08:30 - 21:00_수_08:30 - 21:00_접기_접기,별점없음,0,0,https://search.pstatic.net/common/?autoRotate=true&type=w560_sharpen&src=https%3A%2F%2Fldb-phinf.pstatic.net%2F20260314_131%2F1773451461669AAbnB_JPEG%2F1000001941.jpg,편의시설 정보 없음,주차가능
풍남문식당,1142492181,한식,도로명전북 전주시 완산구 풍남문3길 13 풍남문식당복사지번전북 전주시 완산구 전동 153-13복사우편번호우편번호55043복사안내 레이어 닫기,0507-1334-8708,영업 종료10:30에 영업 시작10시 30분에 영업 시작_영업 종료10:30에 영업 시작10시 30분에 영업 시작_영업 종료10:30에 영업 시작10시 30분에 영업 시작_영업 종료_10:30에 영업 시작10시 30분에 영업 시작_10:30에 영업 시작_10시 30분에 영업 시작_목10:30 - 20:3014:00 - 16:00 브레이크타임20:00 라스트오더_목10:30 - 20:3014:00 - 16:00 브레이크타임20:00 라스트오더_목10:30 - 20:3014:00 - 16:00 브레이크타임20:00 라스트오더_목_10:30 - 20:3014:00 - 16:00 브레이크타임20:00 라스트오더_금10:30 - 20:3014:00 - 16:00 브레이크타임20:00 라스트오더_금10:30 - 20:3014:00 - 16:00 브레이크타임20:00 라스트오더_금10:30 - 20:3014:00 - 16:00 브레이크타임20:00 라스트오더_금_10:30 - 20:3014:00 - 16:00 브레이크타임20:00 라스트오더_토10:30 - 20:3014:00 - 16:00 브레이크타임20:00 라스트오더_토10:30 - 20:3014:00 - 16:00 브레이크타임20:00 라스트오더_토10:30 - 20:3014:00 - 16:00 브레이크타임20:00 라스트오더_토_10:30 - 20:3014:00 - 16:00 브레이크타임20:00 라스트오더_일10:30 - 14:0013:30 라스트오더_일10:30 - 14:0013:30 라스트오더_일10:30 - 14:0013:30 라스트오더_일_10:30 - 14:0013:30 라스트오더_월10:30 - 20:3014:00 - 16:00 브레이크타임20:00 라스트오더_월10:30 - 20:3014:00 - 16:00 브레이크타임20:00 라스트오더_월10:30 - 20:3014:00 - 16:00 브레이크타임20:00 라스트오더_월_10:30 - 20:3014:00 - 16:00 브레이크타임20:00 라스트오더_화10:30 - 20:3014:00 - 16:00 브레이크타임20:00 라스트오더_화10:30 - 20:3014:00 - 16:00 브레이크타임20:00 라스트오더_화10:30 - 20:3014:00 - 16:00 브레이크타임20:00 라스트오더_화_10:30 - 20:3014:00 - 16:00 브레이크타임20:00 라스트오더_수10:30 - 20:3014:00 - 16:00 브레이크타임20:00 라스트오더_수10:30 - 20:3014:00 - 16:00 브레이크타임20:00 라스트오더_수10:30 - 20:3014:00 - 16:00 브레이크타임20:00 라스트오더_수_10:30 - 20:3014:00 - 16:00 브레이크타임20:00 라스트오더_- 정상 영업중입니다. 감사합니다.접기_- 정상 영업중입니다. 감사합니다.접기_- 정상 영업중입니다. 감사합니다._- 정상 영업중입니다. 감사합니다._접기_접기,별점없음,0,0,https://search.pstatic.net/common/?autoRotate=true&type=w560_sharpen&src=https%3A%2F%2Fldb-phinf.pstatic.net%2F20250925_224%2F1758782883480PfRrf_JPEG%2FKakaoTalk_20250925_131651205_04.jpg,무한 리필_단체 이용 가능_포장_배달_예약_유아의자_남/녀 화장실 구분_무선 인터넷_대기공간,주차가능무료
슬록소금빵,2071368897,베이커리,도로명전북 전주시 완산구 기린대로 85 1층 상가5호복사지번전북 전주시 완산구 풍남동3가 26-5복사우편번호우편번호55041복사안내 레이어 닫기,0507-1300-6453,영업 종료11:30에 영업 시작11시 30분에 영업 시작_영업 종료11:30에 영업 시작11시 30분에 영업 시작_영업 종료11:30에 영업 시작11시 30분에 영업 시작_영업 종료_11:30에 영업 시작11시 30분에 영업 시작_11:30에 영업 시작_11시 30분에 영업 시작_목11:30 - 16:00_목11:30 - 16:00_목11:30 - 16:00_목_11:30 - 16:00_금11:30 - 16:00_금11:30 - 16:00_금11:30 - 16:00_금_11:30 - 16:00_토11:30 - 17:00_토11:30 - 17:00_토11:30 - 17:00_토_11:30 - 17:00_일11:30 - 17:00_일11:30 - 17:00_일11:30 - 17:00_일_11:30 - 17:00_월11:30 - 16:00_월11:30 - 16:00_월11:30 - 16:00_월_11:30 - 16:00_화11:30 - 16:00_화11:30 - 16:00_화11:30 - 16:00_화_11:30 - 16:00_수11:30 - 16:00접기_수11:30 - 16:00접기_수11:30 - 16:00_수_11:30 - 16:00_접기_접기,별점없음,0,0,https://search.pstatic.net/common/?autoRotate=true&type=w560_sharpen&src=https%3A%2F%2Fldb-phinf.pstatic.net%2F20260214_166%2F1771041172278IlDkY_JPEG%2F23236.jpg,포장,주차 불가
풍전콩나물국밥,16786221,국밥,도로명전북 전주시 완산구 동문길 73 풍전콩나물국밥복사지번전북 전주시 완산구 경원동2가 26-3복사우편번호우편번호55039복사안내 레이어 닫기,063-231-0730,24시간 영업연중무휴연중무휴_24시간 영업연중무휴연중무휴_24시간 영업연중무휴연중무휴_24시간 영업_연중무휴연중무휴_연중무휴_연중무휴_매일00:00 - 24:00접기_매일00:00 - 24:00접기_매일00:00 - 24:00_매일_00:00 - 24:00_접기_접기,별점없음,0,0,https://search.pstatic.net/common/?autoRotate=true&type=w560_sharpen&src=https%3A%2F%2Fldb-phinf.pstatic.net%2F20160705_242%2F14677017633108EnE3_JPEG%2F_55.jpg,단체 이용 가능,주차 불가
교동십원빵 전주한옥마을본점,1592625096,"카페,디저트",도로명전북 전주시 완산구 은행로 58복사지번전북 전주시 완산구 풍남동3가 64-2복사우편번호우편번호55042복사안내 레이어 닫기,063-231-0520,영업 종료10:00에 영업 시작10시 0분에 영업 시작_영업 종료10:00에 영업 시작10시 0분에 영업 시작_영업 종료10:00에 영업 시작10시 0분에 영업 시작_영업 종료_10:00에 영업 시작10시 0분에 영업 시작_10:00에 영업 시작_10시 0분에 영업 시작_매일10:00 - 22:00접기_매일10:00 - 22:00접기_매일10:00 - 22:00_매일_10:00 - 22:00_접기_접기,별점없음,0,0,https://search.pstatic.net/common/?autoRotate=true&type=w560_sharpen&src=https%3A%2F%2Fldb-phinf.pstatic.net%2F20230104_122%2F1672800650685iMHFv_JPEG%2FAD35DA88-C7FE-4E45-9ABC-FF2FEE24E448.JPG,단체 이용 가능_포장_남/녀 화장실 구분_배달,주차 불가
설빙 전주한옥마을점,34590252,빙수,도로명전북 전주시 완산구 은행로 33복사지번전북 전주시 완산구 풍남동3가 36-15복사우편번호우편번호55041복사안내 레이어 닫기,070-4035-6089,영업 종료11:00에 영업 시작11시 0분에 영업 시작_영업 종료11:00에 영업 시작11시 0분에 영업 시작_영업 종료11:00에 영업 시작11시 0분에 영업 시작_영업 종료_11:00에 영업 시작11시 0분에 영업 시작_11:00에 영업 시작_11시 0분에 영업 시작_매일11:00 - 20:3020:00 라스트오더_매일11:00 - 20:3020:00 라스트오더_매일11:00 - 20:3020:00 라스트오더_매일_11:00 - 20:3020:00 라스트오더_- 전화 주시면 확실한 영업 여부를 아실 수 있습니다.접기_- 전화 주시면 확실한 영업 여부를 아실 수 있습니다.접기_- 전화 주시면 확실한 영업 여부를 아실 수 있습니다._- 전화 주시면 확실한 영업 여부를 아실 수 있습니다._접기_접기,별점없음,0,0,https://search.pstatic.net/common/?autoRotate=true&type=w560_sharpen&src=https%3A%2F%2Fldb-phinf.pstatic.net%2F20190811_190%2F1565480669191YuXX1_JPEG%2FL_pYsUgYIRPPUBSa06RkjGd3.jpg,단체 이용 가능_무선 인터넷_포장_남/녀 화장실 구분,주차 불가
야간비행,38548335,라이브카페,도로명전북 전주시 완산구 경기전길 42 2층복사지번전북 전주시 완산구 경원동2가 61-1복사우편번호우편번호55039복사안내 레이어 닫기,0507-1405-3604,영업 종료18:30에 영업 시작18시 30분에 영업 시작_영업 종료18:30에 영업 시작18시 30분에 영업 시작_영업 종료18:30에 영업 시작18시 30분에 영업 시작_영업 종료_18:30에 영업 시작18시 30분에 영업 시작_18:30에 영업 시작_18시 30분에 영업 시작_매일18:30 - 다음 날 02:00접기_매일18:30 - 다음 날 02:00접기_매일18:30 - 다음 날 02:00_매일_18:30 - 다음 날 02:00_접기_접기,별점없음,0,0,https://search.pstatic.net/common/?autoRotate=true&type=w560_sharpen&src=https%3A%2F%2Fldb-phinf.pstatic.net%2F20230601_278%2F1685610860920BzBTa_JPEG%2FIMG_2323.jpeg,예약_단체 이용 가능_무선 인터넷_남/녀 화장실 구분,주차 불가
오래옥 전주한옥마을점,1848426481,국밥,도로명전북 전주시 완산구 태조로 54 2층복사지번전북 전주시 완산구 전동 73복사우편번호우편번호55042복사안내 레이어 닫기,063-252-2118,영업 전07:00에 영업 시작7시 0분에 영업 시작_영업 전07:00에 영업 시작7시 0분에 영업 시작_영업 전07:00에 영업 시작7시 0분에 영업 시작_영업 전_07:00에 영업 시작7시 0분에 영업 시작_07:00에 영업 시작_7시 0분에 영업 시작_목07:00 - 19:3019:00 라스트오더_목07:00 - 19:3019:00 라스트오더_목07:00 - 19:3019:00 라스트오더_목_07:00 - 19:3019:00 라스트오더_금07:00 - 19:3019:00 라스트오더_금07:00 - 19:3019:00 라스트오더_금07:00 - 19:3019:00 라스트오더_금_07:00 - 19:3019:00 라스트오더_토07:00 - 19:3019:00 라스트오더_토07:00 - 19:3019:00 라스트오더_토07:00 - 19:3019:00 라스트오더_토_07:00 - 19:3019:00 라스트오더_일07:00 - 19:3019:00 라스트오더_일07:00 - 19:3019:00 라스트오더_일07:00 - 19:3019:00 라스트오더_일_07:00 - 19:3019:00 라스트오더_월07:00 - 19:3019:00 라스트오더_월07:00 - 19:3019:00 라스트오더_월07:00 - 19:3019:00 라스트오더_월_07:00 - 19:3019:00 라스트오더_화정기휴무 (매주 화요일)_화정기휴무 (매주 화요일)_화정기휴무 (매주 화요일)_화_정기휴무 (매주 화요일)_정기휴무 (매주 화요일)_수07:00 - 19:3019:00 라스트오더접기_수07:00 - 19:3019:00 라스트오더접기_수07:00 - 19:3019:00 라스트오더_수_07:00 - 19:3019:00 라스트오더_접기_접기,별점없음,0,0,https://search.pstatic.net/common/?autoRotate=true&type=w560_sharpen&src=https%3A%2F%2Fldb-phinf.pstatic.net%2F20250609_15%2F1749475711475g59Ap_JPEG%2F1000000053.jpg,단체 이용 가능_포장_예약_무선 인터넷_남/녀 화장실 구분,주차 불가
삼양다방,34648661,다방,도로명전북 전주시 완산구 동문길 94 1층복사지번전북 전주시 완산구 경원동2가 7-9복사우편번호우편번호55039복사안내 레이어 닫기,063-231-2238,영업 종료09:00에 영업 시작9시 0분에 영업 시작_영업 종료09:00에 영업 시작9시 0분에 영업 시작_영업 종료09:00에 영업 시작9시 0분에 영업 시작_영업 종료_09:00에 영업 시작9시 0분에 영업 시작_09:00에 영업 시작_9시 0분에 영업 시작_목09:00 - 23:0022:30 라스트오더_목09:00 - 23:0022:30 라스트오더_목09:00 - 23:0022:30 라스트오더_목_09:00 - 23:0022:30 라스트오더_금09:00 - 23:0022:30 라스트오더_금09:00 - 23:0022:30 라스트오더_금09:00 - 23:0022:30 라스트오더_금_09:00 - 23:0022:30 라스트오더_토09:00 - 23:0022:30 라스트오더_토09:00 - 23:0022:30 라스트오더_토09:00 - 23:0022:30 라스트오더_토_09:00 - 23:0022:30 라스트오더_일09:00 - 18:0017:30 라스트오더_일09:00 - 18:0017:30 라스트오더_일09:00 - 18:0017:30 라스트오더_일_09:00 - 18:0017:30 라스트오더_월09:00 - 23:0022:30 라스트오더_월09:00 - 23:0022:30 라스트오더_월09:00 - 23:0022:30 라스트오더_월_09:00 - 23:0022:30 라스트오더_화09:00 - 23:0022:30 라스트오더_화09:00 - 23:0022:30 라스트오더_화09:00 - 23:0022:30 라스트오더_화_09:00 - 23:0022:30 라스트오더_수09:00 - 23:0022:30 라스트오더접기_수09:00 - 23:0022:30 라스트오더접기_수09:00 - 23:0022:30 라스트오더_수_09:00 - 23:0022:30 라스트오더_접기_접기,별점4.36,0,0,https://search.pstatic.net/common/?autoRotate=true&type=w560_sharpen&src=https%3A%2F%2Fldb-phinf.pstatic.net%2F20151209_54%2F1449632500333TYtYa_JPEG%2F167159527157352_17.jpg,단체 이용 가능_포장_배달_무선 인터넷_예약_\반려동물 동반_남/녀 화장실 구분_장애인 주차구역,주차 불가
전주한옥화과자,884907008,베이커리,도로명전북 전주시 완산구 경기전길 32복사지번전북 전주시 완산구 경원동2가 28-2복사우편번호우편번호55039복사안내 레이어 닫기,0507-1423-6770,영업 종료09:20에 영업 시작9시 20분에 영업 시작_영업 종료09:20에 영업 시작9시 20분에 영업 시작_영업 종료09:20에 영업 시작9시 20분에 영업 시작_영업 종료_09:20에 영업 시작9시 20분에 영업 시작_09:20에 영업 시작_9시 20분에 영업 시작_목09:20 - 19:00_목09:20 - 19:00_목09:20 - 19:00_목_09:20 - 19:00_금09:20 - 19:00_금09:20 - 19:00_금09:20 - 19:00_금_09:20 - 19:00_토10:00 - 19:00_토10:00 - 19:00_토10:00 - 19:00_토_10:00 - 19:00_일10:00 - 19:00_일10:00 - 19:00_일10:00 - 19:00_일_10:00 - 19:00_월09:20 - 19:00_월09:20 - 19:00_월09:20 - 19:00_월_09:20 - 19:00_화09:20 - 19:00_화09:20 - 19:00_화09:20 - 19:00_화_09:20 - 19:00_수09:20 - 19:00_수09:20 - 19:00_수09:20 - 19:00_수_09:20 - 19:00_- 5월 29일 딸 심장초음파 검사로 서울다녀오겠습니다접기_- 5월 29일 딸 심장초음파 검사로 서울다녀오겠습니다접기_- 5월 29일 딸 심장초음파 검사로 서울다녀오겠습니다_- 5월 29일 딸 심장초음파 검사로 서울다녀오겠습니다_접기_접기,별점4.45,0,0,https://search.pstatic.net/common/?autoRotate=true&type=w560_sharpen&src=https%3A%2F%2Fldb-phinf.pstatic.net%2F20260221_212%2F1771624403195tW5zx_JPEG%2F%25BD%25BA%25C5%25A9%25B8%25B0%25BC%25A6_2026-02-21_%25BF%25C0%25C0%25FC_6.50.59.jpg,포장,주차가능무료
수제전주초코파이 한옥마을본점,336873480,베이커리,도로명전북 전주시 완산구 태조로 35복사지번전북 전주시 완산구 교동 271-5복사우편번호우편번호55044복사안내 레이어 닫기,063-288-2899,영업 종료10:00에 영업 시작10시 0분에 영업 시작_영업 종료10:00에 영업 시작10시 0분에 영업 시작_영업 종료10:00에 영업 시작10시 0분에 영업 시작_영업 종료_10:00에 영업 시작10시 0분에 영업 시작_10:00에 영업 시작_10시 0분에 영업 시작_목10:00 - 19:00_목10:00 - 19:00_목10:00 - 19:00_목_10:00 - 19:00_금09:00 - 20:00_금09:00 - 20:00_금09:00 - 20:00_금_09:00 - 20:00_토09:00 - 21:00_토09:00 - 21:00_토09:00 - 21:00_토_09:00 - 21:00_일09:00 - 19:00_일09:00 - 19:00_일09:00 - 19:00_일_09:00 - 19:00_월10:00 - 19:00_월10:00 - 19:00_월10:00 - 19:00_월_10:00 - 19:00_화10:00 - 19:00_화10:00 - 19:00_화10:00 - 19:00_화_10:00 - 19:00_수10:00 - 19:00접기_수10:00 - 19:00접기_수10:00 - 19:00_수_10:00 - 19:00_접기_접기,별점없음,0,0,https://search.pstatic.net/common/?autoRotate=true&type=w560_sharpen&src=https%3A%2F%2Fldb-phinf.pstatic.net%2F20170410_265%2F1491817676757b3lrl_PNG%2F186353556471684_0.png,예약_단체 이용 가능_포장_무선 인터넷_남/녀 화장실 구분,주차 불가
염전의봄 전주한옥마을직영점,1538381804,"카페,디저트",도로명전북 전주시 완산구 태조로 23 1층복사지번전북 전주시 완산구 교동 70-3복사우편번호우편번호55044복사안내 레이어 닫기,063-282-8842,영업 종료09:00에 영업 시작9시 0분에 영업 시작_영업 종료09:00에 영업 시작9시 0분에 영업 시작_영업 종료09:00에 영업 시작9시 0분에 영업 시작_영업 종료_09:00에 영업 시작9시 0분에 영업 시작_09:00에 영업 시작_9시 0분에 영업 시작_매일09:00 - 21:00접기_매일09:00 - 21:00접기_매일09:00 - 21:00_매일_09:00 - 21:00_접기_접기,별점없음,0,0,https://search.pstatic.net/common/?autoRotate=true&type=w560_sharpen&src=https%3A%2F%2Fldb-phinf.pstatic.net%2F20250609_226%2F1749458571262Ou8RC_JPEG%2FKakaoTalk_20250605_153449637_07.jpg,포장,주차 불가
라온카페,1392302640,"카페,디저트",도로명전북 전주시 완산구 한지길 99-6 라온카페복사지번전북 전주시 완산구 풍남동3가 16-6복사우편번호우편번호55041복사안내 레이어 닫기,0507-1437-6023,영업 종료10:00에 영업 시작10시 0분에 영업 시작_영업 종료10:00에 영업 시작10시 0분에 영업 시작_영업 종료10:00에 영업 시작10시 0분에 영업 시작_영업 종료_10:00에 영업 시작10시 0분에 영업 시작_10:00에 영업 시작_10시 0분에 영업 시작_매일10:00 - 19:00접기_매일10:00 - 19:00접기_매일10:00 - 19:00_매일_10:00 - 19:00_접기_접기,별점없음,0,0,https://search.pstatic.net/common/?autoRotate=true&type=w560_sharpen&src=https%3A%2F%2Fldb-phinf.pstatic.net%2F20240105_116%2F1704445275626Sm1CM_JPEG%2FE6049009-BD32-4E1C-90D8-562BE767FF04.jpeg,편의시설 정보 없음,주차 불가
경아분식 한옥마을점,37035723,종합분식,도로명전북 전주시 완산구 경기전길 39복사지번전북 전주시 완산구 풍남동1가 65-3복사우편번호우편번호55039복사안내 레이어 닫기,063-903-2992,영업 전08:00에 영업 시작8시 0분에 영업 시작_영업 전08:00에 영업 시작8시 0분에 영업 시작_영업 전08:00에 영업 시작8시 0분에 영업 시작_영업 전_08:00에 영업 시작8시 0분에 영업 시작_08:00에 영업 시작_8시 0분에 영업 시작_매일08:00 - 17:00_매일08:00 - 17:00_매일08:00 - 17:00_매일_08:00 - 17:00_- 식사시간 11시부터접기_- 식사시간 11시부터접기_- 식사시간 11시부터_- 식사시간 11시부터_접기_접기,별점없음,0,0,https://search.pstatic.net/common/?autoRotate=true&type=w560_sharpen&src=https%3A%2F%2Fldb-phinf.pstatic.net%2F20200507_271%2F1588826431614C3IFn_JPEG%2Fg8yxsVMmE3pYWg8w97Va2ypm.jpg,포장,주차 불가
한우정,1634968330,정육식당,도로명전북 전주시 완산구 은행로 12 1층복사지번전북 전주시 완산구 풍남동1가 34-1복사우편번호우편번호55039복사안내 레이어 닫기,0507-1391-8820,영업 종료09:00에 영업 시작9시 0분에 영업 시작_영업 종료09:00에 영업 시작9시 0분에 영업 시작_영업 종료09:00에 영업 시작9시 0분에 영업 시작_영업 종료_09:00에 영업 시작9시 0분에 영업 시작_09:00에 영업 시작_9시 0분에 영업 시작_매일09:00 - 22:00접기_매일09:00 - 22:00접기_매일09:00 - 22:00_매일_09:00 - 22:00_접기_접기,별점없음,0,0,https://search.pstatic.net/common/?autoRotate=true&type=w560_sharpen&src=https%3A%2F%2Fldb-phinf.pstatic.net%2F20250924_179%2F17587046132486Nl9h_GIF%2FKakaoTalk_20250924_175142318.gif,편의시설 정보 없음,주차 불가
1723,21799555,카페,도로명전북 전주시 완산구 오목대길 83복사지번전북 전주시 완산구 교동 98-2복사우편번호우편번호55044복사안내 레이어 닫기,063-288-1723,영업 종료10:30에 영업 시작10시 30분에 영업 시작_영업 종료10:30에 영업 시작10시 30분에 영업 시작_영업 종료10:30에 영업 시작10시 30분에 영업 시작_영업 종료_10:30에 영업 시작10시 30분에 영업 시작_10:30에 영업 시작_10시 30분에 영업 시작_매일10:30 - 21:00접기_매일10:30 - 21:00접기_매일10:30 - 21:00_매일_10:30 - 21:00_접기_접기,별점없음,0,0,https://search.pstatic.net/common/?autoRotate=true&type=w560_sharpen&src=https%3A%2F%2Fldb-phinf.pstatic.net%2F20150901_267%2F1441102199935s1LYS_JPEG%2F136574585158623_0.jpeg,예약_단체 이용 가능_무선 인터넷_남/녀 화장실 구분,주차 불가
PNB 풍년제과 한옥마을3호점,1784188190,베이커리,도로명전북 전주시 완산구 어진길 42복사지번전북 전주시 완산구 풍남동2가 39-2복사우편번호우편번호55040복사안내 레이어 닫기,063-283-5858,영업 종료08:30에 영업 시작8시 30분에 영업 시작_영업 종료08:30에 영업 시작8시 30분에 영업 시작_영업 종료08:30에 영업 시작8시 30분에 영업 시작_영업 종료_08:30에 영업 시작8시 30분에 영업 시작_08:30에 영업 시작_8시 30분에 영업 시작_매일08:30 - 21:30접기_매일08:30 - 21:30접기_매일08:30 - 21:30_매일_08:30 - 21:30_접기_접기,별점없음,0,0,https://search.pstatic.net/common/?autoRotate=true&type=w560_sharpen&src=https%3A%2F%2Fldb-phinf.pstatic.net%2F20211201_200%2F1638343802754r11Xt_PNG%2FPNB_hanok3ho_1_%25281%2529.png,포장,주차 불가
동문원 콩나물국밥,13016746,비빔밥,도로명전북 전주시 완산구 동문길 91복사지번전북 전주시 완산구 경원동2가 37-1복사우편번호우편번호55039복사안내 레이어 닫기,063-284-3339,"영업 전06:00에 영업 시작6시 0분에 영업 시작_영업 전06:00에 영업 시작6시 0분에 영업 시작_영업 전06:00에 영업 시작6시 0분에 영업 시작_영업 전_06:00에 영업 시작6시 0분에 영업 시작_06:00에 영업 시작_6시 0분에 영업 시작_목06:00 - 13:30_목06:00 - 13:30_목06:00 - 13:30_목_06:00 - 13:30_금(6/12)정기휴무 (매달 2, 4번째 금요일)_금(6/12)정기휴무 (매달 2, 4번째 금요일)_금(6/12)정기휴무 (매달 2, 4번째 금요일)_금(6/12)_정기휴무 (매달 2, 4번째 금요일)_정기휴무 (매달 2, 4번째 금요일)_토06:00 - 13:30_토06:00 - 13:30_토06:00 - 13:30_토_06:00 - 13:30_일06:00 - 13:30_일06:00 - 13:30_일06:00 - 13:30_일_06:00 - 13:30_월06:00 - 13:30_월06:00 - 13:30_월06:00 - 13:30_월_06:00 - 13:30_화06:00 - 13:30_화06:00 - 13:30_화06:00 - 13:30_화_06:00 - 13:30_수06:00 - 13:30_수06:00 - 13:30_수06:00 - 13:30_수_06:00 - 13:30_매달 2, 4번째 금요일 정기 휴무접기_매달 2, 4번째 금요일 정기 휴무접기_매달 2, 4번째 금요일 정기 휴무_접기_접기",별점없음,0,0,https://search.pstatic.net/common/?autoRotate=true&type=w560_sharpen&src=https%3A%2F%2Fldb-phinf.pstatic.net%2F20150901_96%2F1441050377029IrXxj_JPEG%2F97161536243576_0.jpg,예약_단체 이용 가능_포장_무선 인터넷_남/녀 화장실 구분,주차가능
천년누리 전주한옥마을점,1188152899,베이커리,도로명전북 전주시 완산구 은행로 45 천년누리 전주한옥마을점복사지번전북 전주시 완산구 풍남동3가 49-1복사우편번호우편번호55041복사안내 레이어 닫기,063-282-4883,영업 종료10:00에 영업 시작10시 0분에 영업 시작_영업 종료10:00에 영업 시작10시 0분에 영업 시작_영업 종료10:00에 영업 시작10시 0분에 영업 시작_영업 종료_10:00에 영업 시작10시 0분에 영업 시작_10:00에 영업 시작_10시 0분에 영업 시작_목10:00 - 19:00_목10:00 - 19:00_목10:00 - 19:00_목_10:00 - 19:00_금10:00 - 19:00_금10:00 - 19:00_금10:00 - 19:00_금_10:00 - 19:00_토10:00 - 19:00_토10:00 - 19:00_토10:00 - 19:00_토_10:00 - 19:00_일10:00 - 19:00_일10:00 - 19:00_일10:00 - 19:00_일_10:00 - 19:00_월10:00 - 19:00_월10:00 - 19:00_월10:00 - 19:00_월_10:00 - 19:00_화정기휴무 (매주 화요일)_화정기휴무 (매주 화요일)_화정기휴무 (매주 화요일)_화_정기휴무 (매주 화요일)_정기휴무 (매주 화요일)_수10:00 - 19:00접기_수10:00 - 19:00접기_수10:00 - 19:00_수_10:00 - 19:00_접기_접기,별점없음,0,0,https://search.pstatic.net/common/?autoRotate=true&type=w560_sharpen&src=https%3A%2F%2Fldb-phinf.pstatic.net%2F20220314_22%2F1647215253475c4VF6_PNG%2F%25C3%25B5%25B3%25E2%25B4%25A9%25B8%25AE%25C0%25FC%25C1%25D6%25BB%25A7.png,배달_포장_단체 이용 가능_예약_무선 인터넷_\반려동물 동반_남/녀 화장실 구분,주차가능
성미당,11707231,비빔밥,도로명전북 전주시 완산구 전라감영5길 19-9복사지번전북 전주시 완산구 중앙동3가 31-2복사우편번호우편번호55038복사안내 레이어 닫기,0507-1439-8800,영업 종료11:00에 영업 시작11시 0분에 영업 시작_영업 종료11:00에 영업 시작11시 0분에 영업 시작_영업 종료11:00에 영업 시작11시 0분에 영업 시작_영업 종료_11:00에 영업 시작11시 0분에 영업 시작_11:00에 영업 시작_11시 0분에 영업 시작_목11:00 - 20:0016:00 - 17:30 브레이크타임_목11:00 - 20:0016:00 - 17:30 브레이크타임_목11:00 - 20:0016:00 - 17:30 브레이크타임_목_11:00 - 20:0016:00 - 17:30 브레이크타임_금11:00 - 20:0016:00 - 17:30 브레이크타임_금11:00 - 20:0016:00 - 17:30 브레이크타임_금11:00 - 20:0016:00 - 17:30 브레이크타임_금_11:00 - 20:0016:00 - 17:30 브레이크타임_토11:00 - 20:00_토11:00 - 20:00_토11:00 - 20:00_토_11:00 - 20:00_일11:00 - 20:00_일11:00 - 20:00_일11:00 - 20:00_일_11:00 - 20:00_월정기휴무 (매주 월요일)_월정기휴무 (매주 월요일)_월정기휴무 (매주 월요일)_월_정기휴무 (매주 월요일)_정기휴무 (매주 월요일)_화11:00 - 20:0016:00 - 17:30 브레이크타임_화11:00 - 20:0016:00 - 17:30 브레이크타임_화11:00 - 20:0016:00 - 17:30 브레이크타임_화_11:00 - 20:0016:00 - 17:30 브레이크타임_수11:00 - 20:0016:00 - 17:30 브레이크타임_수11:00 - 20:0016:00 - 17:30 브레이크타임_수11:00 - 20:0016:00 - 17:30 브레이크타임_수_11:00 - 20:0016:00 - 17:30 브레이크타임_- 주말엔 브레이크타임 없음접기_- 주말엔 브레이크타임 없음접기_- 주말엔 브레이크타임 없음_- 주말엔 브레이크타임 없음_접기_접기,별점없음,0,0,https://search.pstatic.net/common/?autoRotate=true&type=w560_sharpen&src=https%3A%2F%2Fldb-phinf.pstatic.net%2F20211116_43%2F1637037360456KQlqj_JPEG%2FE3DC7A33-603F-43FB-A03B-A7B7D87A97A8.jpeg,예약_단체 이용 가능_포장_무선 인터넷_남/녀 화장실 구분_배달_출입구 휠체어 이용가능_좌석 휠체어 이용가능,주차가능무료
전주전집 전주한옥마을점,1712950689,"전,빈대떡",도로명전북 전주시 완산구 동문길 36 1층 전주전집복사지번전북 전주시 완산구 풍남동2가 21-4복사우편번호우편번호55040복사안내 레이어 닫기,063-287-6513,영업 종료17:30에 영업 시작17시 30분에 영업 시작_영업 종료17:30에 영업 시작17시 30분에 영업 시작_영업 종료17:30에 영업 시작17시 30분에 영업 시작_영업 종료_17:30에 영업 시작17시 30분에 영업 시작_17:30에 영업 시작_17시 30분에 영업 시작_목17:30 - 22:3022:00 라스트오더_목17:30 - 22:3022:00 라스트오더_목17:30 - 22:3022:00 라스트오더_목_17:30 - 22:3022:00 라스트오더_금17:30 - 22:3022:00 라스트오더_금17:30 - 22:3022:00 라스트오더_금17:30 - 22:3022:00 라스트오더_금_17:30 - 22:3022:00 라스트오더_토17:30 - 22:3022:00 라스트오더_토17:30 - 22:3022:00 라스트오더_토17:30 - 22:3022:00 라스트오더_토_17:30 - 22:3022:00 라스트오더_일17:30 - 22:3022:00 라스트오더_일17:30 - 22:3022:00 라스트오더_일17:30 - 22:3022:00 라스트오더_일_17:30 - 22:3022:00 라스트오더_월정기휴무 (매주 월요일)_월정기휴무 (매주 월요일)_월정기휴무 (매주 월요일)_월_정기휴무 (매주 월요일)_정기휴무 (매주 월요일)_화17:30 - 22:3022:00 라스트오더_화17:30 - 22:3022:00 라스트오더_화17:30 - 22:3022:00 라스트오더_화_17:30 - 22:3022:00 라스트오더_수17:30 - 22:3022:00 라스트오더접기_수17:30 - 22:3022:00 라스트오더접기_수17:30 - 22:3022:00 라스트오더_수_17:30 - 22:3022:00 라스트오더_접기_접기,별점4.57,0,0,https://search.pstatic.net/common/?autoRotate=true&type=w560_sharpen&src=https%3A%2F%2Fldb-phinf.pstatic.net%2F20201213_207%2F1607857850580nzwqW_JPEG%2FJQ2R68WubcNjIbj2X7GE_5KF.jpeg.jpg,예약_포장_무선 인터넷_방문접수/출장_단체 이용 가능,주차가능무료
"마닐마닐,마닐마닐 테라스",19574787,카페,"도로명전북 전주시 완산구 전동성당길 82 마닐마닐, 마닐마닐테라스복사지번전북 전주시 완산구 전동 52-1복사우편번호우편번호55042복사안내 레이어 닫기",063-283-8611,영업 종료11:30에 영업 시작11시 30분에 영업 시작_영업 종료11:30에 영업 시작11시 30분에 영업 시작_영업 종료11:30에 영업 시작11시 30분에 영업 시작_영업 종료_11:30에 영업 시작11시 30분에 영업 시작_11:30에 영업 시작_11시 30분에 영업 시작_목11:30 - 19:30_목11:30 - 19:30_목11:30 - 19:30_목_11:30 - 19:30_금11:30 - 19:30_금11:30 - 19:30_금11:30 - 19:30_금_11:30 - 19:30_토11:30 - 19:30_토11:30 - 19:30_토11:30 - 19:30_토_11:30 - 19:30_일11:30 - 19:30_일11:30 - 19:30_일11:30 - 19:30_일_11:30 - 19:30_월11:30 - 19:30_월11:30 - 19:30_월11:30 - 19:30_월_11:30 - 19:30_화11:30 - 19:30_화11:30 - 19:30_화11:30 - 19:30_화_11:30 - 19:30_수11:30 - 19:30접기_수11:30 - 19:30접기_수11:30 - 19:30_수_11:30 - 19:30_접기_접기,별점없음,0,0,https://search.pstatic.net/common/?autoRotate=true&type=w560_sharpen&src=https%3A%2F%2Fldb-phinf.pstatic.net%2F20190827_298%2F1566914674914CwwyP_JPEG%2FJzA3HdhIf2BT6rJoqs8WBYwx.JPG.jpg,단체 이용 가능_포장_무선 인터넷,주차가능무료
꼬꼬영양통닭,16786544,"치킨,닭강정",도로명전북 전주시 완산구 경기전길 38-10복사지번전북 전주시 완산구 경원동2가 53-5복사우편번호우편번호55039복사안내 레이어 닫기,063-283-2655,영업 종료11:50에 영업 시작11시 50분에 영업 시작_영업 종료11:50에 영업 시작11시 50분에 영업 시작_영업 종료11:50에 영업 시작11시 50분에 영업 시작_영업 종료_11:50에 영업 시작11시 50분에 영업 시작_11:50에 영업 시작_11시 50분에 영업 시작_목11:50 - 21:0014:00 - 17:00 브레이크타임_목11:50 - 21:0014:00 - 17:00 브레이크타임_목11:50 - 21:0014:00 - 17:00 브레이크타임_목_11:50 - 21:0014:00 - 17:00 브레이크타임_금11:50 - 21:0014:00 - 17:00 브레이크타임_금11:50 - 21:0014:00 - 17:00 브레이크타임_금11:50 - 21:0014:00 - 17:00 브레이크타임_금_11:50 - 21:0014:00 - 17:00 브레이크타임_토11:50 - 21:0014:00 - 17:00 브레이크타임_토11:50 - 21:0014:00 - 17:00 브레이크타임_토11:50 - 21:0014:00 - 17:00 브레이크타임_토_11:50 - 21:0014:00 - 17:00 브레이크타임_일정기휴무 (매주 일요일)_일정기휴무 (매주 일요일)_일정기휴무 (매주 일요일)_일_정기휴무 (매주 일요일)_정기휴무 (매주 일요일)_월11:50 - 21:0014:00 - 17:00 브레이크타임_월11:50 - 21:0014:00 - 17:00 브레이크타임_월11:50 - 21:0014:00 - 17:00 브레이크타임_월_11:50 - 21:0014:00 - 17:00 브레이크타임_화11:50 - 21:0014:00 - 17:00 브레이크타임_화11:50 - 21:0014:00 - 17:00 브레이크타임_화11:50 - 21:0014:00 - 17:00 브레이크타임_화_11:50 - 21:0014:00 - 17:00 브레이크타임_수11:50 - 21:0014:00 - 17:00 브레이크타임접기_수11:50 - 21:0014:00 - 17:00 브레이크타임접기_수11:50 - 21:0014:00 - 17:00 브레이크타임_수_11:50 - 21:0014:00 - 17:00 브레이크타임_접기_접기,별점없음,0,0,https://search.pstatic.net/common/?autoRotate=true&type=w560_sharpen&src=https%3A%2F%2Fldb-phinf.pstatic.net%2F20180406_26%2F1522975975617nyUaq_PNG%2F_L5zEATQ9hlyFG481baUpJDn.png,편의시설 정보 없음,주차가능무료
한옥메밀가,1244680137,한식,도로명전북 전주시 완산구 은행로 16 1~2층복사지번전북 전주시 완산구 풍남동1가 53-3복사우편번호우편번호55039복사안내 레이어 닫기,063-288-0801,영업 종료10:00에 영업 시작10시 0분에 영업 시작_영업 종료10:00에 영업 시작10시 0분에 영업 시작_영업 종료10:00에 영업 시작10시 0분에 영업 시작_영업 종료_10:00에 영업 시작10시 0분에 영업 시작_10:00에 영업 시작_10시 0분에 영업 시작_목10:00 - 22:00_목10:00 - 22:00_목10:00 - 22:00_목_10:00 - 22:00_금10:00 - 22:00_금10:00 - 22:00_금10:00 - 22:00_금_10:00 - 22:00_토10:00 - 22:00_토10:00 - 22:00_토10:00 - 22:00_토_10:00 - 22:00_일10:00 - 22:00_일10:00 - 22:00_일10:00 - 22:00_일_10:00 - 22:00_월10:00 - 22:00_월10:00 - 22:00_월10:00 - 22:00_월_10:00 - 22:00_화10:00 - 22:00_화10:00 - 22:00_화10:00 - 22:00_화_10:00 - 22:00_수10:00 - 22:00접기_수10:00 - 22:00접기_수10:00 - 22:00_수_10:00 - 22:00_접기_접기,별점없음,0,0,https://search.pstatic.net/common/?autoRotate=true&type=w560_sharpen&src=https%3A%2F%2Fldb-phinf.pstatic.net%2F20250301_48%2F1740807120424eUwW0_JPEG%2F%25B8%25DE%25B9%25D0%25B0%25A1%25C1%25A4%25B8%25E9%25BB%25E7%25C1%25F8.jpg,단체 이용 가능_포장_예약_무선 인터넷_남/녀 화장실 구분_출입구 휠체어 이용가능,주차가능무료
세종대왕항아리바베큐,1933909898,"육류,고기요리",도로명전북 전주시 완산구 최명희길 1 지하1층복사지번전북 전주시 완산구 풍남동3가 23-7복사우편번호우편번호55041복사안내 레이어 닫기,0507-1464-9301,영업 전08:00에 영업 시작8시 0분에 영업 시작_영업 전08:00에 영업 시작8시 0분에 영업 시작_영업 전08:00에 영업 시작8시 0분에 영업 시작_영업 전_08:00에 영업 시작8시 0분에 영업 시작_08:00에 영업 시작_8시 0분에 영업 시작_매일08:00 - 23:00접기_매일08:00 - 23:00접기_매일08:00 - 23:00_매일_08:00 - 23:00_접기_접기,별점없음,0,0,https://search.pstatic.net/common/?autoRotate=true&type=w560_sharpen&src=https%3A%2F%2Fldb-phinf.pstatic.net%2F20260114_234%2F17683984550534DFBU_JPEG%2F1000005735.jpg,포장_예약_남/녀 화장실 구분_단체 이용 가능_유아의자_무선 인터넷_출입구 휠체어 이용가능,주차가능유료
신성반점,16783954,중식당,도로명전북 전주시 완산구 전동성당길 24복사지번전북 전주시 완산구 경원동1가 115-3복사우편번호우편번호55039복사안내 레이어 닫기,063-288-7927,영업 종료10:00에 영업 시작10시 0분에 영업 시작_영업 종료10:00에 영업 시작10시 0분에 영업 시작_영업 종료10:00에 영업 시작10시 0분에 영업 시작_영업 종료_10:00에 영업 시작10시 0분에 영업 시작_10:00에 영업 시작_10시 0분에 영업 시작_목10:00 - 19:30_목10:00 - 19:30_목10:00 - 19:30_목_10:00 - 19:30_금10:00 - 19:30_금10:00 - 19:30_금10:00 - 19:30_금_10:00 - 19:30_토10:00 - 19:30_토10:00 - 19:30_토10:00 - 19:30_토_10:00 - 19:30_일10:00 - 19:30_일10:00 - 19:30_일10:00 - 19:30_일_10:00 - 19:30_월정기휴무 (매주 월요일)_월정기휴무 (매주 월요일)_월정기휴무 (매주 월요일)_월_정기휴무 (매주 월요일)_정기휴무 (매주 월요일)_화10:00 - 19:30_화10:00 - 19:30_화10:00 - 19:30_화_10:00 - 19:30_수10:00 - 19:30접기_수10:00 - 19:30접기_수10:00 - 19:30_수_10:00 - 19:30_접기_접기,별점4.13,0,0,https://search.pstatic.net/common/?autoRotate=true&type=w560_sharpen&src=https%3A%2F%2Fldb-phinf.pstatic.net%2F20260324_143%2F1774321746435MJrJj_JPEG%2F1000020306.jpg,예약_단체 이용 가능_포장_배달,주차 불가
쓖 전주본점 쓕,1143479135,"카페,디저트",도로명전북 전주시 완산구 태조로 22-1 쓖 전주본점 쓕복사지번전북 전주시 완산구 풍남동3가 65-4복사우편번호우편번호55042복사안내 레이어 닫기,0507-1416-1455,영업 종료10:00에 영업 시작10시 0분에 영업 시작_영업 종료10:00에 영업 시작10시 0분에 영업 시작_영업 종료10:00에 영업 시작10시 0분에 영업 시작_영업 종료_10:00에 영업 시작10시 0분에 영업 시작_10:00에 영업 시작_10시 0분에 영업 시작_매일10:00 - 20:00접기_매일10:00 - 20:00접기_매일10:00 - 20:00_매일_10:00 - 20:00_접기_접기,별점없음,0,0,https://search.pstatic.net/common/?autoRotate=true&type=w560_sharpen&src=https%3A%2F%2Fldb-phinf.pstatic.net%2F20240307_134%2F1709822408900NdSYM_JPEG%2F1709822398314.jpg,포장,주차 불가
동문블루스,1445497218,한식,도로명전북 전주시 완산구 동문길 61 . 2층복사지번전북 전주시 완산구 풍남동1가 42-1복사우편번호우편번호55039복사안내 레이어 닫기,063-285-3312,영업 종료18:00에 영업 시작18시 0분에 영업 시작_영업 종료18:00에 영업 시작18시 0분에 영업 시작_영업 종료18:00에 영업 시작18시 0분에 영업 시작_영업 종료_18:00에 영업 시작18시 0분에 영업 시작_18:00에 영업 시작_18시 0분에 영업 시작_목18:00 - 다음 날 02:00_목18:00 - 다음 날 02:00_목18:00 - 다음 날 02:00_목_18:00 - 다음 날 02:00_금18:00 - 다음 날 02:00_금18:00 - 다음 날 02:00_금18:00 - 다음 날 02:00_금_18:00 - 다음 날 02:00_토18:00 - 다음 날 02:00_토18:00 - 다음 날 02:00_토18:00 - 다음 날 02:00_토_18:00 - 다음 날 02:00_일정기휴무 (매주 일요일)_일정기휴무 (매주 일요일)_일정기휴무 (매주 일요일)_일_정기휴무 (매주 일요일)_정기휴무 (매주 일요일)_월18:00 - 다음 날 02:00_월18:00 - 다음 날 02:00_월18:00 - 다음 날 02:00_월_18:00 - 다음 날 02:00_화18:00 - 다음 날 02:00_화18:00 - 다음 날 02:00_화18:00 - 다음 날 02:00_화_18:00 - 다음 날 02:00_수18:00 - 다음 날 02:00_수18:00 - 다음 날 02:00_수18:00 - 다음 날 02:00_수_18:00 - 다음 날 02:00_- 여름(6~8월) 겨울(12~2월)까지는 휴무없음접기_- 여름(6~8월) 겨울(12~2월)까지는 휴무없음접기_- 여름(6~8월) 겨울(12~2월)까지는 휴무없음_- 여름(6~8월) 겨울(12~2월)까지는 휴무없음_접기_접기,별점없음,0,0,https://search.pstatic.net/common/?autoRotate=true&type=w560_sharpen&src=https%3A%2F%2Fldb-phinf.pstatic.net%2F20260406_176%2F17754446077580yoGR_JPEG%2F1000013779.jpg,콜키지 가능유료_단체 이용 가능_예약_무선 인터넷_남/녀 화장실 구분,주차가능무료
강촌떡갈비,16808444,"육류,고기요리",도로명전북 전주시 완산구 전주천동로 56 1층 강촌떡갈비복사지번전북 전주시 완산구 교동 175-3복사우편번호우편번호55045복사안내 레이어 닫기,0507-1415-0600,영업 종료11:00에 영업 시작11시 0분에 영업 시작_영업 종료11:00에 영업 시작11시 0분에 영업 시작_영업 종료11:00에 영업 시작11시 0분에 영업 시작_영업 종료_11:00에 영업 시작11시 0분에 영업 시작_11:00에 영업 시작_11시 0분에 영업 시작_목11:00 - 20:0014:00 - 17:00 브레이크타임19:30 라스트오더_목11:00 - 20:0014:00 - 17:00 브레이크타임19:30 라스트오더_목11:00 - 20:0014:00 - 17:00 브레이크타임19:30 라스트오더_목_11:00 - 20:0014:00 - 17:00 브레이크타임19:30 라스트오더_금11:00 - 22:0015:00 - 17:00 브레이크타임21:30 라스트오더_금11:00 - 22:0015:00 - 17:00 브레이크타임21:30 라스트오더_금11:00 - 22:0015:00 - 17:00 브레이크타임21:30 라스트오더_금_11:00 - 22:0015:00 - 17:00 브레이크타임21:30 라스트오더_토11:00 - 22:0015:00 - 17:00 브레이크타임21:30 라스트오더_토11:00 - 22:0015:00 - 17:00 브레이크타임21:30 라스트오더_토11:00 - 22:0015:00 - 17:00 브레이크타임21:30 라스트오더_토_11:00 - 22:0015:00 - 17:00 브레이크타임21:30 라스트오더_일11:00 - 20:0014:00 - 17:00 브레이크타임19:30 라스트오더_일11:00 - 20:0014:00 - 17:00 브레이크타임19:30 라스트오더_일11:00 - 20:0014:00 - 17:00 브레이크타임19:30 라스트오더_일_11:00 - 20:0014:00 - 17:00 브레이크타임19:30 라스트오더_월(6/15)11:00 - 14:00_월(6/15)11:00 - 14:00_월(6/15)11:00 - 14:00_월(6/15)_11:00 - 14:00_화11:00 - 20:0014:00 - 17:00 브레이크타임19:30 라스트오더_화11:00 - 20:0014:00 - 17:00 브레이크타임19:30 라스트오더_화11:00 - 20:0014:00 - 17:00 브레이크타임19:30 라스트오더_화_11:00 - 20:0014:00 - 17:00 브레이크타임19:30 라스트오더_수11:00 - 20:0014:00 - 17:00 브레이크타임19:30 라스트오더_수11:00 - 20:0014:00 - 17:00 브레이크타임19:30 라스트오더_수11:00 - 20:0014:00 - 17:00 브레이크타임19:30 라스트오더_수_11:00 - 20:0014:00 - 17:00 브레이크타임19:30 라스트오더_- 단체 주문 전화상담시 시간변동 예약 가능합니다.접기_- 단체 주문 전화상담시 시간변동 예약 가능합니다.접기_- 단체 주문 전화상담시 시간변동 예약 가능합니다._- 단체 주문 전화상담시 시간변동 예약 가능합니다._접기_접기,별점없음,0,0,https://search.pstatic.net/common/?autoRotate=true&type=w560_sharpen&src=https%3A%2F%2Fldb-phinf.pstatic.net%2F20220510_117%2F1652173048032MNlsP_JPEG%2F1647915764968-0.jpg,예약_무선 인터넷_단체 이용 가능_포장_남/녀 화장실 구분,주차가능
늘순길,1653713232,"카페,디저트","도로명전북 전주시 완산구 경기전길 45 늘순길 1, 2층복사지번전북 전주시 완산구 풍남동1가 66-9복사우편번호우편번호55039복사안내 레이어 닫기",0507-1322-3041,영업 종료09:00에 영업 시작9시 0분에 영업 시작_영업 종료09:00에 영업 시작9시 0분에 영업 시작_영업 종료09:00에 영업 시작9시 0분에 영업 시작_영업 종료_09:00에 영업 시작9시 0분에 영업 시작_09:00에 영업 시작_9시 0분에 영업 시작_목09:00 - 21:00_목09:00 - 21:00_목09:00 - 21:00_목_09:00 - 21:00_금09:00 - 21:00_금09:00 - 21:00_금09:00 - 21:00_금_09:00 - 21:00_토09:00 - 21:00_토09:00 - 21:00_토09:00 - 21:00_토_09:00 - 21:00_일09:00 - 21:00_일09:00 - 21:00_일09:00 - 21:00_일_09:00 - 21:00_월09:00 - 21:00_월09:00 - 21:00_월09:00 - 21:00_월_09:00 - 21:00_화정기휴무 (매주 화요일)_화정기휴무 (매주 화요일)_화정기휴무 (매주 화요일)_화_정기휴무 (매주 화요일)_정기휴무 (매주 화요일)_수09:00 - 21:00접기_수09:00 - 21:00접기_수09:00 - 21:00_수_09:00 - 21:00_접기_접기,별점없음,0,0,https://search.pstatic.net/common/?autoRotate=true&type=w278_sharpen&src=https%3A%2F%2Fldb-phinf.pstatic.net%2F20260609_23%2F17809320112516nGXY_JPEG%2FIMG_9422.jpg,남/녀 화장실 구분_포장_무선 인터넷_단체 이용 가능_유아의자_방문접수/출장_\반려동물 동반,주차 불가
코다리각시 꽃심호텔점,2011418745,한식,도로명전북 전주시 완산구 팔달로 171복사지번전북 전주시 완산구 경원동1가 102복사우편번호우편번호55038복사안내 레이어 닫기,0507-1321-3330,영업 종료11:30에 영업 시작11시 30분에 영업 시작_영업 종료11:30에 영업 시작11시 30분에 영업 시작_영업 종료11:30에 영업 시작11시 30분에 영업 시작_영업 종료_11:30에 영업 시작11시 30분에 영업 시작_11:30에 영업 시작_11시 30분에 영업 시작_매일11:30 - 21:0015:00 - 17:00 브레이크타임접기_매일11:30 - 21:0015:00 - 17:00 브레이크타임접기_매일11:30 - 21:0015:00 - 17:00 브레이크타임_매일_11:30 - 21:0015:00 - 17:00 브레이크타임_접기_접기,별점없음,0,0,https://search.pstatic.net/common/?autoRotate=true&type=w560_sharpen&src=https%3A%2F%2Fldb-phinf.pstatic.net%2F20260303_145%2F1772528457854nBOnx_JPEG%2F%25B4%25D9%25BF%25EE%25B7%25CE%25B5%25E5_%25284%2529.jpg,단체 이용 가능_예약_남/녀 화장실 구분,주차가능무료
다각cafe,1941648528,카페,도로명전북 전주시 완산구 경기전길 43 다각카페복사지번전북 전주시 완산구 풍남동1가 66-3복사우편번호우편번호55039복사안내 레이어 닫기,0507-1494-1538,영업 종료11:00에 영업 시작11시 0분에 영업 시작_영업 종료11:00에 영업 시작11시 0분에 영업 시작_영업 종료11:00에 영업 시작11시 0분에 영업 시작_영업 종료_11:00에 영업 시작11시 0분에 영업 시작_11:00에 영업 시작_11시 0분에 영업 시작_목11:00 - 23:00_목11:00 - 23:00_목11:00 - 23:00_목_11:00 - 23:00_금11:00 - 23:00_금11:00 - 23:00_금11:00 - 23:00_금_11:00 - 23:00_토11:00 - 23:00_토11:00 - 23:00_토11:00 - 23:00_토_11:00 - 23:00_일11:00 - 18:00_일11:00 - 18:00_일11:00 - 18:00_일_11:00 - 18:00_월11:00 - 23:00_월11:00 - 23:00_월11:00 - 23:00_월_11:00 - 23:00_화11:00 - 23:00_화11:00 - 23:00_화11:00 - 23:00_화_11:00 - 23:00_수11:00 - 23:00접기_수11:00 - 23:00접기_수11:00 - 23:00_수_11:00 - 23:00_접기_접기,별점없음,0,0,https://search.pstatic.net/common/?autoRotate=true&type=w560_sharpen&src=https%3A%2F%2Fldb-phinf.pstatic.net%2F20250313_222%2F1741842368365lbiL7_JPEG%2FIMG_0491.jpeg,테이크아웃 할인_단체 이용 가능_무선 인터넷_남/녀 화장실 구분_\반려동물 동반,주차가능무료
사르르풍경,2070972483,"카페,디저트",도로명전북 전주시 완산구 태조로 31 1층 사르르풍경복사지번전북 전주시 완산구 교동 72-2복사우편번호우편번호55044복사안내 레이어 닫기,0507-1363-0900,영업 종료12:00에 영업 시작12시 0분에 영업 시작_영업 종료12:00에 영업 시작12시 0분에 영업 시작_영업 종료12:00에 영업 시작12시 0분에 영업 시작_영업 종료_12:00에 영업 시작12시 0분에 영업 시작_12:00에 영업 시작_12시 0분에 영업 시작_목12:00 - 19:00_목12:00 - 19:00_목12:00 - 19:00_목_12:00 - 19:00_금12:00 - 19:00_금12:00 - 19:00_금12:00 - 19:00_금_12:00 - 19:00_토12:00 - 19:00_토12:00 - 19:00_토12:00 - 19:00_토_12:00 - 19:00_일12:00 - 19:00_일12:00 - 19:00_일12:00 - 19:00_일_12:00 - 19:00_월12:00 - 19:00_월12:00 - 19:00_월12:00 - 19:00_월_12:00 - 19:00_화12:00 - 19:00_화12:00 - 19:00_화12:00 - 19:00_화_12:00 - 19:00_수12:00 - 19:00접기_수12:00 - 19:00접기_수12:00 - 19:00_수_12:00 - 19:00_접기_접기,별점없음,0,0,https://search.pstatic.net/common/?autoRotate=true&type=w560_sharpen&src=https%3A%2F%2Fldb-phinf.pstatic.net%2F20260508_287%2F17782127957213lF42_JPEG%2FChatGPT_Image_2026%25B3%25E2_4%25BF%25F9_30%25C0%25CF_%25BF%25C0%25C0%25FC_09_55_11.jpg,포장_무선 인터넷_남/녀 화장실 구분_대기공간,주차 불가
용성양,1544826104,양꼬치,도로명전북 전주시 완산구 현무2길 11 용성양복사지번전북 전주시 완산구 경원동3가 86-5복사우편번호우편번호55000복사안내 레이어 닫기,063-282-5688,영업 종료16:00에 영업 시작16시 0분에 영업 시작_영업 종료16:00에 영업 시작16시 0분에 영업 시작_영업 종료16:00에 영업 시작16시 0분에 영업 시작_영업 종료_16:00에 영업 시작16시 0분에 영업 시작_16:00에 영업 시작_16시 0분에 영업 시작_목16:00 - 23:0021:00 라스트오더_목16:00 - 23:0021:00 라스트오더_목16:00 - 23:0021:00 라스트오더_목_16:00 - 23:0021:00 라스트오더_금16:00 - 23:0021:00 라스트오더_금16:00 - 23:0021:00 라스트오더_금16:00 - 23:0021:00 라스트오더_금_16:00 - 23:0021:00 라스트오더_토16:00 - 23:0021:00 라스트오더_토16:00 - 23:0021:00 라스트오더_토16:00 - 23:0021:00 라스트오더_토_16:00 - 23:0021:00 라스트오더_일정기휴무 (매주 일요일)_일정기휴무 (매주 일요일)_일정기휴무 (매주 일요일)_일_정기휴무 (매주 일요일)_정기휴무 (매주 일요일)_월16:00 - 23:0021:00 라스트오더_월16:00 - 23:0021:00 라스트오더_월16:00 - 23:0021:00 라스트오더_월_16:00 - 23:0021:00 라스트오더_화16:00 - 23:0021:00 라스트오더_화16:00 - 23:0021:00 라스트오더_화16:00 - 23:0021:00 라스트오더_화_16:00 - 23:0021:00 라스트오더_수16:00 - 23:0021:00 라스트오더접기_수16:00 - 23:0021:00 라스트오더접기_수16:00 - 23:0021:00 라스트오더_수_16:00 - 23:0021:00 라스트오더_접기_접기,별점4.35,0,0,https://search.pstatic.net/common/?autoRotate=true&type=w560_sharpen&src=https%3A%2F%2Fldb-phinf.pstatic.net%2F20201126_265%2F1606393174104kjRA6_JPEG%2FmAvqrufSBgtUtgp4PLzMLWEN.jpg,콜키지 가능유료_예약_남/녀 화장실 구분_무선 인터넷,주차가능무료
버터테라피,1301758321,베이커리,도로명전북 전주시 완산구 동문길 114 1층 버터테라피복사지번전북 전주시 완산구 경원동1가 22-1복사우편번호우편번호55039복사안내 레이어 닫기,0507-1453-7906,영업 종료11:00에 영업 시작11시 0분에 영업 시작_영업 종료11:00에 영업 시작11시 0분에 영업 시작_영업 종료11:00에 영업 시작11시 0분에 영업 시작_영업 종료_11:00에 영업 시작11시 0분에 영업 시작_11:00에 영업 시작_11시 0분에 영업 시작_목11:00 - 19:00_목11:00 - 19:00_목11:00 - 19:00_목_11:00 - 19:00_금11:00 - 19:00_금11:00 - 19:00_금11:00 - 19:00_금_11:00 - 19:00_토11:00 - 19:00_토11:00 - 19:00_토11:00 - 19:00_토_11:00 - 19:00_일정기휴무 (매주 일요일)_일정기휴무 (매주 일요일)_일정기휴무 (매주 일요일)_일_정기휴무 (매주 일요일)_정기휴무 (매주 일요일)_월정기휴무 (매주 월요일)_월정기휴무 (매주 월요일)_월정기휴무 (매주 월요일)_월_정기휴무 (매주 월요일)_정기휴무 (매주 월요일)_화11:00 - 19:00_화11:00 - 19:00_화11:00 - 19:00_화_11:00 - 19:00_수11:00 - 19:00접기_수11:00 - 19:00접기_수11:00 - 19:00_수_11:00 - 19:00_접기_접기,별점없음,0,0,https://search.pstatic.net/common/?autoRotate=true&type=w560_sharpen&src=https%3A%2F%2Fldb-phinf.pstatic.net%2F20230417_193%2F1681718082392fG4bM_JPEG%2F53463D26-845E-4CBD-AB0F-1F15DAFE740C.jpeg,포장,주차가능무료
영월화원,1188263792,"카페,디저트","도로명전북 전주시 완산구 향교길 84 1층 1동, 2동복사지번전북 전주시 완산구 교동 138복사우편번호우편번호55045복사안내 레이어 닫기",0507-1418-7965,영업 종료10:30에 영업 시작10시 30분에 영업 시작_영업 종료10:30에 영업 시작10시 30분에 영업 시작_영업 종료10:30에 영업 시작10시 30분에 영업 시작_영업 종료_10:30에 영업 시작10시 30분에 영업 시작_10:30에 영업 시작_10시 30분에 영업 시작_목10:30 - 21:0020:30 라스트오더_목10:30 - 21:0020:30 라스트오더_목10:30 - 21:0020:30 라스트오더_목_10:30 - 21:0020:30 라스트오더_금10:30 - 21:0020:30 라스트오더_금10:30 - 21:0020:30 라스트오더_금10:30 - 21:0020:30 라스트오더_금_10:30 - 21:0020:30 라스트오더_토10:00 - 21:0020:30 라스트오더_토10:00 - 21:0020:30 라스트오더_토10:00 - 21:0020:30 라스트오더_토_10:00 - 21:0020:30 라스트오더_일10:00 - 21:0020:30 라스트오더_일10:00 - 21:0020:30 라스트오더_일10:00 - 21:0020:30 라스트오더_일_10:00 - 21:0020:30 라스트오더_월10:30 - 21:0020:30 라스트오더_월10:30 - 21:0020:30 라스트오더_월10:30 - 21:0020:30 라스트오더_월_10:30 - 21:0020:30 라스트오더_화정기휴무 (매주 화요일)_화정기휴무 (매주 화요일)_화정기휴무 (매주 화요일)_화_정기휴무 (매주 화요일)_정기휴무 (매주 화요일)_수10:30 - 21:0020:30 라스트오더접기_수10:30 - 21:0020:30 라스트오더접기_수10:30 - 21:0020:30 라스트오더_수_10:30 - 21:0020:30 라스트오더_접기_접기,별점없음,0,0,https://search.pstatic.net/common/?autoRotate=true&type=w560_sharpen&src=https%3A%2F%2Fldb-phinf.pstatic.net%2F20251124_286%2F1763947728227YFYqe_JPEG%2F20241127_174459.jpg,단체 이용 가능_예약_무선 인터넷_남/녀 화장실 구분,주차 불가
삼미당 한옥마을점,1470337966,돼지고기구이,도로명전북 전주시 완산구 경기전길 11복사지번전북 전주시 완산구 풍남동1가 14-1복사우편번호우편번호55039복사안내 레이어 닫기,0507-1314-7716,영업 종료16:00에 영업 시작16시 0분에 영업 시작_영업 종료16:00에 영업 시작16시 0분에 영업 시작_영업 종료16:00에 영업 시작16시 0분에 영업 시작_영업 종료_16:00에 영업 시작16시 0분에 영업 시작_16:00에 영업 시작_16시 0분에 영업 시작_목16:00 - 24:00_목16:00 - 24:00_목16:00 - 24:00_목_16:00 - 24:00_금16:00 - 24:00_금16:00 - 24:00_금16:00 - 24:00_금_16:00 - 24:00_토16:00 - 24:00_토16:00 - 24:00_토16:00 - 24:00_토_16:00 - 24:00_일16:00 - 24:00_일16:00 - 24:00_일16:00 - 24:00_일_16:00 - 24:00_월16:00 - 24:00_월16:00 - 24:00_월16:00 - 24:00_월_16:00 - 24:00_화16:00 - 24:00_화16:00 - 24:00_화16:00 - 24:00_화_16:00 - 24:00_수16:00 - 24:00접기_수16:00 - 24:00접기_수16:00 - 24:00_수_16:00 - 24:00_접기_접기,별점없음,0,0,https://search.pstatic.net/common/?autoRotate=true&type=w560_sharpen&src=https%3A%2F%2Fldb-phinf.pstatic.net%2F20260210_219%2F1770697894893eMQxK_JPEG%2F1000006860.jpg,무선 인터넷_남/녀 화장실 구분_단체 이용 가능,주차 불가
꼬치마라,2096179295,종합분식,도로명전북 전주시 완산구 태조로 21 1층 102호복사지번전북 전주시 완산구 교동 69-4복사우편번호우편번호55044복사안내 레이어 닫기,0507-1314-7985,영업 종료11:00에 영업 시작11시 0분에 영업 시작_영업 종료11:00에 영업 시작11시 0분에 영업 시작_영업 종료11:00에 영업 시작11시 0분에 영업 시작_영업 종료_11:00에 영업 시작11시 0분에 영업 시작_11:00에 영업 시작_11시 0분에 영업 시작_목11:00 - 21:0020:40 라스트오더_목11:00 - 21:0020:40 라스트오더_목11:00 - 21:0020:40 라스트오더_목_11:00 - 21:0020:40 라스트오더_금11:00 - 21:0020:40 라스트오더_금11:00 - 21:0020:40 라스트오더_금11:00 - 21:0020:40 라스트오더_금_11:00 - 21:0020:40 라스트오더_토10:20 - 22:0021:40 라스트오더_토10:20 - 22:0021:40 라스트오더_토10:20 - 22:0021:40 라스트오더_토_10:20 - 22:0021:40 라스트오더_일10:20 - 22:0021:40 라스트오더_일10:20 - 22:0021:40 라스트오더_일10:20 - 22:0021:40 라스트오더_일_10:20 - 22:0021:40 라스트오더_월11:00 - 21:0020:40 라스트오더_월11:00 - 21:0020:40 라스트오더_월11:00 - 21:0020:40 라스트오더_월_11:00 - 21:0020:40 라스트오더_화11:00 - 21:0020:40 라스트오더_화11:00 - 21:0020:40 라스트오더_화11:00 - 21:0020:40 라스트오더_화_11:00 - 21:0020:40 라스트오더_수11:00 - 21:0020:40 라스트오더접기_수11:00 - 21:0020:40 라스트오더접기_수11:00 - 21:0020:40 라스트오더_수_11:00 - 21:0020:40 라스트오더_접기_접기,별점없음,0,0,https://search.pstatic.net/common/?autoRotate=true&type=w560_sharpen&src=https%3A%2F%2Fldb-phinf.pstatic.net%2F20251118_88%2F1763471230471MeUyI_JPEG%2FKakaoTalk_20250916_184608352_03.jpg,포장,주차 불가
전대전,1701311323,"전,빈대떡",도로명전북 전주시 완산구 동문길 21 1층복사지번전북 전주시 완산구 풍남동2가 27복사우편번호우편번호55040복사안내 레이어 닫기,0507-1460-7800,오늘 휴무매주 목요일 휴무매주 목요일 휴무_오늘 휴무매주 목요일 휴무매주 목요일 휴무_오늘 휴무매주 목요일 휴무매주 목요일 휴무_오늘 휴무_매주 목요일 휴무매주 목요일 휴무_매주 목요일 휴무_매주 목요일 휴무_목정기휴무 (매주 목요일)_목정기휴무 (매주 목요일)_목정기휴무 (매주 목요일)_목_정기휴무 (매주 목요일)_정기휴무 (매주 목요일)_금16:00 - 24:0022:30 라스트오더_금16:00 - 24:0022:30 라스트오더_금16:00 - 24:0022:30 라스트오더_금_16:00 - 24:0022:30 라스트오더_토16:00 - 24:0022:30 라스트오더_토16:00 - 24:0022:30 라스트오더_토16:00 - 24:0022:30 라스트오더_토_16:00 - 24:0022:30 라스트오더_일정기휴무 (매주 일요일)_일정기휴무 (매주 일요일)_일정기휴무 (매주 일요일)_일_정기휴무 (매주 일요일)_정기휴무 (매주 일요일)_월정기휴무 (매주 월요일)_월정기휴무 (매주 월요일)_월정기휴무 (매주 월요일)_월_정기휴무 (매주 월요일)_정기휴무 (매주 월요일)_화정기휴무 (매주 화요일)_화정기휴무 (매주 화요일)_화정기휴무 (매주 화요일)_화_정기휴무 (매주 화요일)_정기휴무 (매주 화요일)_수정기휴무 (매주 수요일)접기_수정기휴무 (매주 수요일)접기_수정기휴무 (매주 수요일)_수_정기휴무 (매주 수요일)_정기휴무 (매주 수요일)_접기_접기,별점4.4,0,0,https://search.pstatic.net/common/?autoRotate=true&type=w560_sharpen&src=https%3A%2F%2Fldb-phinf.pstatic.net%2F20220128_60%2F1643367051458nImbG_JPEG%2FScreenshot_20211118-232143_Gallery.jpg,예약_단체 이용 가능_포장_무선 인터넷_남/녀 화장실 구분,주차 불가
카페 일삼이이,1240395819,"카페,디저트",도로명전북 전주시 완산구 향교길 85 카페 일삼이이복사지번전북 전주시 완산구 교동 132-2복사우편번호우편번호55045복사안내 레이어 닫기,0507-1372-1388,오늘 휴무06/11 휴무06/11 휴무_오늘 휴무06/11 휴무06/11 휴무_오늘 휴무06/11 휴무06/11 휴무_오늘 휴무_06/11 휴무06/11 휴무_06/11 휴무_06/11 휴무_목(6/11)휴무_목(6/11)휴무_목(6/11)휴무_목(6/11)_휴무_휴무_금12:00 - 21:0020:30 라스트오더_금12:00 - 21:0020:30 라스트오더_금12:00 - 21:0020:30 라스트오더_금_12:00 - 21:0020:30 라스트오더_토12:00 - 21:0020:30 라스트오더_토12:00 - 21:0020:30 라스트오더_토12:00 - 21:0020:30 라스트오더_토_12:00 - 21:0020:30 라스트오더_일12:00 - 21:0020:30 라스트오더_일12:00 - 21:0020:30 라스트오더_일12:00 - 21:0020:30 라스트오더_일_12:00 - 21:0020:30 라스트오더_월11:30 - 20:0019:30 라스트오더_월11:30 - 20:0019:30 라스트오더_월11:30 - 20:0019:30 라스트오더_월_11:30 - 20:0019:30 라스트오더_화11:30 - 20:0019:30 라스트오더_화11:30 - 20:0019:30 라스트오더_화11:30 - 20:0019:30 라스트오더_화_11:30 - 20:0019:30 라스트오더_수정기휴무 (매주 수요일)_수정기휴무 (매주 수요일)_수정기휴무 (매주 수요일)_수_정기휴무 (매주 수요일)_정기휴무 (매주 수요일)_- 매장 사정에 따라 휴무일이 달라질 수 있습니다.접기_- 매장 사정에 따라 휴무일이 달라질 수 있습니다.접기_- 매장 사정에 따라 휴무일이 달라질 수 있습니다._- 매장 사정에 따라 휴무일이 달라질 수 있습니다._접기_접기,별점없음,0,0,https://search.pstatic.net/common/?autoRotate=true&type=w560_sharpen&src=https%3A%2F%2Fldb-phinf.pstatic.net%2F20260328_230%2F1774673022174YIW5M_JPEG%2F%25BA%25BD%25BD%25C3%25C1%25F0-%25BE%25A6%25C4%25A1%25C4%25C9_%25BE%25A6%25C5%25A9%25B8%25B2%25BA%25A3%25B8%25AE.jpg,핸드드립_글루텐프리 메뉴_비건 메뉴_로스터리_단체 이용 가능_무선 인터넷_포장_남/녀 화장실 구분_유아의자_예약,주차 불가
동문길51-6,1784242792,요리주점,도로명전북 전주시 완산구 동문길 51-6 1층복사지번전북 전주시 완산구 풍남동1가 39-2복사우편번호우편번호55039복사안내 레이어 닫기,0507-1393-8929,영업 종료18:00에 영업 시작18시 0분에 영업 시작_영업 종료18:00에 영업 시작18시 0분에 영업 시작_영업 종료18:00에 영업 시작18시 0분에 영업 시작_영업 종료_18:00에 영업 시작18시 0분에 영업 시작_18:00에 영업 시작_18시 0분에 영업 시작_목18:00 - 다음 날 02:00_목18:00 - 다음 날 02:00_목18:00 - 다음 날 02:00_목_18:00 - 다음 날 02:00_금18:00 - 다음 날 02:00_금18:00 - 다음 날 02:00_금18:00 - 다음 날 02:00_금_18:00 - 다음 날 02:00_토18:00 - 다음 날 02:00_토18:00 - 다음 날 02:00_토18:00 - 다음 날 02:00_토_18:00 - 다음 날 02:00_일18:00 - 다음 날 02:00_일18:00 - 다음 날 02:00_일18:00 - 다음 날 02:00_일_18:00 - 다음 날 02:00_월18:00 - 다음 날 02:00_월18:00 - 다음 날 02:00_월18:00 - 다음 날 02:00_월_18:00 - 다음 날 02:00_화정기휴무 (매주 화요일)_화정기휴무 (매주 화요일)_화정기휴무 (매주 화요일)_화_정기휴무 (매주 화요일)_정기휴무 (매주 화요일)_수18:00 - 다음 날 02:00접기_수18:00 - 다음 날 02:00접기_수18:00 - 다음 날 02:00_수_18:00 - 다음 날 02:00_접기_접기,별점없음,0,0,https://search.pstatic.net/common/?autoRotate=true&type=w560_sharpen&src=https%3A%2F%2Fldb-phinf.pstatic.net%2F20250821_211%2F17557642440594vrHR_JPEG%2F16080.jpg,무한 리필_포장_예약,주차 불가
천일베이커리,38623795,베이커리,도로명전북 전주시 완산구 팔달로 140 천일베이커리복사지번전북 전주시 완산구 전동 54-3복사우편번호우편번호55042복사안내 레이어 닫기,0507-1439-3004,영업 종료10:00에 영업 시작10시 0분에 영업 시작_영업 종료10:00에 영업 시작10시 0분에 영업 시작_영업 종료10:00에 영업 시작10시 0분에 영업 시작_영업 종료_10:00에 영업 시작10시 0분에 영업 시작_10:00에 영업 시작_10시 0분에 영업 시작_매일10:00 - 21:00접기_매일10:00 - 21:00접기_매일10:00 - 21:00_매일_10:00 - 21:00_접기_접기,별점없음,0,0,https://search.pstatic.net/common/?autoRotate=true&type=w560_sharpen&src=https%3A%2F%2Fldb-phinf.pstatic.net%2F20230130_176%2F1675053551297FgGRn_JPEG%2F1668313155807-8.jpg,포장,주차 불가
구구샌즈,1518396289,"카페,디저트",도로명전북 전주시 완산구 경기전길 39 구구샌즈복사지번전북 전주시 완산구 풍남동1가 65-3복사우편번호우편번호55039복사안내 레이어 닫기,0507-1358-4923,영업 전09:00에 영업 시작9시 0분에 영업 시작_영업 전09:00에 영업 시작9시 0분에 영업 시작_영업 전09:00에 영업 시작9시 0분에 영업 시작_영업 전_09:00에 영업 시작9시 0분에 영업 시작_09:00에 영업 시작_9시 0분에 영업 시작_목09:00 - 18:00_목09:00 - 18:00_목09:00 - 18:00_목_09:00 - 18:00_금09:00 - 18:00_금09:00 - 18:00_금09:00 - 18:00_금_09:00 - 18:00_토09:00 - 18:00_토09:00 - 18:00_토09:00 - 18:00_토_09:00 - 18:00_일09:00 - 17:00_일09:00 - 17:00_일09:00 - 17:00_일_09:00 - 17:00_월정기휴무 (매주 월요일)_월정기휴무 (매주 월요일)_월정기휴무 (매주 월요일)_월_정기휴무 (매주 월요일)_정기휴무 (매주 월요일)_화09:00 - 18:00_화09:00 - 18:00_화09:00 - 18:00_화_09:00 - 18:00_수09:00 - 18:00접기_수09:00 - 18:00접기_수09:00 - 18:00_수_09:00 - 18:00_접기_접기,별점없음,0,0,https://search.pstatic.net/common/?autoRotate=true&type=w560_sharpen&src=https%3A%2F%2Fldb-phinf.pstatic.net%2F20240128_146%2F17064274508876Tcil_JPEG%2FIMG_6259.jpeg,포장_무선 인터넷_남/녀 화장실 구분_예약_\반려동물 동반,주차가능
애담찹쌀떡,33429199,베이커리,도로명전북 전주시 완산구 은행로 51-1복사지번전북 전주시 완산구 풍남동3가 56-3복사우편번호우편번호55041복사안내 레이어 닫기,063-232-6061,영업 전09:00에 영업 시작9시 0분에 영업 시작_영업 전09:00에 영업 시작9시 0분에 영업 시작_영업 전09:00에 영업 시작9시 0분에 영업 시작_영업 전_09:00에 영업 시작9시 0분에 영업 시작_09:00에 영업 시작_9시 0분에 영업 시작_목09:00 - 22:00_목09:00 - 22:00_목09:00 - 22:00_목_09:00 - 22:00_금09:00 - 22:00_금09:00 - 22:00_금09:00 - 22:00_금_09:00 - 22:00_토09:00 - 23:00_토09:00 - 23:00_토09:00 - 23:00_토_09:00 - 23:00_일09:00 - 23:00_일09:00 - 23:00_일09:00 - 23:00_일_09:00 - 23:00_월09:00 - 22:00_월09:00 - 22:00_월09:00 - 22:00_월_09:00 - 22:00_화09:00 - 22:00_화09:00 - 22:00_화09:00 - 22:00_화_09:00 - 22:00_수09:00 - 22:00접기_수09:00 - 22:00접기_수09:00 - 22:00_수_09:00 - 22:00_접기_접기,별점없음,0,0,https://search.pstatic.net/common/?autoRotate=true&type=w560_sharpen&src=https%3A%2F%2Fldb-phinf.pstatic.net%2F20151209_214%2F1449632494747N3SbQ_JPEG%2F167159527152797_0.jpg,편의시설 정보 없음,주차가능
알레스포드,1324867606,"카페,디저트",도로명전북 전주시 완산구 경기전길 168 1층 카페 알레스포드복사지번전북 전주시 완산구 교동 247-2복사우편번호우편번호55044복사안내 레이어 닫기,063-285-1689,영업 종료11:30에 영업 시작11시 30분에 영업 시작_영업 종료11:30에 영업 시작11시 30분에 영업 시작_영업 종료11:30에 영업 시작11시 30분에 영업 시작_영업 종료_11:30에 영업 시작11시 30분에 영업 시작_11:30에 영업 시작_11시 30분에 영업 시작_목11:30 - 17:30_목11:30 - 17:30_목11:30 - 17:30_목_11:30 - 17:30_금11:30 - 17:30_금11:30 - 17:30_금11:30 - 17:30_금_11:30 - 17:30_토11:00 - 19:00_토11:00 - 19:00_토11:00 - 19:00_토_11:00 - 19:00_일11:00 - 19:00_일11:00 - 19:00_일11:00 - 19:00_일_11:00 - 19:00_월11:30 - 17:30_월11:30 - 17:30_월11:30 - 17:30_월_11:30 - 17:30_화11:30 - 17:30_화11:30 - 17:30_화11:30 - 17:30_화_11:30 - 17:30_수11:30 - 17:30접기_수11:30 - 17:30접기_수11:30 - 17:30_수_11:30 - 17:30_접기_접기,별점없음,0,0,https://search.pstatic.net/common/?autoRotate=true&type=w560_sharpen&src=https%3A%2F%2Fldb-phinf.pstatic.net%2F20260604_199%2F1780550392221xwAoJ_JPEG%2FIMG_0166.jpg,편의시설 정보 없음,주차가능
커피랑,1863093010,"카페,디저트",도로명전북 전주시 완산구 한지길 40복사지번전북 전주시 완산구 풍남동2가 54-2복사우편번호우편번호55040복사안내 레이어 닫기,0507-1348-4799,영업 종료10:00에 영업 시작10시 0분에 영업 시작_영업 종료10:00에 영업 시작10시 0분에 영업 시작_영업 종료10:00에 영업 시작10시 0분에 영업 시작_영업 종료_10:00에 영업 시작10시 0분에 영업 시작_10:00에 영업 시작_10시 0분에 영업 시작_목10:00 - 19:0018:30 라스트오더_목10:00 - 19:0018:30 라스트오더_목10:00 - 19:0018:30 라스트오더_목_10:00 - 19:0018:30 라스트오더_금10:00 - 19:0018:30 라스트오더_금10:00 - 19:0018:30 라스트오더_금10:00 - 19:0018:30 라스트오더_금_10:00 - 19:0018:30 라스트오더_토10:00 - 19:0018:30 라스트오더_토10:00 - 19:0018:30 라스트오더_토10:00 - 19:0018:30 라스트오더_토_10:00 - 19:0018:30 라스트오더_일10:00 - 19:0018:30 라스트오더_일10:00 - 19:0018:30 라스트오더_일10:00 - 19:0018:30 라스트오더_일_10:00 - 19:0018:30 라스트오더_월정기휴무 (매주 월요일)_월정기휴무 (매주 월요일)_월정기휴무 (매주 월요일)_월_정기휴무 (매주 월요일)_정기휴무 (매주 월요일)_화10:00 - 19:0018:30 라스트오더_화10:00 - 19:0018:30 라스트오더_화10:00 - 19:0018:30 라스트오더_화_10:00 - 19:0018:30 라스트오더_수10:00 - 19:0018:30 라스트오더접기_수10:00 - 19:0018:30 라스트오더접기_수10:00 - 19:0018:30 라스트오더_수_10:00 - 19:0018:30 라스트오더_접기_접기,별점없음,0,0,https://search.pstatic.net/common/?autoRotate=true&type=w560_sharpen&src=https%3A%2F%2Fldb-phinf.pstatic.net%2F20221029_265%2F1667019876831HnqRo_JPEG%2FFD87EA82-BA9A-4A21-A19B-95CC758631BF.jpeg,로스터리_단체 이용 가능_포장_남/녀 화장실 구분,주차가능
오뉴월,37458694,카페,도로명전북 전주시 완산구 향교길 56복사지번전북 전주시 완산구 교동 200-2복사우편번호우편번호55044복사안내 레이어 닫기,063-284-2588,영업 종료10:00에 영업 시작10시 0분에 영업 시작_영업 종료10:00에 영업 시작10시 0분에 영업 시작_영업 종료10:00에 영업 시작10시 0분에 영업 시작_영업 종료_10:00에 영업 시작10시 0분에 영업 시작_10:00에 영업 시작_10시 0분에 영업 시작_목10:00 - 18:00_목10:00 - 18:00_목10:00 - 18:00_목_10:00 - 18:00_금10:00 - 18:00_금10:00 - 18:00_금10:00 - 18:00_금_10:00 - 18:00_토09:00 - 19:00_토09:00 - 19:00_토09:00 - 19:00_토_09:00 - 19:00_일09:00 - 19:00_일09:00 - 19:00_일09:00 - 19:00_일_09:00 - 19:00_월10:00 - 18:00_월10:00 - 18:00_월10:00 - 18:00_월_10:00 - 18:00_화10:00 - 18:00_화10:00 - 18:00_화10:00 - 18:00_화_10:00 - 18:00_수10:00 - 18:00접기_수10:00 - 18:00접기_수10:00 - 18:00_수_10:00 - 18:00_접기_접기,별점없음,0,0,https://search.pstatic.net/common/?autoRotate=true&type=w560_sharpen&src=https%3A%2F%2Fldb-phinf.pstatic.net%2F20240917_278%2F172653553351956SgX_JPEG%2FKakaoTalk_20240917_101113701.jpg,단체 이용 가능_포장_무선 인터넷_남/녀 화장실 구분_\반려동물 동반,주차 불가
카페브리즈,1610120599,"카페,디저트",도로명전북 전주시 완산구 전동성당길 66복사지번전북 전주시 완산구 전동 16-2복사우편번호우편번호55042복사안내 레이어 닫기,063-232-5501,영업 종료11:00에 영업 시작11시 0분에 영업 시작_영업 종료11:00에 영업 시작11시 0분에 영업 시작_영업 종료11:00에 영업 시작11시 0분에 영업 시작_영업 종료_11:00에 영업 시작11시 0분에 영업 시작_11:00에 영업 시작_11시 0분에 영업 시작_매일11:00 - 20:00접기_매일11:00 - 20:00접기_매일11:00 - 20:00_매일_11:00 - 20:00_접기_접기,별점없음,0,0,https://search.pstatic.net/common/?autoRotate=true&type=w560_sharpen&src=https%3A%2F%2Fldb-phinf.pstatic.net%2F20220504_89%2F1651656559432M407f_JPEG%2FKakaoTalk_20220504_182844284.jpg,단체 이용 가능_포장,주차가능
교동닭발,37906404,닭발,도로명전북 전주시 완산구 동문길 25복사지번전북 전주시 완산구 풍남동2가 26복사우편번호우편번호55040복사안내 레이어 닫기,0507-1458-1766,영업 종료17:00에 영업 시작17시 0분에 영업 시작_영업 종료17:00에 영업 시작17시 0분에 영업 시작_영업 종료17:00에 영업 시작17시 0분에 영업 시작_영업 종료_17:00에 영업 시작17시 0분에 영업 시작_17:00에 영업 시작_17시 0분에 영업 시작_목17:00 - 다음 날 03:00_목17:00 - 다음 날 03:00_목17:00 - 다음 날 03:00_목_17:00 - 다음 날 03:00_금17:00 - 다음 날 03:00_금17:00 - 다음 날 03:00_금17:00 - 다음 날 03:00_금_17:00 - 다음 날 03:00_토17:00 - 다음 날 03:00_토17:00 - 다음 날 03:00_토17:00 - 다음 날 03:00_토_17:00 - 다음 날 03:00_일17:00 - 다음 날 03:00_일17:00 - 다음 날 03:00_일17:00 - 다음 날 03:00_일_17:00 - 다음 날 03:00_월17:00 - 다음 날 03:00_월17:00 - 다음 날 03:00_월17:00 - 다음 날 03:00_월_17:00 - 다음 날 03:00_화17:00 - 다음 날 03:00_화17:00 - 다음 날 03:00_화17:00 - 다음 날 03:00_화_17:00 - 다음 날 03:00_수17:00 - 다음 날 03:00접기_수17:00 - 다음 날 03:00접기_수17:00 - 다음 날 03:00_수_17:00 - 다음 날 03:00_접기_접기,별점없음,0,0,https://search.pstatic.net/common/?autoRotate=true&type=w560_sharpen&src=https%3A%2F%2Fldb-phinf.pstatic.net%2F20260212_62%2F1770896655508FzwEW_JPEG%2FKakaoTalk_20260203_190542617_03.jpg,예약,주차가능무료
예담찻집,16808637,차,도로명전북 전주시 완산구 태조로 43 교동슈퍼복사지번전북 전주시 완산구 교동 277 슈퍼복사우편번호우편번호55044복사안내 레이어 닫기,063-287-8737,영업 종료10:00에 영업 시작10시 0분에 영업 시작_영업 종료10:00에 영업 시작10시 0분에 영업 시작_영업 종료10:00에 영업 시작10시 0분에 영업 시작_영업 종료_10:00에 영업 시작10시 0분에 영업 시작_10:00에 영업 시작_10시 0분에 영업 시작_매일10:00 - 22:00접기_매일10:00 - 22:00접기_매일10:00 - 22:00_매일_10:00 - 22:00_접기_접기,별점없음,0,0,https://search.pstatic.net/common/?autoRotate=true&type=w560_sharpen&src=https%3A%2F%2Fldb-phinf.pstatic.net%2F20200121_196%2F1579611774875QKBT8_JPEG%2FZkTRBuhCIXcc6_7KORTPlWEa.jpg,편의시설 정보 없음,주차가능무료
남도한상,1404292529,한식,도로명전북 전주시 완산구 팔달로 157-5 1층 남도한상복사지번전북 전주시 완산구 경원동1가 104-26복사우편번호우편번호55038복사안내 레이어 닫기,063-284-9484,영업 종료10:50에 영업 시작10시 50분에 영업 시작_영업 종료10:50에 영업 시작10시 50분에 영업 시작_영업 종료10:50에 영업 시작10시 50분에 영업 시작_영업 종료_10:50에 영업 시작10시 50분에 영업 시작_10:50에 영업 시작_10시 50분에 영업 시작_목10:50 - 22:00_목10:50 - 22:00_목10:50 - 22:00_목_10:50 - 22:00_금10:50 - 22:00_금10:50 - 22:00_금10:50 - 22:00_금_10:50 - 22:00_토10:50 - 22:00_토10:50 - 22:00_토10:50 - 22:00_토_10:50 - 22:00_일정기휴무 (매주 일요일)_일정기휴무 (매주 일요일)_일정기휴무 (매주 일요일)_일_정기휴무 (매주 일요일)_정기휴무 (매주 일요일)_월10:50 - 22:00_월10:50 - 22:00_월10:50 - 22:00_월_10:50 - 22:00_화10:50 - 22:00_화10:50 - 22:00_화10:50 - 22:00_화_10:50 - 22:00_수10:50 - 22:00접기_수10:50 - 22:00접기_수10:50 - 22:00_수_10:50 - 22:00_접기_접기,별점없음,0,0,https://search.pstatic.net/common/?autoRotate=true&type=w560_sharpen&src=https%3A%2F%2Fldb-phinf.pstatic.net%2F20240729_120%2F1722238474566ITjY4_JPEG%2FKakaoTalk_20240705_143945662.jpg,단체 이용 가능_남/녀 화장실 구분,주차가능무료
연쌍화차,1094651023,한방카페,도로명전북 전주시 완산구 향교길 74복사지번전북 전주시 완산구 교동 185복사우편번호우편번호55045복사안내 레이어 닫기,0507-1348-2991,영업 전09:00에 영업 시작9시 0분에 영업 시작_영업 전09:00에 영업 시작9시 0분에 영업 시작_영업 전09:00에 영업 시작9시 0분에 영업 시작_영업 전_09:00에 영업 시작9시 0분에 영업 시작_09:00에 영업 시작_9시 0분에 영업 시작_매일09:00 - 20:00접기_매일09:00 - 20:00접기_매일09:00 - 20:00_매일_09:00 - 20:00_접기_접기,별점없음,0,0,https://search.pstatic.net/common/?autoRotate=true&type=w560_sharpen&src=https%3A%2F%2Fldb-phinf.pstatic.net%2F20231106_69%2F1699267174716MxVV2_JPEG%2F1000011061.jpg,편의시설 정보 없음,주차 불가
한옥마을제빵소,1683119246,베이커리,도로명전북 전주시 완산구 기린대로 84 1층복사지번전북 전주시 완산구 풍남동3가 26-23복사우편번호우편번호55036복사안내 레이어 닫기,0507-1497-9124,영업 전08:00에 영업 시작8시 0분에 영업 시작_영업 전08:00에 영업 시작8시 0분에 영업 시작_영업 전08:00에 영업 시작8시 0분에 영업 시작_영업 전_08:00에 영업 시작8시 0분에 영업 시작_08:00에 영업 시작_8시 0분에 영업 시작_목08:00 - 20:00_목08:00 - 20:00_목08:00 - 20:00_목_08:00 - 20:00_금08:00 - 20:00_금08:00 - 20:00_금08:00 - 20:00_금_08:00 - 20:00_토08:00 - 21:00_토08:00 - 21:00_토08:00 - 21:00_토_08:00 - 21:00_일08:00 - 20:00_일08:00 - 20:00_일08:00 - 20:00_일_08:00 - 20:00_월08:00 - 20:00_월08:00 - 20:00_월08:00 - 20:00_월_08:00 - 20:00_화08:00 - 20:00_화08:00 - 20:00_화08:00 - 20:00_화_08:00 - 20:00_수08:00 - 20:00접기_수08:00 - 20:00접기_수08:00 - 20:00_수_08:00 - 20:00_접기_접기,별점없음,0,0,https://search.pstatic.net/common/?autoRotate=true&type=w560_sharpen&src=https%3A%2F%2Fldb-phinf.pstatic.net%2F20240703_181%2F1720015698906IndYL_JPEG%2FKakaoTalk_20240703_230139326.jpg,무선 인터넷_남/녀 화장실 구분_대기공간_단체 이용 가능_포장_예약,주차 불가
킹콩쥬스&커피 한옥마을점,740923765,"과일,주스전문점",도로명전북 전주시 완산구 팔달로 121-1복사지번전북 전주시 완산구 전동 187-10복사우편번호우편번호55043복사안내 레이어 닫기,0507-1411-4595,영업 전08:30에 영업 시작8시 30분에 영업 시작_영업 전08:30에 영업 시작8시 30분에 영업 시작_영업 전08:30에 영업 시작8시 30분에 영업 시작_영업 전_08:30에 영업 시작8시 30분에 영업 시작_08:30에 영업 시작_8시 30분에 영업 시작_목08:30 - 19:0018:30 라스트오더_목08:30 - 19:0018:30 라스트오더_목08:30 - 19:0018:30 라스트오더_목_08:30 - 19:0018:30 라스트오더_금08:30 - 19:0018:30 라스트오더_금08:30 - 19:0018:30 라스트오더_금08:30 - 19:0018:30 라스트오더_금_08:30 - 19:0018:30 라스트오더_토08:30 - 20:0019:30 라스트오더_토08:30 - 20:0019:30 라스트오더_토08:30 - 20:0019:30 라스트오더_토_08:30 - 20:0019:30 라스트오더_일08:30 - 17:3017:00 라스트오더_일08:30 - 17:3017:00 라스트오더_일08:30 - 17:3017:00 라스트오더_일_08:30 - 17:3017:00 라스트오더_월08:30 - 19:0018:30 라스트오더_월08:30 - 19:0018:30 라스트오더_월08:30 - 19:0018:30 라스트오더_월_08:30 - 19:0018:30 라스트오더_화08:30 - 19:0018:30 라스트오더_화08:30 - 19:0018:30 라스트오더_화08:30 - 19:0018:30 라스트오더_화_08:30 - 19:0018:30 라스트오더_수08:30 - 19:0018:30 라스트오더접기_수08:30 - 19:0018:30 라스트오더접기_수08:30 - 19:0018:30 라스트오더_수_08:30 - 19:0018:30 라스트오더_접기_접기,별점없음,0,0,https://search.pstatic.net/common/?autoRotate=true&type=w560_sharpen&src=https%3A%2F%2Fldb-phinf.pstatic.net%2F20171025_19%2F1508919725891wBQNS_JPEG%2FpMfPL4XFB2-18ul1GC08fwYp.jpg,포장,주차 불가
풍남샌드,1815147834,"카페,디저트",도로명전북 전주시 완산구 동문길 35 풍남샌드복사지번전북 전주시 완산구 풍남동2가 23-2복사우편번호우편번호55040복사안내 레이어 닫기,0507-1415-0955,영업 종료12:00에 영업 시작12시 0분에 영업 시작_영업 종료12:00에 영업 시작12시 0분에 영업 시작_영업 종료12:00에 영업 시작12시 0분에 영업 시작_영업 종료_12:00에 영업 시작12시 0분에 영업 시작_12:00에 영업 시작_12시 0분에 영업 시작_목12:00 - 18:00_목12:00 - 18:00_목12:00 - 18:00_목_12:00 - 18:00_금12:00 - 18:00_금12:00 - 18:00_금12:00 - 18:00_금_12:00 - 18:00_토10:30 - 19:00_토10:30 - 19:00_토10:30 - 19:00_토_10:30 - 19:00_일10:30 - 18:00_일10:30 - 18:00_일10:30 - 18:00_일_10:30 - 18:00_월12:00 - 18:00_월12:00 - 18:00_월12:00 - 18:00_월_12:00 - 18:00_화12:00 - 18:00_화12:00 - 18:00_화12:00 - 18:00_화_12:00 - 18:00_수정기휴무 (매주 수요일)접기_수정기휴무 (매주 수요일)접기_수정기휴무 (매주 수요일)_수_정기휴무 (매주 수요일)_정기휴무 (매주 수요일)_접기_접기,별점없음,0,0,https://search.pstatic.net/common/?autoRotate=true&type=w560_sharpen&src=https%3A%2F%2Fldb-phinf.pstatic.net%2F20231120_233%2F1700441795356G5bra_JPEG%2FKakaoTalk_20231120_095145846_02.jpg,포장_예약,주차 불가
풍남문한우촌,13293862,"육류,고기요리",도로명전북 전주시 완산구 팔달로 119-4복사지번전북 전주시 완산구 전동 187-6복사우편번호우편번호55043복사안내 레이어 닫기,063-288-6020,영업 종료10:00에 영업 시작10시 0분에 영업 시작_영업 종료10:00에 영업 시작10시 0분에 영업 시작_영업 종료10:00에 영업 시작10시 0분에 영업 시작_영업 종료_10:00에 영업 시작10시 0분에 영업 시작_10:00에 영업 시작_10시 0분에 영업 시작_목10:00 - 22:00_목10:00 - 22:00_목10:00 - 22:00_목_10:00 - 22:00_금10:00 - 22:00_금10:00 - 22:00_금10:00 - 22:00_금_10:00 - 22:00_토정보없음_토정보없음_토정보없음_토_정보없음_일정보없음_일정보없음_일정보없음_일_정보없음_월10:00 - 22:00_월10:00 - 22:00_월10:00 - 22:00_월_10:00 - 22:00_화10:00 - 22:00_화10:00 - 22:00_화10:00 - 22:00_화_10:00 - 22:00_수10:00 - 22:00접기_수10:00 - 22:00접기_수10:00 - 22:00_수_10:00 - 22:00_접기_접기,별점없음,0,0,https://search.pstatic.net/common/?autoRotate=true&quality=95&type=w750&src=https%3A%2F%2Fldb-phinf.pstatic.net%2F20150831_287%2F14410153680510TVQh_GIF%2F107173548227505_0.gif,예약,주차가능
DISTRICT 7,2044619724,"카페,디저트",도로명전북 전주시 완산구 풍남문2길 37-4 2층복사지번전북 전주시 완산구 전동 302-14복사우편번호우편번호55043복사안내 레이어 닫기,0507-1311-9128,영업 종료10:00에 영업 시작10시 0분에 영업 시작_영업 종료10:00에 영업 시작10시 0분에 영업 시작_영업 종료10:00에 영업 시작10시 0분에 영업 시작_영업 종료_10:00에 영업 시작10시 0분에 영업 시작_10:00에 영업 시작_10시 0분에 영업 시작_목10:00 - 18:00_목10:00 - 18:00_목10:00 - 18:00_목_10:00 - 18:00_금10:00 - 19:00_금10:00 - 19:00_금10:00 - 19:00_금_10:00 - 19:00_토10:00 - 19:00_토10:00 - 19:00_토10:00 - 19:00_토_10:00 - 19:00_일10:00 - 18:00_일10:00 - 18:00_일10:00 - 18:00_일_10:00 - 18:00_월정기휴무 (매주 월요일)_월정기휴무 (매주 월요일)_월정기휴무 (매주 월요일)_월_정기휴무 (매주 월요일)_정기휴무 (매주 월요일)_화10:00 - 18:00_화10:00 - 18:00_화10:00 - 18:00_화_10:00 - 18:00_수10:00 - 18:00접기_수10:00 - 18:00접기_수10:00 - 18:00_수_10:00 - 18:00_접기_접기,별점없음,0,0,https://search.pstatic.net/common/?autoRotate=true&type=w560_sharpen&src=https%3A%2F%2Fldb-phinf.pstatic.net%2F20260313_204%2F1773404326112HEBCb_JPEG%2Faccf0488-61ab-4f0b-b123-7cc0bd4687a4.jpg,단체 이용 가능_포장_유아의자,주차가능무료
누이단팥빵 한옥마을점,1437101124,카페,도로명전북 전주시 완산구 태조로 29-1 1층복사지번전북 전주시 완산구 교동 72-3복사우편번호우편번호55044복사안내 레이어 닫기,0507-1435-0008,영업 종료10:00에 영업 시작10시 0분에 영업 시작_영업 종료10:00에 영업 시작10시 0분에 영업 시작_영업 종료10:00에 영업 시작10시 0분에 영업 시작_영업 종료_10:00에 영업 시작10시 0분에 영업 시작_10:00에 영업 시작_10시 0분에 영업 시작_매일10:00 - 24:00접기_매일10:00 - 24:00접기_매일10:00 - 24:00_매일_10:00 - 24:00_접기_접기,별점없음,0,0,https://search.pstatic.net/common/?autoRotate=true&type=w560_sharpen&src=https%3A%2F%2Fldb-phinf.pstatic.net%2F20230920_174%2F16952182129701EYfq_JPEG%2F1000018997.jpg,테이크아웃 할인_유기농 메뉴_로스터리_핸드드립_\반려동물 동반_단체 이용 가능_포장_배달_무선 인터넷_예약_남/녀 화장실 구분_화장실 휠체어 이용가능_출입구 휠체어 이용가능_좌석 휠체어 이용가능,주차 불가
교동사랑,1861764338,"육류,고기요리",도로명전북 전주시 완산구 향교길 42 교동사랑복사지번전북 전주시 완산구 교동 216-3 사랑복사우편번호우편번호55044복사안내 레이어 닫기,063-285-9588,영업 종료11:30에 영업 시작11시 30분에 영업 시작_영업 종료11:30에 영업 시작11시 30분에 영업 시작_영업 종료11:30에 영업 시작11시 30분에 영업 시작_영업 종료_11:30에 영업 시작11시 30분에 영업 시작_11:30에 영업 시작_11시 30분에 영업 시작_목11:30 - 21:3014:00 - 16:50 브레이크타임20:30 라스트오더_목11:30 - 21:3014:00 - 16:50 브레이크타임20:30 라스트오더_목11:30 - 21:3014:00 - 16:50 브레이크타임20:30 라스트오더_목_11:30 - 21:3014:00 - 16:50 브레이크타임20:30 라스트오더_금11:30 - 21:3014:00 - 16:50 브레이크타임20:30 라스트오더_금11:30 - 21:3014:00 - 16:50 브레이크타임20:30 라스트오더_금11:30 - 21:3014:00 - 16:50 브레이크타임20:30 라스트오더_금_11:30 - 21:3014:00 - 16:50 브레이크타임20:30 라스트오더_토11:30 - 21:3014:00 - 16:50 브레이크타임20:30 라스트오더_토11:30 - 21:3014:00 - 16:50 브레이크타임20:30 라스트오더_토11:30 - 21:3014:00 - 16:50 브레이크타임20:30 라스트오더_토_11:30 - 21:3014:00 - 16:50 브레이크타임20:30 라스트오더_일11:30 - 21:3014:00 - 16:50 브레이크타임20:30 라스트오더_일11:30 - 21:3014:00 - 16:50 브레이크타임20:30 라스트오더_일11:30 - 21:3014:00 - 16:50 브레이크타임20:30 라스트오더_일_11:30 - 21:3014:00 - 16:50 브레이크타임20:30 라스트오더_월정기휴무 (매주 월요일)_월정기휴무 (매주 월요일)_월정기휴무 (매주 월요일)_월_정기휴무 (매주 월요일)_정기휴무 (매주 월요일)_화11:30 - 21:3014:00 - 16:50 브레이크타임20:30 라스트오더_화11:30 - 21:3014:00 - 16:50 브레이크타임20:30 라스트오더_화11:30 - 21:3014:00 - 16:50 브레이크타임20:30 라스트오더_화_11:30 - 21:3014:00 - 16:50 브레이크타임20:30 라스트오더_수11:30 - 21:3014:00 - 16:50 브레이크타임20:30 라스트오더접기_수11:30 - 21:3014:00 - 16:50 브레이크타임20:30 라스트오더접기_수11:30 - 21:3014:00 - 16:50 브레이크타임20:30 라스트오더_수_11:30 - 21:3014:00 - 16:50 브레이크타임20:30 라스트오더_접기_접기,별점없음,0,0,https://search.pstatic.net/common/?autoRotate=true&type=w560_sharpen&src=https%3A%2F%2Fldb-phinf.pstatic.net%2F20180531_48%2F1527758005027S2MFu_JPEG%2FGqTUbEF8SZvcoteILdm1CM3U.jpg,무선 인터넷_포장,주차 불가
풍남문비빔밥,1255038354,비빔밥,도로명전북 전주시 완산구 풍남문1길 19-3 남부시장6동95호복사지번전북 전주시 완산구 전동 295-4복사우편번호우편번호55043복사안내 레이어 닫기,063-286-0300,영업 전06:00에 영업 시작6시 0분에 영업 시작_영업 전06:00에 영업 시작6시 0분에 영업 시작_영업 전06:00에 영업 시작6시 0분에 영업 시작_영업 전_06:00에 영업 시작6시 0분에 영업 시작_06:00에 영업 시작_6시 0분에 영업 시작_목06:00 - 18:00_목06:00 - 18:00_목06:00 - 18:00_목_06:00 - 18:00_금06:00 - 18:00_금06:00 - 18:00_금06:00 - 18:00_금_06:00 - 18:00_토06:00 - 18:00_토06:00 - 18:00_토06:00 - 18:00_토_06:00 - 18:00_일06:00 - 18:00_일06:00 - 18:00_일06:00 - 18:00_일_06:00 - 18:00_월06:00 - 18:00_월06:00 - 18:00_월06:00 - 18:00_월_06:00 - 18:00_화06:00 - 18:00_화06:00 - 18:00_화06:00 - 18:00_화_06:00 - 18:00_수06:00 - 18:00_수06:00 - 18:00_수06:00 - 18:00_수_06:00 - 18:00_매달 3번째 일요일 정기 휴무_매달 3번째 일요일 정기 휴무_매달 3번째 일요일 정기 휴무_- 청소시간 외 브레이크타임 없습니다.접기_- 청소시간 외 브레이크타임 없습니다.접기_- 청소시간 외 브레이크타임 없습니다._- 청소시간 외 브레이크타임 없습니다._접기_접기,별점없음,0,0,https://search.pstatic.net/common/?autoRotate=true&type=w560_sharpen&src=https%3A%2F%2Fldb-phinf.pstatic.net%2F20190801_299%2F1564651907830mgn0N_JPEG%2FEPnKrLP_4fSUkV1GOPwTu22D.jpg,편의시설 정보 없음,주차가능
롯데리아 전주고사점,1360137413,햄버거,도로명전북 전주시 완산구 팔달로 191복사지번전북 전주시 완산구 고사동 72-6복사우편번호우편번호54999복사안내 레이어 닫기,063-285-0127,영업 전09:00에 영업 시작9시 0분에 영업 시작_영업 전09:00에 영업 시작9시 0분에 영업 시작_영업 전09:00에 영업 시작9시 0분에 영업 시작_영업 전_09:00에 영업 시작9시 0분에 영업 시작_09:00에 영업 시작_9시 0분에 영업 시작_매일09:00 - 다음 날 03:00접기_매일09:00 - 다음 날 03:00접기_매일09:00 - 다음 날 03:00_매일_09:00 - 다음 날 03:00_접기_접기,별점없음,0,0,https://search.pstatic.net/common/?autoRotate=true&type=w560_sharpen&src=https%3A%2F%2Fldb-phinf.pstatic.net%2F20240923_185%2F1727052511572Vxuh6_JPEG%2F1.jpg,단체 이용 가능_포장_배달_무선 인터넷_남/녀 화장실 구분_유아의자,주차 불가
탱탱파이,1437405444,"카페,디저트",도로명전북 전주시 완산구 팔달로 101-5 1층 탱탱파이복사지번전북 전주시 완산구 전동 274복사우편번호우편번호55043복사안내 레이어 닫기,0507-1309-7536,"오늘 휴무매주 목요일 휴무매주 목요일 휴무_오늘 휴무매주 목요일 휴무매주 목요일 휴무_오늘 휴무매주 목요일 휴무매주 목요일 휴무_오늘 휴무_매주 목요일 휴무매주 목요일 휴무_매주 목요일 휴무_매주 목요일 휴무_목정기휴무 (매주 목요일)_목정기휴무 (매주 목요일)_목정기휴무 (매주 목요일)_목_정기휴무 (매주 목요일)_정기휴무 (매주 목요일)_금17:00 - 23:30_금17:00 - 23:30_금17:00 - 23:30_금_17:00 - 23:30_토17:00 - 23:30_토17:00 - 23:30_토17:00 - 23:30_토_17:00 - 23:30_일정기휴무 (매주 일요일)_일정기휴무 (매주 일요일)_일정기휴무 (매주 일요일)_일_정기휴무 (매주 일요일)_정기휴무 (매주 일요일)_월정기휴무 (매주 월요일)_월정기휴무 (매주 월요일)_월정기휴무 (매주 월요일)_월_정기휴무 (매주 월요일)_정기휴무 (매주 월요일)_화정기휴무 (매주 화요일)_화정기휴무 (매주 화요일)_화정기휴무 (매주 화요일)_화_정기휴무 (매주 화요일)_정기휴무 (매주 화요일)_수정기휴무 (매주 수요일)_수정기휴무 (매주 수요일)_수정기휴무 (매주 수요일)_수_정기휴무 (매주 수요일)_정기휴무 (매주 수요일)_- 목,월이 공휴일일 경우 목,금,토 / 금,토,일 운영접기_- 목,월이 공휴일일 경우 목,금,토 / 금,토,일 운영접기_- 목,월이 공휴일일 경우 목,금,토 / 금,토,일 운영_- 목,월이 공휴일일 경우 목,금,토 / 금,토,일 운영_접기_접기",별점없음,0,0,https://search.pstatic.net/common/?autoRotate=true&type=w560_sharpen&src=https%3A%2F%2Fldb-phinf.pstatic.net%2F20240722_134%2F1721575981463tdMrX_JPEG%2FDSC08426.JPG,포장_화장실 휠체어 이용가능_출입구 휠체어 이용가능_장애인 주차구역,주차가능유료
전주칼국수는내가최고다,1724126651,"칼국수,만두",도로명전북 전주시 완산구 풍남문1길 13-1 1층복사지번전북 전주시 완산구 전동 294-2복사우편번호우편번호55043복사안내 레이어 닫기,063-903-5745,영업 전09:00에 영업 시작9시 0분에 영업 시작_영업 전09:00에 영업 시작9시 0분에 영업 시작_영업 전09:00에 영업 시작9시 0분에 영업 시작_영업 전_09:00에 영업 시작9시 0분에 영업 시작_09:00에 영업 시작_9시 0분에 영업 시작_목09:00 - 19:00_목09:00 - 19:00_목09:00 - 19:00_목_09:00 - 19:00_금09:00 - 19:00_금09:00 - 19:00_금09:00 - 19:00_금_09:00 - 19:00_토09:00 - 19:00_토09:00 - 19:00_토09:00 - 19:00_토_09:00 - 19:00_일09:00 - 19:00_일09:00 - 19:00_일09:00 - 19:00_일_09:00 - 19:00_월09:00 - 19:00_월09:00 - 19:00_월09:00 - 19:00_월_09:00 - 19:00_화09:00 - 19:00_화09:00 - 19:00_화09:00 - 19:00_화_09:00 - 19:00_수정기휴무 (매주 수요일)접기_수정기휴무 (매주 수요일)접기_수정기휴무 (매주 수요일)_수_정기휴무 (매주 수요일)_정기휴무 (매주 수요일)_접기_접기,별점없음,0,0,https://search.pstatic.net/common/?autoRotate=true&type=w560_sharpen&src=https%3A%2F%2Fldb-phinf.pstatic.net%2F20240221_254%2F1708492182442Sfck1_JPEG%2FKakaoTalk_20240221_140906977.jpg,화장실 휠체어 이용가능_출입구 휠체어 이용가능_좌석 휠체어 이용가능_장애인 주차구역,주차가능무료
루프탑아줄,832566972,"맥주,호프",도로명전북 전주시 완산구 풍남문3길 26 양식당 2층복사지번전북 전주시 완산구 전동 110-1복사우편번호우편번호55043복사안내 레이어 닫기,063-231-5940,영업 종료18:00에 영업 시작18시 0분에 영업 시작_영업 종료18:00에 영업 시작18시 0분에 영업 시작_영업 종료18:00에 영업 시작18시 0분에 영업 시작_영업 종료_18:00에 영업 시작18시 0분에 영업 시작_18:00에 영업 시작_18시 0분에 영업 시작_목18:00 - 다음 날 01:00_목18:00 - 다음 날 01:00_목18:00 - 다음 날 01:00_목_18:00 - 다음 날 01:00_금18:00 - 다음 날 01:00_금18:00 - 다음 날 01:00_금18:00 - 다음 날 01:00_금_18:00 - 다음 날 01:00_토18:00 - 다음 날 01:00_토18:00 - 다음 날 01:00_토18:00 - 다음 날 01:00_토_18:00 - 다음 날 01:00_일정기휴무 (매주 일요일)_일정기휴무 (매주 일요일)_일정기휴무 (매주 일요일)_일_정기휴무 (매주 일요일)_정기휴무 (매주 일요일)_월정기휴무 (매주 월요일)_월정기휴무 (매주 월요일)_월정기휴무 (매주 월요일)_월_정기휴무 (매주 월요일)_정기휴무 (매주 월요일)_화20:30 - 다음 날 01:00_화20:30 - 다음 날 01:00_화20:30 - 다음 날 01:00_화_20:30 - 다음 날 01:00_수20:30 - 다음 날 01:00접기_수20:30 - 다음 날 01:00접기_수20:30 - 다음 날 01:00_수_20:30 - 다음 날 01:00_접기_접기,별점없음,0,0,https://search.pstatic.net/common/?autoRotate=true&type=w560_sharpen&src=https%3A%2F%2Fldb-phinf.pstatic.net%2F20170209_274%2F14866266452504mY6q_JPEG%2F186159568064_0.JPG,편의시설 정보 없음,주차가능무료
풍년카페,362387988,카페,"도로명전북 전주시 완산구 오목대길 60 1층, 2층복사지번전북 전주시 완산구 교동 60-1복사우편번호우편번호55045복사안내 레이어 닫기",063-225-3100,영업 전09:30에 영업 시작9시 30분에 영업 시작_영업 전09:30에 영업 시작9시 30분에 영업 시작_영업 전09:30에 영업 시작9시 30분에 영업 시작_영업 전_09:30에 영업 시작9시 30분에 영업 시작_09:30에 영업 시작_9시 30분에 영업 시작_목09:30 - 18:00_목09:30 - 18:00_목09:30 - 18:00_목_09:30 - 18:00_금09:30 - 18:00_금09:30 - 18:00_금09:30 - 18:00_금_09:30 - 18:00_토09:00 - 20:00_토09:00 - 20:00_토09:00 - 20:00_토_09:00 - 20:00_일09:00 - 20:00_일09:00 - 20:00_일09:00 - 20:00_일_09:00 - 20:00_월09:30 - 18:00_월09:30 - 18:00_월09:30 - 18:00_월_09:30 - 18:00_화09:30 - 18:00_화09:30 - 18:00_화09:30 - 18:00_화_09:30 - 18:00_수09:30 - 18:00접기_수09:30 - 18:00접기_수09:30 - 18:00_수_09:30 - 18:00_접기_접기,별점4.29,0,0,https://search.pstatic.net/common/?autoRotate=true&type=w560_sharpen&src=https%3A%2F%2Fldb-phinf.pstatic.net%2F20200506_135%2F1588769323334M2D58_JPEG%2F6bRJOsQUoRCJbQJbmajlliLK.jpg,단체 이용 가능_무선 인터넷_포장_출입구 휠체어 이용가능,주차가능무료
대도회관,16783279,한식,도로명전북 전주시 완산구 팔달로 147-2복사지번전북 전주시 완산구 전동 126-9복사우편번호우편번호55043복사안내 레이어 닫기,063-283-8689,영업 종료11:00에 영업 시작11시 0분에 영업 시작_영업 종료11:00에 영업 시작11시 0분에 영업 시작_영업 종료11:00에 영업 시작11시 0분에 영업 시작_영업 종료_11:00에 영업 시작11시 0분에 영업 시작_11:00에 영업 시작_11시 0분에 영업 시작_목11:00 - 21:0014:30 - 17:00 브레이크타임_목11:00 - 21:0014:30 - 17:00 브레이크타임_목11:00 - 21:0014:30 - 17:00 브레이크타임_목_11:00 - 21:0014:30 - 17:00 브레이크타임_금11:00 - 21:0014:30 - 17:00 브레이크타임_금11:00 - 21:0014:30 - 17:00 브레이크타임_금11:00 - 21:0014:30 - 17:00 브레이크타임_금_11:00 - 21:0014:30 - 17:00 브레이크타임_토11:00 - 21:0014:30 - 17:00 브레이크타임_토11:00 - 21:0014:30 - 17:00 브레이크타임_토11:00 - 21:0014:30 - 17:00 브레이크타임_토_11:00 - 21:0014:30 - 17:00 브레이크타임_일정기휴무 (매주 일요일)_일정기휴무 (매주 일요일)_일정기휴무 (매주 일요일)_일_정기휴무 (매주 일요일)_정기휴무 (매주 일요일)_월11:00 - 21:0014:30 - 17:00 브레이크타임_월11:00 - 21:0014:30 - 17:00 브레이크타임_월11:00 - 21:0014:30 - 17:00 브레이크타임_월_11:00 - 21:0014:30 - 17:00 브레이크타임_화11:00 - 21:0014:30 - 17:00 브레이크타임_화11:00 - 21:0014:30 - 17:00 브레이크타임_화11:00 - 21:0014:30 - 17:00 브레이크타임_화_11:00 - 21:0014:30 - 17:00 브레이크타임_수11:00 - 21:0014:30 - 17:00 브레이크타임접기_수11:00 - 21:0014:30 - 17:00 브레이크타임접기_수11:00 - 21:0014:30 - 17:00 브레이크타임_수_11:00 - 21:0014:30 - 17:00 브레이크타임_접기_접기,별점4.26,0,0,https://search.pstatic.net/common/?autoRotate=true&type=w560_sharpen&src=https%3A%2F%2Fldb-phinf.pstatic.net%2F20240803_224%2F172265124032438t7g_JPEG%2F5698.jpg,단체 이용 가능_포장_배달_예약_남/녀 화장실 구분_무선 인터넷_유아의자,주차가능무료
써브웨이 전주객사점,1704519442,샌드위치,도로명전북 전주시 완산구 팔달로 191-3복사지번전북 전주시 완산구 고사동 72-3복사우편번호우편번호54999복사안내 레이어 닫기,063-288-1154,영업 전08:00에 영업 시작8시 0분에 영업 시작_영업 전08:00에 영업 시작8시 0분에 영업 시작_영업 전08:00에 영업 시작8시 0분에 영업 시작_영업 전_08:00에 영업 시작8시 0분에 영업 시작_08:00에 영업 시작_8시 0분에 영업 시작_매일08:00 - 22:00접기_매일08:00 - 22:00접기_매일08:00 - 22:00_매일_08:00 - 22:00_접기_접기,별점없음,0,0,https://search.pstatic.net/common/?autoRotate=true&type=w560_sharpen&src=https%3A%2F%2Fldb-phinf.pstatic.net%2F20200103_82%2F1578043664049aVIC6_JPEG%2FoSo1QnUl87teoesK_lCcVLN0.jpg,편의시설 정보 없음,주차가능무료
백수의 찬,921686615,일식당,도로명전북 전주시 완산구 풍남문2길 53 남부시장 2층 청년몰 백수의찬복사지번전북 전주시 완산구 전동 303-181복사우편번호우편번호55043복사안내 레이어 닫기,0507-1429-2207,영업 종료11:30에 영업 시작11시 30분에 영업 시작_영업 종료11:30에 영업 시작11시 30분에 영업 시작_영업 종료11:30에 영업 시작11시 30분에 영업 시작_영업 종료_11:30에 영업 시작11시 30분에 영업 시작_11:30에 영업 시작_11시 30분에 영업 시작_목11:30 - 22:0015:00 - 17:30 브레이크타임21:00 라스트오더_목11:30 - 22:0015:00 - 17:30 브레이크타임21:00 라스트오더_목11:30 - 22:0015:00 - 17:30 브레이크타임21:00 라스트오더_목_11:30 - 22:0015:00 - 17:30 브레이크타임21:00 라스트오더_금11:30 - 22:0015:00 - 17:30 브레이크타임21:00 라스트오더_금11:30 - 22:0015:00 - 17:30 브레이크타임21:00 라스트오더_금11:30 - 22:0015:00 - 17:30 브레이크타임21:00 라스트오더_금_11:30 - 22:0015:00 - 17:30 브레이크타임21:00 라스트오더_토11:30 - 22:0015:00 - 17:30 브레이크타임21:00 라스트오더_토11:30 - 22:0015:00 - 17:30 브레이크타임21:00 라스트오더_토11:30 - 22:0015:00 - 17:30 브레이크타임21:00 라스트오더_토_11:30 - 22:0015:00 - 17:30 브레이크타임21:00 라스트오더_일11:30 - 15:0014:00 라스트오더_일11:30 - 15:0014:00 라스트오더_일11:30 - 15:0014:00 라스트오더_일_11:30 - 15:0014:00 라스트오더_월정기휴무 (매주 월요일)_월정기휴무 (매주 월요일)_월정기휴무 (매주 월요일)_월_정기휴무 (매주 월요일)_정기휴무 (매주 월요일)_화11:30 - 22:0015:00 - 17:30 브레이크타임21:00 라스트오더_화11:30 - 22:0015:00 - 17:30 브레이크타임21:00 라스트오더_화11:30 - 22:0015:00 - 17:30 브레이크타임21:00 라스트오더_화_11:30 - 22:0015:00 - 17:30 브레이크타임21:00 라스트오더_수11:30 - 22:0015:00 - 17:30 브레이크타임21:00 라스트오더접기_수11:30 - 22:0015:00 - 17:30 브레이크타임21:00 라스트오더접기_수11:30 - 22:0015:00 - 17:30 브레이크타임21:00 라스트오더_수_11:30 - 22:0015:00 - 17:30 브레이크타임21:00 라스트오더_접기_접기,별점4.78,0,0,https://search.pstatic.net/common/?autoRotate=true&type=w560_sharpen&src=https%3A%2F%2Fldb-phinf.pstatic.net%2F20230822_219%2F1692688621758pElUl_JPEG%2F1000011110.jpg,비건 메뉴_남/녀 화장실 구분_무선 인터넷,주차가능무료
전주한옥마을아이스크림,1862806959,"카페,디저트",도로명전북 전주시 완산구 어진길 17복사지번전북 전주시 완산구 남노송동 98-16복사우편번호우편번호55041복사안내 레이어 닫기,0507-1327-0740,영업 종료11:00에 영업 시작11시 0분에 영업 시작_영업 종료11:00에 영업 시작11시 0분에 영업 시작_영업 종료11:00에 영업 시작11시 0분에 영업 시작_영업 종료_11:00에 영업 시작11시 0분에 영업 시작_11:00에 영업 시작_11시 0분에 영업 시작_매일11:00 - 22:00접기_매일11:00 - 22:00접기_매일11:00 - 22:00_매일_11:00 - 22:00_접기_접기,별점4.26,0,0,https://search.pstatic.net/common/?autoRotate=true&type=w560_sharpen&src=https%3A%2F%2Fldb-phinf.pstatic.net%2F20211027_137%2F1635317336748cnFtk_JPEG%2FiB5jwJgtyoOypQ_PK14lrLLp.jpg,편의시설 정보 없음,주차 불가
계수나무가맥,2032799978,한식,도로명전북 전주시 완산구 전동성당길 26복사지번전북 전주시 완산구 경원동1가 115-5복사우편번호우편번호55039복사안내 레이어 닫기,063-214-7005,오늘 휴무매주 목요일 휴무매주 목요일 휴무_오늘 휴무매주 목요일 휴무매주 목요일 휴무_오늘 휴무매주 목요일 휴무매주 목요일 휴무_오늘 휴무_매주 목요일 휴무매주 목요일 휴무_매주 목요일 휴무_매주 목요일 휴무_목정기휴무 (매주 목요일)_목정기휴무 (매주 목요일)_목정기휴무 (매주 목요일)_목_정기휴무 (매주 목요일)_정기휴무 (매주 목요일)_금10:00 - 24:00_금10:00 - 24:00_금10:00 - 24:00_금_10:00 - 24:00_토10:00 - 24:00_토10:00 - 24:00_토10:00 - 24:00_토_10:00 - 24:00_일10:00 - 24:00_일10:00 - 24:00_일10:00 - 24:00_일_10:00 - 24:00_월10:00 - 24:00_월10:00 - 24:00_월10:00 - 24:00_월_10:00 - 24:00_화10:00 - 24:00_화10:00 - 24:00_화10:00 - 24:00_화_10:00 - 24:00_수10:00 - 24:00접기_수10:00 - 24:00접기_수10:00 - 24:00_수_10:00 - 24:00_접기_접기,별점없음,0,0,https://search.pstatic.net/common/?autoRotate=true&type=w560_sharpen&src=https%3A%2F%2Fldb-phinf.pstatic.net%2F20260227_238%2F1772184549348r3Sn7_JPEG%2F1915.jpg,단체 이용 가능_포장_예약_무선 인터넷_남/녀 화장실 구분,주차가능무료
맘스터치 전주객사점,37038173,맘스터치,도로명전북 전주시 완산구 팔달로 187-1 2층 맘스터치복사지번전북 전주시 완산구 경원동1가 56-1복사우편번호우편번호54999복사안내 레이어 닫기,0507-1438-0088,영업 전10:00에 영업 시작10시 0분에 영업 시작_영업 전10:00에 영업 시작10시 0분에 영업 시작_영업 전10:00에 영업 시작10시 0분에 영업 시작_영업 전_10:00에 영업 시작10시 0분에 영업 시작_10:00에 영업 시작_10시 0분에 영업 시작_매일10:00 - 21:3021:00 라스트오더접기_매일10:00 - 21:3021:00 라스트오더접기_매일10:00 - 21:3021:00 라스트오더_매일_10:00 - 21:3021:00 라스트오더_접기_접기,별점없음,0,0,https://search.pstatic.net/common/?autoRotate=true&quality=95&type=w750&src=https%3A%2F%2Fldb-phinf.pstatic.net%2F20250908_42%2F1757327033040l4myK_PNG%2F%25C8%25AD%25B8%25E9_%25C4%25B8%25C3%25B3_2025-09-08_192346.png,편의시설 정보 없음,주차가능무료
라디오스타,35708653,"맥주,호프",도로명전북 전주시 완산구 동문길 61 라디오스타복사지번전북 전주시 완산구 풍남동1가 42-1복사우편번호우편번호55039복사안내 레이어 닫기,0507-1302-5880,영업 종료17:00에 영업 시작17시 0분에 영업 시작_영업 종료17:00에 영업 시작17시 0분에 영업 시작_영업 종료17:00에 영업 시작17시 0분에 영업 시작_영업 종료_17:00에 영업 시작17시 0분에 영업 시작_17:00에 영업 시작_17시 0분에 영업 시작_목17:00 - 다음 날 02:00_목17:00 - 다음 날 02:00_목17:00 - 다음 날 02:00_목_17:00 - 다음 날 02:00_금17:00 - 다음 날 02:00_금17:00 - 다음 날 02:00_금17:00 - 다음 날 02:00_금_17:00 - 다음 날 02:00_토17:00 - 다음 날 02:00_토17:00 - 다음 날 02:00_토17:00 - 다음 날 02:00_토_17:00 - 다음 날 02:00_일정기휴무 (매주 일요일)_일정기휴무 (매주 일요일)_일정기휴무 (매주 일요일)_일_정기휴무 (매주 일요일)_정기휴무 (매주 일요일)_월17:00 - 다음 날 02:00_월17:00 - 다음 날 02:00_월17:00 - 다음 날 02:00_월_17:00 - 다음 날 02:00_화17:00 - 다음 날 02:00_화17:00 - 다음 날 02:00_화17:00 - 다음 날 02:00_화_17:00 - 다음 날 02:00_수17:00 - 다음 날 02:00접기_수17:00 - 다음 날 02:00접기_수17:00 - 다음 날 02:00_수_17:00 - 다음 날 02:00_접기_접기,별점4.43,0,0,https://search.pstatic.net/common/?autoRotate=true&type=w560_sharpen&src=https%3A%2F%2Fldb-phinf.pstatic.net%2F20250622_113%2F1750597172688gWUlz_PNG%2F1000051718.png,콜키지 가능유료_예약_포장_무선 인터넷_단체 이용 가능,주차 불가
꽈배기진 한옥마을점,1322717746,"카페,디저트",도로명전북 전주시 완산구 한지길 24 남노갈비 옆복사지번전북 전주시 완산구 풍남동2가 29-5복사우편번호우편번호55040복사안내 레이어 닫기,0507-1407-5569,영업 종료10:30에 영업 시작10시 30분에 영업 시작_영업 종료10:30에 영업 시작10시 30분에 영업 시작_영업 종료10:30에 영업 시작10시 30분에 영업 시작_영업 종료_10:30에 영업 시작10시 30분에 영업 시작_10:30에 영업 시작_10시 30분에 영업 시작_목10:30 - 20:3020:00 라스트오더_목10:30 - 20:3020:00 라스트오더_목10:30 - 20:3020:00 라스트오더_목_10:30 - 20:3020:00 라스트오더_금10:30 - 20:3020:00 라스트오더_금10:30 - 20:3020:00 라스트오더_금10:30 - 20:3020:00 라스트오더_금_10:30 - 20:3020:00 라스트오더_토10:30 - 20:3020:00 라스트오더_토10:30 - 20:3020:00 라스트오더_토10:30 - 20:3020:00 라스트오더_토_10:30 - 20:3020:00 라스트오더_일10:30 - 20:3020:00 라스트오더_일10:30 - 20:3020:00 라스트오더_일10:30 - 20:3020:00 라스트오더_일_10:30 - 20:3020:00 라스트오더_월10:30 - 20:3020:00 라스트오더_월10:30 - 20:3020:00 라스트오더_월10:30 - 20:3020:00 라스트오더_월_10:30 - 20:3020:00 라스트오더_화10:30 - 20:3020:00 라스트오더_화10:30 - 20:3020:00 라스트오더_화10:30 - 20:3020:00 라스트오더_화_10:30 - 20:3020:00 라스트오더_수정기휴무 (매주 수요일)접기_수정기휴무 (매주 수요일)접기_수정기휴무 (매주 수요일)_수_정기휴무 (매주 수요일)_정기휴무 (매주 수요일)_접기_접기,별점없음,0,0,https://search.pstatic.net/common/?autoRotate=true&type=w560_sharpen&src=https%3A%2F%2Fldb-phinf.pstatic.net%2F20231218_184%2F1702879969525sX6lB_JPEG%2FKakaoTalk_20231218_140640314.jpg,편의시설 정보 없음,주차 불가
삼번집,36202292,국밥,도로명전북 전주시 완산구 풍남문1길 9-6복사지번전북 전주시 완산구 전동 303-182복사우편번호우편번호55043복사안내 레이어 닫기,063-231-1586,영업 전05:00에 영업 시작5시 0분에 영업 시작_영업 전05:00에 영업 시작5시 0분에 영업 시작_영업 전05:00에 영업 시작5시 0분에 영업 시작_영업 전_05:00에 영업 시작5시 0분에 영업 시작_05:00에 영업 시작_5시 0분에 영업 시작_목05:00 - 15:00_목05:00 - 15:00_목05:00 - 15:00_목_05:00 - 15:00_금05:00 - 15:00_금05:00 - 15:00_금05:00 - 15:00_금_05:00 - 15:00_토05:00 - 15:00_토05:00 - 15:00_토05:00 - 15:00_토_05:00 - 15:00_일05:00 - 15:00_일05:00 - 15:00_일05:00 - 15:00_일_05:00 - 15:00_월05:00 - 15:00_월05:00 - 15:00_월05:00 - 15:00_월_05:00 - 15:00_화05:00 - 15:00_화05:00 - 15:00_화05:00 - 15:00_화_05:00 - 15:00_수정기휴무 (매주 수요일)_수정기휴무 (매주 수요일)_수정기휴무 (매주 수요일)_수_정기휴무 (매주 수요일)_정기휴무 (매주 수요일)_- 수요일에 공휴일시 정상영업접기_- 수요일에 공휴일시 정상영업접기_- 수요일에 공휴일시 정상영업_- 수요일에 공휴일시 정상영업_접기_접기,별점4.14,0,0,https://search.pstatic.net/common/?autoRotate=true&type=w560_sharpen&src=https%3A%2F%2Fldb-phinf.pstatic.net%2F20200201_216%2F1580549168291tc7VS_JPEG%2Fr7m0LiRmFKpXgLd1N2QbduTU.jpeg.jpg,편의시설 정보 없음,주차 불가
"평화와평화, 좋은주방",2022656511,"카페,디저트",도로명전북 전주시 완산구 전주천서로 47 1층복사지번전북 전주시 완산구 동서학동 6-10복사우편번호우편번호55101복사안내 레이어 닫기,0507-1402-9340,영업 전08:00에 영업 시작8시 0분에 영업 시작_영업 전08:00에 영업 시작8시 0분에 영업 시작_영업 전08:00에 영업 시작8시 0분에 영업 시작_영업 전_08:00에 영업 시작8시 0분에 영업 시작_08:00에 영업 시작_8시 0분에 영업 시작_매일08:00 - 19:00접기_매일08:00 - 19:00접기_매일08:00 - 19:00_매일_08:00 - 19:00_접기_접기,별점없음,0,0,https://search.pstatic.net/common/?autoRotate=true&type=w560_sharpen&src=https%3A%2F%2Fldb-phinf.pstatic.net%2F20250728_31%2F1753666372254HJce3_JPEG%2FKakaoTalk_Photo_2025-07-28-10-12-44_014.jpeg,핸드드립_배달_포장_무선 인터넷_대기공간_예약,주차가능무료
한옥마을 생과일 모찌,1622501385,"카페,디저트",도로명전북 전주시 완산구 은행로 80복사지번전북 전주시 완산구 교동 92-6복사우편번호우편번호55044복사안내 레이어 닫기,063-227-5766,영업 전09:00에 영업 시작9시 0분에 영업 시작_영업 전09:00에 영업 시작9시 0분에 영업 시작_영업 전09:00에 영업 시작9시 0분에 영업 시작_영업 전_09:00에 영업 시작9시 0분에 영업 시작_09:00에 영업 시작_9시 0분에 영업 시작_매일09:00 - 21:00접기_매일09:00 - 21:00접기_매일09:00 - 21:00_매일_09:00 - 21:00_접기_접기,별점없음,0,0,https://search.pstatic.net/common/?autoRotate=true&type=w560_sharpen&src=https%3A%2F%2Fldb-phinf.pstatic.net%2F20210824_255%2F1629780187204TRSAX_JPEG%2F4lbRqk8Kgi_QzY79L3ECn80H.jpg,포장_배달_예약,주차가능무료
맛스넥하우스 전주점,1070814769,한식,도로명전북 전주시 완산구 경기전길 15복사지번전북 전주시 완산구 풍남동1가 15-1복사우편번호우편번호55039복사안내 레이어 닫기,063-286-2860,"영업 전10:00에 영업 시작10시 0분에 영업 시작_영업 전10:00에 영업 시작10시 0분에 영업 시작_영업 전10:00에 영업 시작10시 0분에 영업 시작_영업 전_10:00에 영업 시작10시 0분에 영업 시작_10:00에 영업 시작_10시 0분에 영업 시작_목10:00 - 19:30_목10:00 - 19:30_목10:00 - 19:30_목_10:00 - 19:30_금10:00 - 19:30_금10:00 - 19:30_금10:00 - 19:30_금_10:00 - 19:30_토10:00 - 19:30_토10:00 - 19:30_토10:00 - 19:30_토_10:00 - 19:30_일(6/14)정기휴무 (매달 2, 4번째 일요일)_일(6/14)정기휴무 (매달 2, 4번째 일요일)_일(6/14)정기휴무 (매달 2, 4번째 일요일)_일(6/14)_정기휴무 (매달 2, 4번째 일요일)_정기휴무 (매달 2, 4번째 일요일)_월10:00 - 19:30_월10:00 - 19:30_월10:00 - 19:30_월_10:00 - 19:30_화10:00 - 19:30_화10:00 - 19:30_화10:00 - 19:30_화_10:00 - 19:30_수10:00 - 19:30_수10:00 - 19:30_수10:00 - 19:30_수_10:00 - 19:30_매달 2, 4번째 일요일 정기 휴무접기_매달 2, 4번째 일요일 정기 휴무접기_매달 2, 4번째 일요일 정기 휴무_접기_접기",별점없음,0,0,https://search.pstatic.net/common/?autoRotate=true&type=w560_sharpen&src=https%3A%2F%2Fldb-phinf.pstatic.net%2F20220912_135%2F1662946630436xH33d_JPEG%2F1662946602884.jpg,편의시설 정보 없음,주차가능무료
전주한옥마을김부각 부각마을,1798462986,"카페,디저트",도로명전북 전주시 완산구 태조로 21 1층복사지번전북 전주시 완산구 교동 69-4복사우편번호우편번호55044복사안내 레이어 닫기,062-714-3157,오늘 휴무06/11 휴무06/11 휴무_오늘 휴무06/11 휴무06/11 휴무_오늘 휴무06/11 휴무06/11 휴무_오늘 휴무_06/11 휴무06/11 휴무_06/11 휴무_06/11 휴무_목(6/11)휴무_목(6/11)휴무_목(6/11)휴무_목(6/11)_휴무_휴무_금(6/12)휴무_금(6/12)휴무_금(6/12)휴무_금(6/12)_휴무_휴무_토(6/13)휴무_토(6/13)휴무_토(6/13)휴무_토(6/13)_휴무_휴무_일(6/14)휴무_일(6/14)휴무_일(6/14)휴무_일(6/14)_휴무_휴무_월(6/15)휴무_월(6/15)휴무_월(6/15)휴무_월(6/15)_휴무_휴무_화(6/16)휴무_화(6/16)휴무_화(6/16)휴무_화(6/16)_휴무_휴무_수(6/17)휴무_수(6/17)휴무_수(6/17)휴무_수(6/17)_휴무_휴무_- 5/25 영업종료접기_- 5/25 영업종료접기_- 5/25 영업종료_- 5/25 영업종료_접기_접기,별점없음,0,0,https://search.pstatic.net/common/?autoRotate=true&type=w560_sharpen&src=https%3A%2F%2Fldb-phinf.pstatic.net%2F20240403_196%2F1712128020425OKeGQ_JPEG%2FKakaoTalk_20240403_154906460.jpg,포장,주차 불가
전주산책,1889265547,북카페,도로명전북 전주시 완산구 기린대로 85복사지번전북 전주시 완산구 풍남동3가 26-5복사우편번호우편번호55041복사안내 레이어 닫기,063-907-7386,영업 전08:00에 영업 시작8시 0분에 영업 시작_영업 전08:00에 영업 시작8시 0분에 영업 시작_영업 전08:00에 영업 시작8시 0분에 영업 시작_영업 전_08:00에 영업 시작8시 0분에 영업 시작_08:00에 영업 시작_8시 0분에 영업 시작_매일08:00 - 20:00접기_매일08:00 - 20:00접기_매일08:00 - 20:00_매일_08:00 - 20:00_접기_접기,별점없음,0,0,https://search.pstatic.net/common/?autoRotate=true&type=w560_sharpen&src=https%3A%2F%2Fldb-phinf.pstatic.net%2F20200707_290%2F1594111879651GjCjc_JPEG%2FTeVU9_H40gvOttfkS2CjxXq_.jpg,편의시설 정보 없음,주차가능
동문바,1655871418,바(BAR),도로명전북 전주시 완산구 동문길 117-1 1층복사지번전북 전주시 완산구 경원동1가 108-15복사우편번호우편번호55039복사안내 레이어 닫기,0507-1386-8420,영업 종료19:00에 영업 시작19시 0분에 영업 시작_영업 종료19:00에 영업 시작19시 0분에 영업 시작_영업 종료19:00에 영업 시작19시 0분에 영업 시작_영업 종료_19:00에 영업 시작19시 0분에 영업 시작_19:00에 영업 시작_19시 0분에 영업 시작_목19:00 - 다음 날 02:00_목19:00 - 다음 날 02:00_목19:00 - 다음 날 02:00_목_19:00 - 다음 날 02:00_금19:00 - 다음 날 02:00_금19:00 - 다음 날 02:00_금19:00 - 다음 날 02:00_금_19:00 - 다음 날 02:00_토19:00 - 다음 날 02:00_토19:00 - 다음 날 02:00_토19:00 - 다음 날 02:00_토_19:00 - 다음 날 02:00_일19:00 - 다음 날 02:00_일19:00 - 다음 날 02:00_일19:00 - 다음 날 02:00_일_19:00 - 다음 날 02:00_월정기휴무 (매주 월요일)_월정기휴무 (매주 월요일)_월정기휴무 (매주 월요일)_월_정기휴무 (매주 월요일)_정기휴무 (매주 월요일)_화19:00 - 다음 날 02:00_화19:00 - 다음 날 02:00_화19:00 - 다음 날 02:00_화_19:00 - 다음 날 02:00_수19:00 - 다음 날 02:00접기_수19:00 - 다음 날 02:00접기_수19:00 - 다음 날 02:00_수_19:00 - 다음 날 02:00_접기_접기,별점없음,0,0,https://search.pstatic.net/common/?autoRotate=true&type=w560_sharpen&src=https%3A%2F%2Fldb-phinf.pstatic.net%2F20230708_239%2F1688818777811NdzuR_JPEG%2FKakaoTalk_20230708_211741733_02.jpg,포장_배달_무선 인터넷_예약_방문접수/출장,주차가능
해율담,1378360471,"육류,고기요리","도로명전북 전주시 완산구 현무1길 16 1층, 2층복사지번전북 전주시 완산구 경원동3가 15-5복사우편번호우편번호55000복사안내 레이어 닫기",0507-1359-5506,영업 종료16:00에 영업 시작16시 0분에 영업 시작_영업 종료16:00에 영업 시작16시 0분에 영업 시작_영업 종료16:00에 영업 시작16시 0분에 영업 시작_영업 종료_16:00에 영업 시작16시 0분에 영업 시작_16:00에 영업 시작_16시 0분에 영업 시작_목16:00 - 22:3021:40 라스트오더_목16:00 - 22:3021:40 라스트오더_목16:00 - 22:3021:40 라스트오더_목_16:00 - 22:3021:40 라스트오더_금16:00 - 22:3021:40 라스트오더_금16:00 - 22:3021:40 라스트오더_금16:00 - 22:3021:40 라스트오더_금_16:00 - 22:3021:40 라스트오더_토12:00 - 22:3021:40 라스트오더_토12:00 - 22:3021:40 라스트오더_토12:00 - 22:3021:40 라스트오더_토_12:00 - 22:3021:40 라스트오더_일12:00 - 22:3021:40 라스트오더_일12:00 - 22:3021:40 라스트오더_일12:00 - 22:3021:40 라스트오더_일_12:00 - 22:3021:40 라스트오더_월16:00 - 22:3021:40 라스트오더_월16:00 - 22:3021:40 라스트오더_월16:00 - 22:3021:40 라스트오더_월_16:00 - 22:3021:40 라스트오더_화16:00 - 22:3021:40 라스트오더_화16:00 - 22:3021:40 라스트오더_화16:00 - 22:3021:40 라스트오더_화_16:00 - 22:3021:40 라스트오더_수16:00 - 22:3021:40 라스트오더_수16:00 - 22:3021:40 라스트오더_수16:00 - 22:3021:40 라스트오더_수_16:00 - 22:3021:40 라스트오더_- 5월25일 12:00~22:30 Break Time X접기_- 5월25일 12:00~22:30 Break Time X접기_- 5월25일 12:00~22:30 Break Time X_- 5월25일 12:00~22:30 Break Time X_접기_접기,별점없음,0,0,https://search.pstatic.net/common/?autoRotate=true&type=w560_sharpen&src=https%3A%2F%2Fldb-phinf.pstatic.net%2F20250820_45%2F1755672512085wfqIb_JPEG%2FEJA00295.jpeg,콜키지 가능유료_와인 페어링_예약_무선 인터넷_\반려동물 동반_남/녀 화장실 구분_단체 이용 가능_유아의자_대기공간,주차가능무료
송정원,34827805,한식,도로명전북 전주시 완산구 은행로 20-1복사지번전북 전주시 완산구 풍남동1가 55-3복사우편번호우편번호55039복사안내 레이어 닫기,063-284-5569,영업 종료11:30에 영업 시작11시 30분에 영업 시작_영업 종료11:30에 영업 시작11시 30분에 영업 시작_영업 종료11:30에 영업 시작11시 30분에 영업 시작_영업 종료_11:30에 영업 시작11시 30분에 영업 시작_11:30에 영업 시작_11시 30분에 영업 시작_매일11:30 - 20:3015:30 - 17:30 브레이크타임접기_매일11:30 - 20:3015:30 - 17:30 브레이크타임접기_매일11:30 - 20:3015:30 - 17:30 브레이크타임_매일_11:30 - 20:3015:30 - 17:30 브레이크타임_접기_접기,별점없음,0,0,https://search.pstatic.net/common/?autoRotate=true&quality=95&type=w750&src=https%3A%2F%2Fldb-phinf.pstatic.net%2F20200122_129%2F1579687943801qJeh2_JPEG%2Fmn8-LRxvjFgzcDSoQw80R-21.jpg,편의시설 정보 없음,주차가능무료
굽네치킨 전주한옥마을점,1701689385,"치킨,닭강정",도로명전북 전주시 완산구 은행로 8복사지번전북 전주시 완산구 풍남동1가 33-4복사우편번호우편번호55039복사안내 레이어 닫기,063-282-8292,영업 종료15:00에 영업 시작15시 0분에 영업 시작_영업 종료15:00에 영업 시작15시 0분에 영업 시작_영업 종료15:00에 영업 시작15시 0분에 영업 시작_영업 종료_15:00에 영업 시작15시 0분에 영업 시작_15:00에 영업 시작_15시 0분에 영업 시작_목15:00 - 23:3023:20 라스트오더_목15:00 - 23:3023:20 라스트오더_목15:00 - 23:3023:20 라스트오더_목_15:00 - 23:3023:20 라스트오더_금12:00 - 23:3023:20 라스트오더_금12:00 - 23:3023:20 라스트오더_금12:00 - 23:3023:20 라스트오더_금_12:00 - 23:3023:20 라스트오더_토12:00 - 23:3023:20 라스트오더_토12:00 - 23:3023:20 라스트오더_토12:00 - 23:3023:20 라스트오더_토_12:00 - 23:3023:20 라스트오더_일12:00 - 23:3023:20 라스트오더_일12:00 - 23:3023:20 라스트오더_일12:00 - 23:3023:20 라스트오더_일_12:00 - 23:3023:20 라스트오더_월15:00 - 23:3023:20 라스트오더_월15:00 - 23:3023:20 라스트오더_월15:00 - 23:3023:20 라스트오더_월_15:00 - 23:3023:20 라스트오더_화15:00 - 23:3023:20 라스트오더_화15:00 - 23:3023:20 라스트오더_화15:00 - 23:3023:20 라스트오더_화_15:00 - 23:3023:20 라스트오더_수15:00 - 23:3023:20 라스트오더접기_수15:00 - 23:3023:20 라스트오더접기_수15:00 - 23:3023:20 라스트오더_수_15:00 - 23:3023:20 라스트오더_접기_접기,별점없음,0,0,https://search.pstatic.net/common/?autoRotate=true&quality=95&type=w750&src=https%3A%2F%2Fnaverbooking-phinf.pstatic.net%2F20200729_194%2F1595988614003GHnJH_PNG%2Fimage.png,포장_배달_예약_무선 인터넷,주차가능무료
용시기막국수,2054279665,막국수,도로명전북 전주시 완산구 풍남문3길 33 1층복사지번전북 전주시 완산구 전동 142-3복사우편번호우편번호55043복사안내 레이어 닫기,0507-1330-0313,영업 종료11:30에 영업 시작11시 30분에 영업 시작_영업 종료11:30에 영업 시작11시 30분에 영업 시작_영업 종료11:30에 영업 시작11시 30분에 영업 시작_영업 종료_11:30에 영업 시작11시 30분에 영업 시작_11:30에 영업 시작_11시 30분에 영업 시작_목11:30 - 21:0020:30 라스트오더_목11:30 - 21:0020:30 라스트오더_목11:30 - 21:0020:30 라스트오더_목_11:30 - 21:0020:30 라스트오더_금11:30 - 21:0020:30 라스트오더_금11:30 - 21:0020:30 라스트오더_금11:30 - 21:0020:30 라스트오더_금_11:30 - 21:0020:30 라스트오더_토11:30 - 21:0020:30 라스트오더_토11:30 - 21:0020:30 라스트오더_토11:30 - 21:0020:30 라스트오더_토_11:30 - 21:0020:30 라스트오더_일11:30 - 21:0020:30 라스트오더_일11:30 - 21:0020:30 라스트오더_일11:30 - 21:0020:30 라스트오더_일_11:30 - 21:0020:30 라스트오더_월11:30 - 21:0020:30 라스트오더_월11:30 - 21:0020:30 라스트오더_월11:30 - 21:0020:30 라스트오더_월_11:30 - 21:0020:30 라스트오더_화정기휴무 (매주 화요일)_화정기휴무 (매주 화요일)_화정기휴무 (매주 화요일)_화_정기휴무 (매주 화요일)_정기휴무 (매주 화요일)_수11:30 - 21:0020:30 라스트오더접기_수11:30 - 21:0020:30 라스트오더접기_수11:30 - 21:0020:30 라스트오더_수_11:30 - 21:0020:30 라스트오더_접기_접기,별점없음,0,0,https://search.pstatic.net/common/?autoRotate=true&type=w560_sharpen&src=https%3A%2F%2Fldb-phinf.pstatic.net%2F20260526_32%2F1779783940037nUJcK_JPEG%2F20260526_152411.jpg,유기농 메뉴_단체 이용 가능_예약_무선 인터넷_남/녀 화장실 구분_대기공간_출입구 휠체어 이용가능_좌석 휠체어 이용가능,주차가능무료
진테이블,1194017638,퓨전음식,도로명전북 전주시 완산구 동문길 35 1층 진테이블복사지번전북 전주시 완산구 풍남동2가 23-2복사우편번호우편번호55040복사안내 레이어 닫기,0507-1440-2781,영업 종료17:00에 영업 시작17시 0분에 영업 시작_영업 종료17:00에 영업 시작17시 0분에 영업 시작_영업 종료17:00에 영업 시작17시 0분에 영업 시작_영업 종료_17:00에 영업 시작17시 0분에 영업 시작_17:00에 영업 시작_17시 0분에 영업 시작_목17:00 - 다음 날 01:0000:00 라스트오더_목17:00 - 다음 날 01:0000:00 라스트오더_목17:00 - 다음 날 01:0000:00 라스트오더_목_17:00 - 다음 날 01:0000:00 라스트오더_금17:00 - 다음 날 01:0000:00 라스트오더_금17:00 - 다음 날 01:0000:00 라스트오더_금17:00 - 다음 날 01:0000:00 라스트오더_금_17:00 - 다음 날 01:0000:00 라스트오더_토17:00 - 다음 날 01:0000:00 라스트오더_토17:00 - 다음 날 01:0000:00 라스트오더_토17:00 - 다음 날 01:0000:00 라스트오더_토_17:00 - 다음 날 01:0000:00 라스트오더_일17:00 - 다음 날 01:0000:00 라스트오더_일17:00 - 다음 날 01:0000:00 라스트오더_일17:00 - 다음 날 01:0000:00 라스트오더_일_17:00 - 다음 날 01:0000:00 라스트오더_월17:00 - 다음 날 01:0000:00 라스트오더_월17:00 - 다음 날 01:0000:00 라스트오더_월17:00 - 다음 날 01:0000:00 라스트오더_월_17:00 - 다음 날 01:0000:00 라스트오더_화17:00 - 다음 날 01:0000:00 라스트오더_화17:00 - 다음 날 01:0000:00 라스트오더_화17:00 - 다음 날 01:0000:00 라스트오더_화_17:00 - 다음 날 01:0000:00 라스트오더_수17:00 - 다음 날 01:0000:00 라스트오더_수17:00 - 다음 날 01:0000:00 라스트오더_수17:00 - 다음 날 01:0000:00 라스트오더_수_17:00 - 다음 날 01:0000:00 라스트오더_- 추석명절 정상영업합니다..접기_- 추석명절 정상영업합니다..접기_- 추석명절 정상영업합니다.._- 추석명절 정상영업합니다.._접기_접기,별점없음,0,0,https://search.pstatic.net/common/?autoRotate=true&type=w560_sharpen&src=https%3A%2F%2Fldb-phinf.pstatic.net%2F20230925_139%2F1695620497535zoKnX_JPEG%2F1695456324960%25281%2529.jpg,콜키지 가능무료_단체 이용 가능_예약_무선 인터넷_남/녀 화장실 구분_대기공간_출입구 휠체어 이용가능_좌석 휠체어 이용가능,주차 불가
만월 전주한옥마을점,1654729165,한식,도로명전북 전주시 완산구 최명희길 3 만월복사지번전북 전주시 완산구 풍남동3가 23-10복사우편번호우편번호55041복사안내 레이어 닫기,063-231-3800,영업 전09:00에 영업 시작9시 0분에 영업 시작_영업 전09:00에 영업 시작9시 0분에 영업 시작_영업 전09:00에 영업 시작9시 0분에 영업 시작_영업 전_09:00에 영업 시작9시 0분에 영업 시작_09:00에 영업 시작_9시 0분에 영업 시작_매일09:00 - 21:0015:00 - 17:00 브레이크타임접기_매일09:00 - 21:0015:00 - 17:00 브레이크타임접기_매일09:00 - 21:0015:00 - 17:00 브레이크타임_매일_09:00 - 21:0015:00 - 17:00 브레이크타임_접기_접기,별점없음,0,0,https://search.pstatic.net/common/?autoRotate=true&type=w560_sharpen&src=https%3A%2F%2Fldb-phinf.pstatic.net%2F20240111_134%2F1704943009662xzrPx_JPEG%2FIMG_4083.jpeg,유기농 메뉴,주차가능무료
제주아홉 혼술바 전주점,2098894496,바(BAR),도로명전북 전주시 완산구 전라감영5길 17-25 1층 제주아홉복사지번전북 전주시 완산구 중앙동3가 95-2복사우편번호우편번호55038복사안내 레이어 닫기,0507-1410-6200,영업 종료20:00에 영업 시작20시 0분에 영업 시작_영업 종료20:00에 영업 시작20시 0분에 영업 시작_영업 종료20:00에 영업 시작20시 0분에 영업 시작_영업 종료_20:00에 영업 시작20시 0분에 영업 시작_20:00에 영업 시작_20시 0분에 영업 시작_매일20:00 - 다음 날 04:0003:30 라스트오더접기_매일20:00 - 다음 날 04:0003:30 라스트오더접기_매일20:00 - 다음 날 04:0003:30 라스트오더_매일_20:00 - 다음 날 04:0003:30 라스트오더_접기_접기,별점없음,0,0,https://search.pstatic.net/common/?autoRotate=true&type=w560_sharpen&src=https%3A%2F%2Fldb-phinf.pstatic.net%2F20260108_221%2F1767838900002RgCuW_JPEG%2FKakaoTalk_20260108_112007982_01.jpg,무선 인터넷,주차가능무료
컴포즈커피 전주신라스테이점,2048151688,카페,도로명전북 전주시 완산구 현무1길 10-15 1층(경원동3가)복사지번전북 전주시 완산구 경원동3가 15-9 1층복사우편번호우편번호55000복사안내 레이어 닫기,063-231-6161,영업 전08:00에 영업 시작8시 0분에 영업 시작_영업 전08:00에 영업 시작8시 0분에 영업 시작_영업 전08:00에 영업 시작8시 0분에 영업 시작_영업 전_08:00에 영업 시작8시 0분에 영업 시작_08:00에 영업 시작_8시 0분에 영업 시작_매일08:00 - 21:30접기_매일08:00 - 21:30접기_매일08:00 - 21:30_매일_08:00 - 21:30_접기_접기,별점없음,0,0,https://search.pstatic.net/common/?autoRotate=true&type=w560_sharpen&src=https%3A%2F%2Fldb-phinf.pstatic.net%2F20260102_147%2F1767313378020LN1BJ_JPEG%2F%25C0%25FC%25C1%25D6%25BD%25C5%25B6%25F3%25BD%25BA%25C5%25D7%25C0%25CC%25C1%25A1_%25BF%25DC%25B0%25FC1.jpeg,생일 혜택_단체 이용 가능_무선 인터넷_대기공간,주차가능무료
육회왕자연어공주 전주전동점,1028763880,요리주점,도로명전북 전주시 완산구 풍남문1길 7 1층복사지번전북 전주시 완산구 전동 288-1복사우편번호우편번호55043복사안내 레이어 닫기,0507-1480-2922,영업 종료11:00에 영업 시작11시 0분에 영업 시작_영업 종료11:00에 영업 시작11시 0분에 영업 시작_영업 종료11:00에 영업 시작11시 0분에 영업 시작_영업 종료_11:00에 영업 시작11시 0분에 영업 시작_11:00에 영업 시작_11시 0분에 영업 시작_매일11:00 - 21:0014:00 - 17:00 브레이크타임20:40 라스트오더접기_매일11:00 - 21:0014:00 - 17:00 브레이크타임20:40 라스트오더접기_매일11:00 - 21:0014:00 - 17:00 브레이크타임20:40 라스트오더_매일_11:00 - 21:0014:00 - 17:00 브레이크타임20:40 라스트오더_접기_접기,별점없음,0,0,https://search.pstatic.net/common/?autoRotate=true&type=w560_sharpen&src=https%3A%2F%2Fldb-phinf.pstatic.net%2F20220307_153%2F1646643731403246dk_JPEG%2F%25B4%25EB%25C7%25A5%25BB%25E7%25C1%25F8.jpg,포장_배달_예약_단체 이용 가능,주차 불가
구름,1855427928,"카페,디저트",도로명전북 전주시 완산구 경기전길 10-11 1층 gurm복사지번전북 전주시 완산구 경원동2가 19-2복사우편번호우편번호55039복사안내 레이어 닫기,0507-1477-4450,오늘 휴무06/11 휴무06/11 휴무_오늘 휴무06/11 휴무06/11 휴무_오늘 휴무06/11 휴무06/11 휴무_오늘 휴무_06/11 휴무06/11 휴무_06/11 휴무_06/11 휴무_목(6/11)휴무_목(6/11)휴무_목(6/11)휴무_목(6/11)_휴무_휴무_금(6/12)휴무_금(6/12)휴무_금(6/12)휴무_금(6/12)_휴무_휴무_토(6/13)휴무_토(6/13)휴무_토(6/13)휴무_토(6/13)_휴무_휴무_일(6/14)휴무_일(6/14)휴무_일(6/14)휴무_일(6/14)_휴무_휴무_월(6/15)휴무_월(6/15)휴무_월(6/15)휴무_월(6/15)_휴무_휴무_화(6/16)휴무_화(6/16)휴무_화(6/16)휴무_화(6/16)_휴무_휴무_수(6/17)휴무접기_수(6/17)휴무접기_수(6/17)휴무_수(6/17)_휴무_휴무_접기_접기,별점없음,0,0,https://search.pstatic.net/common/?autoRotate=true&type=w560_sharpen&src=https%3A%2F%2Fldb-phinf.pstatic.net%2F20230601_230%2F16855786168993zBCP_JPEG%2FIMG_0600.jpeg,유기농 메뉴_포장_무선 인터넷_남/녀 화장실 구분,주차가능무료
국시코기,19867528,국수,도로명전북 전주시 완산구 동문길 75복사지번전북 전주시 완산구 경원동2가 25-7복사우편번호우편번호55039복사안내 레이어 닫기,063-284-9335,영업 종료17:00에 영업 시작17시 0분에 영업 시작_영업 종료17:00에 영업 시작17시 0분에 영업 시작_영업 종료17:00에 영업 시작17시 0분에 영업 시작_영업 종료_17:00에 영업 시작17시 0분에 영업 시작_17:00에 영업 시작_17시 0분에 영업 시작_목17:00 - 다음 날 02:00_목17:00 - 다음 날 02:00_목17:00 - 다음 날 02:00_목_17:00 - 다음 날 02:00_금17:00 - 다음 날 02:00_금17:00 - 다음 날 02:00_금17:00 - 다음 날 02:00_금_17:00 - 다음 날 02:00_토17:00 - 다음 날 02:00_토17:00 - 다음 날 02:00_토17:00 - 다음 날 02:00_토_17:00 - 다음 날 02:00_일정기휴무 (매주 일요일)_일정기휴무 (매주 일요일)_일정기휴무 (매주 일요일)_일_정기휴무 (매주 일요일)_정기휴무 (매주 일요일)_월17:00 - 다음 날 02:00_월17:00 - 다음 날 02:00_월17:00 - 다음 날 02:00_월_17:00 - 다음 날 02:00_화17:00 - 다음 날 02:00_화17:00 - 다음 날 02:00_화17:00 - 다음 날 02:00_화_17:00 - 다음 날 02:00_수17:00 - 다음 날 02:00접기_수17:00 - 다음 날 02:00접기_수17:00 - 다음 날 02:00_수_17:00 - 다음 날 02:00_접기_접기,별점없음,0,0,https://search.pstatic.net/common/?autoRotate=true&type=w560_sharpen&src=https%3A%2F%2Fldb-phinf.pstatic.net%2F20150831_184%2F1441020238591meNsJ_JPEG%2F126356525642772_0.jpg,예약_단체 이용 가능_포장,주차가능무료
빈센트카페,1848089810,"카페,디저트",도로명전북 전주시 완산구 전라감영로 76 1층복사지번전북 전주시 완산구 전동 126-6복사우편번호우편번호55043복사안내 레이어 닫기,0507-1425-0800,영업 전08:00에 영업 시작8시 0분에 영업 시작_영업 전08:00에 영업 시작8시 0분에 영업 시작_영업 전08:00에 영업 시작8시 0분에 영업 시작_영업 전_08:00에 영업 시작8시 0분에 영업 시작_08:00에 영업 시작_8시 0분에 영업 시작_매일08:00 - 22:0021:50 라스트오더접기_매일08:00 - 22:0021:50 라스트오더접기_매일08:00 - 22:0021:50 라스트오더_매일_08:00 - 22:0021:50 라스트오더_접기_접기,별점없음,0,0,https://search.pstatic.net/common/?autoRotate=true&type=w560_sharpen&src=https%3A%2F%2Fldb-phinf.pstatic.net%2F20230806_71%2F1691327895201mCGhO_JPEG%2F5.jpg,단체 이용 가능_포장_무선 인터넷_남/녀 화장실 구분,주차가능
문꼬집,36391889,"일식튀김,꼬치",도로명전북 전주시 완산구 태조로 20 문꼬집복사지번전북 전주시 완산구 풍남동3가 63-3복사우편번호우편번호55042복사안내 레이어 닫기,063-232-1221,영업 전10:00에 영업 시작10시 0분에 영업 시작_영업 전10:00에 영업 시작10시 0분에 영업 시작_영업 전10:00에 영업 시작10시 0분에 영업 시작_영업 전_10:00에 영업 시작10시 0분에 영업 시작_10:00에 영업 시작_10시 0분에 영업 시작_매일10:00 - 22:00접기_매일10:00 - 22:00접기_매일10:00 - 22:00_매일_10:00 - 22:00_접기_접기,별점없음,0,0,https://search.pstatic.net/common/?autoRotate=true&type=w560_sharpen&src=https%3A%2F%2Fldb-phinf.pstatic.net%2F20200121_192%2F1579616162564lgS0i_JPEG%2FJWf9-JYNL7gJl0pe72xIOE_P.jpg,편의시설 정보 없음,주차가능
조점례남문피순대,11797314,"순대,순댓국",도로명전북 전주시 완산구 풍남문2길 39 조점례 남문피순대복사지번전북 전주시 완산구 전동3가 2-240복사우편번호우편번호55043복사안내 레이어 닫기,063-232-5006,영업 전06:00에 영업 시작6시 0분에 영업 시작_영업 전06:00에 영업 시작6시 0분에 영업 시작_영업 전06:00에 영업 시작6시 0분에 영업 시작_영업 전_06:00에 영업 시작6시 0분에 영업 시작_06:00에 영업 시작_6시 0분에 영업 시작_매일06:00 - 22:00접기_매일06:00 - 22:00접기_매일06:00 - 22:00_매일_06:00 - 22:00_접기_접기,별점4.32,0,0,https://search.pstatic.net/common/?autoRotate=true&type=w560_sharpen&src=https%3A%2F%2Fldb-phinf.pstatic.net%2F20151113_30%2F1447396114906PXg0R_JPEG%2F167063555853660_0.jpg,단체 이용 가능_포장_무선 인터넷_유아의자,주차가능무료
은우정육식당,1978054842,정육식당,도로명전북 전주시 완산구 홍산중앙로 13 돌핀빌딩 104호복사지번전북 전주시 완산구 효자동2가 1155-10복사우편번호우편번호54969복사안내 레이어 닫기,0507-1498-8200,영업 종료11:30에 영업 시작11시 30분에 영업 시작_영업 종료11:30에 영업 시작11시 30분에 영업 시작_영업 종료11:30에 영업 시작11시 30분에 영업 시작_영업 종료_11:30에 영업 시작11시 30분에 영업 시작_11:30에 영업 시작_11시 30분에 영업 시작_목11:30 - 22:0014:00 - 16:00 브레이크타임21:10 라스트오더_목11:30 - 22:0014:00 - 16:00 브레이크타임21:10 라스트오더_목11:30 - 22:0014:00 - 16:00 브레이크타임21:10 라스트오더_목_11:30 - 22:0014:00 - 16:00 브레이크타임21:10 라스트오더_금11:30 - 22:0014:00 - 16:00 브레이크타임21:10 라스트오더_금11:30 - 22:0014:00 - 16:00 브레이크타임21:10 라스트오더_금11:30 - 22:0014:00 - 16:00 브레이크타임21:10 라스트오더_금_11:30 - 22:0014:00 - 16:00 브레이크타임21:10 라스트오더_토12:00 - 22:0014:00 - 17:00 브레이크타임21:10 라스트오더_토12:00 - 22:0014:00 - 17:00 브레이크타임21:10 라스트오더_토12:00 - 22:0014:00 - 17:00 브레이크타임21:10 라스트오더_토_12:00 - 22:0014:00 - 17:00 브레이크타임21:10 라스트오더_일12:00 - 21:0014:00 - 16:00 브레이크타임20:10 라스트오더_일12:00 - 21:0014:00 - 16:00 브레이크타임20:10 라스트오더_일12:00 - 21:0014:00 - 16:00 브레이크타임20:10 라스트오더_일_12:00 - 21:0014:00 - 16:00 브레이크타임20:10 라스트오더_월11:30 - 22:0014:00 - 16:00 브레이크타임21:10 라스트오더_월11:30 - 22:0014:00 - 16:00 브레이크타임21:10 라스트오더_월11:30 - 22:0014:00 - 16:00 브레이크타임21:10 라스트오더_월_11:30 - 22:0014:00 - 16:00 브레이크타임21:10 라스트오더_화11:30 - 22:0014:00 - 16:00 브레이크타임21:10 라스트오더_화11:30 - 22:0014:00 - 16:00 브레이크타임21:10 라스트오더_화11:30 - 22:0014:00 - 16:00 브레이크타임21:10 라스트오더_화_11:30 - 22:0014:00 - 16:00 브레이크타임21:10 라스트오더_수11:30 - 22:0014:00 - 16:00 브레이크타임21:10 라스트오더접기_수11:30 - 22:0014:00 - 16:00 브레이크타임21:10 라스트오더접기_수11:30 - 22:0014:00 - 16:00 브레이크타임21:10 라스트오더_수_11:30 - 22:0014:00 - 16:00 브레이크타임21:10 라스트오더_접기_접기,별점없음,0,0,https://search.pstatic.net/common/?autoRotate=true&type=w560_sharpen&src=https%3A%2F%2Fldb-phinf.pstatic.net%2F20250827_112%2F1756284685116knS0M_JPEG%2FKakaoTalk_20250519_160753161_17.jpg,콜키지 가능무료_단체 이용 가능_포장_유아의자_예약_무선 인터넷_출입구 휠체어 이용가능,주차가능무료
사계 전주본점,1674437430,이자카야,도로명전북 전주시 완산구 홍산북로 20 102호복사지번전북 전주시 완산구 효자동2가 1236-1복사우편번호우편번호54966복사안내 레이어 닫기,0507-1485-3017,영업 종료16:00에 영업 시작16시 0분에 영업 시작_영업 종료16:00에 영업 시작16시 0분에 영업 시작_영업 종료16:00에 영업 시작16시 0분에 영업 시작_영업 종료_16:00에 영업 시작16시 0분에 영업 시작_16:00에 영업 시작_16시 0분에 영업 시작_목16:00 - 24:0023:30 라스트오더_목16:00 - 24:0023:30 라스트오더_목16:00 - 24:0023:30 라스트오더_목_16:00 - 24:0023:30 라스트오더_금16:00 - 24:0023:30 라스트오더_금16:00 - 24:0023:30 라스트오더_금16:00 - 24:0023:30 라스트오더_금_16:00 - 24:0023:30 라스트오더_토16:00 - 24:0023:30 라스트오더_토16:00 - 24:0023:30 라스트오더_토16:00 - 24:0023:30 라스트오더_토_16:00 - 24:0023:30 라스트오더_일정기휴무 (매주 일요일)_일정기휴무 (매주 일요일)_일정기휴무 (매주 일요일)_일_정기휴무 (매주 일요일)_정기휴무 (매주 일요일)_월16:00 - 24:0023:30 라스트오더_월16:00 - 24:0023:30 라스트오더_월16:00 - 24:0023:30 라스트오더_월_16:00 - 24:0023:30 라스트오더_화16:00 - 24:0023:30 라스트오더_화16:00 - 24:0023:30 라스트오더_화16:00 - 24:0023:30 라스트오더_화_16:00 - 24:0023:30 라스트오더_수16:00 - 24:0023:30 라스트오더_수16:00 - 24:0023:30 라스트오더_수16:00 - 24:0023:30 라스트오더_수_16:00 - 24:0023:30 라스트오더_- 변경시 사전공지 예정접기_- 변경시 사전공지 예정접기_- 변경시 사전공지 예정_- 변경시 사전공지 예정_접기_접기,별점없음,0,0,https://search.pstatic.net/common/?autoRotate=true&type=w278_sharpen&src=https%3A%2F%2Fldb-phinf.pstatic.net%2F20240205_136%2F1707118325384htbMQ_JPEG%2F%25C7%25C3%25B7%25B9%25C0%25CC%25BD%25BA_%25281%2529.jpg,콜키지 가능유료_단체 이용 가능_예약_무선 인터넷_포장_배달_남/녀 화장실 구분_출입구 휠체어 이용가능_좌석 휠체어 이용가능,주차가능무료
홀로설 전북도청 본점,1179533799,"육류,고기요리",도로명전북 전주시 완산구 효자로 194 104호복사지번전북 전주시 완산구 효자동3가 1525-1복사우편번호우편번호54969복사안내 레이어 닫기,0507-1347-3067,영업 종료11:00에 영업 시작11시 0분에 영업 시작_영업 종료11:00에 영업 시작11시 0분에 영업 시작_영업 종료11:00에 영업 시작11시 0분에 영업 시작_영업 종료_11:00에 영업 시작11시 0분에 영업 시작_11:00에 영업 시작_11시 0분에 영업 시작_목11:00 - 21:3020:40 라스트오더_목11:00 - 21:3020:40 라스트오더_목11:00 - 21:3020:40 라스트오더_목_11:00 - 21:3020:40 라스트오더_금11:00 - 21:3020:40 라스트오더_금11:00 - 21:3020:40 라스트오더_금11:00 - 21:3020:40 라스트오더_금_11:00 - 21:3020:40 라스트오더_토11:00 - 21:3020:40 라스트오더_토11:00 - 21:3020:40 라스트오더_토11:00 - 21:3020:40 라스트오더_토_11:00 - 21:3020:40 라스트오더_일11:00 - 21:3020:40 라스트오더_일11:00 - 21:3020:40 라스트오더_일11:00 - 21:3020:40 라스트오더_일_11:00 - 21:3020:40 라스트오더_월11:00 - 21:3020:40 라스트오더_월11:00 - 21:3020:40 라스트오더_월11:00 - 21:3020:40 라스트오더_월_11:00 - 21:3020:40 라스트오더_화11:00 - 21:3020:40 라스트오더_화11:00 - 21:3020:40 라스트오더_화11:00 - 21:3020:40 라스트오더_화_11:00 - 21:3020:40 라스트오더_수11:00 - 21:3020:40 라스트오더접기_수11:00 - 21:3020:40 라스트오더접기_수11:00 - 21:3020:40 라스트오더_수_11:00 - 21:3020:40 라스트오더_접기_접기,별점없음,0,0,https://search.pstatic.net/common/?autoRotate=true&type=w560_sharpen&src=https%3A%2F%2Fldb-phinf.pstatic.net%2F20250906_131%2F1757150846143Id7wb_JPEG%2FKakaoTalk_20250826_165615501.jpg,생일 혜택_단체 이용 가능_예약_남/녀 화장실 구분_대기공간_무선 인터넷_화장실 휠체어 이용가능_출입구 휠체어 이용가능_장애인 주차구역,주차가능무료
석암생소금구이 전주신시가지점,2035360458,"육류,고기요리",도로명전북 전주시 완산구 홍산중앙로 30 103호복사지번전북 전주시 완산구 효자동3가 1536-6복사우편번호우편번호54969복사안내 레이어 닫기,0507-1449-9595,영업 종료16:00에 영업 시작16시 0분에 영업 시작_영업 종료16:00에 영업 시작16시 0분에 영업 시작_영업 종료16:00에 영업 시작16시 0분에 영업 시작_영업 종료_16:00에 영업 시작16시 0분에 영업 시작_16:00에 영업 시작_16시 0분에 영업 시작_목16:00 - 다음 날 02:00_목16:00 - 다음 날 02:00_목16:00 - 다음 날 02:00_목_16:00 - 다음 날 02:00_금16:00 - 다음 날 02:00_금16:00 - 다음 날 02:00_금16:00 - 다음 날 02:00_금_16:00 - 다음 날 02:00_토16:00 - 다음 날 02:00_토16:00 - 다음 날 02:00_토16:00 - 다음 날 02:00_토_16:00 - 다음 날 02:00_일16:00 - 다음 날 02:00_일16:00 - 다음 날 02:00_일16:00 - 다음 날 02:00_일_16:00 - 다음 날 02:00_월16:00 - 다음 날 02:00_월16:00 - 다음 날 02:00_월16:00 - 다음 날 02:00_월_16:00 - 다음 날 02:00_화16:00 - 다음 날 02:00_화16:00 - 다음 날 02:00_화16:00 - 다음 날 02:00_화_16:00 - 다음 날 02:00_수16:00 - 다음 날 02:00접기_수16:00 - 다음 날 02:00접기_수16:00 - 다음 날 02:00_수_16:00 - 다음 날 02:00_접기_접기,별점없음,0,0,https://search.pstatic.net/common/?autoRotate=true&type=w560_sharpen&src=https%3A%2F%2Fldb-phinf.pstatic.net%2F20260422_190%2F1776827646412KmFYQ_JPEG%2F0_2.jpg,콜키지 가능유료_단체 이용 가능_예약,주차가능무료
올리빈,2050064407,브런치,도로명전북 전주시 완산구 척동4길 11 올리빈복사지번전북 전주시 완산구 효자동3가 1649-8복사우편번호우편번호54961복사안내 레이어 닫기,0507-1361-5930,영업 전10:00에 영업 시작10시 0분에 영업 시작_영업 전10:00에 영업 시작10시 0분에 영업 시작_영업 전10:00에 영업 시작10시 0분에 영업 시작_영업 전_10:00에 영업 시작10시 0분에 영업 시작_10:00에 영업 시작_10시 0분에 영업 시작_목10:00 - 21:0015:00 - 17:00 브레이크타임20:00 라스트오더_목10:00 - 21:0015:00 - 17:00 브레이크타임20:00 라스트오더_목10:00 - 21:0015:00 - 17:00 브레이크타임20:00 라스트오더_목_10:00 - 21:0015:00 - 17:00 브레이크타임20:00 라스트오더_금10:00 - 21:0015:00 - 17:00 브레이크타임20:00 라스트오더_금10:00 - 21:0015:00 - 17:00 브레이크타임20:00 라스트오더_금10:00 - 21:0015:00 - 17:00 브레이크타임20:00 라스트오더_금_10:00 - 21:0015:00 - 17:00 브레이크타임20:00 라스트오더_토10:00 - 21:0015:00 - 17:00 브레이크타임20:00 라스트오더_토10:00 - 21:0015:00 - 17:00 브레이크타임20:00 라스트오더_토10:00 - 21:0015:00 - 17:00 브레이크타임20:00 라스트오더_토_10:00 - 21:0015:00 - 17:00 브레이크타임20:00 라스트오더_일10:00 - 21:0015:00 - 17:00 브레이크타임20:00 라스트오더_일10:00 - 21:0015:00 - 17:00 브레이크타임20:00 라스트오더_일10:00 - 21:0015:00 - 17:00 브레이크타임20:00 라스트오더_일_10:00 - 21:0015:00 - 17:00 브레이크타임20:00 라스트오더_월10:00 - 21:0015:00 - 17:00 브레이크타임20:00 라스트오더_월10:00 - 21:0015:00 - 17:00 브레이크타임20:00 라스트오더_월10:00 - 21:0015:00 - 17:00 브레이크타임20:00 라스트오더_월_10:00 - 21:0015:00 - 17:00 브레이크타임20:00 라스트오더_화10:00 - 21:0015:00 - 17:00 브레이크타임20:00 라스트오더_화10:00 - 21:0015:00 - 17:00 브레이크타임20:00 라스트오더_화10:00 - 21:0015:00 - 17:00 브레이크타임20:00 라스트오더_화_10:00 - 21:0015:00 - 17:00 브레이크타임20:00 라스트오더_수10:00 - 21:0015:00 - 17:00 브레이크타임20:00 라스트오더접기_수10:00 - 21:0015:00 - 17:00 브레이크타임20:00 라스트오더접기_수10:00 - 21:0015:00 - 17:00 브레이크타임20:00 라스트오더_수_10:00 - 21:0015:00 - 17:00 브레이크타임20:00 라스트오더_접기_접기,별점없음,0,0,https://search.pstatic.net/common/?autoRotate=true&type=w560_sharpen&src=https%3A%2F%2Fldb-phinf.pstatic.net%2F20250513_109%2F1747065734996sCp9l_JPEG%2F%25BF%25AC%25C3%25E21_%25287%2529.jpg,비건 메뉴_유기농 메뉴_단체 이용 가능_포장_예약_무선 인터넷_남/녀 화장실 구분_유아의자,주차 불가
호르몬치치 전주신시가지점,2040733389,"육류,고기요리","도로명전북 전주시 완산구 홍산북로 84-20 101, 102호복사지번전북 전주시 완산구 효자동3가 1538-3복사우편번호우편번호54969복사안내 레이어 닫기",0507-1481-5945,영업 종료16:00에 영업 시작16시 0분에 영업 시작_영업 종료16:00에 영업 시작16시 0분에 영업 시작_영업 종료16:00에 영업 시작16시 0분에 영업 시작_영업 종료_16:00에 영업 시작16시 0분에 영업 시작_16:00에 영업 시작_16시 0분에 영업 시작_목16:00 - 다음 날 01:0000:30 라스트오더_목16:00 - 다음 날 01:0000:30 라스트오더_목16:00 - 다음 날 01:0000:30 라스트오더_목_16:00 - 다음 날 01:0000:30 라스트오더_금16:00 - 다음 날 01:0000:30 라스트오더_금16:00 - 다음 날 01:0000:30 라스트오더_금16:00 - 다음 날 01:0000:30 라스트오더_금_16:00 - 다음 날 01:0000:30 라스트오더_토16:00 - 다음 날 01:0000:30 라스트오더_토16:00 - 다음 날 01:0000:30 라스트오더_토16:00 - 다음 날 01:0000:30 라스트오더_토_16:00 - 다음 날 01:0000:30 라스트오더_일16:00 - 다음 날 01:0000:30 라스트오더_일16:00 - 다음 날 01:0000:30 라스트오더_일16:00 - 다음 날 01:0000:30 라스트오더_일_16:00 - 다음 날 01:0000:30 라스트오더_월16:00 - 다음 날 01:0000:30 라스트오더_월16:00 - 다음 날 01:0000:30 라스트오더_월16:00 - 다음 날 01:0000:30 라스트오더_월_16:00 - 다음 날 01:0000:30 라스트오더_화16:00 - 다음 날 01:0000:30 라스트오더_화16:00 - 다음 날 01:0000:30 라스트오더_화16:00 - 다음 날 01:0000:30 라스트오더_화_16:00 - 다음 날 01:0000:30 라스트오더_수16:00 - 다음 날 01:0000:30 라스트오더접기_수16:00 - 다음 날 01:0000:30 라스트오더접기_수16:00 - 다음 날 01:0000:30 라스트오더_수_16:00 - 다음 날 01:0000:30 라스트오더_접기_접기,별점없음,0,0,https://search.pstatic.net/common/?autoRotate=true&type=w560_sharpen&src=https%3A%2F%2Fnaverbooking-phinf.pstatic.net%2F20250511_63%2F174689214195254u2T_JPEG%2FKakaoTalk_20250307_092237394_07.jpg,무한 리필_콜키지 가능유료_단체 이용 가능_예약_무선 인터넷_남/녀 화장실 구분_유아의자,주차가능무료
달빛에구운고등어 전북도청점,1658039837,생선구이,도로명전북 전주시 완산구 홍산남로 20 101호복사지번전북 전주시 완산구 효자동2가 1242-4복사우편번호우편번호54966복사안내 레이어 닫기,0507-1487-2121,영업 종료11:00에 영업 시작11시 0분에 영업 시작_영업 종료11:00에 영업 시작11시 0분에 영업 시작_영업 종료11:00에 영업 시작11시 0분에 영업 시작_영업 종료_11:00에 영업 시작11시 0분에 영업 시작_11:00에 영업 시작_11시 0분에 영업 시작_목11:00 - 20:30_목11:00 - 20:30_목11:00 - 20:30_목_11:00 - 20:30_금11:00 - 20:30_금11:00 - 20:30_금11:00 - 20:30_금_11:00 - 20:30_토11:00 - 20:30_토11:00 - 20:30_토11:00 - 20:30_토_11:00 - 20:30_일11:00 - 20:30_일11:00 - 20:30_일11:00 - 20:30_일_11:00 - 20:30_월11:00 - 20:30_월11:00 - 20:30_월11:00 - 20:30_월_11:00 - 20:30_화11:00 - 20:30_화11:00 - 20:30_화11:00 - 20:30_화_11:00 - 20:30_수11:00 - 20:30접기_수11:00 - 20:30접기_수11:00 - 20:30_수_11:00 - 20:30_접기_접기,별점없음,0,0,https://search.pstatic.net/common/?autoRotate=true&type=w560_sharpen&src=https%3A%2F%2Fldb-phinf.pstatic.net%2F20260526_223%2F1779768661868yDbhH_JPEG%2F2.jpg,포장_배달_예약_남/녀 화장실 구분_무선 인터넷,주차가능
다산돼지와낙지 본점,35262409,한식,도로명전북 전주시 완산구 홍산북로 83-9 에코빌딩 1층복사지번전북 전주시 완산구 효자동3가 1530-5복사우편번호우편번호54969복사안내 레이어 닫기,063-221-7005,"영업 종료11:20에 영업 시작11시 20분에 영업 시작_영업 종료11:20에 영업 시작11시 20분에 영업 시작_영업 종료11:20에 영업 시작11시 20분에 영업 시작_영업 종료_11:20에 영업 시작11시 20분에 영업 시작_11:20에 영업 시작_11시 20분에 영업 시작_목11:20 - 22:0015:00 - 17:00 브레이크타임14:00, 21:00 라스트오더_목11:20 - 22:0015:00 - 17:00 브레이크타임14:00, 21:00 라스트오더_목11:20 - 22:0015:00 - 17:00 브레이크타임14:00, 21:00 라스트오더_목_11:20 - 22:0015:00 - 17:00 브레이크타임14:00, 21:00 라스트오더_금11:20 - 22:0015:00 - 17:00 브레이크타임14:00, 21:00 라스트오더_금11:20 - 22:0015:00 - 17:00 브레이크타임14:00, 21:00 라스트오더_금11:20 - 22:0015:00 - 17:00 브레이크타임14:00, 21:00 라스트오더_금_11:20 - 22:0015:00 - 17:00 브레이크타임14:00, 21:00 라스트오더_토11:20 - 22:0015:00 - 17:00 브레이크타임14:00, 21:00 라스트오더_토11:20 - 22:0015:00 - 17:00 브레이크타임14:00, 21:00 라스트오더_토11:20 - 22:0015:00 - 17:00 브레이크타임14:00, 21:00 라스트오더_토_11:20 - 22:0015:00 - 17:00 브레이크타임14:00, 21:00 라스트오더_일정기휴무 (매주 일요일)_일정기휴무 (매주 일요일)_일정기휴무 (매주 일요일)_일_정기휴무 (매주 일요일)_정기휴무 (매주 일요일)_월11:20 - 22:0015:00 - 17:00 브레이크타임14:00, 21:00 라스트오더_월11:20 - 22:0015:00 - 17:00 브레이크타임14:00, 21:00 라스트오더_월11:20 - 22:0015:00 - 17:00 브레이크타임14:00, 21:00 라스트오더_월_11:20 - 22:0015:00 - 17:00 브레이크타임14:00, 21:00 라스트오더_화11:20 - 22:0015:00 - 17:00 브레이크타임14:00, 21:00 라스트오더_화11:20 - 22:0015:00 - 17:00 브레이크타임14:00, 21:00 라스트오더_화11:20 - 22:0015:00 - 17:00 브레이크타임14:00, 21:00 라스트오더_화_11:20 - 22:0015:00 - 17:00 브레이크타임14:00, 21:00 라스트오더_수11:20 - 22:0015:00 - 17:00 브레이크타임14:00, 21:00 라스트오더접기_수11:20 - 22:0015:00 - 17:00 브레이크타임14:00, 21:00 라스트오더접기_수11:20 - 22:0015:00 - 17:00 브레이크타임14:00, 21:00 라스트오더_수_11:20 - 22:0015:00 - 17:00 브레이크타임14:00, 21:00 라스트오더_접기_접기",별점없음,0,0,https://search.pstatic.net/common/?autoRotate=true&type=w560_sharpen&src=https%3A%2F%2Fldb-phinf.pstatic.net%2F20251129_141%2F17644247612277ERwV_JPEG%2F1000017374.jpg,예약_단체 이용 가능_포장_남/녀 화장실 구분_무선 인터넷_대기공간,주차가능무료
시오베이커리,2092423541,베이커리,도로명전북 전주시 완산구 구룡1길 14-1 1층 101호복사지번전북 전주시 완산구 효자동2가 1266-1복사우편번호우편번호55061복사안내 레이어 닫기,0507-1351-5790,영업 전10:00에 영업 시작10시 0분에 영업 시작_영업 전10:00에 영업 시작10시 0분에 영업 시작_영업 전10:00에 영업 시작10시 0분에 영업 시작_영업 전_10:00에 영업 시작10시 0분에 영업 시작_10:00에 영업 시작_10시 0분에 영업 시작_목10:00 - 19:00_목10:00 - 19:00_목10:00 - 19:00_목_10:00 - 19:00_금10:00 - 19:00_금10:00 - 19:00_금10:00 - 19:00_금_10:00 - 19:00_토10:00 - 19:00_토10:00 - 19:00_토10:00 - 19:00_토_10:00 - 19:00_일10:00 - 19:00_일10:00 - 19:00_일10:00 - 19:00_일_10:00 - 19:00_월10:00 - 19:00_월10:00 - 19:00_월10:00 - 19:00_월_10:00 - 19:00_화정기휴무 (매주 화요일)_화정기휴무 (매주 화요일)_화정기휴무 (매주 화요일)_화_정기휴무 (매주 화요일)_정기휴무 (매주 화요일)_수10:00 - 19:00_수10:00 - 19:00_수10:00 - 19:00_수_10:00 - 19:00_- 재고소진시 영업시간이 단축될 수 있습니다.접기_- 재고소진시 영업시간이 단축될 수 있습니다.접기_- 재고소진시 영업시간이 단축될 수 있습니다._- 재고소진시 영업시간이 단축될 수 있습니다._접기_접기,별점없음,0,0,https://search.pstatic.net/common/?autoRotate=true&type=w278_sharpen&src=https%3A%2F%2Fldb-phinf.pstatic.net%2F20260511_291%2F17784823743441BmlR_JPEG%2FKakaoTalk_20260504_182742834_01.jpg,포장_예약_무선 인터넷_출입구 휠체어 이용가능,주차가능무료
진담동&소바 전주효자동신시가지본점,1767903379,"우동,소바",도로명전북 전주시 완산구 홍산남로 55 103호복사지번전북 전주시 완산구 효자동3가 1534-5복사우편번호우편번호54969복사안내 레이어 닫기,0507-1357-4853,영업 전11:00에 영업 시작11시 0분에 영업 시작_영업 전11:00에 영업 시작11시 0분에 영업 시작_영업 전11:00에 영업 시작11시 0분에 영업 시작_영업 전_11:00에 영업 시작11시 0분에 영업 시작_11:00에 영업 시작_11시 0분에 영업 시작_목11:00 - 21:0015:00 - 17:00 브레이크타임20:30 라스트오더_목11:00 - 21:0015:00 - 17:00 브레이크타임20:30 라스트오더_목11:00 - 21:0015:00 - 17:00 브레이크타임20:30 라스트오더_목_11:00 - 21:0015:00 - 17:00 브레이크타임20:30 라스트오더_금11:00 - 21:0015:00 - 17:00 브레이크타임20:30 라스트오더_금11:00 - 21:0015:00 - 17:00 브레이크타임20:30 라스트오더_금11:00 - 21:0015:00 - 17:00 브레이크타임20:30 라스트오더_금_11:00 - 21:0015:00 - 17:00 브레이크타임20:30 라스트오더_토11:00 - 21:0020:30 라스트오더_토11:00 - 21:0020:30 라스트오더_토11:00 - 21:0020:30 라스트오더_토_11:00 - 21:0020:30 라스트오더_일11:00 - 21:0020:30 라스트오더_일11:00 - 21:0020:30 라스트오더_일11:00 - 21:0020:30 라스트오더_일_11:00 - 21:0020:30 라스트오더_월11:00 - 21:0015:00 - 17:00 브레이크타임20:30 라스트오더_월11:00 - 21:0015:00 - 17:00 브레이크타임20:30 라스트오더_월11:00 - 21:0015:00 - 17:00 브레이크타임20:30 라스트오더_월_11:00 - 21:0015:00 - 17:00 브레이크타임20:30 라스트오더_화11:00 - 21:0015:00 - 17:00 브레이크타임20:30 라스트오더_화11:00 - 21:0015:00 - 17:00 브레이크타임20:30 라스트오더_화11:00 - 21:0015:00 - 17:00 브레이크타임20:30 라스트오더_화_11:00 - 21:0015:00 - 17:00 브레이크타임20:30 라스트오더_수11:00 - 21:0015:00 - 17:00 브레이크타임20:30 라스트오더접기_수11:00 - 21:0015:00 - 17:00 브레이크타임20:30 라스트오더접기_수11:00 - 21:0015:00 - 17:00 브레이크타임20:30 라스트오더_수_11:00 - 21:0015:00 - 17:00 브레이크타임20:30 라스트오더_접기_접기,별점없음,0,0,https://search.pstatic.net/common/?autoRotate=true&type=w560_sharpen&src=https%3A%2F%2Fldb-phinf.pstatic.net%2F20241121_276%2F1732185265283EJnuj_JPEG%2FKakaoTalk_20240117_201955257_07.jpg,포장_배달_남/녀 화장실 구분_무선 인터넷_출입구 휠체어 이용가능_장애인 주차구역,주차가능무료
몽유도 신시가지점,1954251906,"육류,고기요리",도로명전북 전주시 완산구 홍산중앙로 47 1층복사지번전북 전주시 완산구 효자동3가 1527-10복사우편번호우편번호54969복사안내 레이어 닫기,0507-1305-0493,영업 종료16:00에 영업 시작16시 0분에 영업 시작_영업 종료16:00에 영업 시작16시 0분에 영업 시작_영업 종료16:00에 영업 시작16시 0분에 영업 시작_영업 종료_16:00에 영업 시작16시 0분에 영업 시작_16:00에 영업 시작_16시 0분에 영업 시작_매일16:00 - 24:0023:00 라스트오더접기_매일16:00 - 24:0023:00 라스트오더접기_매일16:00 - 24:0023:00 라스트오더_매일_16:00 - 24:0023:00 라스트오더_접기_접기,별점없음,0,0,https://search.pstatic.net/common/?autoRotate=true&type=w560_sharpen&src=https%3A%2F%2Fldb-phinf.pstatic.net%2F20220112_36%2F164196193604297jOn_JPEG%2FKakaoTalk_20220111_103034523_03.jpg,콜키지 가능유료_대관_단체 이용 가능_무선 인터넷_남/녀 화장실 구분_예약_유아의자,주차가능무료
오티씨커피,1027304409,"카페,디저트",도로명전북 전주시 완산구 마전중앙로 21 1층 103호복사지번전북 전주시 완산구 효자동3가 1633-7복사우편번호우편번호54962복사안내 레이어 닫기,0507-1414-4339,영업 전10:00에 영업 시작10시 0분에 영업 시작_영업 전10:00에 영업 시작10시 0분에 영업 시작_영업 전10:00에 영업 시작10시 0분에 영업 시작_영업 전_10:00에 영업 시작10시 0분에 영업 시작_10:00에 영업 시작_10시 0분에 영업 시작_목10:00 - 22:30_목10:00 - 22:30_목10:00 - 22:30_목_10:00 - 22:30_금10:00 - 23:00_금10:00 - 23:00_금10:00 - 23:00_금_10:00 - 23:00_토10:00 - 23:00_토10:00 - 23:00_토10:00 - 23:00_토_10:00 - 23:00_일10:00 - 23:00_일10:00 - 23:00_일10:00 - 23:00_일_10:00 - 23:00_월10:00 - 22:30_월10:00 - 22:30_월10:00 - 22:30_월_10:00 - 22:30_화10:00 - 22:30_화10:00 - 22:30_화10:00 - 22:30_화_10:00 - 22:30_수10:00 - 22:30접기_수10:00 - 22:30접기_수10:00 - 22:30_수_10:00 - 22:30_접기_접기,별점없음,0,0,https://search.pstatic.net/common/?autoRotate=true&type=w560_sharpen&src=https%3A%2F%2Fldb-phinf.pstatic.net%2F20250411_80%2F1744355314165ej5TU_JPEG%2FIMG_3751.jpeg,단체 이용 가능_포장_무선 인터넷_남/녀 화장실 구분_예약,주차가능무료
후후소금빵,2077158695,"카페,디저트",도로명전북 전주시 완산구 마전3길 2 1층복사지번전북 전주시 완산구 효자동3가 1630-4복사우편번호우편번호54962복사안내 레이어 닫기,063-714-4376,영업 전10:00에 영업 시작10시 0분에 영업 시작_영업 전10:00에 영업 시작10시 0분에 영업 시작_영업 전10:00에 영업 시작10시 0분에 영업 시작_영업 전_10:00에 영업 시작10시 0분에 영업 시작_10:00에 영업 시작_10시 0분에 영업 시작_목10:00 - 18:00_목10:00 - 18:00_목10:00 - 18:00_목_10:00 - 18:00_금10:00 - 18:00_금10:00 - 18:00_금10:00 - 18:00_금_10:00 - 18:00_토10:00 - 18:00_토10:00 - 18:00_토10:00 - 18:00_토_10:00 - 18:00_일정기휴무 (매주 일요일)_일정기휴무 (매주 일요일)_일정기휴무 (매주 일요일)_일_정기휴무 (매주 일요일)_정기휴무 (매주 일요일)_월10:00 - 18:00_월10:00 - 18:00_월10:00 - 18:00_월_10:00 - 18:00_화10:00 - 18:00_화10:00 - 18:00_화10:00 - 18:00_화_10:00 - 18:00_수10:00 - 18:00_수10:00 - 18:00_수10:00 - 18:00_수_10:00 - 18:00_- 소금빵 전메뉴 소진 시 조기마감합니다:)접기_- 소금빵 전메뉴 소진 시 조기마감합니다:)접기_- 소금빵 전메뉴 소진 시 조기마감합니다:)_- 소금빵 전메뉴 소진 시 조기마감합니다:)_접기_접기,별점없음,0,0,https://search.pstatic.net/common/?autoRotate=true&type=w560_sharpen&src=https%3A%2F%2Fldb-phinf.pstatic.net%2F20260428_68%2F1777367570798lXlj8_JPEG%2FIMG_0357.jpg,포장,주차가능무료
양누리 신시가지점,1119515452,"육류,고기요리","도로명전북 전주시 완산구 마전들로 49 1층, 2층 양누리복사지번전북 전주시 완산구 효자동3가 1667-9복사우편번호우편번호54961복사안내 레이어 닫기",0507-1453-9032,영업 종료16:00에 영업 시작16시 0분에 영업 시작_영업 종료16:00에 영업 시작16시 0분에 영업 시작_영업 종료16:00에 영업 시작16시 0분에 영업 시작_영업 종료_16:00에 영업 시작16시 0분에 영업 시작_16:00에 영업 시작_16시 0분에 영업 시작_목16:00 - 23:00_목16:00 - 23:00_목16:00 - 23:00_목_16:00 - 23:00_금16:00 - 23:00_금16:00 - 23:00_금16:00 - 23:00_금_16:00 - 23:00_토16:00 - 22:00_토16:00 - 22:00_토16:00 - 22:00_토_16:00 - 22:00_일16:00 - 22:00_일16:00 - 22:00_일16:00 - 22:00_일_16:00 - 22:00_월16:00 - 23:00_월16:00 - 23:00_월16:00 - 23:00_월_16:00 - 23:00_화16:00 - 23:00_화16:00 - 23:00_화16:00 - 23:00_화_16:00 - 23:00_수16:00 - 23:00접기_수16:00 - 23:00접기_수16:00 - 23:00_수_16:00 - 23:00_접기_접기,별점없음,0,0,https://search.pstatic.net/common/?autoRotate=true&type=w560_sharpen&src=https%3A%2F%2Fldb-phinf.pstatic.net%2F20240901_278%2F1725173258957wAjP0_JPEG%2FB13A4169.JPG,와인 페어링_예약_단체 이용 가능_남/녀 화장실 구분_무선 인터넷_유아의자,주차가능무료
다 레오,1651846978,이탈리아음식,도로명전북 전주시 완산구 홍산로 269 108호복사지번전북 전주시 완산구 효자동2가 1232-3복사우편번호우편번호54966복사안내 레이어 닫기,0507-1324-6005,영업 종료11:30에 영업 시작11시 30분에 영업 시작_영업 종료11:30에 영업 시작11시 30분에 영업 시작_영업 종료11:30에 영업 시작11시 30분에 영업 시작_영업 종료_11:30에 영업 시작11시 30분에 영업 시작_11:30에 영업 시작_11시 30분에 영업 시작_목11:30 - 21:0015:00 - 17:00 브레이크타임20:00 라스트오더_목11:30 - 21:0015:00 - 17:00 브레이크타임20:00 라스트오더_목11:30 - 21:0015:00 - 17:00 브레이크타임20:00 라스트오더_목_11:30 - 21:0015:00 - 17:00 브레이크타임20:00 라스트오더_금11:30 - 21:0015:00 - 17:00 브레이크타임20:00 라스트오더_금11:30 - 21:0015:00 - 17:00 브레이크타임20:00 라스트오더_금11:30 - 21:0015:00 - 17:00 브레이크타임20:00 라스트오더_금_11:30 - 21:0015:00 - 17:00 브레이크타임20:00 라스트오더_토11:30 - 21:0015:00 - 17:00 브레이크타임20:00 라스트오더_토11:30 - 21:0015:00 - 17:00 브레이크타임20:00 라스트오더_토11:30 - 21:0015:00 - 17:00 브레이크타임20:00 라스트오더_토_11:30 - 21:0015:00 - 17:00 브레이크타임20:00 라스트오더_일11:30 - 15:0014:00 라스트오더_일11:30 - 15:0014:00 라스트오더_일11:30 - 15:0014:00 라스트오더_일_11:30 - 15:0014:00 라스트오더_월정기휴무 (매주 월요일)_월정기휴무 (매주 월요일)_월정기휴무 (매주 월요일)_월_정기휴무 (매주 월요일)_정기휴무 (매주 월요일)_화11:30 - 21:0015:00 - 17:00 브레이크타임20:00 라스트오더_화11:30 - 21:0015:00 - 17:00 브레이크타임20:00 라스트오더_화11:30 - 21:0015:00 - 17:00 브레이크타임20:00 라스트오더_화_11:30 - 21:0015:00 - 17:00 브레이크타임20:00 라스트오더_수11:30 - 21:0015:00 - 17:00 브레이크타임20:00 라스트오더접기_수11:30 - 21:0015:00 - 17:00 브레이크타임20:00 라스트오더접기_수11:30 - 21:0015:00 - 17:00 브레이크타임20:00 라스트오더_수_11:30 - 21:0015:00 - 17:00 브레이크타임20:00 라스트오더_접기_접기,별점없음,0,0,https://search.pstatic.net/common/?autoRotate=true&type=w560_sharpen&src=https%3A%2F%2Fldb-phinf.pstatic.net%2F20220823_232%2F1661252253110JluUY_JPEG%2FE06B7477-1DD1-4B8C-9AAB-E248B07C39D4.jpeg,콜키지 가능무료_단체 이용 가능_포장_남/녀 화장실 구분_예약,주차가능무료
EIGHT FLOOR,1582706255,요리주점,도로명전북 전주시 완산구 마전들로 74 8층 에이트플로어복사지번전북 전주시 완산구 효자동3가 1694-2복사우편번호우편번호54963복사안내 레이어 닫기,0507-1382-7812,영업 종료17:00에 영업 시작17시 0분에 영업 시작_영업 종료17:00에 영업 시작17시 0분에 영업 시작_영업 종료17:00에 영업 시작17시 0분에 영업 시작_영업 종료_17:00에 영업 시작17시 0분에 영업 시작_17:00에 영업 시작_17시 0분에 영업 시작_목17:00 - 다음 날 00:50_목17:00 - 다음 날 00:50_목17:00 - 다음 날 00:50_목_17:00 - 다음 날 00:50_금17:00 - 다음 날 00:50_금17:00 - 다음 날 00:50_금17:00 - 다음 날 00:50_금_17:00 - 다음 날 00:50_토17:00 - 다음 날 00:50_토17:00 - 다음 날 00:50_토17:00 - 다음 날 00:50_토_17:00 - 다음 날 00:50_일정기휴무 (매주 일요일)_일정기휴무 (매주 일요일)_일정기휴무 (매주 일요일)_일_정기휴무 (매주 일요일)_정기휴무 (매주 일요일)_월17:00 - 다음 날 00:50_월17:00 - 다음 날 00:50_월17:00 - 다음 날 00:50_월_17:00 - 다음 날 00:50_화17:00 - 다음 날 00:50_화17:00 - 다음 날 00:50_화17:00 - 다음 날 00:50_화_17:00 - 다음 날 00:50_수17:00 - 다음 날 00:50접기_수17:00 - 다음 날 00:50접기_수17:00 - 다음 날 00:50_수_17:00 - 다음 날 00:50_접기_접기,별점없음,0,0,https://search.pstatic.net/common/?autoRotate=true&type=w560_sharpen&src=https%3A%2F%2Fldb-phinf.pstatic.net%2F20230117_32%2F1673931440624vk2gm_JPEG%2F1673931435718-1.jpg,단체 이용 가능_남/녀 화장실 구분_무선 인터넷_예약_노키즈존_출입구 휠체어 이용가능_좌석 휠체어 이용가능_장애인 주차구역,주차가능무료
메종드쁘띠푸르 전주점,1881842274,베이커리,"도로명전북 전주시 완산구 홍산남로 29-15 휴본빌딩 1F, 2F복사지번전북 전주시 완산구 효자동2가 1238-5복사우편번호우편번호54966복사안내 레이어 닫기",063-227-0919,영업 전08:00에 영업 시작8시 0분에 영업 시작_영업 전08:00에 영업 시작8시 0분에 영업 시작_영업 전08:00에 영업 시작8시 0분에 영업 시작_영업 전_08:00에 영업 시작8시 0분에 영업 시작_08:00에 영업 시작_8시 0분에 영업 시작_목08:00 - 22:00_목08:00 - 22:00_목08:00 - 22:00_목_08:00 - 22:00_금08:00 - 22:00_금08:00 - 22:00_금08:00 - 22:00_금_08:00 - 22:00_토08:00 - 22:00_토08:00 - 22:00_토08:00 - 22:00_토_08:00 - 22:00_일08:00 - 22:00_일08:00 - 22:00_일08:00 - 22:00_일_08:00 - 22:00_월08:00 - 22:00_월08:00 - 22:00_월08:00 - 22:00_월_08:00 - 22:00_화08:00 - 22:00_화08:00 - 22:00_화08:00 - 22:00_화_08:00 - 22:00_수08:00 - 22:00접기_수08:00 - 22:00접기_수08:00 - 22:00_수_08:00 - 22:00_접기_접기,별점없음,0,0,https://search.pstatic.net/common/?autoRotate=true&type=w560_sharpen&src=https%3A%2F%2Fldb-phinf.pstatic.net%2F20200916_216%2F1600249186119ewrmR_JPEG%2F2bg0aSZPmQpFe-j6gSV8z8lW.jpg,무선 인터넷_남/녀 화장실 구분_단체 이용 가능_배달_포장_유아의자_\반려동물 동반_화장실 휠체어 이용가능_출입구 휠체어 이용가능_좌석 휠체어 이용가능_장애인 주차구역,주차가능무료
성산제줏간 전주신시가지,2046308559,돼지고기구이,도로명전북 전주시 완산구 홍산북로 69-9 1층 성산제줏간 전주신시가지점복사지번전북 전주시 완산구 효자동3가 1528-12복사우편번호우편번호54969복사안내 레이어 닫기,0507-1378-4280,영업 종료16:00에 영업 시작16시 0분에 영업 시작_영업 종료16:00에 영업 시작16시 0분에 영업 시작_영업 종료16:00에 영업 시작16시 0분에 영업 시작_영업 종료_16:00에 영업 시작16시 0분에 영업 시작_16:00에 영업 시작_16시 0분에 영업 시작_목16:00 - 다음 날 01:0000:30 라스트오더_목16:00 - 다음 날 01:0000:30 라스트오더_목16:00 - 다음 날 01:0000:30 라스트오더_목_16:00 - 다음 날 01:0000:30 라스트오더_금16:00 - 다음 날 01:0000:30 라스트오더_금16:00 - 다음 날 01:0000:30 라스트오더_금16:00 - 다음 날 01:0000:30 라스트오더_금_16:00 - 다음 날 01:0000:30 라스트오더_토12:00 - 다음 날 01:0000:30 라스트오더_토12:00 - 다음 날 01:0000:30 라스트오더_토12:00 - 다음 날 01:0000:30 라스트오더_토_12:00 - 다음 날 01:0000:30 라스트오더_일12:00 - 다음 날 01:0000:30 라스트오더_일12:00 - 다음 날 01:0000:30 라스트오더_일12:00 - 다음 날 01:0000:30 라스트오더_일_12:00 - 다음 날 01:0000:30 라스트오더_월16:00 - 다음 날 01:0000:30 라스트오더_월16:00 - 다음 날 01:0000:30 라스트오더_월16:00 - 다음 날 01:0000:30 라스트오더_월_16:00 - 다음 날 01:0000:30 라스트오더_화16:00 - 다음 날 01:0000:30 라스트오더_화16:00 - 다음 날 01:0000:30 라스트오더_화16:00 - 다음 날 01:0000:30 라스트오더_화_16:00 - 다음 날 01:0000:30 라스트오더_수16:00 - 다음 날 01:0000:30 라스트오더접기_수16:00 - 다음 날 01:0000:30 라스트오더접기_수16:00 - 다음 날 01:0000:30 라스트오더_수_16:00 - 다음 날 01:0000:30 라스트오더_접기_접기,별점없음,0,0,https://search.pstatic.net/common/?autoRotate=true&type=w560_sharpen&src=https%3A%2F%2Fldb-phinf.pstatic.net%2F20260417_16%2F1776416504381hndQG_PNG%2F%25C0%25FC%25C1%25D6%25BD%25C5%25BD%25C3%25B0%25A1%25C1%25F6_%25C0%25CC%25B9%25CC%25C1%25F6.png,단체 이용 가능_무선 인터넷_대기공간_유아의자_남/녀 화장실 구분_예약,주차가능무료
가츠연,1517836857,일식당,도로명전북 전주시 완산구 홍산북로 46-21 성준빌딩 2층 가츠연복사지번전북 전주시 완산구 효자동3가 1533-3복사우편번호우편번호54969복사안내 레이어 닫기,0507-1309-2277,영업 종료11:30에 영업 시작11시 30분에 영업 시작_영업 종료11:30에 영업 시작11시 30분에 영업 시작_영업 종료11:30에 영업 시작11시 30분에 영업 시작_영업 종료_11:30에 영업 시작11시 30분에 영업 시작_11:30에 영업 시작_11시 30분에 영업 시작_목11:30 - 21:3015:30 - 17:00 브레이크타임_목11:30 - 21:3015:30 - 17:00 브레이크타임_목11:30 - 21:3015:30 - 17:00 브레이크타임_목_11:30 - 21:3015:30 - 17:00 브레이크타임_금11:30 - 21:3015:30 - 17:00 브레이크타임_금11:30 - 21:3015:30 - 17:00 브레이크타임_금11:30 - 21:3015:30 - 17:00 브레이크타임_금_11:30 - 21:3015:30 - 17:00 브레이크타임_토11:30 - 21:30_토11:30 - 21:30_토11:30 - 21:30_토_11:30 - 21:30_일11:30 - 21:30_일11:30 - 21:30_일11:30 - 21:30_일_11:30 - 21:30_월11:30 - 21:3015:30 - 17:00 브레이크타임_월11:30 - 21:3015:30 - 17:00 브레이크타임_월11:30 - 21:3015:30 - 17:00 브레이크타임_월_11:30 - 21:3015:30 - 17:00 브레이크타임_화11:30 - 21:3015:30 - 17:00 브레이크타임_화11:30 - 21:3015:30 - 17:00 브레이크타임_화11:30 - 21:3015:30 - 17:00 브레이크타임_화_11:30 - 21:3015:30 - 17:00 브레이크타임_수11:30 - 21:3015:30 - 17:00 브레이크타임접기_수11:30 - 21:3015:30 - 17:00 브레이크타임접기_수11:30 - 21:3015:30 - 17:00 브레이크타임_수_11:30 - 21:3015:30 - 17:00 브레이크타임_접기_접기,별점없음,0,0,https://search.pstatic.net/common/?autoRotate=true&type=w560_sharpen&src=https%3A%2F%2Fldb-phinf.pstatic.net%2F20180102_295%2F1514868826334yqI7v_JPEG%2FDrT6kZ_59bFTVArNdq1qIjl9.jpg,화장실 휠체어 이용가능_출입구 휠체어 이용가능_좌석 휠체어 이용가능_장애인 주차구역,주차가능무료
프랭크커핀바&베이커리 효자점,1681529226,"카페,디저트",도로명전북 전주시 완산구 마전중앙로 14 1층 101호복사지번전북 전주시 완산구 효자동3가 1644-4복사우편번호우편번호54962복사안내 레이어 닫기,0507-1321-6310,영업 전08:30에 영업 시작8시 30분에 영업 시작_영업 전08:30에 영업 시작8시 30분에 영업 시작_영업 전08:30에 영업 시작8시 30분에 영업 시작_영업 전_08:30에 영업 시작8시 30분에 영업 시작_08:30에 영업 시작_8시 30분에 영업 시작_매일08:30 - 22:0021:30 라스트오더_매일08:30 - 22:0021:30 라스트오더_매일08:30 - 22:0021:30 라스트오더_매일_08:30 - 22:0021:30 라스트오더_- 오전8시30분~오후22시접기_- 오전8시30분~오후22시접기_- 오전8시30분~오후22시_- 오전8시30분~오후22시_접기_접기,별점없음,0,0,https://search.pstatic.net/common/?autoRotate=true&type=w560_sharpen&src=https%3A%2F%2Fldb-phinf.pstatic.net%2F20250918_273%2F1758166145758FUETs_JPEG%2FIMG_7518.jpeg,테이크아웃 할인_남/녀 화장실 구분_무선 인터넷_단체 이용 가능_포장_배달_방문접수/출장_유아의자,주차가능무료
나나방콕 전주신시가지점,2000922127,태국음식,도로명전북 전주시 완산구 홍산로 250 1층복사지번전북 전주시 완산구 효자동3가 1531-4복사우편번호우편번호54969복사안내 레이어 닫기,0507-1309-6132,영업 전11:00에 영업 시작11시 0분에 영업 시작_영업 전11:00에 영업 시작11시 0분에 영업 시작_영업 전11:00에 영업 시작11시 0분에 영업 시작_영업 전_11:00에 영업 시작11시 0분에 영업 시작_11:00에 영업 시작_11시 0분에 영업 시작_목11:00 - 21:3015:00 - 17:00 브레이크타임20:30 라스트오더_목11:00 - 21:3015:00 - 17:00 브레이크타임20:30 라스트오더_목11:00 - 21:3015:00 - 17:00 브레이크타임20:30 라스트오더_목_11:00 - 21:3015:00 - 17:00 브레이크타임20:30 라스트오더_금11:00 - 21:3015:00 - 17:00 브레이크타임20:30 라스트오더_금11:00 - 21:3015:00 - 17:00 브레이크타임20:30 라스트오더_금11:00 - 21:3015:00 - 17:00 브레이크타임20:30 라스트오더_금_11:00 - 21:3015:00 - 17:00 브레이크타임20:30 라스트오더_토11:00 - 21:3015:00 - 17:00 브레이크타임20:30 라스트오더_토11:00 - 21:3015:00 - 17:00 브레이크타임20:30 라스트오더_토11:00 - 21:3015:00 - 17:00 브레이크타임20:30 라스트오더_토_11:00 - 21:3015:00 - 17:00 브레이크타임20:30 라스트오더_일11:00 - 21:3015:00 - 17:00 브레이크타임20:30 라스트오더_일11:00 - 21:3015:00 - 17:00 브레이크타임20:30 라스트오더_일11:00 - 21:3015:00 - 17:00 브레이크타임20:30 라스트오더_일_11:00 - 21:3015:00 - 17:00 브레이크타임20:30 라스트오더_월11:00 - 21:3015:00 - 17:00 브레이크타임20:30 라스트오더_월11:00 - 21:3015:00 - 17:00 브레이크타임20:30 라스트오더_월11:00 - 21:3015:00 - 17:00 브레이크타임20:30 라스트오더_월_11:00 - 21:3015:00 - 17:00 브레이크타임20:30 라스트오더_화11:00 - 21:3015:00 - 17:00 브레이크타임20:30 라스트오더_화11:00 - 21:3015:00 - 17:00 브레이크타임20:30 라스트오더_화11:00 - 21:3015:00 - 17:00 브레이크타임20:30 라스트오더_화_11:00 - 21:3015:00 - 17:00 브레이크타임20:30 라스트오더_수11:00 - 21:3015:00 - 17:00 브레이크타임20:30 라스트오더_수11:00 - 21:3015:00 - 17:00 브레이크타임20:30 라스트오더_수11:00 - 21:3015:00 - 17:00 브레이크타임20:30 라스트오더_수_11:00 - 21:3015:00 - 17:00 브레이크타임20:30 라스트오더_- 런치타임 라스트오더 14:50/16시까지 식사 가능접기_- 런치타임 라스트오더 14:50/16시까지 식사 가능접기_- 런치타임 라스트오더 14:50/16시까지 식사 가능_- 런치타임 라스트오더 14:50/16시까지 식사 가능_접기_접기,별점없음,0,0,https://search.pstatic.net/common/?autoRotate=true&type=w560_sharpen&src=https%3A%2F%2Fldb-phinf.pstatic.net%2F20260128_94%2F1769563598915UQ35b_PNG%2F%25B9%25E4%252C_%25B1%25B9%25B9%25B0_%25B9%25AB%25B7%25E1_%25B8%25AE%25C7%25CA.png,콜키지 가능무료_단체 이용 가능_포장_배달_무선 인터넷_유아의자_남/녀 화장실 구분_대기공간_화장실 휠체어 이용가능,주차가능무료
멘야케이 전주신시가지점,1444733898,일본식라면,도로명전북 전주시 완산구 홍산남로 14 1층 A101호복사지번전북 전주시 완산구 효자동2가 1242-1복사우편번호우편번호54966복사안내 레이어 닫기,0507-1411-2365,"영업 전11:00에 영업 시작11시 0분에 영업 시작_영업 전11:00에 영업 시작11시 0분에 영업 시작_영업 전11:00에 영업 시작11시 0분에 영업 시작_영업 전_11:00에 영업 시작11시 0분에 영업 시작_11:00에 영업 시작_11시 0분에 영업 시작_매일11:00 - 21:0020:30 라스트오더_매일11:00 - 21:0020:30 라스트오더_매일11:00 - 21:0020:30 라스트오더_매일_11:00 - 21:0020:30 라스트오더_- 육수 소진시 조기마감 합니다, 브레이크타임은 없습니다!접기_- 육수 소진시 조기마감 합니다, 브레이크타임은 없습니다!접기_- 육수 소진시 조기마감 합니다, 브레이크타임은 없습니다!_- 육수 소진시 조기마감 합니다, 브레이크타임은 없습니다!_접기_접기",별점없음,0,0,https://search.pstatic.net/common/?autoRotate=true&type=w278_sharpen&src=https%3A%2F%2Fldb-phinf.pstatic.net%2F20260531_86%2F1780215695183lTGP1_JPEG%2FKakaoTalk_20260531_135129929_01.jpg,편의시설 정보 없음,주차가능무료
솔가숯불갈비 신시가지점,1308357339,"육류,고기요리",도로명전북 전주시 완산구 석산2길 17-15 솔가숯불갈비 신시가지점복사지번전북 전주시 완산구 효자동3가 1697-2복사우편번호우편번호54963복사안내 레이어 닫기,0507-1477-1184,"영업 전11:00에 영업 시작11시 0분에 영업 시작_영업 전11:00에 영업 시작11시 0분에 영업 시작_영업 전11:00에 영업 시작11시 0분에 영업 시작_영업 전_11:00에 영업 시작11시 0분에 영업 시작_11:00에 영업 시작_11시 0분에 영업 시작_매일11:00 - 23:00_매일11:00 - 23:00_매일11:00 - 23:00_매일_11:00 - 23:00_- 브레이크타임 없이 운영되오니, 편하게 방문해주세요.접기_- 브레이크타임 없이 운영되오니, 편하게 방문해주세요.접기_- 브레이크타임 없이 운영되오니, 편하게 방문해주세요._- 브레이크타임 없이 운영되오니, 편하게 방문해주세요._접기_접기",별점4.64,0,0,https://search.pstatic.net/common/?autoRotate=true&type=w560_sharpen&src=https%3A%2F%2Fldb-phinf.pstatic.net%2F20241212_126%2F1733981530884bgF8l_JPEG%2F%25BD%25C5%25BD%25C3%25B0%25A1%25C1%25F6_%25B8%25C0%25C1%25FD_%252810%2529.jpg,단체 이용 가능_포장_배달_예약_무선 인터넷_남/녀 화장실 구분_유아의자_대기공간_출입구 휠체어 이용가능_좌석 휠체어 이용가능_장애인 주차구역,주차가능무료
일층집 본점,1497463405,"육류,고기요리",도로명전북 전주시 완산구 홍산남로 69-7복사지번전북 전주시 완산구 효자동3가 1536-5복사우편번호우편번호54969복사안내 레이어 닫기,063-221-6258,영업 종료16:00에 영업 시작16시 0분에 영업 시작_영업 종료16:00에 영업 시작16시 0분에 영업 시작_영업 종료16:00에 영업 시작16시 0분에 영업 시작_영업 종료_16:00에 영업 시작16시 0분에 영업 시작_16:00에 영업 시작_16시 0분에 영업 시작_목16:00 - 다음 날 01:00_목16:00 - 다음 날 01:00_목16:00 - 다음 날 01:00_목_16:00 - 다음 날 01:00_금16:00 - 다음 날 01:00_금16:00 - 다음 날 01:00_금16:00 - 다음 날 01:00_금_16:00 - 다음 날 01:00_토15:30 - 다음 날 01:00_토15:30 - 다음 날 01:00_토15:30 - 다음 날 01:00_토_15:30 - 다음 날 01:00_일15:30 - 다음 날 01:00_일15:30 - 다음 날 01:00_일15:30 - 다음 날 01:00_일_15:30 - 다음 날 01:00_월16:00 - 다음 날 01:00_월16:00 - 다음 날 01:00_월16:00 - 다음 날 01:00_월_16:00 - 다음 날 01:00_화16:00 - 다음 날 01:00_화16:00 - 다음 날 01:00_화16:00 - 다음 날 01:00_화_16:00 - 다음 날 01:00_수16:00 - 다음 날 01:00접기_수16:00 - 다음 날 01:00접기_수16:00 - 다음 날 01:00_수_16:00 - 다음 날 01:00_접기_접기,별점없음,0,0,https://search.pstatic.net/common/?autoRotate=true&type=w560_sharpen&src=https%3A%2F%2Fldb-phinf.pstatic.net%2F20230923_163%2F1695448230466iedDp_JPEG%2F1000009857.jpg,예약_단체 이용 가능,주차가능
크럼,34016552,베이커리,도로명전북 전주시 완산구 홍산중앙로 42 6층복사지번전북 전주시 완산구 효자동3가 1536-1복사우편번호우편번호54969복사안내 레이어 닫기,063-237-3618,영업 전10:00에 영업 시작10시 0분에 영업 시작_영업 전10:00에 영업 시작10시 0분에 영업 시작_영업 전10:00에 영업 시작10시 0분에 영업 시작_영업 전_10:00에 영업 시작10시 0분에 영업 시작_10:00에 영업 시작_10시 0분에 영업 시작_목10:00 - 22:0021:30 라스트오더_목10:00 - 22:0021:30 라스트오더_목10:00 - 22:0021:30 라스트오더_목_10:00 - 22:0021:30 라스트오더_금10:00 - 22:0021:30 라스트오더_금10:00 - 22:0021:30 라스트오더_금10:00 - 22:0021:30 라스트오더_금_10:00 - 22:0021:30 라스트오더_토10:00 - 22:0021:30 라스트오더_토10:00 - 22:0021:30 라스트오더_토10:00 - 22:0021:30 라스트오더_토_10:00 - 22:0021:30 라스트오더_일10:00 - 21:0020:30 라스트오더_일10:00 - 21:0020:30 라스트오더_일10:00 - 21:0020:30 라스트오더_일_10:00 - 21:0020:30 라스트오더_월정기휴무 (매주 월요일)_월정기휴무 (매주 월요일)_월정기휴무 (매주 월요일)_월_정기휴무 (매주 월요일)_정기휴무 (매주 월요일)_화10:00 - 22:0021:30 라스트오더_화10:00 - 22:0021:30 라스트오더_화10:00 - 22:0021:30 라스트오더_화_10:00 - 22:0021:30 라스트오더_수10:00 - 22:0021:30 라스트오더_수10:00 - 22:0021:30 라스트오더_수10:00 - 22:0021:30 라스트오더_수_10:00 - 22:0021:30 라스트오더_- 영업종료접기_- 영업종료접기_- 영업종료_- 영업종료_접기_접기,별점없음,0,0,https://search.pstatic.net/common/?autoRotate=true&type=w560_sharpen&src=https%3A%2F%2Fldb-phinf.pstatic.net%2F20250604_2%2F1749014592022fernN_PNG%2F1000011523.png,핸드드립_포장_배달_무선 인터넷_단체 이용 가능_남/녀 화장실 구분_예약_출입구 휠체어 이용가능_좌석 휠체어 이용가능_장애인 주차구역,주차가능무료
돈카츠흑심 효자점,1559037357,돈가스,도로명전북 전주시 완산구 홍산로 263 104호 돈카츠흑심복사지번전북 전주시 완산구 효자동2가 1239-1복사우편번호우편번호54966복사안내 레이어 닫기,0507-1445-2294,영업 전11:00에 영업 시작11시 0분에 영업 시작_영업 전11:00에 영업 시작11시 0분에 영업 시작_영업 전11:00에 영업 시작11시 0분에 영업 시작_영업 전_11:00에 영업 시작11시 0분에 영업 시작_11:00에 영업 시작_11시 0분에 영업 시작_목11:00 - 21:0015:00 - 17:00 브레이크타임20:20 라스트오더_목11:00 - 21:0015:00 - 17:00 브레이크타임20:20 라스트오더_목11:00 - 21:0015:00 - 17:00 브레이크타임20:20 라스트오더_목_11:00 - 21:0015:00 - 17:00 브레이크타임20:20 라스트오더_금11:00 - 21:0015:00 - 17:00 브레이크타임20:20 라스트오더_금11:00 - 21:0015:00 - 17:00 브레이크타임20:20 라스트오더_금11:00 - 21:0015:00 - 17:00 브레이크타임20:20 라스트오더_금_11:00 - 21:0015:00 - 17:00 브레이크타임20:20 라스트오더_토11:00 - 21:0015:00 - 17:00 브레이크타임20:20 라스트오더_토11:00 - 21:0015:00 - 17:00 브레이크타임20:20 라스트오더_토11:00 - 21:0015:00 - 17:00 브레이크타임20:20 라스트오더_토_11:00 - 21:0015:00 - 17:00 브레이크타임20:20 라스트오더_일정기휴무 (매주 일요일)_일정기휴무 (매주 일요일)_일정기휴무 (매주 일요일)_일_정기휴무 (매주 일요일)_정기휴무 (매주 일요일)_월11:00 - 21:0015:00 - 17:00 브레이크타임20:20 라스트오더_월11:00 - 21:0015:00 - 17:00 브레이크타임20:20 라스트오더_월11:00 - 21:0015:00 - 17:00 브레이크타임20:20 라스트오더_월_11:00 - 21:0015:00 - 17:00 브레이크타임20:20 라스트오더_화11:00 - 21:0015:00 - 17:00 브레이크타임20:20 라스트오더_화11:00 - 21:0015:00 - 17:00 브레이크타임20:20 라스트오더_화11:00 - 21:0015:00 - 17:00 브레이크타임20:20 라스트오더_화_11:00 - 21:0015:00 - 17:00 브레이크타임20:20 라스트오더_수11:00 - 21:0015:00 - 17:00 브레이크타임20:20 라스트오더_수11:00 - 21:0015:00 - 17:00 브레이크타임20:20 라스트오더_수11:00 - 21:0015:00 - 17:00 브레이크타임20:20 라스트오더_수_11:00 - 21:0015:00 - 17:00 브레이크타임20:20 라스트오더_- 점심 마지막주문 14:20 입니다 :)접기_- 점심 마지막주문 14:20 입니다 :)접기_- 점심 마지막주문 14:20 입니다 :)_- 점심 마지막주문 14:20 입니다 :)_접기_접기,별점없음,0,0,https://search.pstatic.net/common/?autoRotate=true&type=w560_sharpen&src=https%3A%2F%2Fldb-phinf.pstatic.net%2F20230515_36%2F16841317246690GBhW_JPEG%2FIMG_0780.jpeg,배달_포장_남/녀 화장실 구분_무선 인터넷_유아의자_장애인 주차구역,주차가능무료
스시이안앤 도청신시가지점,2097209094,"초밥,롤",도로명전북 전주시 완산구 마전중앙로 13 101호복사지번전북 전주시 완산구 효자동3가 1633-4복사우편번호우편번호54962복사안내 레이어 닫기,0507-1419-1573,"영업 종료11:30에 영업 시작11시 30분에 영업 시작_영업 종료11:30에 영업 시작11시 30분에 영업 시작_영업 종료11:30에 영업 시작11시 30분에 영업 시작_영업 종료_11:30에 영업 시작11시 30분에 영업 시작_11:30에 영업 시작_11시 30분에 영업 시작_매일11:30 - 22:0015:00 - 17:00 브레이크타임14:30, 21:30 라스트오더접기_매일11:30 - 22:0015:00 - 17:00 브레이크타임14:30, 21:30 라스트오더접기_매일11:30 - 22:0015:00 - 17:00 브레이크타임14:30, 21:30 라스트오더_매일_11:30 - 22:0015:00 - 17:00 브레이크타임14:30, 21:30 라스트오더_접기_접기",별점없음,0,0,https://search.pstatic.net/common/?autoRotate=true&type=w560_sharpen&src=https%3A%2F%2Fldb-phinf.pstatic.net%2F20260419_102%2F1776564898844MvVE3_JPEG%2F81174.jpg,생일 혜택_예약_무선 인터넷_남/녀 화장실 구분_단체 이용 가능_포장_유아의자,주차가능무료
석암생소금구이 전주신시가지점,2035360458,"육류,고기요리",도로명전북 전주시 완산구 홍산중앙로 30 103호복사지번전북 전주시 완산구 효자동3가 1536-6복사우편번호우편번호54969복사안내 레이어 닫기,0507-1449-9595,영업 종료16:00에 영업 시작16시 0분에 영업 시작_영업 종료16:00에 영업 시작16시 0분에 영업 시작_영업 종료16:00에 영업 시작16시 0분에 영업 시작_영업 종료_16:00에 영업 시작16시 0분에 영업 시작_16:00에 영업 시작_16시 0분에 영업 시작_목16:00 - 다음 날 02:00_목16:00 - 다음 날 02:00_목16:00 - 다음 날 02:00_목_16:00 - 다음 날 02:00_금16:00 - 다음 날 02:00_금16:00 - 다음 날 02:00_금16:00 - 다음 날 02:00_금_16:00 - 다음 날 02:00_토16:00 - 다음 날 02:00_토16:00 - 다음 날 02:00_토16:00 - 다음 날 02:00_토_16:00 - 다음 날 02:00_일16:00 - 다음 날 02:00_일16:00 - 다음 날 02:00_일16:00 - 다음 날 02:00_일_16:00 - 다음 날 02:00_월16:00 - 다음 날 02:00_월16:00 - 다음 날 02:00_월16:00 - 다음 날 02:00_월_16:00 - 다음 날 02:00_화16:00 - 다음 날 02:00_화16:00 - 다음 날 02:00_화16:00 - 다음 날 02:00_화_16:00 - 다음 날 02:00_수16:00 - 다음 날 02:00접기_수16:00 - 다음 날 02:00접기_수16:00 - 다음 날 02:00_수_16:00 - 다음 날 02:00_접기_접기,별점없음,0,0,https://search.pstatic.net/common/?autoRotate=true&type=w560_sharpen&src=https%3A%2F%2Fldb-phinf.pstatic.net%2F20260422_190%2F1776827646412KmFYQ_JPEG%2F0_2.jpg,콜키지 가능유료_단체 이용 가능_예약,주차가능무료
이너프샐러드 도청 직영점,1439019759,"다이어트,샐러드",도로명전북 전주시 완산구 홍산3길 7 1F 이너프샐러드 도청점복사지번전북 전주시 완산구 효자동3가 1527-7복사우편번호우편번호54969복사안내 레이어 닫기,0507-1397-4547,"영업 전08:00에 영업 시작8시 0분에 영업 시작_영업 전08:00에 영업 시작8시 0분에 영업 시작_영업 전08:00에 영업 시작8시 0분에 영업 시작_영업 전_08:00에 영업 시작8시 0분에 영업 시작_08:00에 영업 시작_8시 0분에 영업 시작_목08:00 - 20:0014:00 - 15:00 브레이크타임_목08:00 - 20:0014:00 - 15:00 브레이크타임_목08:00 - 20:0014:00 - 15:00 브레이크타임_목_08:00 - 20:0014:00 - 15:00 브레이크타임_금08:00 - 20:0014:00 - 15:00 브레이크타임_금08:00 - 20:0014:00 - 15:00 브레이크타임_금08:00 - 20:0014:00 - 15:00 브레이크타임_금_08:00 - 20:0014:00 - 15:00 브레이크타임_토08:00 - 19:3014:00 - 15:00 브레이크타임_토08:00 - 19:3014:00 - 15:00 브레이크타임_토08:00 - 19:3014:00 - 15:00 브레이크타임_토_08:00 - 19:3014:00 - 15:00 브레이크타임_일08:00 - 19:3014:00 - 15:00 브레이크타임_일08:00 - 19:3014:00 - 15:00 브레이크타임_일08:00 - 19:3014:00 - 15:00 브레이크타임_일_08:00 - 19:3014:00 - 15:00 브레이크타임_월08:00 - 20:0014:00 - 15:00 브레이크타임_월08:00 - 20:0014:00 - 15:00 브레이크타임_월08:00 - 20:0014:00 - 15:00 브레이크타임_월_08:00 - 20:0014:00 - 15:00 브레이크타임_화08:00 - 20:0014:00 - 15:00 브레이크타임_화08:00 - 20:0014:00 - 15:00 브레이크타임_화08:00 - 20:0014:00 - 15:00 브레이크타임_화_08:00 - 20:0014:00 - 15:00 브레이크타임_수08:00 - 20:0014:00 - 15:00 브레이크타임_수08:00 - 20:0014:00 - 15:00 브레이크타임_수08:00 - 20:0014:00 - 15:00 브레이크타임_수_08:00 - 20:0014:00 - 15:00 브레이크타임_- 2026년 설 연휴 정상 운영, 당일은 도청점만 휴무접기_- 2026년 설 연휴 정상 운영, 당일은 도청점만 휴무접기_- 2026년 설 연휴 정상 운영, 당일은 도청점만 휴무_- 2026년 설 연휴 정상 운영, 당일은 도청점만 휴무_접기_접기",별점없음,0,0,https://search.pstatic.net/common/?autoRotate=true&type=w560_sharpen&src=https%3A%2F%2Fldb-phinf.pstatic.net%2F20220922_216%2F1663845036910gSv3B_JPEG%2FKakaoTalk_20220922_192700602_03.jpg,비건 메뉴_배달_포장_무선 인터넷_남/녀 화장실 구분_출입구 휠체어 이용가능,주차가능무료
효자동아귀찜본점,1531723988,"아귀찜,해물찜",도로명전북 전주시 완산구 바우배기2길 23 1층복사지번전북 전주시 완산구 효자동2가 1236-4복사우편번호우편번호54966복사안내 레이어 닫기,063-236-4642,영업 전11:00에 영업 시작11시 0분에 영업 시작_영업 전11:00에 영업 시작11시 0분에 영업 시작_영업 전11:00에 영업 시작11시 0분에 영업 시작_영업 전_11:00에 영업 시작11시 0분에 영업 시작_11:00에 영업 시작_11시 0분에 영업 시작_매일11:00 - 21:0020:30 라스트오더접기_매일11:00 - 21:0020:30 라스트오더접기_매일11:00 - 21:0020:30 라스트오더_매일_11:00 - 21:0020:30 라스트오더_접기_접기,별점없음,0,0,https://search.pstatic.net/common/?autoRotate=true&type=w560_sharpen&src=https%3A%2F%2Fldb-phinf.pstatic.net%2F20240919_94%2F1726724623889pil7Y_JPEG%2F11.jpg,남/녀 화장실 구분_유아의자_포장_배달_단체 이용 가능_예약,주차가능무료
스시이안앤 도청신시가지점,2097209094,"초밥,롤",도로명전북 전주시 완산구 마전중앙로 13 101호복사지번전북 전주시 완산구 효자동3가 1633-4복사우편번호우편번호54962복사안내 레이어 닫기,0507-1419-1573,"영업 종료11:30에 영업 시작11시 30분에 영업 시작_영업 종료11:30에 영업 시작11시 30분에 영업 시작_영업 종료11:30에 영업 시작11시 30분에 영업 시작_영업 종료_11:30에 영업 시작11시 30분에 영업 시작_11:30에 영업 시작_11시 30분에 영업 시작_매일11:30 - 22:0015:00 - 17:00 브레이크타임14:30, 21:30 라스트오더접기_매일11:30 - 22:0015:00 - 17:00 브레이크타임14:30, 21:30 라스트오더접기_매일11:30 - 22:0015:00 - 17:00 브레이크타임14:30, 21:30 라스트오더_매일_11:30 - 22:0015:00 - 17:00 브레이크타임14:30, 21:30 라스트오더_접기_접기",별점없음,0,0,https://search.pstatic.net/common/?autoRotate=true&type=w560_sharpen&src=https%3A%2F%2Fldb-phinf.pstatic.net%2F20260419_102%2F1776564898844MvVE3_JPEG%2F81174.jpg,생일 혜택_예약_무선 인터넷_남/녀 화장실 구분_단체 이용 가능_포장_유아의자,주차가능무료
어부항숙성횟집 전주도청점,1917184667,생선회,도로명전북 전주시 완산구 홍산중앙로 45 1층 101호복사지번전북 전주시 완산구 효자동3가 1527-11복사우편번호우편번호54969복사안내 레이어 닫기,0507-1412-1507,영업 종료17:00에 영업 시작17시 0분에 영업 시작_영업 종료17:00에 영업 시작17시 0분에 영업 시작_영업 종료17:00에 영업 시작17시 0분에 영업 시작_영업 종료_17:00에 영업 시작17시 0분에 영업 시작_17:00에 영업 시작_17시 0분에 영업 시작_매일17:00 - 다음 날 03:0002:00 라스트오더접기_매일17:00 - 다음 날 03:0002:00 라스트오더접기_매일17:00 - 다음 날 03:0002:00 라스트오더_매일_17:00 - 다음 날 03:0002:00 라스트오더_접기_접기,별점없음,0,0,https://search.pstatic.net/common/?autoRotate=true&type=w278_sharpen&src=https%3A%2F%2Fldb-phinf.pstatic.net%2F20260519_259%2F1779202308467IszwR_JPEG%2FKakaoTalk_20260519_234645696.jpg,단체 이용 가능_포장_예약_무선 인터넷_남/녀 화장실 구분,주차가능무료
홍석철베이커리,19915453,베이커리,도로명전북 전주시 완산구 문학대4길 2복사지번전북 전주시 완산구 효자동3가 1624-1복사우편번호우편번호54959복사안내 레이어 닫기,063-226-4040,영업 전09:00에 영업 시작9시 0분에 영업 시작_영업 전09:00에 영업 시작9시 0분에 영업 시작_영업 전09:00에 영업 시작9시 0분에 영업 시작_영업 전_09:00에 영업 시작9시 0분에 영업 시작_09:00에 영업 시작_9시 0분에 영업 시작_매일09:00 - 23:00접기_매일09:00 - 23:00접기_매일09:00 - 23:00_매일_09:00 - 23:00_접기_접기,별점없음,0,0,https://search.pstatic.net/common/?autoRotate=true&type=w560_sharpen&src=https%3A%2F%2Fldb-phinf.pstatic.net%2F20190118_278%2F1547803307841fMp4H_JPEG%2F282RsQ6TABcGJaJi9-M0g2nL.jpg,편의시설 정보 없음,주차가능무료
오일내 신시가지점,1267696161,돼지고기구이,"도로명전북 전주시 완산구 홍산중앙로 47 105, 106호복사지번전북 전주시 완산구 효자동3가 1527-10복사우편번호우편번호54969복사안내 레이어 닫기",0507-1377-7951,영업 전11:00에 영업 시작11시 0분에 영업 시작_영업 전11:00에 영업 시작11시 0분에 영업 시작_영업 전11:00에 영업 시작11시 0분에 영업 시작_영업 전_11:00에 영업 시작11시 0분에 영업 시작_11:00에 영업 시작_11시 0분에 영업 시작_목11:00 - 다음 날 03:0015:00 - 17:00 브레이크타임_목11:00 - 다음 날 03:0015:00 - 17:00 브레이크타임_목11:00 - 다음 날 03:0015:00 - 17:00 브레이크타임_목_11:00 - 다음 날 03:0015:00 - 17:00 브레이크타임_금11:00 - 다음 날 03:0015:00 - 17:00 브레이크타임_금11:00 - 다음 날 03:0015:00 - 17:00 브레이크타임_금11:00 - 다음 날 03:0015:00 - 17:00 브레이크타임_금_11:00 - 다음 날 03:0015:00 - 17:00 브레이크타임_토11:00 - 다음 날 03:00_토11:00 - 다음 날 03:00_토11:00 - 다음 날 03:00_토_11:00 - 다음 날 03:00_일11:00 - 다음 날 03:00_일11:00 - 다음 날 03:00_일11:00 - 다음 날 03:00_일_11:00 - 다음 날 03:00_월11:00 - 다음 날 03:0015:00 - 17:00 브레이크타임_월11:00 - 다음 날 03:0015:00 - 17:00 브레이크타임_월11:00 - 다음 날 03:0015:00 - 17:00 브레이크타임_월_11:00 - 다음 날 03:0015:00 - 17:00 브레이크타임_화11:00 - 다음 날 03:0015:00 - 17:00 브레이크타임_화11:00 - 다음 날 03:0015:00 - 17:00 브레이크타임_화11:00 - 다음 날 03:0015:00 - 17:00 브레이크타임_화_11:00 - 다음 날 03:0015:00 - 17:00 브레이크타임_수11:00 - 다음 날 03:0015:00 - 17:00 브레이크타임접기_수11:00 - 다음 날 03:0015:00 - 17:00 브레이크타임접기_수11:00 - 다음 날 03:0015:00 - 17:00 브레이크타임_수_11:00 - 다음 날 03:0015:00 - 17:00 브레이크타임_접기_접기,별점없음,0,0,https://search.pstatic.net/common/?autoRotate=true&type=w560_sharpen&src=https%3A%2F%2Fldb-phinf.pstatic.net%2F20240422_22%2F1713771819634FLzn0_JPEG%2FIMG_0831.jpeg,콜키지 가능유료_단체 이용 가능_예약_무선 인터넷_남/녀 화장실 구분_유아의자_대기공간_배달_포장_화장실 휠체어 이용가능_출입구 휠체어 이용가능_좌석 휠체어 이용가능_장애인 주차구역,주차가능무료
브라운오델리,1100372414,"카페,디저트",도로명전북 전주시 완산구 마전로 5 브라운오델리복사지번전북 전주시 완산구 효자동3가 1645-8복사우편번호우편번호54962복사안내 레이어 닫기,063-287-2226,영업 전09:00에 영업 시작9시 0분에 영업 시작_영업 전09:00에 영업 시작9시 0분에 영업 시작_영업 전09:00에 영업 시작9시 0분에 영업 시작_영업 전_09:00에 영업 시작9시 0분에 영업 시작_09:00에 영업 시작_9시 0분에 영업 시작_매일09:00 - 20:30접기_매일09:00 - 20:30접기_매일09:00 - 20:30_매일_09:00 - 20:30_접기_접기,별점없음,0,0,https://search.pstatic.net/common/?autoRotate=true&type=w560_sharpen&src=https%3A%2F%2Fldb-phinf.pstatic.net%2F20220925_22%2F1664075980647MSrTt_JPEG%2F1664075960931.jpg,무선 인터넷_단체 이용 가능_포장_배달_예약_남/녀 화장실 구분,주차가능
서울깍두기 전북도청점,1098484038,"곰탕,설렁탕",도로명전북 전주시 완산구 홍산4길 6 1층복사지번전북 전주시 완산구 효자동3가 1528-1복사우편번호우편번호54969복사안내 레이어 닫기,0507-1366-2127,24시간 영업연중무휴연중무휴_24시간 영업연중무휴연중무휴_24시간 영업연중무휴연중무휴_24시간 영업_연중무휴연중무휴_연중무휴_연중무휴_매일00:00 - 24:00접기_매일00:00 - 24:00접기_매일00:00 - 24:00_매일_00:00 - 24:00_접기_접기,별점없음,0,0,https://search.pstatic.net/common/?autoRotate=true&type=w278_sharpen&src=https%3A%2F%2Fldb-phinf.pstatic.net%2F20240926_297%2F1727317621171d3uef_JPEG%2F11.jpg,단체 이용 가능_포장_배달_예약_남/녀 화장실 구분_무선 인터넷,주차가능무료
호르몬치치 전주신시가지점,2040733389,"육류,고기요리","도로명전북 전주시 완산구 홍산북로 84-20 101, 102호복사지번전북 전주시 완산구 효자동3가 1538-3복사우편번호우편번호54969복사안내 레이어 닫기",0507-1481-5945,영업 종료16:00에 영업 시작16시 0분에 영업 시작_영업 종료16:00에 영업 시작16시 0분에 영업 시작_영업 종료16:00에 영업 시작16시 0분에 영업 시작_영업 종료_16:00에 영업 시작16시 0분에 영업 시작_16:00에 영업 시작_16시 0분에 영업 시작_목16:00 - 다음 날 01:0000:30 라스트오더_목16:00 - 다음 날 01:0000:30 라스트오더_목16:00 - 다음 날 01:0000:30 라스트오더_목_16:00 - 다음 날 01:0000:30 라스트오더_금16:00 - 다음 날 01:0000:30 라스트오더_금16:00 - 다음 날 01:0000:30 라스트오더_금16:00 - 다음 날 01:0000:30 라스트오더_금_16:00 - 다음 날 01:0000:30 라스트오더_토16:00 - 다음 날 01:0000:30 라스트오더_토16:00 - 다음 날 01:0000:30 라스트오더_토16:00 - 다음 날 01:0000:30 라스트오더_토_16:00 - 다음 날 01:0000:30 라스트오더_일16:00 - 다음 날 01:0000:30 라스트오더_일16:00 - 다음 날 01:0000:30 라스트오더_일16:00 - 다음 날 01:0000:30 라스트오더_일_16:00 - 다음 날 01:0000:30 라스트오더_월16:00 - 다음 날 01:0000:30 라스트오더_월16:00 - 다음 날 01:0000:30 라스트오더_월16:00 - 다음 날 01:0000:30 라스트오더_월_16:00 - 다음 날 01:0000:30 라스트오더_화16:00 - 다음 날 01:0000:30 라스트오더_화16:00 - 다음 날 01:0000:30 라스트오더_화16:00 - 다음 날 01:0000:30 라스트오더_화_16:00 - 다음 날 01:0000:30 라스트오더_수16:00 - 다음 날 01:0000:30 라스트오더접기_수16:00 - 다음 날 01:0000:30 라스트오더접기_수16:00 - 다음 날 01:0000:30 라스트오더_수_16:00 - 다음 날 01:0000:30 라스트오더_접기_접기,별점없음,0,0,https://search.pstatic.net/common/?autoRotate=true&type=w560_sharpen&src=https%3A%2F%2Fnaverbooking-phinf.pstatic.net%2F20250511_63%2F174689214195254u2T_JPEG%2FKakaoTalk_20250307_092237394_07.jpg,무한 리필_콜키지 가능유료_단체 이용 가능_예약_무선 인터넷_남/녀 화장실 구분_유아의자,주차가능무료
불구멍 전주 신시가지점,1562200889,"육류,고기요리",도로명전북 전주시 완산구 홍산중앙로 18 1층 101호복사지번전북 전주시 완산구 효자동3가 1541-9복사우편번호우편번호54969복사안내 레이어 닫기,0507-1443-9095,영업 종료17:00에 영업 시작17시 0분에 영업 시작_영업 종료17:00에 영업 시작17시 0분에 영업 시작_영업 종료17:00에 영업 시작17시 0분에 영업 시작_영업 종료_17:00에 영업 시작17시 0분에 영업 시작_17:00에 영업 시작_17시 0분에 영업 시작_목17:00 - 23:0022:30 라스트오더_목17:00 - 23:0022:30 라스트오더_목17:00 - 23:0022:30 라스트오더_목_17:00 - 23:0022:30 라스트오더_금17:00 - 23:0022:30 라스트오더_금17:00 - 23:0022:30 라스트오더_금17:00 - 23:0022:30 라스트오더_금_17:00 - 23:0022:30 라스트오더_토12:00 - 23:0022:30 라스트오더_토12:00 - 23:0022:30 라스트오더_토12:00 - 23:0022:30 라스트오더_토_12:00 - 23:0022:30 라스트오더_일12:00 - 23:0022:30 라스트오더_일12:00 - 23:0022:30 라스트오더_일12:00 - 23:0022:30 라스트오더_일_12:00 - 23:0022:30 라스트오더_월17:00 - 23:0022:30 라스트오더_월17:00 - 23:0022:30 라스트오더_월17:00 - 23:0022:30 라스트오더_월_17:00 - 23:0022:30 라스트오더_화17:00 - 23:0022:30 라스트오더_화17:00 - 23:0022:30 라스트오더_화17:00 - 23:0022:30 라스트오더_화_17:00 - 23:0022:30 라스트오더_수17:00 - 23:0022:30 라스트오더접기_수17:00 - 23:0022:30 라스트오더접기_수17:00 - 23:0022:30 라스트오더_수_17:00 - 23:0022:30 라스트오더_접기_접기,별점없음,0,0,https://search.pstatic.net/common/?autoRotate=true&type=w278_sharpen&src=https%3A%2F%2Fldb-phinf.pstatic.net%2F20230417_127%2F16817244099382HieI_JPEG%2FA7R02379.jpg,콜키지 가능무료_생일 혜택_예약_무선 인터넷_남/녀 화장실 구분_단체 이용 가능_유아의자_장애인 주차구역,주차가능무료
시우도,1983957847,"카페,디저트",도로명전북 전주시 완산구 마전중앙로 22 2층복사지번전북 전주시 완산구 효자동3가 1644-7복사우편번호우편번호54962복사안내 레이어 닫기,0507-1305-8093,영업 전11:00에 영업 시작11시 0분에 영업 시작_영업 전11:00에 영업 시작11시 0분에 영업 시작_영업 전11:00에 영업 시작11시 0분에 영업 시작_영업 전_11:00에 영업 시작11시 0분에 영업 시작_11:00에 영업 시작_11시 0분에 영업 시작_목11:00 - 23:4022:30 라스트오더_목11:00 - 23:4022:30 라스트오더_목11:00 - 23:4022:30 라스트오더_목_11:00 - 23:4022:30 라스트오더_금11:00 - 23:4022:30 라스트오더_금11:00 - 23:4022:30 라스트오더_금11:00 - 23:4022:30 라스트오더_금_11:00 - 23:4022:30 라스트오더_토11:00 - 23:4022:30 라스트오더_토11:00 - 23:4022:30 라스트오더_토11:00 - 23:4022:30 라스트오더_토_11:00 - 23:4022:30 라스트오더_일11:00 - 23:4022:30 라스트오더_일11:00 - 23:4022:30 라스트오더_일11:00 - 23:4022:30 라스트오더_일_11:00 - 23:4022:30 라스트오더_월11:00 - 23:4022:30 라스트오더_월11:00 - 23:4022:30 라스트오더_월11:00 - 23:4022:30 라스트오더_월_11:00 - 23:4022:30 라스트오더_화11:00 - 23:4022:30 라스트오더_화11:00 - 23:4022:30 라스트오더_화11:00 - 23:4022:30 라스트오더_화_11:00 - 23:4022:30 라스트오더_수11:00 - 23:4022:30 라스트오더접기_수11:00 - 23:4022:30 라스트오더접기_수11:00 - 23:4022:30 라스트오더_수_11:00 - 23:4022:30 라스트오더_접기_접기,별점없음,0,0,https://search.pstatic.net/common/?autoRotate=true&type=w560_sharpen&src=https%3A%2F%2Fldb-phinf.pstatic.net%2F20250330_251%2F1743325322834CBWkW_JPEG%2F%25B8%25C5%25C0%25E5%25BB%25E7%25C1%25F88.jpg,단체 이용 가능_무선 인터넷_남/녀 화장실 구분_유아의자_화장실 휠체어 이용가능_출입구 휠체어 이용가능_좌석 휠체어 이용가능_장애인 주차구역,주차가능무료
인생극장쪽갈비 전주효자점,1636174934,돼지고기구이,도로명전북 전주시 완산구 마전들로 50 1층복사지번전북 전주시 완산구 효자동3가 1689-4복사우편번호우편번호54964복사안내 레이어 닫기,0507-1352-8298,영업 종료16:00에 영업 시작16시 0분에 영업 시작_영업 종료16:00에 영업 시작16시 0분에 영업 시작_영업 종료16:00에 영업 시작16시 0분에 영업 시작_영업 종료_16:00에 영업 시작16시 0분에 영업 시작_16:00에 영업 시작_16시 0분에 영업 시작_매일16:00 - 23:0022:00 라스트오더접기_매일16:00 - 23:0022:00 라스트오더접기_매일16:00 - 23:0022:00 라스트오더_매일_16:00 - 23:0022:00 라스트오더_접기_접기,별점4.44,0,0,https://search.pstatic.net/common/?autoRotate=true&type=w560_sharpen&src=https%3A%2F%2Fldb-phinf.pstatic.net%2F20260528_188%2F1779951825254afpcI_JPEG%2F1.jpg,콜키지 가능무료_포장_배달_예약_무선 인터넷_남/녀 화장실 구분_유아의자_단체 이용 가능,주차가능무료
라보테 신시가지점,1327286135,양식,도로명전북 전주시 완산구 마전중앙로 22 3층복사지번전북 전주시 완산구 효자동3가 1644-7복사우편번호우편번호54962복사안내 레이어 닫기,0507-1354-7839,영업 전11:00에 영업 시작11시 0분에 영업 시작_영업 전11:00에 영업 시작11시 0분에 영업 시작_영업 전11:00에 영업 시작11시 0분에 영업 시작_영업 전_11:00에 영업 시작11시 0분에 영업 시작_11:00에 영업 시작_11시 0분에 영업 시작_목11:00 - 22:0015:00 - 17:00 브레이크타임20:50 라스트오더_목11:00 - 22:0015:00 - 17:00 브레이크타임20:50 라스트오더_목11:00 - 22:0015:00 - 17:00 브레이크타임20:50 라스트오더_목_11:00 - 22:0015:00 - 17:00 브레이크타임20:50 라스트오더_금11:00 - 22:0015:00 - 17:00 브레이크타임20:50 라스트오더_금11:00 - 22:0015:00 - 17:00 브레이크타임20:50 라스트오더_금11:00 - 22:0015:00 - 17:00 브레이크타임20:50 라스트오더_금_11:00 - 22:0015:00 - 17:00 브레이크타임20:50 라스트오더_토11:00 - 22:0020:50 라스트오더_토11:00 - 22:0020:50 라스트오더_토11:00 - 22:0020:50 라스트오더_토_11:00 - 22:0020:50 라스트오더_일11:00 - 22:0020:50 라스트오더_일11:00 - 22:0020:50 라스트오더_일11:00 - 22:0020:50 라스트오더_일_11:00 - 22:0020:50 라스트오더_월11:00 - 22:0015:00 - 17:00 브레이크타임20:50 라스트오더_월11:00 - 22:0015:00 - 17:00 브레이크타임20:50 라스트오더_월11:00 - 22:0015:00 - 17:00 브레이크타임20:50 라스트오더_월_11:00 - 22:0015:00 - 17:00 브레이크타임20:50 라스트오더_화11:00 - 22:0015:00 - 17:00 브레이크타임20:50 라스트오더_화11:00 - 22:0015:00 - 17:00 브레이크타임20:50 라스트오더_화11:00 - 22:0015:00 - 17:00 브레이크타임20:50 라스트오더_화_11:00 - 22:0015:00 - 17:00 브레이크타임20:50 라스트오더_수11:00 - 22:0015:00 - 17:00 브레이크타임20:50 라스트오더_수11:00 - 22:0015:00 - 17:00 브레이크타임20:50 라스트오더_수11:00 - 22:0015:00 - 17:00 브레이크타임20:50 라스트오더_수_11:00 - 22:0015:00 - 17:00 브레이크타임20:50 라스트오더_- 명절 당일을 제외한 빨간날은 브레이크타임없이 운영합니다접기_- 명절 당일을 제외한 빨간날은 브레이크타임없이 운영합니다접기_- 명절 당일을 제외한 빨간날은 브레이크타임없이 운영합니다_- 명절 당일을 제외한 빨간날은 브레이크타임없이 운영합니다_접기_접기,별점없음,0,0,https://search.pstatic.net/common/?autoRotate=true&type=w560_sharpen&src=https%3A%2F%2Fldb-phinf.pstatic.net%2F20230828_285%2F1693215536006YrwOK_JPEG%2F18E3DF84-7B13-44E7-8BBC-DE65F238B975.jpeg,콜키지 가능유료_로스터리_단체 이용 가능_포장_예약_무선 인터넷_남/녀 화장실 구분_유아의자_대기공간_화장실 휠체어 이용가능_출입구 휠체어 이용가능_좌석 휠체어 이용가능_장애인 주차구역,주차가능무료
하우스먼트,1197656243,"카페,디저트",도로명전북 전주시 완산구 마전들로 67 2층 201호복사지번전북 전주시 완산구 효자동3가 1648-1복사우편번호우편번호54962복사안내 레이어 닫기,0507-1392-5951,영업 전11:00에 영업 시작11시 0분에 영업 시작_영업 전11:00에 영업 시작11시 0분에 영업 시작_영업 전11:00에 영업 시작11시 0분에 영업 시작_영업 전_11:00에 영업 시작11시 0분에 영업 시작_11:00에 영업 시작_11시 0분에 영업 시작_목11:00 - 22:0021:30 라스트오더_목11:00 - 22:0021:30 라스트오더_목11:00 - 22:0021:30 라스트오더_목_11:00 - 22:0021:30 라스트오더_금11:00 - 22:0021:30 라스트오더_금11:00 - 22:0021:30 라스트오더_금11:00 - 22:0021:30 라스트오더_금_11:00 - 22:0021:30 라스트오더_토11:00 - 22:0021:30 라스트오더_토11:00 - 22:0021:30 라스트오더_토11:00 - 22:0021:30 라스트오더_토_11:00 - 22:0021:30 라스트오더_일11:00 - 22:0021:30 라스트오더_일11:00 - 22:0021:30 라스트오더_일11:00 - 22:0021:30 라스트오더_일_11:00 - 22:0021:30 라스트오더_월11:00 - 22:0021:30 라스트오더_월11:00 - 22:0021:30 라스트오더_월11:00 - 22:0021:30 라스트오더_월_11:00 - 22:0021:30 라스트오더_화11:00 - 22:0021:30 라스트오더_화11:00 - 22:0021:30 라스트오더_화11:00 - 22:0021:30 라스트오더_화_11:00 - 22:0021:30 라스트오더_수11:00 - 22:0021:30 라스트오더_수11:00 - 22:0021:30 라스트오더_수11:00 - 22:0021:30 라스트오더_수_11:00 - 22:0021:30 라스트오더_- 추석 당일 휴무입니다. 방문 시 참고 부탁드립니다접기_- 추석 당일 휴무입니다. 방문 시 참고 부탁드립니다접기_- 추석 당일 휴무입니다. 방문 시 참고 부탁드립니다_- 추석 당일 휴무입니다. 방문 시 참고 부탁드립니다_접기_접기,별점없음,0,0,https://search.pstatic.net/common/?autoRotate=true&type=w560_sharpen&src=https%3A%2F%2Fldb-phinf.pstatic.net%2F20220831_273%2F1661882810007ylWNl_JPEG%2FKakaoTalk_Photo_2022-08-25-21-38-04_018-2.jpg,테이크아웃 할인_핸드드립_무선 인터넷_남/녀 화장실 구분_포장_단체 이용 가능_출입구 휠체어 이용가능_좌석 휠체어 이용가능_장애인 주차구역,주차가능무료
레이지크해비탯 신시가지점,1996583204,브런치,도로명전북 전주시 완산구 마전4길 11-5 1층복사지번전북 전주시 완산구 효자동3가 1631-11복사우편번호우편번호54962복사안내 레이어 닫기,063-901-5000,영업 전09:30에 영업 시작9시 30분에 영업 시작_영업 전09:30에 영업 시작9시 30분에 영업 시작_영업 전09:30에 영업 시작9시 30분에 영업 시작_영업 전_09:30에 영업 시작9시 30분에 영업 시작_09:30에 영업 시작_9시 30분에 영업 시작_목09:30 - 16:30_목09:30 - 16:30_목09:30 - 16:30_목_09:30 - 16:30_금09:30 - 16:30_금09:30 - 16:30_금09:30 - 16:30_금_09:30 - 16:30_토09:30 - 17:00_토09:30 - 17:00_토09:30 - 17:00_토_09:30 - 17:00_일09:30 - 17:00_일09:30 - 17:00_일09:30 - 17:00_일_09:30 - 17:00_월09:30 - 16:30_월09:30 - 16:30_월09:30 - 16:30_월_09:30 - 16:30_화09:30 - 16:30_화09:30 - 16:30_화09:30 - 16:30_화_09:30 - 16:30_수09:30 - 16:30접기_수09:30 - 16:30접기_수09:30 - 16:30_수_09:30 - 16:30_접기_접기,별점없음,0,0,https://search.pstatic.net/common/?autoRotate=true&type=w560_sharpen&src=https%3A%2F%2Fldb-phinf.pstatic.net%2F20260528_140%2F1779932316110pQPQA_JPEG%2FIMG_5764.jpg,남/녀 화장실 구분_단체 이용 가능_포장_유아의자_무선 인터넷_\반려동물 동반,주차가능무료
쭈로움 본점,2091119171,한식,도로명전북 전주시 완산구 홍산3길 15 1층 101호복사지번전북 전주시 완산구 효자동3가 1527-3복사우편번호우편번호54969복사안내 레이어 닫기,0507-1322-8854,영업 전11:00에 영업 시작11시 0분에 영업 시작_영업 전11:00에 영업 시작11시 0분에 영업 시작_영업 전11:00에 영업 시작11시 0분에 영업 시작_영업 전_11:00에 영업 시작11시 0분에 영업 시작_11:00에 영업 시작_11시 0분에 영업 시작_매일11:00 - 21:0015:00 - 17:00 브레이크타임20:30 라스트오더접기_매일11:00 - 21:0015:00 - 17:00 브레이크타임20:30 라스트오더접기_매일11:00 - 21:0015:00 - 17:00 브레이크타임20:30 라스트오더_매일_11:00 - 21:0015:00 - 17:00 브레이크타임20:30 라스트오더_접기_접기,별점없음,0,0,https://search.pstatic.net/common/?autoRotate=true&type=w560_sharpen&src=https%3A%2F%2Fldb-phinf.pstatic.net%2F20260521_239%2F17793398170470vuOG_JPEG%2FIMG_2180.jpg,단체 이용 가능_남/녀 화장실 구분_유아의자_대기공간_예약_무선 인터넷,주차가능무료
만배식탁 전주신시가지점,1016583722,한식,도로명전북 전주시 완산구 홍산남로 56 1층 102호복사지번전북 전주시 완산구 효자동2가 1155-5복사우편번호우편번호54969복사안내 레이어 닫기,0507-1317-0738,영업 전10:30에 영업 시작10시 30분에 영업 시작_영업 전10:30에 영업 시작10시 30분에 영업 시작_영업 전10:30에 영업 시작10시 30분에 영업 시작_영업 전_10:30에 영업 시작10시 30분에 영업 시작_10:30에 영업 시작_10시 30분에 영업 시작_매일10:30 - 22:00접기_매일10:30 - 22:00접기_매일10:30 - 22:00_매일_10:30 - 22:00_접기_접기,별점없음,0,0,https://search.pstatic.net/common/?autoRotate=true&type=w560_sharpen&src=https%3A%2F%2Fldb-phinf.pstatic.net%2F20250627_205%2F1751000412325CYwDE_JPEG%2F%25BD%25C5%25BD%25C3%25B0%25A1%25C1%25F6%25C1%25A1_%25B3%25D7%25C0%25CC%25B9%25F6%25C7%25C3%25B7%25B9%25C0%25CC%25BD%25BA.jpg,편의시설 정보 없음,주차가능무료
미르밀옥류관 본점,32854577,한식,도로명전북 전주시 완산구 마전들로 71복사지번전북 전주시 완산구 효자동3가 1648-3복사우편번호우편번호54962복사안내 레이어 닫기,0507-1312-1656,영업 전10:30에 영업 시작10시 30분에 영업 시작_영업 전10:30에 영업 시작10시 30분에 영업 시작_영업 전10:30에 영업 시작10시 30분에 영업 시작_영업 전_10:30에 영업 시작10시 30분에 영업 시작_10:30에 영업 시작_10시 30분에 영업 시작_매일10:30 - 21:3021:00 라스트오더접기_매일10:30 - 21:3021:00 라스트오더접기_매일10:30 - 21:3021:00 라스트오더_매일_10:30 - 21:3021:00 라스트오더_접기_접기,별점4.29,0,0,https://search.pstatic.net/common/?autoRotate=true&type=w560_sharpen&src=https%3A%2F%2Fldb-phinf.pstatic.net%2F20210705_121%2F1625433929231gKrQV_JPEG%2F6f9DYb7iN91kfZs7j8oUzT5o.jpg,단체 이용 가능_예약_포장_배달_무선 인터넷_남/녀 화장실 구분_장애인 주차구역,주차가능
1964금이정 전북도청본점,1989044251,한식,도로명전북 전주시 완산구 홍산북로 83-17 2층복사지번전북 전주시 완산구 효자동3가 1528-10복사우편번호우편번호54969복사안내 레이어 닫기,0507-1468-0308,영업 전10:00에 영업 시작10시 0분에 영업 시작_영업 전10:00에 영업 시작10시 0분에 영업 시작_영업 전10:00에 영업 시작10시 0분에 영업 시작_영업 전_10:00에 영업 시작10시 0분에 영업 시작_10:00에 영업 시작_10시 0분에 영업 시작_목10:00 - 20:00_목10:00 - 20:00_목10:00 - 20:00_목_10:00 - 20:00_금10:00 - 20:00_금10:00 - 20:00_금10:00 - 20:00_금_10:00 - 20:00_토10:00 - 20:00_토10:00 - 20:00_토10:00 - 20:00_토_10:00 - 20:00_일10:00 - 20:00_일10:00 - 20:00_일10:00 - 20:00_일_10:00 - 20:00_월10:00 - 20:00_월10:00 - 20:00_월10:00 - 20:00_월_10:00 - 20:00_화10:00 - 20:00_화10:00 - 20:00_화10:00 - 20:00_화_10:00 - 20:00_수10:00 - 20:00접기_수10:00 - 20:00접기_수10:00 - 20:00_수_10:00 - 20:00_접기_접기,별점4.76,0,0,https://search.pstatic.net/common/?autoRotate=true&type=w560_sharpen&src=https%3A%2F%2Fldb-phinf.pstatic.net%2F20210724_52%2F1627078903875g6Pfe_JPEG%2FrnE4mgWMBkpO8_B4_IpiR04p.jpg,단체 이용 가능_포장_배달_예약,주차가능무료
극강식 전주신시가지점,1637775611,일식당,도로명전북 전주시 완산구 홍산북로 70-19 1동 1층 103호복사지번전북 전주시 완산구 효자동3가 1538-1복사우편번호우편번호54969복사안내 레이어 닫기,0507-1475-9060,영업 전11:00에 영업 시작11시 0분에 영업 시작_영업 전11:00에 영업 시작11시 0분에 영업 시작_영업 전11:00에 영업 시작11시 0분에 영업 시작_영업 전_11:00에 영업 시작11시 0분에 영업 시작_11:00에 영업 시작_11시 0분에 영업 시작_목11:00 - 22:0015:00 - 17:00 브레이크타임21:00 라스트오더_목11:00 - 22:0015:00 - 17:00 브레이크타임21:00 라스트오더_목11:00 - 22:0015:00 - 17:00 브레이크타임21:00 라스트오더_목_11:00 - 22:0015:00 - 17:00 브레이크타임21:00 라스트오더_금11:00 - 22:0015:00 - 17:00 브레이크타임21:00 라스트오더_금11:00 - 22:0015:00 - 17:00 브레이크타임21:00 라스트오더_금11:00 - 22:0015:00 - 17:00 브레이크타임21:00 라스트오더_금_11:00 - 22:0015:00 - 17:00 브레이크타임21:00 라스트오더_토11:00 - 22:0021:00 라스트오더_토11:00 - 22:0021:00 라스트오더_토11:00 - 22:0021:00 라스트오더_토_11:00 - 22:0021:00 라스트오더_일11:00 - 22:0021:00 라스트오더_일11:00 - 22:0021:00 라스트오더_일11:00 - 22:0021:00 라스트오더_일_11:00 - 22:0021:00 라스트오더_월11:00 - 22:0015:00 - 17:00 브레이크타임21:00 라스트오더_월11:00 - 22:0015:00 - 17:00 브레이크타임21:00 라스트오더_월11:00 - 22:0015:00 - 17:00 브레이크타임21:00 라스트오더_월_11:00 - 22:0015:00 - 17:00 브레이크타임21:00 라스트오더_화11:00 - 22:0015:00 - 17:00 브레이크타임21:00 라스트오더_화11:00 - 22:0015:00 - 17:00 브레이크타임21:00 라스트오더_화11:00 - 22:0015:00 - 17:00 브레이크타임21:00 라스트오더_화_11:00 - 22:0015:00 - 17:00 브레이크타임21:00 라스트오더_수11:00 - 22:0015:00 - 17:00 브레이크타임21:00 라스트오더접기_수11:00 - 22:0015:00 - 17:00 브레이크타임21:00 라스트오더접기_수11:00 - 22:0015:00 - 17:00 브레이크타임21:00 라스트오더_수_11:00 - 22:0015:00 - 17:00 브레이크타임21:00 라스트오더_접기_접기,별점없음,0,0,https://search.pstatic.net/common/?autoRotate=true&type=w560_sharpen&src=https%3A%2F%2Fldb-phinf.pstatic.net%2F20241121_114%2F1732156499707XVjVE_JPEG%2F%25BE%25D7%25BC%25C7%25C4%25C6_03.jpg,콜키지 가능무료_전문 소믈리에_무선 인터넷_남/녀 화장실 구분_유아의자_포장_배달_예약_출입구 휠체어 이용가능_좌석 휠체어 이용가능_장애인 주차구역,주차가능무료
경성금돼지 전주 신시가지점,1262382544,"육류,고기요리",도로명전북 전주시 완산구 홍산중앙로 29 1층복사지번전북 전주시 완산구 효자동3가 1535-7복사우편번호우편번호54969복사안내 레이어 닫기,0507-1463-2457,영업 종료17:00에 영업 시작17시 0분에 영업 시작_영업 종료17:00에 영업 시작17시 0분에 영업 시작_영업 종료17:00에 영업 시작17시 0분에 영업 시작_영업 종료_17:00에 영업 시작17시 0분에 영업 시작_17:00에 영업 시작_17시 0분에 영업 시작_목17:00 - 24:0023:20 라스트오더_목17:00 - 24:0023:20 라스트오더_목17:00 - 24:0023:20 라스트오더_목_17:00 - 24:0023:20 라스트오더_금17:00 - 24:0023:20 라스트오더_금17:00 - 24:0023:20 라스트오더_금17:00 - 24:0023:20 라스트오더_금_17:00 - 24:0023:20 라스트오더_토12:00 - 24:0015:00 - 17:00 브레이크타임23:20 라스트오더_토12:00 - 24:0015:00 - 17:00 브레이크타임23:20 라스트오더_토12:00 - 24:0015:00 - 17:00 브레이크타임23:20 라스트오더_토_12:00 - 24:0015:00 - 17:00 브레이크타임23:20 라스트오더_일12:00 - 22:0015:00 - 17:00 브레이크타임21:20 라스트오더_일12:00 - 22:0015:00 - 17:00 브레이크타임21:20 라스트오더_일12:00 - 22:0015:00 - 17:00 브레이크타임21:20 라스트오더_일_12:00 - 22:0015:00 - 17:00 브레이크타임21:20 라스트오더_월17:00 - 24:0023:20 라스트오더_월17:00 - 24:0023:20 라스트오더_월17:00 - 24:0023:20 라스트오더_월_17:00 - 24:0023:20 라스트오더_화17:00 - 24:0023:20 라스트오더_화17:00 - 24:0023:20 라스트오더_화17:00 - 24:0023:20 라스트오더_화_17:00 - 24:0023:20 라스트오더_수17:00 - 24:0023:20 라스트오더접기_수17:00 - 24:0023:20 라스트오더접기_수17:00 - 24:0023:20 라스트오더_수_17:00 - 24:0023:20 라스트오더_접기_접기,별점없음,0,0,https://search.pstatic.net/common/?autoRotate=true&type=w560_sharpen&src=https%3A%2F%2Fnaverbooking-phinf.pstatic.net%2F20250124_249%2F1737698466045buhBW_JPEG%2Fimage.jpg,콜키지 가능유료_단체 이용 가능_포장_배달_대기공간_유아의자_예약_남/녀 화장실 구분_\반려동물 동반,주차가능무료
장어명가,37663302,"장어,먹장어요리",도로명전북 전주시 완산구 홍산남로 80 1층복사지번전북 전주시 완산구 효자동3가 1541-2복사우편번호우편번호54969복사안내 레이어 닫기,063-229-9592,영업 전11:30에 영업 시작11시 30분에 영업 시작_영업 전11:30에 영업 시작11시 30분에 영업 시작_영업 전11:30에 영업 시작11시 30분에 영업 시작_영업 전_11:30에 영업 시작11시 30분에 영업 시작_11:30에 영업 시작_11시 30분에 영업 시작_목11:30 - 22:0014:30 - 17:00 브레이크타임21:00 라스트오더_목11:30 - 22:0014:30 - 17:00 브레이크타임21:00 라스트오더_목11:30 - 22:0014:30 - 17:00 브레이크타임21:00 라스트오더_목_11:30 - 22:0014:30 - 17:00 브레이크타임21:00 라스트오더_금11:30 - 22:0014:30 - 17:00 브레이크타임21:00 라스트오더_금11:30 - 22:0014:30 - 17:00 브레이크타임21:00 라스트오더_금11:30 - 22:0014:30 - 17:00 브레이크타임21:00 라스트오더_금_11:30 - 22:0014:30 - 17:00 브레이크타임21:00 라스트오더_토11:30 - 22:0015:30 - 16:30 브레이크타임21:00 라스트오더_토11:30 - 22:0015:30 - 16:30 브레이크타임21:00 라스트오더_토11:30 - 22:0015:30 - 16:30 브레이크타임21:00 라스트오더_토_11:30 - 22:0015:30 - 16:30 브레이크타임21:00 라스트오더_일11:30 - 22:0015:30 - 16:30 브레이크타임21:00 라스트오더_일11:30 - 22:0015:30 - 16:30 브레이크타임21:00 라스트오더_일11:30 - 22:0015:30 - 16:30 브레이크타임21:00 라스트오더_일_11:30 - 22:0015:30 - 16:30 브레이크타임21:00 라스트오더_월11:30 - 22:0014:30 - 17:00 브레이크타임21:00 라스트오더_월11:30 - 22:0014:30 - 17:00 브레이크타임21:00 라스트오더_월11:30 - 22:0014:30 - 17:00 브레이크타임21:00 라스트오더_월_11:30 - 22:0014:30 - 17:00 브레이크타임21:00 라스트오더_화11:30 - 22:0014:30 - 17:00 브레이크타임21:00 라스트오더_화11:30 - 22:0014:30 - 17:00 브레이크타임21:00 라스트오더_화11:30 - 22:0014:30 - 17:00 브레이크타임21:00 라스트오더_화_11:30 - 22:0014:30 - 17:00 브레이크타임21:00 라스트오더_수11:30 - 22:0014:30 - 17:00 브레이크타임21:00 라스트오더_수11:30 - 22:0014:30 - 17:00 브레이크타임21:00 라스트오더_수11:30 - 22:0014:30 - 17:00 브레이크타임21:00 라스트오더_수_11:30 - 22:0014:30 - 17:00 브레이크타임21:00 라스트오더_- 설 연휴 휴무일 :2월19~2월20일접기_- 설 연휴 휴무일 :2월19~2월20일접기_- 설 연휴 휴무일 :2월19~2월20일_- 설 연휴 휴무일 :2월19~2월20일_접기_접기,별점4.34,0,0,https://search.pstatic.net/common/?autoRotate=true&type=w560_sharpen&src=https%3A%2F%2Fldb-phinf.pstatic.net%2F20251231_184%2F1767174029468ac4mU_PNG%2F1000014893.png,예약_단체 이용 가능_무선 인터넷_남/녀 화장실 구분_포장_화장실 휠체어 이용가능_출입구 휠체어 이용가능_좌석 휠체어 이용가능,주차가능무료
반촌숯불정육식당 전주효자 본점,1352476957,"육류,고기요리",도로명전북 전주시 완산구 마전들로 49 1층 반촌숯불정육식당복사지번전북 전주시 완산구 효자동3가 1667-9복사우편번호우편번호54961복사안내 레이어 닫기,0507-1464-1502,"영업 종료14:00에 영업 시작14시 0분에 영업 시작_영업 종료14:00에 영업 시작14시 0분에 영업 시작_영업 종료14:00에 영업 시작14시 0분에 영업 시작_영업 종료_14:00에 영업 시작14시 0분에 영업 시작_14:00에 영업 시작_14시 0분에 영업 시작_매일14:00 - 24:00_매일14:00 - 24:00_매일14:00 - 24:00_매일_14:00 - 24:00_- <연중무휴> , 영업시간 외 이용필요시 문의부탁드립니다접기_- <연중무휴> , 영업시간 외 이용필요시 문의부탁드립니다접기_- <연중무휴> , 영업시간 외 이용필요시 문의부탁드립니다_- <연중무휴> , 영업시간 외 이용필요시 문의부탁드립니다_접기_접기",별점없음,0,0,https://search.pstatic.net/common/?autoRotate=true&type=w560_sharpen&src=https%3A%2F%2Fldb-phinf.pstatic.net%2F20240419_195%2F1713493482418a50Qf_JPEG%2F20240316_154939.jpg,생일 혜택_콜키지 가능무료_무한 리필_단체 이용 가능_예약_포장_남/녀 화장실 구분_무선 인터넷_대기공간_출입구 휠체어 이용가능_좌석 휠체어 이용가능_장애인 주차구역,주차가능무료
카츠츠 전주효자점,1681218286,돈가스,도로명전북 전주시 완산구 바우배기2길 17-5복사지번전북 전주시 완산구 효자동2가 1235-2복사우편번호우편번호54966복사안내 레이어 닫기,0507-1497-3119,영업 전10:30에 영업 시작10시 30분에 영업 시작_영업 전10:30에 영업 시작10시 30분에 영업 시작_영업 전10:30에 영업 시작10시 30분에 영업 시작_영업 전_10:30에 영업 시작10시 30분에 영업 시작_10:30에 영업 시작_10시 30분에 영업 시작_매일10:30 - 21:0020:20 라스트오더접기_매일10:30 - 21:0020:20 라스트오더접기_매일10:30 - 21:0020:20 라스트오더_매일_10:30 - 21:0020:20 라스트오더_접기_접기,별점없음,0,0,https://search.pstatic.net/common/?autoRotate=true&type=w560_sharpen&src=https%3A%2F%2Fldb-phinf.pstatic.net%2F20211019_286%2F1634619308962ffFJn_JPEG%2FZBJJEIZu7qGUfvO5G-Z5Tmlr.jpeg.jpg,포장_배달_유아의자_무선 인터넷,주차가능무료
베테랑 신시가지점,36816396,"칼국수,만두",도로명전북 전주시 완산구 우전로 260 세움 펠리피아 오피스텔복사지번전북 전주시 완산구 효자동2가 1227-3복사우편번호우편번호54966복사안내 레이어 닫기,063-229-1977,영업 전09:00에 영업 시작9시 0분에 영업 시작_영업 전09:00에 영업 시작9시 0분에 영업 시작_영업 전09:00에 영업 시작9시 0분에 영업 시작_영업 전_09:00에 영업 시작9시 0분에 영업 시작_09:00에 영업 시작_9시 0분에 영업 시작_목09:00 - 20:00_목09:00 - 20:00_목09:00 - 20:00_목_09:00 - 20:00_금09:00 - 20:00_금09:00 - 20:00_금09:00 - 20:00_금_09:00 - 20:00_토09:00 - 20:00_토09:00 - 20:00_토09:00 - 20:00_토_09:00 - 20:00_일09:00 - 20:00_일09:00 - 20:00_일09:00 - 20:00_일_09:00 - 20:00_월09:00 - 20:00_월09:00 - 20:00_월09:00 - 20:00_월_09:00 - 20:00_화09:00 - 20:00_화09:00 - 20:00_화09:00 - 20:00_화_09:00 - 20:00_수09:00 - 20:00접기_수09:00 - 20:00접기_수09:00 - 20:00_수_09:00 - 20:00_접기_접기,별점없음,0,0,https://search.pstatic.net/common/?autoRotate=true&type=w560_sharpen&src=https%3A%2F%2Fldb-phinf.pstatic.net%2F20171106_169%2F15099296433676JFeL_JPEG%2Ftz0KHQKrrHHYEP2C2e1MbgcJ.jpg,편의시설 정보 없음,주차가능무료
김영찬아저씨김치찌개 본점,1344065839,"찌개,전골","도로명전북 전주시 완산구 홍산남로 72 1층 103,104호복사지번전북 전주시 완산구 효자동3가 1541-6복사우편번호우편번호54969복사안내 레이어 닫기",063-252-1117,24시간 영업연중무휴연중무휴_24시간 영업연중무휴연중무휴_24시간 영업연중무휴연중무휴_24시간 영업_연중무휴연중무휴_연중무휴_연중무휴_매일00:00 - 24:00접기_매일00:00 - 24:00접기_매일00:00 - 24:00_매일_00:00 - 24:00_접기_접기,별점없음,0,0,https://search.pstatic.net/common/?autoRotate=true&type=w560_sharpen&src=https%3A%2F%2Fldb-phinf.pstatic.net%2F20250922_70%2F1758477030427GLLe5_JPEG%2F%25C8%25A6%2529%25C2%25EE%25B0%25B3_%25C0%25FC%25B0%25F1.jpg,포장_배달_무선 인터넷_예약_남/녀 화장실 구분_유아의자_대기공간,주차가능무료
아웃백스테이크하우스 효자점,36139349,패밀리레스토랑,도로명전북 전주시 완산구 우전로 260복사지번전북 전주시 완산구 효자동2가 1227-3복사우편번호우편번호54966복사안내 레이어 닫기,0507-1311-0581,영업 전11:00에 영업 시작11시 0분에 영업 시작_영업 전11:00에 영업 시작11시 0분에 영업 시작_영업 전11:00에 영업 시작11시 0분에 영업 시작_영업 전_11:00에 영업 시작11시 0분에 영업 시작_11:00에 영업 시작_11시 0분에 영업 시작_목11:00 - 21:30_목11:00 - 21:30_목11:00 - 21:30_목_11:00 - 21:30_금11:00 - 21:30_금11:00 - 21:30_금11:00 - 21:30_금_11:00 - 21:30_토10:30 - 21:30_토10:30 - 21:30_토10:30 - 21:30_토_10:30 - 21:30_일10:30 - 21:30_일10:30 - 21:30_일10:30 - 21:30_일_10:30 - 21:30_월11:00 - 21:30_월11:00 - 21:30_월11:00 - 21:30_월_11:00 - 21:30_화11:00 - 21:30_화11:00 - 21:30_화11:00 - 21:30_화_11:00 - 21:30_수11:00 - 21:30접기_수11:00 - 21:30접기_수11:00 - 21:30_수_11:00 - 21:30_접기_접기,별점없음,0,0,https://search.pstatic.net/common/?autoRotate=true&type=w560_sharpen&src=https%3A%2F%2Fldb-phinf.pstatic.net%2F20260601_238%2F17802736834610IkOr_JPEG%2F%25B3%25D7%25C0%25CC%25B9%25F6%25C7%25C3%25B7%25B9%25C0%25CC%25BD%25BA_%25B4%25EB%25C7%25A5%25C0%25CC%25B9%25CC%25C1%25F6_%25B0%25F5%25B5%25B9%25C0%25CC%25C7%25AA_1.jpg,예약_배달_포장,주차가능무료
생선집,1653652179,생선회,도로명전북 전주시 완산구 홍산북로 71 1층 생선집복사지번전북 전주시 완산구 효자동3가 1530-10복사우편번호우편번호54969복사안내 레이어 닫기,0507-1468-1438,영업 종료17:00에 영업 시작17시 0분에 영업 시작_영업 종료17:00에 영업 시작17시 0분에 영업 시작_영업 종료17:00에 영업 시작17시 0분에 영업 시작_영업 종료_17:00에 영업 시작17시 0분에 영업 시작_17:00에 영업 시작_17시 0분에 영업 시작_목17:00 - 다음 날 02:0001:05 라스트오더_목17:00 - 다음 날 02:0001:05 라스트오더_목17:00 - 다음 날 02:0001:05 라스트오더_목_17:00 - 다음 날 02:0001:05 라스트오더_금17:00 - 다음 날 03:0002:05 라스트오더_금17:00 - 다음 날 03:0002:05 라스트오더_금17:00 - 다음 날 03:0002:05 라스트오더_금_17:00 - 다음 날 03:0002:05 라스트오더_토17:00 - 다음 날 03:0002:05 라스트오더_토17:00 - 다음 날 03:0002:05 라스트오더_토17:00 - 다음 날 03:0002:05 라스트오더_토_17:00 - 다음 날 03:0002:05 라스트오더_일17:00 - 다음 날 02:0001:05 라스트오더_일17:00 - 다음 날 02:0001:05 라스트오더_일17:00 - 다음 날 02:0001:05 라스트오더_일_17:00 - 다음 날 02:0001:05 라스트오더_월17:00 - 다음 날 02:0001:05 라스트오더_월17:00 - 다음 날 02:0001:05 라스트오더_월17:00 - 다음 날 02:0001:05 라스트오더_월_17:00 - 다음 날 02:0001:05 라스트오더_화17:00 - 다음 날 02:0001:05 라스트오더_화17:00 - 다음 날 02:0001:05 라스트오더_화17:00 - 다음 날 02:0001:05 라스트오더_화_17:00 - 다음 날 02:0001:05 라스트오더_수17:00 - 다음 날 02:0001:05 라스트오더접기_수17:00 - 다음 날 02:0001:05 라스트오더접기_수17:00 - 다음 날 02:0001:05 라스트오더_수_17:00 - 다음 날 02:0001:05 라스트오더_접기_접기,별점없음,0,0,https://search.pstatic.net/common/?autoRotate=true&type=w560_sharpen&src=https%3A%2F%2Fldb-phinf.pstatic.net%2F20250713_192%2F1752391569718otxxu_JPEG%2F1000023522.jpg,콜키지 가능유료_생일 혜택_남/녀 화장실 구분_무선 인터넷_단체 이용 가능_출입구 휠체어 이용가능_좌석 휠체어 이용가능,주차가능무료
갯벌을 담다 전주 신시가지점,1756049153,조개요리,도로명전북 전주시 완산구 홍산북로 69-7 1층복사지번전북 전주시 완산구 효자동3가 1528-13복사우편번호우편번호54969복사안내 레이어 닫기,0507-1380-9291,영업 종료15:30에 영업 시작15시 30분에 영업 시작_영업 종료15:30에 영업 시작15시 30분에 영업 시작_영업 종료15:30에 영업 시작15시 30분에 영업 시작_영업 종료_15:30에 영업 시작15시 30분에 영업 시작_15:30에 영업 시작_15시 30분에 영업 시작_목15:30 - 24:00_목15:30 - 24:00_목15:30 - 24:00_목_15:30 - 24:00_금15:30 - 24:00_금15:30 - 24:00_금15:30 - 24:00_금_15:30 - 24:00_토12:00 - 24:00_토12:00 - 24:00_토12:00 - 24:00_토_12:00 - 24:00_일12:00 - 24:00_일12:00 - 24:00_일12:00 - 24:00_일_12:00 - 24:00_월15:30 - 24:00_월15:30 - 24:00_월15:30 - 24:00_월_15:30 - 24:00_화15:30 - 24:00_화15:30 - 24:00_화15:30 - 24:00_화_15:30 - 24:00_수15:30 - 24:00접기_수15:30 - 24:00접기_수15:30 - 24:00_수_15:30 - 24:00_접기_접기,별점없음,0,0,https://search.pstatic.net/common/?autoRotate=true&type=w560_sharpen&src=https%3A%2F%2Fldb-phinf.pstatic.net%2F20260609_87%2F1780966889985qNMvR_JPEG%2FKakaoTalk_20260609_100106049__%25B0%25B9%25B9%25FA_%25C7%25D8%25BD%25C5.jpg,콜키지 가능무료_콜키지 가능유료_포장_단체 이용 가능_남/녀 화장실 구분_무선 인터넷_유아의자,주차가능무료
형제면소,1749922884,아시아음식,"도로명전북 전주시 완산구 마전중앙로 22 1층, 형제면소복사지번전북 전주시 완산구 효자동3가 1644-7복사우편번호우편번호54962복사안내 레이어 닫기",0507-1447-1102,영업 전11:30에 영업 시작11시 30분에 영업 시작_영업 전11:30에 영업 시작11시 30분에 영업 시작_영업 전11:30에 영업 시작11시 30분에 영업 시작_영업 전_11:30에 영업 시작11시 30분에 영업 시작_11:30에 영업 시작_11시 30분에 영업 시작_목11:30 - 20:0015:00 - 17:00 브레이크타임19:30 라스트오더_목11:30 - 20:0015:00 - 17:00 브레이크타임19:30 라스트오더_목11:30 - 20:0015:00 - 17:00 브레이크타임19:30 라스트오더_목_11:30 - 20:0015:00 - 17:00 브레이크타임19:30 라스트오더_금11:30 - 20:0015:00 - 17:00 브레이크타임19:30 라스트오더_금11:30 - 20:0015:00 - 17:00 브레이크타임19:30 라스트오더_금11:30 - 20:0015:00 - 17:00 브레이크타임19:30 라스트오더_금_11:30 - 20:0015:00 - 17:00 브레이크타임19:30 라스트오더_토11:30 - 20:0015:00 - 17:00 브레이크타임19:30 라스트오더_토11:30 - 20:0015:00 - 17:00 브레이크타임19:30 라스트오더_토11:30 - 20:0015:00 - 17:00 브레이크타임19:30 라스트오더_토_11:30 - 20:0015:00 - 17:00 브레이크타임19:30 라스트오더_일11:30 - 20:0015:00 - 17:00 브레이크타임19:30 라스트오더_일11:30 - 20:0015:00 - 17:00 브레이크타임19:30 라스트오더_일11:30 - 20:0015:00 - 17:00 브레이크타임19:30 라스트오더_일_11:30 - 20:0015:00 - 17:00 브레이크타임19:30 라스트오더_월정기휴무 (매주 월요일)_월정기휴무 (매주 월요일)_월정기휴무 (매주 월요일)_월_정기휴무 (매주 월요일)_정기휴무 (매주 월요일)_화11:30 - 20:0015:00 - 17:00 브레이크타임19:30 라스트오더_화11:30 - 20:0015:00 - 17:00 브레이크타임19:30 라스트오더_화11:30 - 20:0015:00 - 17:00 브레이크타임19:30 라스트오더_화_11:30 - 20:0015:00 - 17:00 브레이크타임19:30 라스트오더_수11:30 - 20:0015:00 - 17:00 브레이크타임19:30 라스트오더접기_수11:30 - 20:0015:00 - 17:00 브레이크타임19:30 라스트오더접기_수11:30 - 20:0015:00 - 17:00 브레이크타임19:30 라스트오더_수_11:30 - 20:0015:00 - 17:00 브레이크타임19:30 라스트오더_접기_접기,별점없음,0,0,https://search.pstatic.net/common/?autoRotate=true&type=w560_sharpen&src=https%3A%2F%2Fldb-phinf.pstatic.net%2F20241015_250%2F1728984273455BuhDl_JPEG%2FIMG_4837.jpeg,무선 인터넷_남/녀 화장실 구분,주차가능무료
할리스 전북도청점,38571165,카페,도로명전북 전주시 완산구 홍산남로 51복사지번전북 전주시 완산구 효자동3가 1534-3복사우편번호우편번호54969복사안내 레이어 닫기,0507-1424-4005,영업 전08:00에 영업 시작8시 0분에 영업 시작_영업 전08:00에 영업 시작8시 0분에 영업 시작_영업 전08:00에 영업 시작8시 0분에 영업 시작_영업 전_08:00에 영업 시작8시 0분에 영업 시작_08:00에 영업 시작_8시 0분에 영업 시작_목08:00 - 24:00_목08:00 - 24:00_목08:00 - 24:00_목_08:00 - 24:00_금08:00 - 다음 날 01:00_금08:00 - 다음 날 01:00_금08:00 - 다음 날 01:00_금_08:00 - 다음 날 01:00_토08:00 - 다음 날 01:00_토08:00 - 다음 날 01:00_토08:00 - 다음 날 01:00_토_08:00 - 다음 날 01:00_일08:00 - 24:00_일08:00 - 24:00_일08:00 - 24:00_일_08:00 - 24:00_월08:00 - 24:00_월08:00 - 24:00_월08:00 - 24:00_월_08:00 - 24:00_화08:00 - 24:00_화08:00 - 24:00_화08:00 - 24:00_화_08:00 - 24:00_수08:00 - 24:00접기_수08:00 - 24:00접기_수08:00 - 24:00_수_08:00 - 24:00_접기_접기,별점4.41,0,0,https://search.pstatic.net/common/?autoRotate=true&type=w560_sharpen&src=https%3A%2F%2Fldb-phinf.pstatic.net%2F20210302_125%2F161464487124061agC_JPEG%2FK15utTFWXeuNEny1JMXiV57W.jpg,배달_포장_단체 이용 가능_무선 인터넷_남/녀 화장실 구분,주차가능
고기싸롱 전주신시가지점,1745156394,"육류,고기요리",도로명전북 전주시 완산구 홍산남로 59-17 1층복사지번전북 전주시 완산구 효자동3가 1533-9복사우편번호우편번호54969복사안내 레이어 닫기,063-226-9200,영업 종료16:30에 영업 시작16시 30분에 영업 시작_영업 종료16:30에 영업 시작16시 30분에 영업 시작_영업 종료16:30에 영업 시작16시 30분에 영업 시작_영업 종료_16:30에 영업 시작16시 30분에 영업 시작_16:30에 영업 시작_16시 30분에 영업 시작_목16:30 - 23:00_목16:30 - 23:00_목16:30 - 23:00_목_16:30 - 23:00_금16:30 - 23:00_금16:30 - 23:00_금16:30 - 23:00_금_16:30 - 23:00_토16:30 - 23:00_토16:30 - 23:00_토16:30 - 23:00_토_16:30 - 23:00_일16:30 - 23:00_일16:30 - 23:00_일16:30 - 23:00_일_16:30 - 23:00_월16:30 - 23:00_월16:30 - 23:00_월16:30 - 23:00_월_16:30 - 23:00_화16:30 - 23:00_화16:30 - 23:00_화16:30 - 23:00_화_16:30 - 23:00_수16:30 - 23:00_수16:30 - 23:00_수16:30 - 23:00_수_16:30 - 23:00_- 점심 단체 예약은 전화주세요! 감사합니다접기_- 점심 단체 예약은 전화주세요! 감사합니다접기_- 점심 단체 예약은 전화주세요! 감사합니다_- 점심 단체 예약은 전화주세요! 감사합니다_접기_접기,별점없음,0,0,https://search.pstatic.net/common/?autoRotate=true&type=w560_sharpen&src=https%3A%2F%2Fldb-phinf.pstatic.net%2F20221226_236%2F16720323205701Ytz9_JPEG%2FKakaoTalk_20221226_110356368_%25BA%25B8%25C1%25A42.jpg,편의시설 정보 없음,주차가능
효자동키친,1876661758,한정식,도로명전북 전주시 완산구 마전2길 5-6 형성빌딩 1층 효자동키친복사지번전북 전주시 완산구 효자동3가 1646-5복사우편번호우편번호54962복사안내 레이어 닫기,0507-1335-8068,"영업 전11:00에 영업 시작11시 0분에 영업 시작_영업 전11:00에 영업 시작11시 0분에 영업 시작_영업 전11:00에 영업 시작11시 0분에 영업 시작_영업 전_11:00에 영업 시작11시 0분에 영업 시작_11:00에 영업 시작_11시 0분에 영업 시작_목11:00 - 21:0015:00 - 17:00 브레이크타임14:15, 20:15 라스트오더_목11:00 - 21:0015:00 - 17:00 브레이크타임14:15, 20:15 라스트오더_목11:00 - 21:0015:00 - 17:00 브레이크타임14:15, 20:15 라스트오더_목_11:00 - 21:0015:00 - 17:00 브레이크타임14:15, 20:15 라스트오더_금11:00 - 21:0015:00 - 17:00 브레이크타임14:15, 20:15 라스트오더_금11:00 - 21:0015:00 - 17:00 브레이크타임14:15, 20:15 라스트오더_금11:00 - 21:0015:00 - 17:00 브레이크타임14:15, 20:15 라스트오더_금_11:00 - 21:0015:00 - 17:00 브레이크타임14:15, 20:15 라스트오더_토11:00 - 15:0014:15 라스트오더_토11:00 - 15:0014:15 라스트오더_토11:00 - 15:0014:15 라스트오더_토_11:00 - 15:0014:15 라스트오더_일정기휴무 (매주 일요일)_일정기휴무 (매주 일요일)_일정기휴무 (매주 일요일)_일_정기휴무 (매주 일요일)_정기휴무 (매주 일요일)_월11:00 - 21:0015:00 - 17:00 브레이크타임14:15, 20:15 라스트오더_월11:00 - 21:0015:00 - 17:00 브레이크타임14:15, 20:15 라스트오더_월11:00 - 21:0015:00 - 17:00 브레이크타임14:15, 20:15 라스트오더_월_11:00 - 21:0015:00 - 17:00 브레이크타임14:15, 20:15 라스트오더_화11:00 - 21:0015:00 - 17:00 브레이크타임14:15, 20:15 라스트오더_화11:00 - 21:0015:00 - 17:00 브레이크타임14:15, 20:15 라스트오더_화11:00 - 21:0015:00 - 17:00 브레이크타임14:15, 20:15 라스트오더_화_11:00 - 21:0015:00 - 17:00 브레이크타임14:15, 20:15 라스트오더_수11:00 - 21:0015:00 - 17:00 브레이크타임14:15, 20:15 라스트오더_수11:00 - 21:0015:00 - 17:00 브레이크타임14:15, 20:15 라스트오더_수11:00 - 21:0015:00 - 17:00 브레이크타임14:15, 20:15 라스트오더_수_11:00 - 21:0015:00 - 17:00 브레이크타임14:15, 20:15 라스트오더_- 일요일휴무접기_- 일요일휴무접기_- 일요일휴무_- 일요일휴무_접기_접기",별점없음,0,0,https://search.pstatic.net/common/?autoRotate=true&type=w560_sharpen&src=https%3A%2F%2Fldb-phinf.pstatic.net%2F20211211_234%2F1639206102428Ct34l_JPEG%2FIMG_20211210_110144_744.jpg,포장_예약_무선 인터넷_남/녀 화장실 구분,주차가능
두끼 전북도청점,1162544334,분식,도로명전북 전주시 완산구 홍산중앙로 27 2층복사지번전북 전주시 완산구 효자동3가 1535-8복사우편번호우편번호54969복사안내 레이어 닫기,063-224-6777,영업 전11:00에 영업 시작11시 0분에 영업 시작_영업 전11:00에 영업 시작11시 0분에 영업 시작_영업 전11:00에 영업 시작11시 0분에 영업 시작_영업 전_11:00에 영업 시작11시 0분에 영업 시작_11:00에 영업 시작_11시 0분에 영업 시작_목11:00 - 22:0020:00 라스트오더_목11:00 - 22:0020:00 라스트오더_목11:00 - 22:0020:00 라스트오더_목_11:00 - 22:0020:00 라스트오더_금11:00 - 22:0020:00 라스트오더_금11:00 - 22:0020:00 라스트오더_금11:00 - 22:0020:00 라스트오더_금_11:00 - 22:0020:00 라스트오더_토11:00 - 22:0020:00 라스트오더_토11:00 - 22:0020:00 라스트오더_토11:00 - 22:0020:00 라스트오더_토_11:00 - 22:0020:00 라스트오더_일11:00 - 22:0020:00 라스트오더_일11:00 - 22:0020:00 라스트오더_일11:00 - 22:0020:00 라스트오더_일_11:00 - 22:0020:00 라스트오더_월11:00 - 22:0020:00 라스트오더_월11:00 - 22:0020:00 라스트오더_월11:00 - 22:0020:00 라스트오더_월_11:00 - 22:0020:00 라스트오더_화11:00 - 22:0020:00 라스트오더_화11:00 - 22:0020:00 라스트오더_화11:00 - 22:0020:00 라스트오더_화_11:00 - 22:0020:00 라스트오더_수11:00 - 22:0020:00 라스트오더접기_수11:00 - 22:0020:00 라스트오더접기_수11:00 - 22:0020:00 라스트오더_수_11:00 - 22:0020:00 라스트오더_접기_접기,별점없음,0,0,https://search.pstatic.net/common/?autoRotate=true&type=w560_sharpen&src=https%3A%2F%2Fldb-phinf.pstatic.net%2F20231019_197%2F1697685324379IA5TL_JPEG%2FResized_1697685175059.jpeg,단체 이용 가능_포장_무선 인터넷,주차가능
퐁당샤브 전주도청점,1087055663,샤브샤브,도로명전북 전주시 완산구 홍산남로 20 2층 201호 퐁당 샤브샤브 전주도청점복사지번전북 전주시 완산구 효자동2가 1242-4복사우편번호우편번호54966복사안내 레이어 닫기,0507-1468-8304,영업 전11:00에 영업 시작11시 0분에 영업 시작_영업 전11:00에 영업 시작11시 0분에 영업 시작_영업 전11:00에 영업 시작11시 0분에 영업 시작_영업 전_11:00에 영업 시작11시 0분에 영업 시작_11:00에 영업 시작_11시 0분에 영업 시작_목11:00 - 22:0021:00 라스트오더_목11:00 - 22:0021:00 라스트오더_목11:00 - 22:0021:00 라스트오더_목_11:00 - 22:0021:00 라스트오더_금11:00 - 22:0021:00 라스트오더_금11:00 - 22:0021:00 라스트오더_금11:00 - 22:0021:00 라스트오더_금_11:00 - 22:0021:00 라스트오더_토11:00 - 22:0021:00 라스트오더_토11:00 - 22:0021:00 라스트오더_토11:00 - 22:0021:00 라스트오더_토_11:00 - 22:0021:00 라스트오더_일11:00 - 22:0021:00 라스트오더_일11:00 - 22:0021:00 라스트오더_일11:00 - 22:0021:00 라스트오더_일_11:00 - 22:0021:00 라스트오더_월11:00 - 22:0021:00 라스트오더_월11:00 - 22:0021:00 라스트오더_월11:00 - 22:0021:00 라스트오더_월_11:00 - 22:0021:00 라스트오더_화11:00 - 22:0021:00 라스트오더_화11:00 - 22:0021:00 라스트오더_화11:00 - 22:0021:00 라스트오더_화_11:00 - 22:0021:00 라스트오더_수11:00 - 22:0021:00 라스트오더접기_수11:00 - 22:0021:00 라스트오더접기_수11:00 - 22:0021:00 라스트오더_수_11:00 - 22:0021:00 라스트오더_접기_접기,별점없음,0,0,https://search.pstatic.net/common/?autoRotate=true&type=w560_sharpen&src=https%3A%2F%2Fldb-phinf.pstatic.net%2F20240125_50%2F1706174483468hins2_JPEG%2F2.jpg,무한 리필_단체 이용 가능_예약_무선 인터넷_유아시설 (놀이방),주차가능무료
카페쇼콜라빌리지 전주대점,1155813744,"카페,디저트",도로명전북 전주시 완산구 봉곡2길 15 1층복사지번전북 전주시 완산구 효자동3가 1726-1복사우편번호우편번호55060복사안내 레이어 닫기,0507-1455-3215,영업 전09:30에 영업 시작9시 30분에 영업 시작_영업 전09:30에 영업 시작9시 30분에 영업 시작_영업 전09:30에 영업 시작9시 30분에 영업 시작_영업 전_09:30에 영업 시작9시 30분에 영업 시작_09:30에 영업 시작_9시 30분에 영업 시작_목09:30 - 22:3022:00 라스트오더_목09:30 - 22:3022:00 라스트오더_목09:30 - 22:3022:00 라스트오더_목_09:30 - 22:3022:00 라스트오더_금09:30 - 18:0017:30 라스트오더_금09:30 - 18:0017:30 라스트오더_금09:30 - 18:0017:30 라스트오더_금_09:30 - 18:0017:30 라스트오더_토12:00 - 22:3022:00 라스트오더_토12:00 - 22:3022:00 라스트오더_토12:00 - 22:3022:00 라스트오더_토_12:00 - 22:3022:00 라스트오더_일정기휴무 (매주 일요일)_일정기휴무 (매주 일요일)_일정기휴무 (매주 일요일)_일_정기휴무 (매주 일요일)_정기휴무 (매주 일요일)_월09:30 - 22:3022:00 라스트오더_월09:30 - 22:3022:00 라스트오더_월09:30 - 22:3022:00 라스트오더_월_09:30 - 22:3022:00 라스트오더_화09:30 - 22:3018:00 - 18:30 브레이크타임22:00 라스트오더_화09:30 - 22:3018:00 - 18:30 브레이크타임22:00 라스트오더_화09:30 - 22:3018:00 - 18:30 브레이크타임22:00 라스트오더_화_09:30 - 22:3018:00 - 18:30 브레이크타임22:00 라스트오더_수09:30 - 22:3022:00 라스트오더_수09:30 - 22:3022:00 라스트오더_수09:30 - 22:3022:00 라스트오더_수_09:30 - 22:3022:00 라스트오더_- 화요일 브레이크 타임 18:00~18:30접기_- 화요일 브레이크 타임 18:00~18:30접기_- 화요일 브레이크 타임 18:00~18:30_- 화요일 브레이크 타임 18:00~18:30_접기_접기,별점없음,0,0,https://search.pstatic.net/common/?autoRotate=true&type=w560_sharpen&src=https%3A%2F%2Fldb-phinf.pstatic.net%2F20240524_285%2F1716531800032U0DLW_JPEG%2F20240524_152143.jpg,핸드드립_포장_대기공간_배달_무선 인터넷_예약,주차가능무료
고깃리88번지 전주신시가지점,1264140948,돼지고기구이,"도로명전북 전주시 완산구 홍산중앙로 46 1층 101호, 105호복사지번전북 전주시 완산구 효자동3가 1528-15복사우편번호우편번호54969복사안내 레이어 닫기",063-225-3313,영업 종료17:00에 영업 시작17시 0분에 영업 시작_영업 종료17:00에 영업 시작17시 0분에 영업 시작_영업 종료17:00에 영업 시작17시 0분에 영업 시작_영업 종료_17:00에 영업 시작17시 0분에 영업 시작_17:00에 영업 시작_17시 0분에 영업 시작_목17:00 - 다음 날 04:0003:00 라스트오더_목17:00 - 다음 날 04:0003:00 라스트오더_목17:00 - 다음 날 04:0003:00 라스트오더_목_17:00 - 다음 날 04:0003:00 라스트오더_금17:00 - 다음 날 04:0003:00 라스트오더_금17:00 - 다음 날 04:0003:00 라스트오더_금17:00 - 다음 날 04:0003:00 라스트오더_금_17:00 - 다음 날 04:0003:00 라스트오더_토17:00 - 다음 날 04:0003:00 라스트오더_토17:00 - 다음 날 04:0003:00 라스트오더_토17:00 - 다음 날 04:0003:00 라스트오더_토_17:00 - 다음 날 04:0003:00 라스트오더_일16:00 - 다음 날 03:0002:00 라스트오더_일16:00 - 다음 날 03:0002:00 라스트오더_일16:00 - 다음 날 03:0002:00 라스트오더_일_16:00 - 다음 날 03:0002:00 라스트오더_월17:00 - 다음 날 04:0003:00 라스트오더_월17:00 - 다음 날 04:0003:00 라스트오더_월17:00 - 다음 날 04:0003:00 라스트오더_월_17:00 - 다음 날 04:0003:00 라스트오더_화17:00 - 다음 날 04:0003:00 라스트오더_화17:00 - 다음 날 04:0003:00 라스트오더_화17:00 - 다음 날 04:0003:00 라스트오더_화_17:00 - 다음 날 04:0003:00 라스트오더_수17:00 - 다음 날 04:0003:00 라스트오더접기_수17:00 - 다음 날 04:0003:00 라스트오더접기_수17:00 - 다음 날 04:0003:00 라스트오더_수_17:00 - 다음 날 04:0003:00 라스트오더_접기_접기,별점없음,0,0,https://search.pstatic.net/common/?autoRotate=true&type=w560_sharpen&src=https%3A%2F%2Fldb-phinf.pstatic.net%2F20241126_246%2F1732624121016Ih47P_PNG%2F%25B4%25EB%25C7%25A51.png,단체 이용 가능_무선 인터넷_예약,주차가능무료
고수닭갈비 효자점,20265914,닭갈비,도로명전북 전주시 완산구 마전중앙로 22 102복사지번전북 전주시 완산구 효자동3가 1644-7복사안내 레이어 닫기,063-222-9488,영업 전10:30에 영업 시작10시 30분에 영업 시작_영업 전10:30에 영업 시작10시 30분에 영업 시작_영업 전10:30에 영업 시작10시 30분에 영업 시작_영업 전_10:30에 영업 시작10시 30분에 영업 시작_10:30에 영업 시작_10시 30분에 영업 시작_매일10:30 - 23:00접기_매일10:30 - 23:00접기_매일10:30 - 23:00_매일_10:30 - 23:00_접기_접기,별점4.33,0,0,https://search.pstatic.net/common/?autoRotate=true&type=w560_sharpen&src=https%3A%2F%2Fldb-phinf.pstatic.net%2F20230909_13%2F1694228029193IFX12_JPEG%2F20C6770B-7514-4592-AC12-EF00A0E0C921.jpeg,포장_배달_예약,주차가능무료
숯토리 신시가지본점,1108630796,이자카야,도로명전북 전주시 완산구 홍산3길 11 1층 103호복사지번전북 전주시 완산구 효자동3가 1527-5복사우편번호우편번호54969복사안내 레이어 닫기,063-229-3900,영업 종료18:00에 영업 시작18시 0분에 영업 시작_영업 종료18:00에 영업 시작18시 0분에 영업 시작_영업 종료18:00에 영업 시작18시 0분에 영업 시작_영업 종료_18:00에 영업 시작18시 0분에 영업 시작_18:00에 영업 시작_18시 0분에 영업 시작_목18:00 - 다음 날 03:0002:00 라스트오더_목18:00 - 다음 날 03:0002:00 라스트오더_목18:00 - 다음 날 03:0002:00 라스트오더_목_18:00 - 다음 날 03:0002:00 라스트오더_금18:00 - 다음 날 04:0003:00 라스트오더_금18:00 - 다음 날 04:0003:00 라스트오더_금18:00 - 다음 날 04:0003:00 라스트오더_금_18:00 - 다음 날 04:0003:00 라스트오더_토18:00 - 다음 날 04:0003:00 라스트오더_토18:00 - 다음 날 04:0003:00 라스트오더_토18:00 - 다음 날 04:0003:00 라스트오더_토_18:00 - 다음 날 04:0003:00 라스트오더_일18:00 - 다음 날 03:0002:00 라스트오더_일18:00 - 다음 날 03:0002:00 라스트오더_일18:00 - 다음 날 03:0002:00 라스트오더_일_18:00 - 다음 날 03:0002:00 라스트오더_월18:00 - 다음 날 03:0002:00 라스트오더_월18:00 - 다음 날 03:0002:00 라스트오더_월18:00 - 다음 날 03:0002:00 라스트오더_월_18:00 - 다음 날 03:0002:00 라스트오더_화18:00 - 다음 날 03:0002:00 라스트오더_화18:00 - 다음 날 03:0002:00 라스트오더_화18:00 - 다음 날 03:0002:00 라스트오더_화_18:00 - 다음 날 03:0002:00 라스트오더_수18:00 - 다음 날 03:0002:00 라스트오더접기_수18:00 - 다음 날 03:0002:00 라스트오더접기_수18:00 - 다음 날 03:0002:00 라스트오더_수_18:00 - 다음 날 03:0002:00 라스트오더_접기_접기,별점없음,0,0,https://search.pstatic.net/common/?autoRotate=true&type=w560_sharpen&src=https%3A%2F%2Fldb-phinf.pstatic.net%2F20260315_294%2F1773547332239kJjRp_PNG%2F%25BA%25BD%25B2%25C9%25B4%25EB%25B9%25AE-1.png,단체 이용 가능_무선 인터넷_남/녀 화장실 구분_대기공간,주차가능무료
가람 전주신시가지본점,37488869,"육류,고기요리",도로명전북 전주시 완산구 홍산1길 8 1층복사지번전북 전주시 완산구 효자동2가 1156-7복사우편번호우편번호54969복사안내 레이어 닫기,0507-1384-3418,영업 전10:00에 영업 시작10시 0분에 영업 시작_영업 전10:00에 영업 시작10시 0분에 영업 시작_영업 전10:00에 영업 시작10시 0분에 영업 시작_영업 전_10:00에 영업 시작10시 0분에 영업 시작_10:00에 영업 시작_10시 0분에 영업 시작_매일10:00 - 22:0021:30 라스트오더_매일10:00 - 22:0021:30 라스트오더_매일10:00 - 22:0021:30 라스트오더_매일_10:00 - 22:0021:30 라스트오더_- 첫주문 10:00 마지막주문 21:30까지입니다^^접기_- 첫주문 10:00 마지막주문 21:30까지입니다^^접기_- 첫주문 10:00 마지막주문 21:30까지입니다^^_- 첫주문 10:00 마지막주문 21:30까지입니다^^_접기_접기,별점없음,0,0,https://search.pstatic.net/common/?autoRotate=true&type=w560_sharpen&src=https%3A%2F%2Fldb-phinf.pstatic.net%2F20240222_201%2F1708586991614LuIXY_PNG%2F%25B0%25A1%25B6%25F7_%25B5%25C5%25C1%25F6%25B0%25A5%25BA%25F119.png,콜키지 가능무료_예약_단체 이용 가능_포장_남/녀 화장실 구분_무선 인터넷_출입구 휠체어 이용가능_좌석 휠체어 이용가능,주차가능무료
포랩스커피컴퍼니 신시가지효자점,1037900632,"카페,디저트",도로명전북 전주시 완산구 마전들로 82 101호복사지번전북 전주시 완산구 효자동3가 1694-6복사우편번호우편번호54963복사안내 레이어 닫기,0507-1355-6950,"영업 전11:00에 영업 시작11시 0분에 영업 시작_영업 전11:00에 영업 시작11시 0분에 영업 시작_영업 전11:00에 영업 시작11시 0분에 영업 시작_영업 전_11:00에 영업 시작11시 0분에 영업 시작_11:00에 영업 시작_11시 0분에 영업 시작_목11:00 - 22:00_목11:00 - 22:00_목11:00 - 22:00_목_11:00 - 22:00_금11:00 - 22:00_금11:00 - 22:00_금11:00 - 22:00_금_11:00 - 22:00_토12:00 - 21:00_토12:00 - 21:00_토12:00 - 21:00_토_12:00 - 21:00_일12:00 - 21:00_일12:00 - 21:00_일12:00 - 21:00_일_12:00 - 21:00_월11:00 - 22:00_월11:00 - 22:00_월11:00 - 22:00_월_11:00 - 22:00_화11:00 - 22:00_화11:00 - 22:00_화11:00 - 22:00_화_11:00 - 22:00_수11:00 - 22:00_수11:00 - 22:00_수11:00 - 22:00_수_11:00 - 22:00_- 마지막주문 - 평일 21:00, 주말·공휴일 20:30접기_- 마지막주문 - 평일 21:00, 주말·공휴일 20:30접기_- 마지막주문 - 평일 21:00, 주말·공휴일 20:30_- 마지막주문 - 평일 21:00, 주말·공휴일 20:30_접기_접기",별점없음,0,0,https://search.pstatic.net/common/?autoRotate=true&type=w560_sharpen&src=https%3A%2F%2Fnaverbooking-phinf.pstatic.net%2F20241107_293%2F17309618555780dtDB_JPEG%2FKakaoTalk_20241107_154317511.jpg,로스터리_핸드드립_테이크아웃 할인_포장_무선 인터넷_남/녀 화장실 구분_대기공간_배달_단체 이용 가능_유아의자_화장실 휠체어 이용가능_출입구 휠체어 이용가능_좌석 휠체어 이용가능,주차가능무료
미카도스시 전주전북도청점,1317929360,"초밥,롤",도로명전북 전주시 완산구 홍산3길 5 1층복사지번전북 전주시 완산구 효자동3가 1527-8복사우편번호우편번호54969복사안내 레이어 닫기,0507-1318-7866,영업 전11:30에 영업 시작11시 30분에 영업 시작_영업 전11:30에 영업 시작11시 30분에 영업 시작_영업 전11:30에 영업 시작11시 30분에 영업 시작_영업 전_11:30에 영업 시작11시 30분에 영업 시작_11:30에 영업 시작_11시 30분에 영업 시작_매일11:30 - 22:0021:40 라스트오더접기_매일11:30 - 22:0021:40 라스트오더접기_매일11:30 - 22:0021:40 라스트오더_매일_11:30 - 22:0021:40 라스트오더_접기_접기,별점없음,0,0,https://search.pstatic.net/common/?autoRotate=true&type=w560_sharpen&src=https%3A%2F%2Fldb-phinf.pstatic.net%2F20180518_240%2F1526639320166prWFa_JPEG%2F2RJqTjUtV6ekcDIE_BMDuLgQ.jpg,포장_무선 인터넷_배달_남/녀 화장실 구분_유아의자_출입구 휠체어 이용가능_좌석 휠체어 이용가능_장애인 주차구역,주차가능무료
취팔선객잔,1832644422,중식당,도로명전북 전주시 완산구 우전로 336복사지번전북 전주시 완산구 효자동3가 1627-7복사우편번호우편번호54962복사안내 레이어 닫기,0507-1343-4798,영업 전11:30에 영업 시작11시 30분에 영업 시작_영업 전11:30에 영업 시작11시 30분에 영업 시작_영업 전11:30에 영업 시작11시 30분에 영업 시작_영업 전_11:30에 영업 시작11시 30분에 영업 시작_11:30에 영업 시작_11시 30분에 영업 시작_목11:30 - 21:3015:00 - 17:00 브레이크타임_목11:30 - 21:3015:00 - 17:00 브레이크타임_목11:30 - 21:3015:00 - 17:00 브레이크타임_목_11:30 - 21:3015:00 - 17:00 브레이크타임_금11:30 - 21:3015:00 - 17:00 브레이크타임_금11:30 - 21:3015:00 - 17:00 브레이크타임_금11:30 - 21:3015:00 - 17:00 브레이크타임_금_11:30 - 21:3015:00 - 17:00 브레이크타임_토11:30 - 21:30_토11:30 - 21:30_토11:30 - 21:30_토_11:30 - 21:30_일11:30 - 21:30_일11:30 - 21:30_일11:30 - 21:30_일_11:30 - 21:30_월11:30 - 21:3015:00 - 17:00 브레이크타임_월11:30 - 21:3015:00 - 17:00 브레이크타임_월11:30 - 21:3015:00 - 17:00 브레이크타임_월_11:30 - 21:3015:00 - 17:00 브레이크타임_화11:30 - 21:3015:00 - 17:00 브레이크타임_화11:30 - 21:3015:00 - 17:00 브레이크타임_화11:30 - 21:3015:00 - 17:00 브레이크타임_화_11:30 - 21:3015:00 - 17:00 브레이크타임_수11:30 - 21:3015:00 - 17:00 브레이크타임접기_수11:30 - 21:3015:00 - 17:00 브레이크타임접기_수11:30 - 21:3015:00 - 17:00 브레이크타임_수_11:30 - 21:3015:00 - 17:00 브레이크타임_접기_접기,별점없음,0,0,https://search.pstatic.net/common/?autoRotate=true&type=w560_sharpen&src=https%3A%2F%2Fldb-phinf.pstatic.net%2F20221025_151%2F1666699521224f9URP_JPEG%2F20221025_205139.jpg,단체 이용 가능_포장_배달_예약_남/녀 화장실 구분,주차가능
홀로설 전북도청 본점,1179533799,"육류,고기요리",도로명전북 전주시 완산구 효자로 194 104호복사지번전북 전주시 완산구 효자동3가 1525-1복사우편번호우편번호54969복사안내 레이어 닫기,0507-1347-3067,영업 전11:00에 영업 시작11시 0분에 영업 시작_영업 전11:00에 영업 시작11시 0분에 영업 시작_영업 전11:00에 영업 시작11시 0분에 영업 시작_영업 전_11:00에 영업 시작11시 0분에 영업 시작_11:00에 영업 시작_11시 0분에 영업 시작_목11:00 - 21:3020:40 라스트오더_목11:00 - 21:3020:40 라스트오더_목11:00 - 21:3020:40 라스트오더_목_11:00 - 21:3020:40 라스트오더_금11:00 - 21:3020:40 라스트오더_금11:00 - 21:3020:40 라스트오더_금11:00 - 21:3020:40 라스트오더_금_11:00 - 21:3020:40 라스트오더_토11:00 - 21:3020:40 라스트오더_토11:00 - 21:3020:40 라스트오더_토11:00 - 21:3020:40 라스트오더_토_11:00 - 21:3020:40 라스트오더_일11:00 - 21:3020:40 라스트오더_일11:00 - 21:3020:40 라스트오더_일11:00 - 21:3020:40 라스트오더_일_11:00 - 21:3020:40 라스트오더_월11:00 - 21:3020:40 라스트오더_월11:00 - 21:3020:40 라스트오더_월11:00 - 21:3020:40 라스트오더_월_11:00 - 21:3020:40 라스트오더_화11:00 - 21:3020:40 라스트오더_화11:00 - 21:3020:40 라스트오더_화11:00 - 21:3020:40 라스트오더_화_11:00 - 21:3020:40 라스트오더_수11:00 - 21:3020:40 라스트오더접기_수11:00 - 21:3020:40 라스트오더접기_수11:00 - 21:3020:40 라스트오더_수_11:00 - 21:3020:40 라스트오더_접기_접기,별점없음,0,0,https://search.pstatic.net/common/?autoRotate=true&type=w560_sharpen&src=https%3A%2F%2Fldb-phinf.pstatic.net%2F20250906_131%2F1757150846143Id7wb_JPEG%2FKakaoTalk_20250826_165615501.jpg,생일 혜택_단체 이용 가능_예약_남/녀 화장실 구분_대기공간_무선 인터넷_화장실 휠체어 이용가능_출입구 휠체어 이용가능_장애인 주차구역,주차가능무료
게장공장,2034612865,게요리,도로명전북 전주시 완산구 마전3길 12 2층복사지번전북 전주시 완산구 효자동3가 1632-5복사우편번호우편번호54962복사안내 레이어 닫기,0507-1480-7111,영업 전11:00에 영업 시작11시 0분에 영업 시작_영업 전11:00에 영업 시작11시 0분에 영업 시작_영업 전11:00에 영업 시작11시 0분에 영업 시작_영업 전_11:00에 영업 시작11시 0분에 영업 시작_11:00에 영업 시작_11시 0분에 영업 시작_목11:00 - 19:00_목11:00 - 19:00_목11:00 - 19:00_목_11:00 - 19:00_금11:00 - 19:00_금11:00 - 19:00_금11:00 - 19:00_금_11:00 - 19:00_토10:00 - 19:00_토10:00 - 19:00_토10:00 - 19:00_토_10:00 - 19:00_일10:00 - 19:00_일10:00 - 19:00_일10:00 - 19:00_일_10:00 - 19:00_월정기휴무 (매주 월요일)_월정기휴무 (매주 월요일)_월정기휴무 (매주 월요일)_월_정기휴무 (매주 월요일)_정기휴무 (매주 월요일)_화11:00 - 19:00_화11:00 - 19:00_화11:00 - 19:00_화_11:00 - 19:00_수11:00 - 19:00접기_수11:00 - 19:00접기_수11:00 - 19:00_수_11:00 - 19:00_접기_접기,별점없음,0,0,https://search.pstatic.net/common/?autoRotate=true&type=w560_sharpen&src=https%3A%2F%2Fldb-phinf.pstatic.net%2F20250930_64%2F1759208513379PyGlJ_GIF%2F%25C1%25A6%25B8%25F1%25C0%25BB_%25C0%25D4%25B7%25C2%25C7%25D8%25C1%25D6%25BC%25BC%25BF%25E4._%25282%2529.gif,단체 이용 가능_포장_무선 인터넷_남/녀 화장실 구분_유아의자_대기공간_출입구 휠체어 이용가능_좌석 휠체어 이용가능,주차가능무료
탐앤탐스커피전주신시가지점,20108488,카페,도로명전북 전주시 완산구 우전로 208복사지번전북 전주시 완산구 효자동2가 1256-2복사우편번호우편번호55061복사안내 레이어 닫기,063-236-7942,영업 전08:00에 영업 시작8시 0분에 영업 시작_영업 전08:00에 영업 시작8시 0분에 영업 시작_영업 전08:00에 영업 시작8시 0분에 영업 시작_영업 전_08:00에 영업 시작8시 0분에 영업 시작_08:00에 영업 시작_8시 0분에 영업 시작_매일08:00 - 다음 날 02:00접기_매일08:00 - 다음 날 02:00접기_매일08:00 - 다음 날 02:00_매일_08:00 - 다음 날 02:00_접기_접기,별점4.35,0,0,https://search.pstatic.net/common/?autoRotate=true&type=w560_sharpen&src=https%3A%2F%2Fldb-phinf.pstatic.net%2F20150901_93%2F1441034297313wBwzR_JPEG%2FSUBMIT_1385078002500_20108488.jpg,단체 이용 가능_포장_배달_예약_남/녀 화장실 구분_무선 인터넷,주차가능무료
양문숯불갈비 전주효자점,2079372039,"육류,고기요리",도로명전북 전주시 완산구 바우배기1길 31-9 1층복사지번전북 전주시 완산구 효자동2가 1243-8복사우편번호우편번호54966복사안내 레이어 닫기,063-236-0422,영업 전11:30에 영업 시작11시 30분에 영업 시작_영업 전11:30에 영업 시작11시 30분에 영업 시작_영업 전11:30에 영업 시작11시 30분에 영업 시작_영업 전_11:30에 영업 시작11시 30분에 영업 시작_11:30에 영업 시작_11시 30분에 영업 시작_매일11:30 - 24:0014:30 - 17:00 브레이크타임22:30 라스트오더접기_매일11:30 - 24:0014:30 - 17:00 브레이크타임22:30 라스트오더접기_매일11:30 - 24:0014:30 - 17:00 브레이크타임22:30 라스트오더_매일_11:30 - 24:0014:30 - 17:00 브레이크타임22:30 라스트오더_접기_접기,별점없음,0,0,https://search.pstatic.net/common/?autoRotate=true&type=w560_sharpen&src=https%3A%2F%2Fldb-phinf.pstatic.net%2F20260413_39%2F1776046740369zNorT_JPEG%2F%25BB%25FD%25BC%25D2%25B0%25A5%25BA%25F1_%25C7%25D1%25C6%25C7_%2528600g%2529_%25282%2529.jpg,콜키지 가능무료_단체 이용 가능_무선 인터넷_예약_남/녀 화장실 구분_유아의자,주차가능무료
마초스테이크 전주점,2016578165,"스테이크,립",도로명전북 전주시 완산구 홍산북로 45-20 1층복사지번전북 전주시 완산구 효자동3가 1527-17복사우편번호우편번호54969복사안내 레이어 닫기,0507-1311-1204,영업 전11:00에 영업 시작11시 0분에 영업 시작_영업 전11:00에 영업 시작11시 0분에 영업 시작_영업 전11:00에 영업 시작11시 0분에 영업 시작_영업 전_11:00에 영업 시작11시 0분에 영업 시작_11:00에 영업 시작_11시 0분에 영업 시작_목11:00 - 21:0015:00 - 16:00 브레이크타임20:45 라스트오더_목11:00 - 21:0015:00 - 16:00 브레이크타임20:45 라스트오더_목11:00 - 21:0015:00 - 16:00 브레이크타임20:45 라스트오더_목_11:00 - 21:0015:00 - 16:00 브레이크타임20:45 라스트오더_금11:00 - 21:0015:00 - 16:00 브레이크타임20:45 라스트오더_금11:00 - 21:0015:00 - 16:00 브레이크타임20:45 라스트오더_금11:00 - 21:0015:00 - 16:00 브레이크타임20:45 라스트오더_금_11:00 - 21:0015:00 - 16:00 브레이크타임20:45 라스트오더_토11:00 - 21:0020:45 라스트오더_토11:00 - 21:0020:45 라스트오더_토11:00 - 21:0020:45 라스트오더_토_11:00 - 21:0020:45 라스트오더_일11:00 - 21:0020:45 라스트오더_일11:00 - 21:0020:45 라스트오더_일11:00 - 21:0020:45 라스트오더_일_11:00 - 21:0020:45 라스트오더_월11:00 - 21:0015:00 - 16:00 브레이크타임20:45 라스트오더_월11:00 - 21:0015:00 - 16:00 브레이크타임20:45 라스트오더_월11:00 - 21:0015:00 - 16:00 브레이크타임20:45 라스트오더_월_11:00 - 21:0015:00 - 16:00 브레이크타임20:45 라스트오더_화11:00 - 21:0015:00 - 16:00 브레이크타임20:45 라스트오더_화11:00 - 21:0015:00 - 16:00 브레이크타임20:45 라스트오더_화11:00 - 21:0015:00 - 16:00 브레이크타임20:45 라스트오더_화_11:00 - 21:0015:00 - 16:00 브레이크타임20:45 라스트오더_수11:00 - 21:0015:00 - 16:00 브레이크타임20:45 라스트오더_수11:00 - 21:0015:00 - 16:00 브레이크타임20:45 라스트오더_수11:00 - 21:0015:00 - 16:00 브레이크타임20:45 라스트오더_수_11:00 - 21:0015:00 - 16:00 브레이크타임20:45 라스트오더_- 매장 상황에 따라 조기 마감될 수 있습니다.접기_- 매장 상황에 따라 조기 마감될 수 있습니다.접기_- 매장 상황에 따라 조기 마감될 수 있습니다._- 매장 상황에 따라 조기 마감될 수 있습니다._접기_접기,별점없음,0,0,https://search.pstatic.net/common/?autoRotate=true&type=w560_sharpen&src=https%3A%2F%2Fldb-phinf.pstatic.net%2F20260310_237%2F17731087316394Trjh_JPEG%2F%25B8%25B6%25C3%25CA%25C3%25DF%25BC%25BA%25C8%25C6%25BD%25E6%25B3%25D7%25C0%25CF.jpg,단체 이용 가능_무선 인터넷_남/녀 화장실 구분_유아의자,주차가능유료
멘지 전주신시가지점,2099774322,일본식라면,도로명전북 전주시 완산구 홍산남로 73 1층 102호복사지번전북 전주시 완산구 효자동3가 1539-2복사우편번호우편번호54969복사안내 레이어 닫기,0507-1472-5337,영업 전11:00에 영업 시작11시 0분에 영업 시작_영업 전11:00에 영업 시작11시 0분에 영업 시작_영업 전11:00에 영업 시작11시 0분에 영업 시작_영업 전_11:00에 영업 시작11시 0분에 영업 시작_11:00에 영업 시작_11시 0분에 영업 시작_매일11:00 - 21:0020:30 라스트오더_매일11:00 - 21:0020:30 라스트오더_매일11:00 - 21:0020:30 라스트오더_매일_11:00 - 21:0020:30 라스트오더_- 항상 브레이크 타임 없습니다!!접기_- 항상 브레이크 타임 없습니다!!접기_- 항상 브레이크 타임 없습니다!!_- 항상 브레이크 타임 없습니다!!_접기_접기,별점없음,0,0,https://search.pstatic.net/common/?autoRotate=true&type=w278_sharpen&src=https%3A%2F%2Fldb-phinf.pstatic.net%2F20260508_31%2F1778234755110T1EFk_JPEG%2F20081.jpg,콜키지 가능무료_포장_예약_단체 이용 가능_남/녀 화장실 구분_유아의자_무선 인터넷_출입구 휠체어 이용가능_좌석 휠체어 이용가능,주차가능무료
이소,1159021496,"카페,디저트",도로명전북 전주시 완산구 바우배기1길 31-13 이소복사지번전북 전주시 완산구 효자동2가 1243-6복사우편번호우편번호54966복사안내 레이어 닫기,0507-1348-8613,영업 전11:00에 영업 시작11시 0분에 영업 시작_영업 전11:00에 영업 시작11시 0분에 영업 시작_영업 전11:00에 영업 시작11시 0분에 영업 시작_영업 전_11:00에 영업 시작11시 0분에 영업 시작_11:00에 영업 시작_11시 0분에 영업 시작_매일11:00 - 22:0021:30 라스트오더접기_매일11:00 - 22:0021:30 라스트오더접기_매일11:00 - 22:0021:30 라스트오더_매일_11:00 - 22:0021:30 라스트오더_접기_접기,별점없음,0,0,https://search.pstatic.net/common/?autoRotate=true&type=w560_sharpen&src=https%3A%2F%2Fldb-phinf.pstatic.net%2F20260519_218%2F17792024322600jrRB_JPEG%2F1000006661.jpg,로스터리_핸드드립_단체 이용 가능_무선 인터넷_포장_유아의자_남/녀 화장실 구분_출입구 휠체어 이용가능,주차가능무료
꿀비,20123293,카페,도로명전북 전주시 완산구 홍산4길 8 1층복사지번전북 전주시 완산구 효자동3가 1528-2복사우편번호우편번호54969복사안내 레이어 닫기,063-226-5277,영업 전12:00에 영업 시작12시 0분에 영업 시작_영업 전12:00에 영업 시작12시 0분에 영업 시작_영업 전12:00에 영업 시작12시 0분에 영업 시작_영업 전_12:00에 영업 시작12시 0분에 영업 시작_12:00에 영업 시작_12시 0분에 영업 시작_목12:00 - 21:3021:00 라스트오더_목12:00 - 21:3021:00 라스트오더_목12:00 - 21:3021:00 라스트오더_목_12:00 - 21:3021:00 라스트오더_금12:00 - 21:3021:00 라스트오더_금12:00 - 21:3021:00 라스트오더_금12:00 - 21:3021:00 라스트오더_금_12:00 - 21:3021:00 라스트오더_토12:00 - 21:3021:00 라스트오더_토12:00 - 21:3021:00 라스트오더_토12:00 - 21:3021:00 라스트오더_토_12:00 - 21:3021:00 라스트오더_일13:30 - 21:0020:30 라스트오더_일13:30 - 21:0020:30 라스트오더_일13:30 - 21:0020:30 라스트오더_일_13:30 - 21:0020:30 라스트오더_월12:00 - 21:3021:00 라스트오더_월12:00 - 21:3021:00 라스트오더_월12:00 - 21:3021:00 라스트오더_월_12:00 - 21:3021:00 라스트오더_화12:00 - 21:3021:00 라스트오더_화12:00 - 21:3021:00 라스트오더_화12:00 - 21:3021:00 라스트오더_화_12:00 - 21:3021:00 라스트오더_수12:00 - 21:3021:00 라스트오더_수12:00 - 21:3021:00 라스트오더_수12:00 - 21:3021:00 라스트오더_수_12:00 - 21:3021:00 라스트오더_- 6월에서 8월까지 일요일 영업합니다 13:30오픈입니다접기_- 6월에서 8월까지 일요일 영업합니다 13:30오픈입니다접기_- 6월에서 8월까지 일요일 영업합니다 13:30오픈입니다_- 6월에서 8월까지 일요일 영업합니다 13:30오픈입니다_접기_접기,별점4.45,0,0,https://search.pstatic.net/common/?autoRotate=true&type=w560_sharpen&src=https%3A%2F%2Fldb-phinf.pstatic.net%2F20150901_297%2F1441035284561TcKl7_JPEG%2FSUBMIT_1413455990010_20123293.jpg,예약_포장_무선 인터넷_남/녀 화장실 구분_배달,주차가능무료
송화옥,2017032031,국밥,도로명전북 전주시 완산구 바우배기1길 17 1층복사지번전북 전주시 완산구 효자동2가 1243-16복사우편번호우편번호54966복사안내 레이어 닫기,0507-1317-2210,영업 전10:00에 영업 시작10시 0분에 영업 시작_영업 전10:00에 영업 시작10시 0분에 영업 시작_영업 전10:00에 영업 시작10시 0분에 영업 시작_영업 전_10:00에 영업 시작10시 0분에 영업 시작_10:00에 영업 시작_10시 0분에 영업 시작_목10:00 - 21:0015:00 - 17:00 브레이크타임_목10:00 - 21:0015:00 - 17:00 브레이크타임_목10:00 - 21:0015:00 - 17:00 브레이크타임_목_10:00 - 21:0015:00 - 17:00 브레이크타임_금10:00 - 21:0015:00 - 17:00 브레이크타임_금10:00 - 21:0015:00 - 17:00 브레이크타임_금10:00 - 21:0015:00 - 17:00 브레이크타임_금_10:00 - 21:0015:00 - 17:00 브레이크타임_토10:00 - 21:0015:00 - 17:00 브레이크타임_토10:00 - 21:0015:00 - 17:00 브레이크타임_토10:00 - 21:0015:00 - 17:00 브레이크타임_토_10:00 - 21:0015:00 - 17:00 브레이크타임_일정기휴무 (매주 일요일)_일정기휴무 (매주 일요일)_일정기휴무 (매주 일요일)_일_정기휴무 (매주 일요일)_정기휴무 (매주 일요일)_월10:00 - 21:0015:00 - 17:00 브레이크타임_월10:00 - 21:0015:00 - 17:00 브레이크타임_월10:00 - 21:0015:00 - 17:00 브레이크타임_월_10:00 - 21:0015:00 - 17:00 브레이크타임_화10:00 - 21:0015:00 - 17:00 브레이크타임_화10:00 - 21:0015:00 - 17:00 브레이크타임_화10:00 - 21:0015:00 - 17:00 브레이크타임_화_10:00 - 21:0015:00 - 17:00 브레이크타임_수10:00 - 21:0015:00 - 17:00 브레이크타임접기_수10:00 - 21:0015:00 - 17:00 브레이크타임접기_수10:00 - 21:0015:00 - 17:00 브레이크타임_수_10:00 - 21:0015:00 - 17:00 브레이크타임_접기_접기,별점없음,0,0,https://search.pstatic.net/common/?autoRotate=true&type=w278_sharpen&src=https%3A%2F%2Fldb-phinf.pstatic.net%2F20260409_71%2F1775714995234PYuX9_JPEG%2F%25BC%25DB%25C8%25AD%25BF%25C1_%25BC%25F8%25B4%25EB%25B1%25B9%25B9%25E4_C%25C4%25B7_00348.jpg,무한 리필_단체 이용 가능_남/녀 화장실 구분_유아의자_무선 인터넷,주차가능무료
소담촌 전주효자점,1462595762,샤브샤브,도로명전북 전주시 완산구 홍산로 249 4층 401호복사지번전북 전주시 완산구 효자동2가 1239-5복사우편번호우편번호54966복사안내 레이어 닫기,063-226-4747,영업 전11:00에 영업 시작11시 0분에 영업 시작_영업 전11:00에 영업 시작11시 0분에 영업 시작_영업 전11:00에 영업 시작11시 0분에 영업 시작_영업 전_11:00에 영업 시작11시 0분에 영업 시작_11:00에 영업 시작_11시 0분에 영업 시작_목11:00 - 21:3020:30 라스트오더_목11:00 - 21:3020:30 라스트오더_목11:00 - 21:3020:30 라스트오더_목_11:00 - 21:3020:30 라스트오더_금11:00 - 21:3020:30 라스트오더_금11:00 - 21:3020:30 라스트오더_금11:00 - 21:3020:30 라스트오더_금_11:00 - 21:3020:30 라스트오더_토11:00 - 21:3020:30 라스트오더_토11:00 - 21:3020:30 라스트오더_토11:00 - 21:3020:30 라스트오더_토_11:00 - 21:3020:30 라스트오더_일11:00 - 21:3020:30 라스트오더_일11:00 - 21:3020:30 라스트오더_일11:00 - 21:3020:30 라스트오더_일_11:00 - 21:3020:30 라스트오더_월11:00 - 21:3020:30 라스트오더_월11:00 - 21:3020:30 라스트오더_월11:00 - 21:3020:30 라스트오더_월_11:00 - 21:3020:30 라스트오더_화11:00 - 21:3020:30 라스트오더_화11:00 - 21:3020:30 라스트오더_화11:00 - 21:3020:30 라스트오더_화_11:00 - 21:3020:30 라스트오더_수11:00 - 21:3020:30 라스트오더접기_수11:00 - 21:3020:30 라스트오더접기_수11:00 - 21:3020:30 라스트오더_수_11:00 - 21:3020:30 라스트오더_접기_접기,별점없음,0,0,https://search.pstatic.net/common/?autoRotate=true&type=w560_sharpen&src=https%3A%2F%2Fldb-phinf.pstatic.net%2F20181207_293%2F1544148487090TWhie_JPEG%2F99ZPQ9SKzH8CzY4OGisMDQ6-.jpg,단체 이용 가능_예약_남/녀 화장실 구분_유아시설 (놀이방)_무선 인터넷,주차가능
진수곱창 신시가지점,1545188087,"곱창,막창,양",도로명전북 전주시 완산구 홍산중앙로 41복사지번전북 전주시 완산구 효자동3가 1535-1복사우편번호우편번호54969복사안내 레이어 닫기,0507-1370-5155,영업 종료16:30에 영업 시작16시 30분에 영업 시작_영업 종료16:30에 영업 시작16시 30분에 영업 시작_영업 종료16:30에 영업 시작16시 30분에 영업 시작_영업 종료_16:30에 영업 시작16시 30분에 영업 시작_16:30에 영업 시작_16시 30분에 영업 시작_매일16:30 - 다음 날 02:00접기_매일16:30 - 다음 날 02:00접기_매일16:30 - 다음 날 02:00_매일_16:30 - 다음 날 02:00_접기_접기,별점4.48,0,0,https://search.pstatic.net/common/?autoRotate=true&type=w560_sharpen&src=https%3A%2F%2Fldb-phinf.pstatic.net%2F20200625_108%2F15930171070076H3DP_JPEG%2Fc579KX-01gkss0M_sqCkM2H3.jpg,단체 이용 가능_포장_예약_남/녀 화장실 구분,주차가능
EIGHT FLOOR,1582706255,요리주점,도로명전북 전주시 완산구 마전들로 74 8층 에이트플로어복사지번전북 전주시 완산구 효자동3가 1694-2복사우편번호우편번호54963복사안내 레이어 닫기,0507-1382-7812,영업 종료17:00에 영업 시작17시 0분에 영업 시작_영업 종료17:00에 영업 시작17시 0분에 영업 시작_영업 종료17:00에 영업 시작17시 0분에 영업 시작_영업 종료_17:00에 영업 시작17시 0분에 영업 시작_17:00에 영업 시작_17시 0분에 영업 시작_목17:00 - 다음 날 00:50_목17:00 - 다음 날 00:50_목17:00 - 다음 날 00:50_목_17:00 - 다음 날 00:50_금17:00 - 다음 날 00:50_금17:00 - 다음 날 00:50_금17:00 - 다음 날 00:50_금_17:00 - 다음 날 00:50_토17:00 - 다음 날 00:50_토17:00 - 다음 날 00:50_토17:00 - 다음 날 00:50_토_17:00 - 다음 날 00:50_일정기휴무 (매주 일요일)_일정기휴무 (매주 일요일)_일정기휴무 (매주 일요일)_일_정기휴무 (매주 일요일)_정기휴무 (매주 일요일)_월17:00 - 다음 날 00:50_월17:00 - 다음 날 00:50_월17:00 - 다음 날 00:50_월_17:00 - 다음 날 00:50_화17:00 - 다음 날 00:50_화17:00 - 다음 날 00:50_화17:00 - 다음 날 00:50_화_17:00 - 다음 날 00:50_수17:00 - 다음 날 00:50접기_수17:00 - 다음 날 00:50접기_수17:00 - 다음 날 00:50_수_17:00 - 다음 날 00:50_접기_접기,별점없음,0,0,https://search.pstatic.net/common/?autoRotate=true&type=w560_sharpen&src=https%3A%2F%2Fldb-phinf.pstatic.net%2F20230117_32%2F1673931440624vk2gm_JPEG%2F1673931435718-1.jpg,단체 이용 가능_남/녀 화장실 구분_무선 인터넷_예약_노키즈존_출입구 휠체어 이용가능_좌석 휠체어 이용가능_장애인 주차구역,주차가능무료
시즈너,1649770295,이탈리아음식,도로명전북 전주시 완산구 마전로 5 2층 시즈너복사지번전북 전주시 완산구 효자동3가 1645-8복사우편번호우편번호54962복사안내 레이어 닫기,0507-1318-1178,"영업 전11:30에 영업 시작11시 30분에 영업 시작_영업 전11:30에 영업 시작11시 30분에 영업 시작_영업 전11:30에 영업 시작11시 30분에 영업 시작_영업 전_11:30에 영업 시작11시 30분에 영업 시작_11:30에 영업 시작_11시 30분에 영업 시작_목11:30 - 22:0015:00 - 17:30 브레이크타임14:00, 21:00 라스트오더_목11:30 - 22:0015:00 - 17:30 브레이크타임14:00, 21:00 라스트오더_목11:30 - 22:0015:00 - 17:30 브레이크타임14:00, 21:00 라스트오더_목_11:30 - 22:0015:00 - 17:30 브레이크타임14:00, 21:00 라스트오더_금11:30 - 22:0015:00 - 17:30 브레이크타임14:00, 21:00 라스트오더_금11:30 - 22:0015:00 - 17:30 브레이크타임14:00, 21:00 라스트오더_금11:30 - 22:0015:00 - 17:30 브레이크타임14:00, 21:00 라스트오더_금_11:30 - 22:0015:00 - 17:30 브레이크타임14:00, 21:00 라스트오더_토11:30 - 22:0015:00 - 17:30 브레이크타임14:00, 21:00 라스트오더_토11:30 - 22:0015:00 - 17:30 브레이크타임14:00, 21:00 라스트오더_토11:30 - 22:0015:00 - 17:30 브레이크타임14:00, 21:00 라스트오더_토_11:30 - 22:0015:00 - 17:30 브레이크타임14:00, 21:00 라스트오더_일11:30 - 22:0015:00 - 17:30 브레이크타임14:00, 21:00 라스트오더_일11:30 - 22:0015:00 - 17:30 브레이크타임14:00, 21:00 라스트오더_일11:30 - 22:0015:00 - 17:30 브레이크타임14:00, 21:00 라스트오더_일_11:30 - 22:0015:00 - 17:30 브레이크타임14:00, 21:00 라스트오더_월정기휴무 (매주 월요일)_월정기휴무 (매주 월요일)_월정기휴무 (매주 월요일)_월_정기휴무 (매주 월요일)_정기휴무 (매주 월요일)_화11:30 - 22:0015:00 - 17:30 브레이크타임14:00, 21:00 라스트오더_화11:30 - 22:0015:00 - 17:30 브레이크타임14:00, 21:00 라스트오더_화11:30 - 22:0015:00 - 17:30 브레이크타임14:00, 21:00 라스트오더_화_11:30 - 22:0015:00 - 17:30 브레이크타임14:00, 21:00 라스트오더_수11:30 - 22:0015:00 - 17:30 브레이크타임14:00, 21:00 라스트오더_수11:30 - 22:0015:00 - 17:30 브레이크타임14:00, 21:00 라스트오더_수11:30 - 22:0015:00 - 17:30 브레이크타임14:00, 21:00 라스트오더_수_11:30 - 22:0015:00 - 17:30 브레이크타임14:00, 21:00 라스트오더_- 10/6 추석 당일 휴무접기_- 10/6 추석 당일 휴무접기_- 10/6 추석 당일 휴무_- 10/6 추석 당일 휴무_접기_접기",별점없음,0,0,https://search.pstatic.net/common/?autoRotate=true&type=w560_sharpen&src=https%3A%2F%2Fnaverbooking-phinf.pstatic.net%2F20250423_17%2F1745383562681XEOyv_JPEG%2Fimage.jpg,콜키지 가능유료_와인 페어링_단체 이용 가능_남/녀 화장실 구분_예약_무선 인터넷_유아의자_출입구 휠체어 이용가능_좌석 휠체어 이용가능,주차가능유료
태양부양꼬치 효자점,1286897099,양꼬치,도로명전북 전주시 완산구 홍산4길 16 태양부양꼬치복사지번전북 전주시 완산구 효자동3가 1528-6복사우편번호우편번호54969복사안내 레이어 닫기,0507-1486-6670,"영업 전11:30에 영업 시작11시 30분에 영업 시작_영업 전11:30에 영업 시작11시 30분에 영업 시작_영업 전11:30에 영업 시작11시 30분에 영업 시작_영업 전_11:30에 영업 시작11시 30분에 영업 시작_11:30에 영업 시작_11시 30분에 영업 시작_목11:30 - 24:00_목11:30 - 24:00_목11:30 - 24:00_목_11:30 - 24:00_금11:30 - 24:00_금11:30 - 24:00_금11:30 - 24:00_금_11:30 - 24:00_토11:30 - 24:00_토11:30 - 24:00_토11:30 - 24:00_토_11:30 - 24:00_일11:30 - 24:00_일11:30 - 24:00_일11:30 - 24:00_일_11:30 - 24:00_월(6/15)정기휴무 (매달 1, 3번째 월요일)_월(6/15)정기휴무 (매달 1, 3번째 월요일)_월(6/15)정기휴무 (매달 1, 3번째 월요일)_월(6/15)_정기휴무 (매달 1, 3번째 월요일)_정기휴무 (매달 1, 3번째 월요일)_화11:30 - 24:00_화11:30 - 24:00_화11:30 - 24:00_화_11:30 - 24:00_수11:30 - 24:00_수11:30 - 24:00_수11:30 - 24:00_수_11:30 - 24:00_매달 1, 3번째 월요일 정기 휴무접기_매달 1, 3번째 월요일 정기 휴무접기_매달 1, 3번째 월요일 정기 휴무_접기_접기",별점없음,0,0,https://search.pstatic.net/common/?autoRotate=true&type=w560_sharpen&src=https%3A%2F%2Fldb-phinf.pstatic.net%2F20221214_197%2F167099814685994eb3_JPEG%2FKakaoTalk_20221213_010828532.jpg,단체 이용 가능_포장_배달_무선 인터넷_남/녀 화장실 구분,주차가능
여운,2083745594,요리주점,도로명전북 전주시 완산구 홍산북로 60-22 102호복사지번전북 전주시 완산구 효자동3가 1533-6복사우편번호우편번호54969복사안내 레이어 닫기,0507-1306-3716,영업 종료18:00에 영업 시작18시 0분에 영업 시작_영업 종료18:00에 영업 시작18시 0분에 영업 시작_영업 종료18:00에 영업 시작18시 0분에 영업 시작_영업 종료_18:00에 영업 시작18시 0분에 영업 시작_18:00에 영업 시작_18시 0분에 영업 시작_목18:00 - 다음 날 02:0001:30 라스트오더_목18:00 - 다음 날 02:0001:30 라스트오더_목18:00 - 다음 날 02:0001:30 라스트오더_목_18:00 - 다음 날 02:0001:30 라스트오더_금18:00 - 다음 날 02:0001:30 라스트오더_금18:00 - 다음 날 02:0001:30 라스트오더_금18:00 - 다음 날 02:0001:30 라스트오더_금_18:00 - 다음 날 02:0001:30 라스트오더_토18:00 - 다음 날 03:0002:30 라스트오더_토18:00 - 다음 날 03:0002:30 라스트오더_토18:00 - 다음 날 03:0002:30 라스트오더_토_18:00 - 다음 날 03:0002:30 라스트오더_일18:00 - 다음 날 03:0002:30 라스트오더_일18:00 - 다음 날 03:0002:30 라스트오더_일18:00 - 다음 날 03:0002:30 라스트오더_일_18:00 - 다음 날 03:0002:30 라스트오더_월정기휴무 (매주 월요일)_월정기휴무 (매주 월요일)_월정기휴무 (매주 월요일)_월_정기휴무 (매주 월요일)_정기휴무 (매주 월요일)_화18:00 - 다음 날 02:0001:30 라스트오더_화18:00 - 다음 날 02:0001:30 라스트오더_화18:00 - 다음 날 02:0001:30 라스트오더_화_18:00 - 다음 날 02:0001:30 라스트오더_수18:00 - 다음 날 02:0001:30 라스트오더접기_수18:00 - 다음 날 02:0001:30 라스트오더접기_수18:00 - 다음 날 02:0001:30 라스트오더_수_18:00 - 다음 날 02:0001:30 라스트오더_접기_접기,별점없음,0,0,https://search.pstatic.net/common/?autoRotate=true&type=w560_sharpen&src=https%3A%2F%2Fldb-phinf.pstatic.net%2F20260324_261%2F1774318639717U4N96_JPEG%2FKakaoTalk_20260324_105857394_01.jpg,단체 이용 가능_포장_예약_무선 인터넷_남/녀 화장실 구분,주차 불가
대성 한우 양곱창,1681933768,한식,도로명전북 전주시 완산구 홍산북로 59-13 1층 대성한우양곱창복사지번전북 전주시 완산구 효자동3가 1529-5복사우편번호우편번호54969복사안내 레이어 닫기,0507-1329-7892,영업 종료17:00에 영업 시작17시 0분에 영업 시작_영업 종료17:00에 영업 시작17시 0분에 영업 시작_영업 종료17:00에 영업 시작17시 0분에 영업 시작_영업 종료_17:00에 영업 시작17시 0분에 영업 시작_17:00에 영업 시작_17시 0분에 영업 시작_목17:00 - 23:50_목17:00 - 23:50_목17:00 - 23:50_목_17:00 - 23:50_금17:00 - 23:50_금17:00 - 23:50_금17:00 - 23:50_금_17:00 - 23:50_토17:00 - 23:50_토17:00 - 23:50_토17:00 - 23:50_토_17:00 - 23:50_일정기휴무 (매주 일요일)_일정기휴무 (매주 일요일)_일정기휴무 (매주 일요일)_일_정기휴무 (매주 일요일)_정기휴무 (매주 일요일)_월17:00 - 23:50_월17:00 - 23:50_월17:00 - 23:50_월_17:00 - 23:50_화17:00 - 23:50_화17:00 - 23:50_화17:00 - 23:50_화_17:00 - 23:50_수17:00 - 23:50_수17:00 - 23:50_수17:00 - 23:50_수_17:00 - 23:50_- 월요일 대체 공휴일 경우 일요일 정상영업 월요일 휴무접기_- 월요일 대체 공휴일 경우 일요일 정상영업 월요일 휴무접기_- 월요일 대체 공휴일 경우 일요일 정상영업 월요일 휴무_- 월요일 대체 공휴일 경우 일요일 정상영업 월요일 휴무_접기_접기,별점없음,0,0,https://search.pstatic.net/common/?autoRotate=true&type=w560_sharpen&src=https%3A%2F%2Fldb-phinf.pstatic.net%2F20260425_134%2F1777091435035W4k3j_JPEG%2F20260425_101353.jpg,단체 이용 가능_무선 인터넷_예약_포장_배달_남/녀 화장실 구분_방문접수/출장_유아의자_출입구 휠체어 이용가능_좌석 휠체어 이용가능,주차가능무료
도야 두루치기 생삼겹,1432378052,한식,도로명전북 전주시 완산구 석산2길 5-10 서원플러스 1층복사지번전북 전주시 완산구 효자동3가 1696-9복사우편번호우편번호54963복사안내 레이어 닫기,063-223-0023,영업 전10:00에 영업 시작10시 0분에 영업 시작_영업 전10:00에 영업 시작10시 0분에 영업 시작_영업 전10:00에 영업 시작10시 0분에 영업 시작_영업 전_10:00에 영업 시작10시 0분에 영업 시작_10:00에 영업 시작_10시 0분에 영업 시작_목10:00 - 23:00_목10:00 - 23:00_목10:00 - 23:00_목_10:00 - 23:00_금10:00 - 23:00_금10:00 - 23:00_금10:00 - 23:00_금_10:00 - 23:00_토10:00 - 23:00_토10:00 - 23:00_토10:00 - 23:00_토_10:00 - 23:00_일10:00 - 23:00_일10:00 - 23:00_일10:00 - 23:00_일_10:00 - 23:00_월10:00 - 23:00_월10:00 - 23:00_월10:00 - 23:00_월_10:00 - 23:00_화10:00 - 23:00_화10:00 - 23:00_화10:00 - 23:00_화_10:00 - 23:00_수10:00 - 23:00접기_수10:00 - 23:00접기_수10:00 - 23:00_수_10:00 - 23:00_접기_접기,별점없음,0,0,https://search.pstatic.net/common/?autoRotate=true&type=w560_sharpen&src=https%3A%2F%2Fldb-phinf.pstatic.net%2F20230307_182%2F1678175436229pQJv0_JPEG%2F61194956-CBA2-4AEC-8CB8-9BE57A804BFE.jpeg,단체 이용 가능_포장_배달_예약,주차가능무료
남촌칼국수,1535494654,"칼국수,만두",도로명전북 전주시 완산구 석산2길 7 1층복사지번전북 전주시 완산구 효자동3가 1696-7복사우편번호우편번호54963복사안내 레이어 닫기,063-221-1030,오늘 휴무06/11 휴무06/11 휴무_오늘 휴무06/11 휴무06/11 휴무_오늘 휴무06/11 휴무06/11 휴무_오늘 휴무_06/11 휴무06/11 휴무_06/11 휴무_06/11 휴무_목(6/11)휴무_목(6/11)휴무_목(6/11)휴무_목(6/11)_휴무_휴무_금10:30 - 21:0020:15 라스트오더_금10:30 - 21:0020:15 라스트오더_금10:30 - 21:0020:15 라스트오더_금_10:30 - 21:0020:15 라스트오더_토10:30 - 21:0020:15 라스트오더_토10:30 - 21:0020:15 라스트오더_토10:30 - 21:0020:15 라스트오더_토_10:30 - 21:0020:15 라스트오더_일10:30 - 21:0020:15 라스트오더_일10:30 - 21:0020:15 라스트오더_일10:30 - 21:0020:15 라스트오더_일_10:30 - 21:0020:15 라스트오더_월10:30 - 21:0020:15 라스트오더_월10:30 - 21:0020:15 라스트오더_월10:30 - 21:0020:15 라스트오더_월_10:30 - 21:0020:15 라스트오더_화10:30 - 21:0020:15 라스트오더_화10:30 - 21:0020:15 라스트오더_화10:30 - 21:0020:15 라스트오더_화_10:30 - 21:0020:15 라스트오더_수정기휴무 (매주 수요일)_수정기휴무 (매주 수요일)_수정기휴무 (매주 수요일)_수_정기휴무 (매주 수요일)_정기휴무 (매주 수요일)_- 브레이크타임 없음접기_- 브레이크타임 없음접기_- 브레이크타임 없음_- 브레이크타임 없음_접기_접기,별점4.49,0,0,https://search.pstatic.net/common/?autoRotate=true&type=w560_sharpen&src=https%3A%2F%2Fldb-phinf.pstatic.net%2F20230227_108%2F1677500948579Kp3q5_JPEG%2F85E31841-627F-4884-974C-82D76E423996.jpeg,단체 이용 가능_포장_무선 인터넷_남/녀 화장실 구분_배달_유아의자,주차가능무료
배치드롬 전주신시가지점,2005476330,"카페,디저트","도로명전북 전주시 완산구 홍산남로 11-22 101호, 102호복사지번전북 전주시 완산구 효자동2가 1235-7복사우편번호우편번호54966복사안내 레이어 닫기",0507-1463-1742,영업 전09:00에 영업 시작9시 0분에 영업 시작_영업 전09:00에 영업 시작9시 0분에 영업 시작_영업 전09:00에 영업 시작9시 0분에 영업 시작_영업 전_09:00에 영업 시작9시 0분에 영업 시작_09:00에 영업 시작_9시 0분에 영업 시작_목09:00 - 23:00_목09:00 - 23:00_목09:00 - 23:00_목_09:00 - 23:00_금09:00 - 23:00_금09:00 - 23:00_금09:00 - 23:00_금_09:00 - 23:00_토12:00 - 23:00_토12:00 - 23:00_토12:00 - 23:00_토_12:00 - 23:00_일12:00 - 23:00_일12:00 - 23:00_일12:00 - 23:00_일_12:00 - 23:00_월09:00 - 23:00_월09:00 - 23:00_월09:00 - 23:00_월_09:00 - 23:00_화09:00 - 23:00_화09:00 - 23:00_화09:00 - 23:00_화_09:00 - 23:00_수09:00 - 23:00접기_수09:00 - 23:00접기_수09:00 - 23:00_수_09:00 - 23:00_접기_접기,별점없음,0,0,https://search.pstatic.net/common/?autoRotate=true&type=w278_sharpen&src=https%3A%2F%2Fldb-phinf.pstatic.net%2F20260422_277%2F1776843579632Q5Vid_JPEG%2F111.jpeg,테이크아웃 할인_로스터리_단체 이용 가능_포장_예약_무선 인터넷_남/녀 화장실 구분_대기공간_\반려동물 동반_유아의자_방문접수/출장_출입구 휠체어 이용가능_좌석 휠체어 이용가능,주차가능무료
규카츠정 신시가지점,1308215143,일식당,도로명전북 전주시 완산구 홍산남로 52 105호 규카츠정복사지번전북 전주시 완산구 효자동2가 1155-3복사우편번호우편번호54969복사안내 레이어 닫기,070-7514-1548,영업 전11:30에 영업 시작11시 30분에 영업 시작_영업 전11:30에 영업 시작11시 30분에 영업 시작_영업 전11:30에 영업 시작11시 30분에 영업 시작_영업 전_11:30에 영업 시작11시 30분에 영업 시작_11:30에 영업 시작_11시 30분에 영업 시작_매일11:30 - 21:0015:00 - 17:00 브레이크타임접기_매일11:30 - 21:0015:00 - 17:00 브레이크타임접기_매일11:30 - 21:0015:00 - 17:00 브레이크타임_매일_11:30 - 21:0015:00 - 17:00 브레이크타임_접기_접기,별점없음,0,0,https://search.pstatic.net/common/?autoRotate=true&type=w560_sharpen&src=https%3A%2F%2Fldb-phinf.pstatic.net%2F20250602_15%2F1748853336056vHCyA_JPEG%2FKakaoTalk_20231112_160423189_07.jpg,무선 인터넷_남/녀 화장실 구분,주차가능무료
시그니처쪽갈비 신시가지 본점,1072031659,"육류,고기요리",도로명전북 전주시 완산구 석산2길 17-15 1층 101호복사지번전북 전주시 완산구 효자동3가 1697-2복사우편번호우편번호54963복사안내 레이어 닫기,0507-1445-0897,영업 종료16:00에 영업 시작16시 0분에 영업 시작_영업 종료16:00에 영업 시작16시 0분에 영업 시작_영업 종료16:00에 영업 시작16시 0분에 영업 시작_영업 종료_16:00에 영업 시작16시 0분에 영업 시작_16:00에 영업 시작_16시 0분에 영업 시작_목16:00 - 24:0023:00 라스트오더_목16:00 - 24:0023:00 라스트오더_목16:00 - 24:0023:00 라스트오더_목_16:00 - 24:0023:00 라스트오더_금16:00 - 24:0023:00 라스트오더_금16:00 - 24:0023:00 라스트오더_금16:00 - 24:0023:00 라스트오더_금_16:00 - 24:0023:00 라스트오더_토16:00 - 24:0023:00 라스트오더_토16:00 - 24:0023:00 라스트오더_토16:00 - 24:0023:00 라스트오더_토_16:00 - 24:0023:00 라스트오더_일정기휴무 (매주 일요일)_일정기휴무 (매주 일요일)_일정기휴무 (매주 일요일)_일_정기휴무 (매주 일요일)_정기휴무 (매주 일요일)_월16:00 - 24:0023:00 라스트오더_월16:00 - 24:0023:00 라스트오더_월16:00 - 24:0023:00 라스트오더_월_16:00 - 24:0023:00 라스트오더_화16:00 - 24:0023:00 라스트오더_화16:00 - 24:0023:00 라스트오더_화16:00 - 24:0023:00 라스트오더_화_16:00 - 24:0023:00 라스트오더_수16:00 - 24:0023:00 라스트오더접기_수16:00 - 24:0023:00 라스트오더접기_수16:00 - 24:0023:00 라스트오더_수_16:00 - 24:0023:00 라스트오더_접기_접기,별점없음,0,0,https://search.pstatic.net/common/?autoRotate=true&type=w560_sharpen&src=https%3A%2F%2Fldb-phinf.pstatic.net%2F20250321_274%2F1742561599429GWfut_JPEG%2FIMG_2529.jpeg,단체 이용 가능_포장_배달_예약_남/녀 화장실 구분_유아의자_출입구 휠체어 이용가능,주차가능무료
밑잔,1258074365,술집,도로명전북 전주시 완산구 홍산중앙로 39 101호 밑잔복사지번전북 전주시 완산구 효자동3가 1535-2복사우편번호우편번호54969복사안내 레이어 닫기,0507-1406-1636,영업 중다음 날 07:00에 영업 종료다음 날 7시 0분에 영업 종료_영업 중다음 날 07:00에 영업 종료다음 날 7시 0분에 영업 종료_영업 중다음 날 07:00에 영업 종료다음 날 7시 0분에 영업 종료_영업 중_다음 날 07:00에 영업 종료다음 날 7시 0분에 영업 종료_다음 날 07:00에 영업 종료_다음 날 7시 0분에 영업 종료_매일17:00 - 다음 날 07:00접기_매일17:00 - 다음 날 07:00접기_매일17:00 - 다음 날 07:00_매일_17:00 - 다음 날 07:00_접기_접기,별점없음,0,0,https://search.pstatic.net/common/?autoRotate=true&type=w560_sharpen&src=https%3A%2F%2Fldb-phinf.pstatic.net%2F20240726_244%2F1721966348983osgmi_JPEG%2F5.jpg,생일 혜택_출입구 휠체어 이용가능,주차가능무료
GT커피 전주신시가지점,1016286110,"카페,디저트",도로명전북 전주시 완산구 홍산로 261복사지번전북 전주시 완산구 효자동2가 1239-2복사우편번호우편번호54966복사안내 레이어 닫기,0507-1473-0546,영업 전07:00에 영업 시작7시 0분에 영업 시작_영업 전07:00에 영업 시작7시 0분에 영업 시작_영업 전07:00에 영업 시작7시 0분에 영업 시작_영업 전_07:00에 영업 시작7시 0분에 영업 시작_07:00에 영업 시작_7시 0분에 영업 시작_목07:00 - 다음 날 02:0001:30 라스트오더_목07:00 - 다음 날 02:0001:30 라스트오더_목07:00 - 다음 날 02:0001:30 라스트오더_목_07:00 - 다음 날 02:0001:30 라스트오더_금07:00 - 다음 날 02:0001:30 라스트오더_금07:00 - 다음 날 02:0001:30 라스트오더_금07:00 - 다음 날 02:0001:30 라스트오더_금_07:00 - 다음 날 02:0001:30 라스트오더_토11:00 - 다음 날 02:0001:30 라스트오더_토11:00 - 다음 날 02:0001:30 라스트오더_토11:00 - 다음 날 02:0001:30 라스트오더_토_11:00 - 다음 날 02:0001:30 라스트오더_일11:00 - 다음 날 02:0001:30 라스트오더_일11:00 - 다음 날 02:0001:30 라스트오더_일11:00 - 다음 날 02:0001:30 라스트오더_일_11:00 - 다음 날 02:0001:30 라스트오더_월07:00 - 다음 날 02:0001:30 라스트오더_월07:00 - 다음 날 02:0001:30 라스트오더_월07:00 - 다음 날 02:0001:30 라스트오더_월_07:00 - 다음 날 02:0001:30 라스트오더_화07:00 - 다음 날 02:0001:30 라스트오더_화07:00 - 다음 날 02:0001:30 라스트오더_화07:00 - 다음 날 02:0001:30 라스트오더_화_07:00 - 다음 날 02:0001:30 라스트오더_수07:00 - 다음 날 02:0001:30 라스트오더_수07:00 - 다음 날 02:0001:30 라스트오더_수07:00 - 다음 날 02:0001:30 라스트오더_수_07:00 - 다음 날 02:0001:30 라스트오더_- 저희 GT커피 전주신시가지점은 새벽 2시까지 운영합니다접기_- 저희 GT커피 전주신시가지점은 새벽 2시까지 운영합니다접기_- 저희 GT커피 전주신시가지점은 새벽 2시까지 운영합니다_- 저희 GT커피 전주신시가지점은 새벽 2시까지 운영합니다_접기_접기,별점없음,0,0,https://search.pstatic.net/common/?autoRotate=true&type=w560_sharpen&src=https%3A%2F%2Fldb-phinf.pstatic.net%2F20230618_61%2F1687097927893Sdm3u_JPEG%2F3EAEF1C9-F6AC-4F62-A51A-6D2C2CED98FA.jpeg,생일 혜택_단체 이용 가능_남/녀 화장실 구분_무선 인터넷_대기공간_\반려동물 동반_포장_방문접수/출장_예약_화장실 휠체어 이용가능_출입구 휠체어 이용가능_좌석 휠체어 이용가능_장애인 주차구역,주차가능유료
이화짬뽕 전주신시가지점,2073343260,중식당,도로명전북 전주시 완산구 홍산남로 47 1층 104호복사지번전북 전주시 완산구 효자동3가 1534-2복사우편번호우편번호54969복사안내 레이어 닫기,063-717-6888,영업 전11:00에 영업 시작11시 0분에 영업 시작_영업 전11:00에 영업 시작11시 0분에 영업 시작_영업 전11:00에 영업 시작11시 0분에 영업 시작_영업 전_11:00에 영업 시작11시 0분에 영업 시작_11:00에 영업 시작_11시 0분에 영업 시작_목11:00 - 22:0015:30 - 17:00 브레이크타임21:30 라스트오더_목11:00 - 22:0015:30 - 17:00 브레이크타임21:30 라스트오더_목11:00 - 22:0015:30 - 17:00 브레이크타임21:30 라스트오더_목_11:00 - 22:0015:30 - 17:00 브레이크타임21:30 라스트오더_금11:00 - 22:0015:30 - 17:00 브레이크타임21:30 라스트오더_금11:00 - 22:0015:30 - 17:00 브레이크타임21:30 라스트오더_금11:00 - 22:0015:30 - 17:00 브레이크타임21:30 라스트오더_금_11:00 - 22:0015:30 - 17:00 브레이크타임21:30 라스트오더_토11:00 - 22:0015:30 - 17:00 브레이크타임21:30 라스트오더_토11:00 - 22:0015:30 - 17:00 브레이크타임21:30 라스트오더_토11:00 - 22:0015:30 - 17:00 브레이크타임21:30 라스트오더_토_11:00 - 22:0015:30 - 17:00 브레이크타임21:30 라스트오더_일11:00 - 22:0015:30 - 17:00 브레이크타임21:30 라스트오더_일11:00 - 22:0015:30 - 17:00 브레이크타임21:30 라스트오더_일11:00 - 22:0015:30 - 17:00 브레이크타임21:30 라스트오더_일_11:00 - 22:0015:30 - 17:00 브레이크타임21:30 라스트오더_월정기휴무 (매주 월요일)_월정기휴무 (매주 월요일)_월정기휴무 (매주 월요일)_월_정기휴무 (매주 월요일)_정기휴무 (매주 월요일)_화11:00 - 22:0015:30 - 17:00 브레이크타임21:30 라스트오더_화11:00 - 22:0015:30 - 17:00 브레이크타임21:30 라스트오더_화11:00 - 22:0015:30 - 17:00 브레이크타임21:30 라스트오더_화_11:00 - 22:0015:30 - 17:00 브레이크타임21:30 라스트오더_수11:00 - 22:0015:30 - 17:00 브레이크타임21:30 라스트오더접기_수11:00 - 22:0015:30 - 17:00 브레이크타임21:30 라스트오더접기_수11:00 - 22:0015:30 - 17:00 브레이크타임21:30 라스트오더_수_11:00 - 22:0015:30 - 17:00 브레이크타임21:30 라스트오더_접기_접기,별점없음,0,0,https://search.pstatic.net/common/?autoRotate=true&type=w560_sharpen&src=https%3A%2F%2Fldb-phinf.pstatic.net%2F20260430_87%2F1777519550380HCrh0_JPEG%2F1000009268.jpg,남/녀 화장실 구분_무선 인터넷_유아의자_예약_포장_배달,주차가능무료
후켄 신시가지점,1313716416,"치킨,닭강정",도로명전북 전주시 완산구 홍산중앙로 41복사지번전북 전주시 완산구 효자동3가 1535-1복사우편번호우편번호54969복사안내 레이어 닫기,0507-1390-6405,영업 종료16:00에 영업 시작16시 0분에 영업 시작_영업 종료16:00에 영업 시작16시 0분에 영업 시작_영업 종료16:00에 영업 시작16시 0분에 영업 시작_영업 종료_16:00에 영업 시작16시 0분에 영업 시작_16:00에 영업 시작_16시 0분에 영업 시작_목16:00 - 다음 날 02:00_목16:00 - 다음 날 02:00_목16:00 - 다음 날 02:00_목_16:00 - 다음 날 02:00_금16:00 - 다음 날 03:00_금16:00 - 다음 날 03:00_금16:00 - 다음 날 03:00_금_16:00 - 다음 날 03:00_토16:00 - 다음 날 03:00_토16:00 - 다음 날 03:00_토16:00 - 다음 날 03:00_토_16:00 - 다음 날 03:00_일16:00 - 다음 날 02:00_일16:00 - 다음 날 02:00_일16:00 - 다음 날 02:00_일_16:00 - 다음 날 02:00_월16:00 - 다음 날 02:00_월16:00 - 다음 날 02:00_월16:00 - 다음 날 02:00_월_16:00 - 다음 날 02:00_화16:00 - 다음 날 02:00_화16:00 - 다음 날 02:00_화16:00 - 다음 날 02:00_화_16:00 - 다음 날 02:00_수16:00 - 다음 날 02:00접기_수16:00 - 다음 날 02:00접기_수16:00 - 다음 날 02:00_수_16:00 - 다음 날 02:00_접기_접기,별점없음,0,0,https://search.pstatic.net/common/?autoRotate=true&type=w560_sharpen&src=https%3A%2F%2Fldb-phinf.pstatic.net%2F20231216_35%2F1702714857669Ck1iD_JPEG%2FIMG_2529.jpeg,콜키지 가능무료_단체 이용 가능_포장_배달_예약_남/녀 화장실 구분_장애인 주차구역,주차가능무료
피오,1682253011,브런치,도로명전북 전주시 완산구 마전들로 67 1층 101호복사지번전북 전주시 완산구 효자동3가 1648-1복사우편번호우편번호54962복사안내 레이어 닫기,0507-1384-0421,영업 전10:00에 영업 시작10시 0분에 영업 시작_영업 전10:00에 영업 시작10시 0분에 영업 시작_영업 전10:00에 영업 시작10시 0분에 영업 시작_영업 전_10:00에 영업 시작10시 0분에 영업 시작_10:00에 영업 시작_10시 0분에 영업 시작_목10:00 - 22:0015:30 - 17:00 브레이크타임21:00 라스트오더_목10:00 - 22:0015:30 - 17:00 브레이크타임21:00 라스트오더_목10:00 - 22:0015:30 - 17:00 브레이크타임21:00 라스트오더_목_10:00 - 22:0015:30 - 17:00 브레이크타임21:00 라스트오더_금10:00 - 22:0015:30 - 17:00 브레이크타임21:00 라스트오더_금10:00 - 22:0015:30 - 17:00 브레이크타임21:00 라스트오더_금10:00 - 22:0015:30 - 17:00 브레이크타임21:00 라스트오더_금_10:00 - 22:0015:30 - 17:00 브레이크타임21:00 라스트오더_토10:00 - 21:0015:30 - 17:00 브레이크타임20:00 라스트오더_토10:00 - 21:0015:30 - 17:00 브레이크타임20:00 라스트오더_토10:00 - 21:0015:30 - 17:00 브레이크타임20:00 라스트오더_토_10:00 - 21:0015:30 - 17:00 브레이크타임20:00 라스트오더_일10:00 - 21:0015:30 - 17:00 브레이크타임20:00 라스트오더_일10:00 - 21:0015:30 - 17:00 브레이크타임20:00 라스트오더_일10:00 - 21:0015:30 - 17:00 브레이크타임20:00 라스트오더_일_10:00 - 21:0015:30 - 17:00 브레이크타임20:00 라스트오더_월10:00 - 22:0015:30 - 17:00 브레이크타임21:00 라스트오더_월10:00 - 22:0015:30 - 17:00 브레이크타임21:00 라스트오더_월10:00 - 22:0015:30 - 17:00 브레이크타임21:00 라스트오더_월_10:00 - 22:0015:30 - 17:00 브레이크타임21:00 라스트오더_화10:00 - 22:0015:30 - 17:00 브레이크타임21:00 라스트오더_화10:00 - 22:0015:30 - 17:00 브레이크타임21:00 라스트오더_화10:00 - 22:0015:30 - 17:00 브레이크타임21:00 라스트오더_화_10:00 - 22:0015:30 - 17:00 브레이크타임21:00 라스트오더_수10:00 - 22:0015:30 - 17:00 브레이크타임21:00 라스트오더접기_수10:00 - 22:0015:30 - 17:00 브레이크타임21:00 라스트오더접기_수10:00 - 22:0015:30 - 17:00 브레이크타임21:00 라스트오더_수_10:00 - 22:0015:30 - 17:00 브레이크타임21:00 라스트오더_접기_접기,별점없음,0,0,https://search.pstatic.net/common/?autoRotate=true&type=w560_sharpen&src=https%3A%2F%2Fldb-phinf.pstatic.net%2F20241215_12%2F17342286578083AJ2E_JPEG%2FIMG_1060.jpeg,콜키지 가능유료_무선 인터넷_남/녀 화장실 구분_유아의자_단체 이용 가능_화장실 휠체어 이용가능,주차가능무료
메가MGC커피 전주신시가지점,1599414335,카페,도로명전북 전주시 완산구 홍산4길 6 1층 108호복사지번전북 전주시 완산구 효자동3가 1528-1복사우편번호우편번호54969복사안내 레이어 닫기,0507-1492-1088,영업 전09:00에 영업 시작9시 0분에 영업 시작_영업 전09:00에 영업 시작9시 0분에 영업 시작_영업 전09:00에 영업 시작9시 0분에 영업 시작_영업 전_09:00에 영업 시작9시 0분에 영업 시작_09:00에 영업 시작_9시 0분에 영업 시작_매일09:00 - 24:00접기_매일09:00 - 24:00접기_매일09:00 - 24:00_매일_09:00 - 24:00_접기_접기,별점없음,0,0,https://search.pstatic.net/common/?autoRotate=true&type=w560_sharpen&src=https%3A%2F%2Fldb-phinf.pstatic.net%2F20240906_9%2F1725611137751eExWu_JPEG%2F%25B8%25C5%25C0%25E5%25C0%25FC%25B8%25E9_2.jpg,포장_남/녀 화장실 구분_무선 인터넷_단체 이용 가능,주차 불가
KFC 전북도청점,1806566157,햄버거,도로명전북 전주시 완산구 효자로 194 로자벨시티 106호복사지번전북 전주시 완산구 효자동3가 1525-1복사우편번호우편번호54969복사안내 레이어 닫기,063-221-2920,영업 전10:00에 영업 시작10시 0분에 영업 시작_영업 전10:00에 영업 시작10시 0분에 영업 시작_영업 전10:00에 영업 시작10시 0분에 영업 시작_영업 전_10:00에 영업 시작10시 0분에 영업 시작_10:00에 영업 시작_10시 0분에 영업 시작_매일10:00 - 23:00접기_매일10:00 - 23:00접기_매일10:00 - 23:00_매일_10:00 - 23:00_접기_접기,별점없음,0,0,https://search.pstatic.net/common/?autoRotate=true&type=w560_sharpen&src=https%3A%2F%2Fldb-phinf.pstatic.net%2F20240719_39%2F172138002661259Rma_PNG%2FKFC_Brand_image.png,편의시설 정보 없음,주차 불가
당나발포차 전주신시가지점,2094627051,요리주점,도로명전북 전주시 완산구 홍산중앙로 39 1층 102호복사지번전북 전주시 완산구 효자동3가 1535-2복사우편번호우편번호54969복사안내 레이어 닫기,0507-1463-3830,영업 중다음 날 08:00에 영업 종료다음 날 8시 0분에 영업 종료_영업 중다음 날 08:00에 영업 종료다음 날 8시 0분에 영업 종료_영업 중다음 날 08:00에 영업 종료다음 날 8시 0분에 영업 종료_영업 중_다음 날 08:00에 영업 종료다음 날 8시 0분에 영업 종료_다음 날 08:00에 영업 종료_다음 날 8시 0분에 영업 종료_매일18:00 - 다음 날 08:00접기_매일18:00 - 다음 날 08:00접기_매일18:00 - 다음 날 08:00_매일_18:00 - 다음 날 08:00_접기_접기,별점없음,0,0,https://search.pstatic.net/common/?autoRotate=true&type=w560_sharpen&src=https%3A%2F%2Fldb-phinf.pstatic.net%2F20251104_159%2F1762223850522klH5P_JPEG%2F0-0_%25B7%25CE%25B0%25ED.jpg,단체 이용 가능_예약_남/녀 화장실 구분_무선 인터넷_대기공간,주차가능무료
여리국밥,1155063843,국밥,도로명전북 전주시 완산구 홍산북로 59-13 1층 여리국밥복사지번전북 전주시 완산구 효자동3가 1529-5복사우편번호우편번호54969복사안내 레이어 닫기,0507-1371-3260,24시간 영업연중무휴연중무휴_24시간 영업연중무휴연중무휴_24시간 영업연중무휴연중무휴_24시간 영업_연중무휴연중무휴_연중무휴_연중무휴_매일00:00 - 24:00접기_매일00:00 - 24:00접기_매일00:00 - 24:00_매일_00:00 - 24:00_접기_접기,별점없음,0,0,https://search.pstatic.net/common/?autoRotate=true&type=w560_sharpen&src=https%3A%2F%2Fldb-phinf.pstatic.net%2F20240209_164%2F1707404428828GFSTb_JPEG%2FIMG_0726.jpeg,예약_무선 인터넷_포장_남/녀 화장실 구분_단체 이용 가능_배달,주차가능
치히로 신시가지점,1128270047,일식당,도로명전북 전주시 완산구 홍산남로 19 1동 1층 101호복사지번전북 전주시 완산구 효자동2가 1238-4복사우편번호우편번호54966복사안내 레이어 닫기,0507-1323-7255,영업 전11:00에 영업 시작11시 0분에 영업 시작_영업 전11:00에 영업 시작11시 0분에 영업 시작_영업 전11:00에 영업 시작11시 0분에 영업 시작_영업 전_11:00에 영업 시작11시 0분에 영업 시작_11:00에 영업 시작_11시 0분에 영업 시작_매일11:00 - 21:0014:00 - 17:00 브레이크타임20:30 라스트오더_매일11:00 - 21:0014:00 - 17:00 브레이크타임20:30 라스트오더_매일11:00 - 21:0014:00 - 17:00 브레이크타임20:30 라스트오더_매일_11:00 - 21:0014:00 - 17:00 브레이크타임20:30 라스트오더_- 텐동은 청결 유지를 위해 20:00부터 마감을 합니다접기_- 텐동은 청결 유지를 위해 20:00부터 마감을 합니다접기_- 텐동은 청결 유지를 위해 20:00부터 마감을 합니다_- 텐동은 청결 유지를 위해 20:00부터 마감을 합니다_접기_접기,별점없음,0,0,https://search.pstatic.net/common/?autoRotate=true&type=w560_sharpen&src=https%3A%2F%2Fldb-phinf.pstatic.net%2F20260526_213%2F1779765381587tLXio_JPEG%2FKakaoTalk_20260503_084326519_04.jpg,단체 이용 가능_무선 인터넷_예약_남/녀 화장실 구분_유아의자_포장_배달_\반려동물 동반,주차가능무료
부광족발 효자점,1970890181,"족발,보쌈",도로명전북 전주시 완산구 우전로 291복사지번전북 전주시 완산구 효자동3가 1692-2복사우편번호우편번호54964복사안내 레이어 닫기,0507-1340-5339,영업 종료17:00에 영업 시작17시 0분에 영업 시작_영업 종료17:00에 영업 시작17시 0분에 영업 시작_영업 종료17:00에 영업 시작17시 0분에 영업 시작_영업 종료_17:00에 영업 시작17시 0분에 영업 시작_17:00에 영업 시작_17시 0분에 영업 시작_목17:00 - 23:00_목17:00 - 23:00_목17:00 - 23:00_목_17:00 - 23:00_금17:00 - 23:00_금17:00 - 23:00_금17:00 - 23:00_금_17:00 - 23:00_토17:00 - 23:00_토17:00 - 23:00_토17:00 - 23:00_토_17:00 - 23:00_일정기휴무 (매주 일요일)_일정기휴무 (매주 일요일)_일정기휴무 (매주 일요일)_일_정기휴무 (매주 일요일)_정기휴무 (매주 일요일)_월17:00 - 23:00_월17:00 - 23:00_월17:00 - 23:00_월_17:00 - 23:00_화17:00 - 23:00_화17:00 - 23:00_화17:00 - 23:00_화_17:00 - 23:00_수17:00 - 23:00_수17:00 - 23:00_수17:00 - 23:00_수_17:00 - 23:00_- 당일 삶은 재료 소진시 조기 마감합니다.접기_- 당일 삶은 재료 소진시 조기 마감합니다.접기_- 당일 삶은 재료 소진시 조기 마감합니다._- 당일 삶은 재료 소진시 조기 마감합니다._접기_접기,별점없음,0,0,https://search.pstatic.net/common/?autoRotate=true&type=w560_sharpen&src=https%3A%2F%2Fldb-phinf.pstatic.net%2F20191227_15%2F1577439003771HRKii_JPEG%2F2pQ9lkKP1ubxQFzClLvLjs-E.jpg,배달_무선 인터넷_포장_예약,주차가능
동대문엽기떡볶이 전북도청점,33706637,분식,도로명전북 전주시 완산구 홍산남로 50 103호복사지번전북 전주시 완산구 효자동2가 1155-2복사우편번호우편번호54969복사안내 레이어 닫기,063-224-8591,영업 전10:30에 영업 시작10시 30분에 영업 시작_영업 전10:30에 영업 시작10시 30분에 영업 시작_영업 전10:30에 영업 시작10시 30분에 영업 시작_영업 전_10:30에 영업 시작10시 30분에 영업 시작_10:30에 영업 시작_10시 30분에 영업 시작_목10:30 - 23:5021:50 라스트오더_목10:30 - 23:5021:50 라스트오더_목10:30 - 23:5021:50 라스트오더_목_10:30 - 23:5021:50 라스트오더_금10:30 - 23:5021:50 라스트오더_금10:30 - 23:5021:50 라스트오더_금10:30 - 23:5021:50 라스트오더_금_10:30 - 23:5021:50 라스트오더_토10:30 - 23:5021:50 라스트오더_토10:30 - 23:5021:50 라스트오더_토10:30 - 23:5021:50 라스트오더_토_10:30 - 23:5021:50 라스트오더_일10:30 - 23:5021:50 라스트오더_일10:30 - 23:5021:50 라스트오더_일10:30 - 23:5021:50 라스트오더_일_10:30 - 23:5021:50 라스트오더_월10:30 - 23:5021:50 라스트오더_월10:30 - 23:5021:50 라스트오더_월10:30 - 23:5021:50 라스트오더_월_10:30 - 23:5021:50 라스트오더_화10:30 - 23:5021:50 라스트오더_화10:30 - 23:5021:50 라스트오더_화10:30 - 23:5021:50 라스트오더_화_10:30 - 23:5021:50 라스트오더_수10:30 - 23:5021:50 라스트오더_수10:30 - 23:5021:50 라스트오더_수10:30 - 23:5021:50 라스트오더_수_10:30 - 23:5021:50 라스트오더_- 홀 마감 : 22:30접기_- 홀 마감 : 22:30접기_- 홀 마감 : 22:30_- 홀 마감 : 22:30_접기_접기,별점없음,0,0,https://search.pstatic.net/common/?autoRotate=true&type=w560_sharpen&src=https%3A%2F%2Fldb-phinf.pstatic.net%2F20260219_83%2F1771479103438Pr53Y_PNG%2F%25BF%25B1%25B1%25E2%25B6%25B1%25BA%25BA%25C0%25CC_%25B4%25EB%25C7%25A5_%25C0%25CC%25B9%25CC%25C1%25F6.png,포장_배달_예약_무선 인터넷,주차가능
오사카숙성참치,1872163495,생선회,도로명전북 전주시 완산구 효자로 173 201호복사지번전북 전주시 완산구 효자동3가 1699-5복사우편번호우편번호54963복사안내 레이어 닫기,0507-1477-3740,영업 종료16:30에 영업 시작16시 30분에 영업 시작_영업 종료16:30에 영업 시작16시 30분에 영업 시작_영업 종료16:30에 영업 시작16시 30분에 영업 시작_영업 종료_16:30에 영업 시작16시 30분에 영업 시작_16:30에 영업 시작_16시 30분에 영업 시작_매일16:30 - 24:00접기_매일16:30 - 24:00접기_매일16:30 - 24:00_매일_16:30 - 24:00_접기_접기,별점없음,0,0,https://search.pstatic.net/common/?autoRotate=true&type=w560_sharpen&src=https%3A%2F%2Fldb-phinf.pstatic.net%2F20251103_188%2F1762150311328CyTJy_JPEG%2FIMG_5736.jpeg,생일 혜택_콜키지 가능유료_테이크아웃 할인_콜키지 가능무료_단체 이용 가능_포장_배달_예약_무선 인터넷_남/녀 화장실 구분_유아의자_대기공간_방문접수/출장_화장실 휠체어 이용가능_출입구 휠체어 이용가능_좌석 휠체어 이용가능_장애인 주차구역,주차가능무료
갓잇 전북도청점,2046576711,"멕시코,남미음식",도로명전북 전주시 완산구 홍산남로 75 1층 103호복사지번전북 전주시 완산구 효자동3가 1539-3복사우편번호우편번호54969복사안내 레이어 닫기,063-717-0206,영업 전11:00에 영업 시작11시 0분에 영업 시작_영업 전11:00에 영업 시작11시 0분에 영업 시작_영업 전11:00에 영업 시작11시 0분에 영업 시작_영업 전_11:00에 영업 시작11시 0분에 영업 시작_11:00에 영업 시작_11시 0분에 영업 시작_목11:00 - 21:3015:00 - 16:30 브레이크타임20:30 라스트오더_목11:00 - 21:3015:00 - 16:30 브레이크타임20:30 라스트오더_목11:00 - 21:3015:00 - 16:30 브레이크타임20:30 라스트오더_목_11:00 - 21:3015:00 - 16:30 브레이크타임20:30 라스트오더_금11:00 - 21:3015:00 - 16:30 브레이크타임20:30 라스트오더_금11:00 - 21:3015:00 - 16:30 브레이크타임20:30 라스트오더_금11:00 - 21:3015:00 - 16:30 브레이크타임20:30 라스트오더_금_11:00 - 21:3015:00 - 16:30 브레이크타임20:30 라스트오더_토11:00 - 21:3020:30 라스트오더_토11:00 - 21:3020:30 라스트오더_토11:00 - 21:3020:30 라스트오더_토_11:00 - 21:3020:30 라스트오더_일11:00 - 21:3020:30 라스트오더_일11:00 - 21:3020:30 라스트오더_일11:00 - 21:3020:30 라스트오더_일_11:00 - 21:3020:30 라스트오더_월11:00 - 21:3015:00 - 16:30 브레이크타임20:30 라스트오더_월11:00 - 21:3015:00 - 16:30 브레이크타임20:30 라스트오더_월11:00 - 21:3015:00 - 16:30 브레이크타임20:30 라스트오더_월_11:00 - 21:3015:00 - 16:30 브레이크타임20:30 라스트오더_화11:00 - 21:3015:00 - 16:30 브레이크타임20:30 라스트오더_화11:00 - 21:3015:00 - 16:30 브레이크타임20:30 라스트오더_화11:00 - 21:3015:00 - 16:30 브레이크타임20:30 라스트오더_화_11:00 - 21:3015:00 - 16:30 브레이크타임20:30 라스트오더_수11:00 - 21:3015:00 - 16:30 브레이크타임20:30 라스트오더접기_수11:00 - 21:3015:00 - 16:30 브레이크타임20:30 라스트오더접기_수11:00 - 21:3015:00 - 16:30 브레이크타임20:30 라스트오더_수_11:00 - 21:3015:00 - 16:30 브레이크타임20:30 라스트오더_접기_접기,별점없음,0,0,https://search.pstatic.net/common/?autoRotate=true&type=w560_sharpen&src=https%3A%2F%2Fldb-phinf.pstatic.net%2F20260602_211%2F1780378958341yM3QM_JPEG%2FIMG_4237.jpg,포장_예약_무선 인터넷_유아의자,주차가능무료
네잎클로버,1237961084,베이커리,도로명전북 전주시 완산구 홍산북로 23-3복사지번전북 전주시 완산구 효자동2가 1230-4복사우편번호우편번호54966복사안내 레이어 닫기,063-221-4120,영업 전10:00에 영업 시작10시 0분에 영업 시작_영업 전10:00에 영업 시작10시 0분에 영업 시작_영업 전10:00에 영업 시작10시 0분에 영업 시작_영업 전_10:00에 영업 시작10시 0분에 영업 시작_10:00에 영업 시작_10시 0분에 영업 시작_목10:00 - 22:0021:45 라스트오더_목10:00 - 22:0021:45 라스트오더_목10:00 - 22:0021:45 라스트오더_목_10:00 - 22:0021:45 라스트오더_금10:00 - 22:0021:45 라스트오더_금10:00 - 22:0021:45 라스트오더_금10:00 - 22:0021:45 라스트오더_금_10:00 - 22:0021:45 라스트오더_토10:00 - 22:0021:45 라스트오더_토10:00 - 22:0021:45 라스트오더_토10:00 - 22:0021:45 라스트오더_토_10:00 - 22:0021:45 라스트오더_일10:00 - 21:0020:45 라스트오더_일10:00 - 21:0020:45 라스트오더_일10:00 - 21:0020:45 라스트오더_일_10:00 - 21:0020:45 라스트오더_월10:00 - 22:0021:45 라스트오더_월10:00 - 22:0021:45 라스트오더_월10:00 - 22:0021:45 라스트오더_월_10:00 - 22:0021:45 라스트오더_화10:00 - 22:0021:45 라스트오더_화10:00 - 22:0021:45 라스트오더_화10:00 - 22:0021:45 라스트오더_화_10:00 - 22:0021:45 라스트오더_수10:00 - 22:0021:45 라스트오더접기_수10:00 - 22:0021:45 라스트오더접기_수10:00 - 22:0021:45 라스트오더_수_10:00 - 22:0021:45 라스트오더_접기_접기,별점없음,0,0,https://search.pstatic.net/common/?autoRotate=true&type=w560_sharpen&src=https%3A%2F%2Fldb-phinf.pstatic.net%2F20210505_268%2F1620201982989fditK_JPEG%2FXv6fhEn9YhnyEQc0owfvOStb.jpg,단체 이용 가능_무선 인터넷_포장_남/녀 화장실 구분,주차가능
블루스앨리,479670830,피자,도로명전북 전주시 완산구 홍산북로 70-17복사지번전북 전주시 완산구 효자동3가 1538-2복사우편번호우편번호54969복사안내 레이어 닫기,063-226-2000,영업 종료18:00에 영업 시작18시 0분에 영업 시작_영업 종료18:00에 영업 시작18시 0분에 영업 시작_영업 종료18:00에 영업 시작18시 0분에 영업 시작_영업 종료_18:00에 영업 시작18시 0분에 영업 시작_18:00에 영업 시작_18시 0분에 영업 시작_목18:00 - 다음 날 02:00_목18:00 - 다음 날 02:00_목18:00 - 다음 날 02:00_목_18:00 - 다음 날 02:00_금18:00 - 다음 날 03:00_금18:00 - 다음 날 03:00_금18:00 - 다음 날 03:00_금_18:00 - 다음 날 03:00_토18:00 - 다음 날 03:00_토18:00 - 다음 날 03:00_토18:00 - 다음 날 03:00_토_18:00 - 다음 날 03:00_일18:00 - 다음 날 02:00_일18:00 - 다음 날 02:00_일18:00 - 다음 날 02:00_일_18:00 - 다음 날 02:00_월18:00 - 다음 날 02:00_월18:00 - 다음 날 02:00_월18:00 - 다음 날 02:00_월_18:00 - 다음 날 02:00_화18:00 - 다음 날 02:00_화18:00 - 다음 날 02:00_화18:00 - 다음 날 02:00_화_18:00 - 다음 날 02:00_수18:00 - 다음 날 02:00접기_수18:00 - 다음 날 02:00접기_수18:00 - 다음 날 02:00_수_18:00 - 다음 날 02:00_접기_접기,별점4.48,0,0,https://search.pstatic.net/common/?autoRotate=true&type=w560_sharpen&src=https%3A%2F%2Fldb-phinf.pstatic.net%2F20220825_178%2F1661386306265J77yV_JPEG%2FSAM_2194.jpeg.jpg,예약_단체 이용 가능_무선 인터넷_남/녀 화장실 구분_포장,주차가능무료
옥주 전주신시가지점,1472807478,한식,도로명전북 전주시 완산구 마전3길 2 금화빌딩 103호 옥주복사지번전북 전주시 완산구 효자동3가 1630-4복사우편번호우편번호54962복사안내 레이어 닫기,0507-1340-5786,영업 전11:00에 영업 시작11시 0분에 영업 시작_영업 전11:00에 영업 시작11시 0분에 영업 시작_영업 전11:00에 영업 시작11시 0분에 영업 시작_영업 전_11:00에 영업 시작11시 0분에 영업 시작_11:00에 영업 시작_11시 0분에 영업 시작_목11:00 - 20:00_목11:00 - 20:00_목11:00 - 20:00_목_11:00 - 20:00_금11:00 - 20:00_금11:00 - 20:00_금11:00 - 20:00_금_11:00 - 20:00_토11:00 - 20:00_토11:00 - 20:00_토11:00 - 20:00_토_11:00 - 20:00_일정기휴무 (매주 일요일)_일정기휴무 (매주 일요일)_일정기휴무 (매주 일요일)_일_정기휴무 (매주 일요일)_정기휴무 (매주 일요일)_월11:00 - 20:00_월11:00 - 20:00_월11:00 - 20:00_월_11:00 - 20:00_화11:00 - 20:00_화11:00 - 20:00_화11:00 - 20:00_화_11:00 - 20:00_수11:00 - 20:00접기_수11:00 - 20:00접기_수11:00 - 20:00_수_11:00 - 20:00_접기_접기,별점없음,0,0,https://search.pstatic.net/common/?autoRotate=true&type=w560_sharpen&src=https%3A%2F%2Fldb-phinf.pstatic.net%2F20251030_129%2F1761815702091MF5h2_JPEG%2FKakaoTalk_20250714_001004856.jpg,무선 인터넷_남/녀 화장실 구분_포장_배달,주차가능무료
인더포크,1801271250,돼지고기구이,도로명전북 전주시 완산구 홍산북로 23-9 1층 인더포크복사지번전북 전주시 완산구 효자동2가 1230-3복사우편번호우편번호54966복사안내 레이어 닫기,0507-1358-2370,영업 종료16:00에 영업 시작16시 0분에 영업 시작_영업 종료16:00에 영업 시작16시 0분에 영업 시작_영업 종료16:00에 영업 시작16시 0분에 영업 시작_영업 종료_16:00에 영업 시작16시 0분에 영업 시작_16:00에 영업 시작_16시 0분에 영업 시작_목16:00 - 23:0022:00 라스트오더_목16:00 - 23:0022:00 라스트오더_목16:00 - 23:0022:00 라스트오더_목_16:00 - 23:0022:00 라스트오더_금16:00 - 23:0022:00 라스트오더_금16:00 - 23:0022:00 라스트오더_금16:00 - 23:0022:00 라스트오더_금_16:00 - 23:0022:00 라스트오더_토16:00 - 23:0022:00 라스트오더_토16:00 - 23:0022:00 라스트오더_토16:00 - 23:0022:00 라스트오더_토_16:00 - 23:0022:00 라스트오더_일정기휴무 (매주 일요일)_일정기휴무 (매주 일요일)_일정기휴무 (매주 일요일)_일_정기휴무 (매주 일요일)_정기휴무 (매주 일요일)_월16:00 - 23:0022:00 라스트오더_월16:00 - 23:0022:00 라스트오더_월16:00 - 23:0022:00 라스트오더_월_16:00 - 23:0022:00 라스트오더_화16:00 - 23:0022:00 라스트오더_화16:00 - 23:0022:00 라스트오더_화16:00 - 23:0022:00 라스트오더_화_16:00 - 23:0022:00 라스트오더_수16:00 - 23:0022:00 라스트오더접기_수16:00 - 23:0022:00 라스트오더접기_수16:00 - 23:0022:00 라스트오더_수_16:00 - 23:0022:00 라스트오더_접기_접기,별점없음,0,0,https://search.pstatic.net/common/?autoRotate=true&type=w560_sharpen&src=https%3A%2F%2Fldb-phinf.pstatic.net%2F20230901_65%2F1693557698213uALo0_JPEG%2FZPD_9766.jpg,와인 페어링_콜키지 가능무료_콜키지 가능유료_단체 이용 가능_예약_무선 인터넷_남/녀 화장실 구분_대기공간_유아의자,주차가능무료
금암면옥 신시가지,36699189,냉면,도로명전북 전주시 완산구 홍산남로 71 금암면옥복사지번전북 전주시 완산구 효자동3가 1539-1복사우편번호우편번호54969복사안내 레이어 닫기,063-274-7000,영업 전10:00에 영업 시작10시 0분에 영업 시작_영업 전10:00에 영업 시작10시 0분에 영업 시작_영업 전10:00에 영업 시작10시 0분에 영업 시작_영업 전_10:00에 영업 시작10시 0분에 영업 시작_10:00에 영업 시작_10시 0분에 영업 시작_목10:00 - 22:0021:20 라스트오더_목10:00 - 22:0021:20 라스트오더_목10:00 - 22:0021:20 라스트오더_목_10:00 - 22:0021:20 라스트오더_금10:00 - 22:0021:20 라스트오더_금10:00 - 22:0021:20 라스트오더_금10:00 - 22:0021:20 라스트오더_금_10:00 - 22:0021:20 라스트오더_토10:00 - 22:0021:20 라스트오더_토10:00 - 22:0021:20 라스트오더_토10:00 - 22:0021:20 라스트오더_토_10:00 - 22:0021:20 라스트오더_일10:00 - 21:0020:20 라스트오더_일10:00 - 21:0020:20 라스트오더_일10:00 - 21:0020:20 라스트오더_일_10:00 - 21:0020:20 라스트오더_월10:00 - 22:0021:20 라스트오더_월10:00 - 22:0021:20 라스트오더_월10:00 - 22:0021:20 라스트오더_월_10:00 - 22:0021:20 라스트오더_화10:00 - 22:0021:20 라스트오더_화10:00 - 22:0021:20 라스트오더_화10:00 - 22:0021:20 라스트오더_화_10:00 - 22:0021:20 라스트오더_수10:00 - 22:0021:20 라스트오더접기_수10:00 - 22:0021:20 라스트오더접기_수10:00 - 22:0021:20 라스트오더_수_10:00 - 22:0021:20 라스트오더_접기_접기,별점4.34,0,0,https://search.pstatic.net/common/?autoRotate=true&type=w560_sharpen&src=https%3A%2F%2Fldb-phinf.pstatic.net%2F20230112_229%2F1673477185684vhXrW_JPEG%2F%25C4%25AE%25B1%25B9%25BC%25F61.jpg,편의시설 정보 없음,주차가능무료
주야제 전주신시가지점,1855595925,요리주점,"도로명전북 전주시 완산구 홍산중앙로 37 103, 104호 1층 주야제 전주 신시가지점복사지번전북 전주시 완산구 효자동3가 1535-3복사우편번호우편번호54969복사안내 레이어 닫기",0507-1475-5659,영업 중다음 날 09:00에 영업 종료다음 날 9시 0분에 영업 종료_영업 중다음 날 09:00에 영업 종료다음 날 9시 0분에 영업 종료_영업 중다음 날 09:00에 영업 종료다음 날 9시 0분에 영업 종료_영업 중_다음 날 09:00에 영업 종료다음 날 9시 0분에 영업 종료_다음 날 09:00에 영업 종료_다음 날 9시 0분에 영업 종료_매일17:00 - 다음 날 09:00접기_매일17:00 - 다음 날 09:00접기_매일17:00 - 다음 날 09:00_매일_17:00 - 다음 날 09:00_접기_접기,별점없음,0,0,https://search.pstatic.net/common/?autoRotate=true&type=w560_sharpen&src=https%3A%2F%2Fldb-phinf.pstatic.net%2F20240507_295%2F1715073758504hcUdc_JPEG%2F1.jpg,단체 이용 가능_남/녀 화장실 구분_무선 인터넷_포장_배달_예약,주차가능무료
봉마땡B&Co,1270417947,베이커리,도로명전북 전주시 완산구 유연로 154복사지번전북 전주시 완산구 효자동3가 1627-6복사우편번호우편번호54962복사안내 레이어 닫기,0507-1341-0311,영업 중22:25에 영업 종료22시 25분에 영업 종료_영업 중22:25에 영업 종료22시 25분에 영업 종료_영업 중22:25에 영업 종료22시 25분에 영업 종료_영업 중_22:25에 영업 종료22시 25분에 영업 종료_22:25에 영업 종료_22시 25분에 영업 종료_매일07:00 - 22:25_매일07:00 - 22:25_매일07:00 - 22:25_매일_07:00 - 22:25_-  재료소진시 마감접기_-  재료소진시 마감접기_-  재료소진시 마감_-  재료소진시 마감_접기_접기,별점없음,0,0,https://search.pstatic.net/common/?autoRotate=true&type=w278_sharpen&src=https%3A%2F%2Fldb-phinf.pstatic.net%2F20190313_122%2F1552426658032SoLBy_JPEG%2FMGD4sFQPQT5SFTTJsRWIN3Om.jpg,포장_남/녀 화장실 구분_무선 인터넷,주차가능무료
한신포차 전북도청점,33811067,포장마차,도로명전북 전주시 완산구 홍산중앙로 40복사지번전북 전주시 완산구 효자동3가 1536-2복사우편번호우편번호54969복사안내 레이어 닫기,063-223-0410,영업 중다음 날 08:00에 영업 종료다음 날 8시 0분에 영업 종료_영업 중다음 날 08:00에 영업 종료다음 날 8시 0분에 영업 종료_영업 중다음 날 08:00에 영업 종료다음 날 8시 0분에 영업 종료_영업 중_다음 날 08:00에 영업 종료다음 날 8시 0분에 영업 종료_다음 날 08:00에 영업 종료_다음 날 8시 0분에 영업 종료_매일17:00 - 다음 날 08:00_매일17:00 - 다음 날 08:00_매일17:00 - 다음 날 08:00_매일_17:00 - 다음 날 08:00_- 아침 8시까지 영업합니다접기_- 아침 8시까지 영업합니다접기_- 아침 8시까지 영업합니다_- 아침 8시까지 영업합니다_접기_접기,별점4.44,0,0,https://search.pstatic.net/common/?autoRotate=true&type=w560_sharpen&src=https%3A%2F%2Fldb-phinf.pstatic.net%2F20260520_220%2F1779243926018toCV2_JPEG%2F260512_%25C7%25D1%25BD%25C5%25C6%25F7%25C2%25F7_%25BD%25C5%25B8%25DE%25B4%25BA8%25C1%25BE_%25C5%25C2%25BA%25ED%25B8%25B4%25C0%25CE%25C6%25AE%25B7%25CE_1280x800px_1.jpg,포장_배달,주차가능무료
고순이감자탕,1132408236,감자탕,도로명전북 전주시 완산구 우전로 302복사지번전북 전주시 완산구 효자동3가 1643-9복사우편번호우편번호54962복사안내 레이어 닫기,063-222-3004,영업 전11:00에 영업 시작11시 0분에 영업 시작_영업 전11:00에 영업 시작11시 0분에 영업 시작_영업 전11:00에 영업 시작11시 0분에 영업 시작_영업 전_11:00에 영업 시작11시 0분에 영업 시작_11:00에 영업 시작_11시 0분에 영업 시작_매일11:00 - 다음 날 02:0015:00 - 17:00 브레이크타임접기_매일11:00 - 다음 날 02:0015:00 - 17:00 브레이크타임접기_매일11:00 - 다음 날 02:0015:00 - 17:00 브레이크타임_매일_11:00 - 다음 날 02:0015:00 - 17:00 브레이크타임_접기_접기,별점없음,0,0,https://search.pstatic.net/common/?autoRotate=true&type=w560_sharpen&src=https%3A%2F%2Fldb-phinf.pstatic.net%2F20230406_78%2F1680740505021egL9W_JPEG%2F20230405_124925.jpg,편의시설 정보 없음,주차가능무료
아스라이,1602073585,요리주점,도로명전북 전주시 완산구 홍산중앙로 36 2층복사지번전북 전주시 완산구 효자동3가 1536-4복사우편번호우편번호54969복사안내 레이어 닫기,0507-1356-0608,영업 종료17:00에 영업 시작17시 0분에 영업 시작_영업 종료17:00에 영업 시작17시 0분에 영업 시작_영업 종료17:00에 영업 시작17시 0분에 영업 시작_영업 종료_17:00에 영업 시작17시 0분에 영업 시작_17:00에 영업 시작_17시 0분에 영업 시작_목17:00 - 다음 날 03:0001:30 라스트오더_목17:00 - 다음 날 03:0001:30 라스트오더_목17:00 - 다음 날 03:0001:30 라스트오더_목_17:00 - 다음 날 03:0001:30 라스트오더_금17:00 - 다음 날 04:0002:30 라스트오더_금17:00 - 다음 날 04:0002:30 라스트오더_금17:00 - 다음 날 04:0002:30 라스트오더_금_17:00 - 다음 날 04:0002:30 라스트오더_토17:00 - 다음 날 04:0002:30 라스트오더_토17:00 - 다음 날 04:0002:30 라스트오더_토17:00 - 다음 날 04:0002:30 라스트오더_토_17:00 - 다음 날 04:0002:30 라스트오더_일17:00 - 다음 날 03:0001:30 라스트오더_일17:00 - 다음 날 03:0001:30 라스트오더_일17:00 - 다음 날 03:0001:30 라스트오더_일_17:00 - 다음 날 03:0001:30 라스트오더_월17:00 - 다음 날 03:0001:30 라스트오더_월17:00 - 다음 날 03:0001:30 라스트오더_월17:00 - 다음 날 03:0001:30 라스트오더_월_17:00 - 다음 날 03:0001:30 라스트오더_화17:00 - 다음 날 03:0001:30 라스트오더_화17:00 - 다음 날 03:0001:30 라스트오더_화17:00 - 다음 날 03:0001:30 라스트오더_화_17:00 - 다음 날 03:0001:30 라스트오더_수17:00 - 다음 날 03:0001:30 라스트오더접기_수17:00 - 다음 날 03:0001:30 라스트오더접기_수17:00 - 다음 날 03:0001:30 라스트오더_수_17:00 - 다음 날 03:0001:30 라스트오더_접기_접기,별점없음,0,0,https://search.pstatic.net/common/?autoRotate=true&type=w560_sharpen&src=https%3A%2F%2Fldb-phinf.pstatic.net%2F20260306_264%2F1772787700531iOQOT_JPEG%2FKakaoTalk_20260306_174233573_03.jpg,콜키지 가능유료_비건 메뉴_테이크아웃 할인_단체 이용 가능_남/녀 화장실 구분_무선 인터넷_예약_포장_배달_\반려동물 동반_유아의자_좌석 휠체어 이용가능_장애인 주차구역,주차가능무료
제주은희네해장국 전북도청점,1662537720,해장국,"도로명전북 전주시 완산구 마전3길 2 104, 105호복사지번전북 전주시 완산구 효자동3가 1630-4복사우편번호우편번호54962복사안내 레이어 닫기",063-221-9898,영업 중15:00에 브레이크타임15시 0분에 브레이크타임_영업 중15:00에 브레이크타임15시 0분에 브레이크타임_영업 중15:00에 브레이크타임15시 0분에 브레이크타임_영업 중_15:00에 브레이크타임15시 0분에 브레이크타임_15:00에 브레이크타임_15시 0분에 브레이크타임_목07:00 - 21:0015:00 - 17:00 브레이크타임20:20 라스트오더_목07:00 - 21:0015:00 - 17:00 브레이크타임20:20 라스트오더_목07:00 - 21:0015:00 - 17:00 브레이크타임20:20 라스트오더_목_07:00 - 21:0015:00 - 17:00 브레이크타임20:20 라스트오더_금07:00 - 21:0015:00 - 17:00 브레이크타임20:20 라스트오더_금07:00 - 21:0015:00 - 17:00 브레이크타임20:20 라스트오더_금07:00 - 21:0015:00 - 17:00 브레이크타임20:20 라스트오더_금_07:00 - 21:0015:00 - 17:00 브레이크타임20:20 라스트오더_토07:00 - 20:0015:00 - 17:00 브레이크타임19:20 라스트오더_토07:00 - 20:0015:00 - 17:00 브레이크타임19:20 라스트오더_토07:00 - 20:0015:00 - 17:00 브레이크타임19:20 라스트오더_토_07:00 - 20:0015:00 - 17:00 브레이크타임19:20 라스트오더_일07:00 - 20:0015:00 - 17:00 브레이크타임19:20 라스트오더_일07:00 - 20:0015:00 - 17:00 브레이크타임19:20 라스트오더_일07:00 - 20:0015:00 - 17:00 브레이크타임19:20 라스트오더_일_07:00 - 20:0015:00 - 17:00 브레이크타임19:20 라스트오더_월07:00 - 21:0015:00 - 17:00 브레이크타임20:20 라스트오더_월07:00 - 21:0015:00 - 17:00 브레이크타임20:20 라스트오더_월07:00 - 21:0015:00 - 17:00 브레이크타임20:20 라스트오더_월_07:00 - 21:0015:00 - 17:00 브레이크타임20:20 라스트오더_화07:00 - 21:0015:00 - 17:00 브레이크타임20:20 라스트오더_화07:00 - 21:0015:00 - 17:00 브레이크타임20:20 라스트오더_화07:00 - 21:0015:00 - 17:00 브레이크타임20:20 라스트오더_화_07:00 - 21:0015:00 - 17:00 브레이크타임20:20 라스트오더_수07:00 - 21:0015:00 - 17:00 브레이크타임20:20 라스트오더접기_수07:00 - 21:0015:00 - 17:00 브레이크타임20:20 라스트오더접기_수07:00 - 21:0015:00 - 17:00 브레이크타임20:20 라스트오더_수_07:00 - 21:0015:00 - 17:00 브레이크타임20:20 라스트오더_접기_접기,별점없음,0,0,https://search.pstatic.net/common/?autoRotate=true&type=w560_sharpen&src=https%3A%2F%2Fldb-phinf.pstatic.net%2F20220228_195%2F16460173423503oT7L_JPEG%2FKakaoTalk_20220225_153638061_04.jpg,예약_단체 이용 가능,주차가능무료
파우재커피,2039932101,"카페,디저트",도로명전북 전주시 완산구 홍산남로 60 1층 105호복사지번전북 전주시 완산구 효자동2가 1155-6복사우편번호우편번호54969복사안내 레이어 닫기,0507-1335-8624,영업 전11:00에 영업 시작11시 0분에 영업 시작_영업 전11:00에 영업 시작11시 0분에 영업 시작_영업 전11:00에 영업 시작11시 0분에 영업 시작_영업 전_11:00에 영업 시작11시 0분에 영업 시작_11:00에 영업 시작_11시 0분에 영업 시작_목11:00 - 22:00_목11:00 - 22:00_목11:00 - 22:00_목_11:00 - 22:00_금11:00 - 22:00_금11:00 - 22:00_금11:00 - 22:00_금_11:00 - 22:00_토11:00 - 21:00_토11:00 - 21:00_토11:00 - 21:00_토_11:00 - 21:00_일11:00 - 21:00_일11:00 - 21:00_일11:00 - 21:00_일_11:00 - 21:00_월11:00 - 22:00_월11:00 - 22:00_월11:00 - 22:00_월_11:00 - 22:00_화11:00 - 22:00_화11:00 - 22:00_화11:00 - 22:00_화_11:00 - 22:00_수11:00 - 22:00접기_수11:00 - 22:00접기_수11:00 - 22:00_수_11:00 - 22:00_접기_접기,별점없음,0,0,https://search.pstatic.net/common/?autoRotate=true&type=w560_sharpen&src=https%3A%2F%2Fldb-phinf.pstatic.net%2F20260420_108%2F1776658664572aCVzv_JPEG%2FKakaoTalk_Photo_2026-04-20-13-16-27_001.jpeg,핸드드립_단체 이용 가능_포장_무선 인터넷_남/녀 화장실 구분_대기공간_예약_출입구 휠체어 이용가능_좌석 휠체어 이용가능_장애인 주차구역,주차가능무료
역전할머니맥주 전주신시가지점,1398429952,"맥주,호프","도로명전북 전주시 완산구 홍산남로 83-19 104,105호복사지번전북 전주시 완산구 효자동3가 1538-6복사우편번호우편번호54969복사안내 레이어 닫기",063-228-7624,영업 종료15:00에 영업 시작15시 0분에 영업 시작_영업 종료15:00에 영업 시작15시 0분에 영업 시작_영업 종료15:00에 영업 시작15시 0분에 영업 시작_영업 종료_15:00에 영업 시작15시 0분에 영업 시작_15:00에 영업 시작_15시 0분에 영업 시작_매일15:00 - 다음 날 03:00접기_매일15:00 - 다음 날 03:00접기_매일15:00 - 다음 날 03:00_매일_15:00 - 다음 날 03:00_접기_접기,별점없음,0,0,https://search.pstatic.net/common/?autoRotate=true&type=w560_sharpen&src=https%3A%2F%2Fldb-phinf.pstatic.net%2F20190530_2%2F1559184522359AP01T_JPEG%2FhYXH9zJzQd4tLGSrddF4wvV2.jpg,편의시설 정보 없음,주차가능무료
우리국수잘하는집 전주효자동본점,20028996,국수,도로명전북 전주시 완산구 효자로 67-11 우리국수잘하는집복사지번전북 전주시 완산구 효자동3가 1157복사우편번호우편번호54880복사안내 레이어 닫기,0507-1473-0661,영업 전10:00에 영업 시작10시 0분에 영업 시작_영업 전10:00에 영업 시작10시 0분에 영업 시작_영업 전10:00에 영업 시작10시 0분에 영업 시작_영업 전_10:00에 영업 시작10시 0분에 영업 시작_10:00에 영업 시작_10시 0분에 영업 시작_목10:00 - 20:3020:00 라스트오더_목10:00 - 20:3020:00 라스트오더_목10:00 - 20:3020:00 라스트오더_목_10:00 - 20:3020:00 라스트오더_금10:00 - 20:3020:00 라스트오더_금10:00 - 20:3020:00 라스트오더_금10:00 - 20:3020:00 라스트오더_금_10:00 - 20:3020:00 라스트오더_토10:00 - 20:3020:00 라스트오더_토10:00 - 20:3020:00 라스트오더_토10:00 - 20:3020:00 라스트오더_토_10:00 - 20:3020:00 라스트오더_일10:00 - 20:3020:00 라스트오더_일10:00 - 20:3020:00 라스트오더_일10:00 - 20:3020:00 라스트오더_일_10:00 - 20:3020:00 라스트오더_월정기휴무 (매주 월요일)_월정기휴무 (매주 월요일)_월정기휴무 (매주 월요일)_월_정기휴무 (매주 월요일)_정기휴무 (매주 월요일)_화10:00 - 20:3020:00 라스트오더_화10:00 - 20:3020:00 라스트오더_화10:00 - 20:3020:00 라스트오더_화_10:00 - 20:3020:00 라스트오더_수10:00 - 20:3020:00 라스트오더접기_수10:00 - 20:3020:00 라스트오더접기_수10:00 - 20:3020:00 라스트오더_수_10:00 - 20:3020:00 라스트오더_접기_접기,별점없음,0,0,https://search.pstatic.net/common/?autoRotate=true&type=w560_sharpen&src=https%3A%2F%2Fldb-phinf.pstatic.net%2F20240409_73%2F1712658071487zmRY0_JPEG%2FIMG_7245.jpeg,단체 이용 가능_포장_무선 인터넷_남/녀 화장실 구분_예약_유아의자_대기공간_출입구 휠체어 이용가능_좌석 휠체어 이용가능,주차가능무료
이디야커피 전주KBS점,36256114,카페,도로명전북 전주시 완산구 우전로 312 1층 105호복사지번전북 전주시 완산구 효자동3가 1643-5복사우편번호우편번호54962복사안내 레이어 닫기,063-227-4684,영업 전08:00에 영업 시작8시 0분에 영업 시작_영업 전08:00에 영업 시작8시 0분에 영업 시작_영업 전08:00에 영업 시작8시 0분에 영업 시작_영업 전_08:00에 영업 시작8시 0분에 영업 시작_08:00에 영업 시작_8시 0분에 영업 시작_매일08:00 - 23:00_매일08:00 - 23:00_매일08:00 - 23:00_매일_08:00 - 23:00_- 주말 및 공휴일에는 변경될 수 있음접기_- 주말 및 공휴일에는 변경될 수 있음접기_- 주말 및 공휴일에는 변경될 수 있음_- 주말 및 공휴일에는 변경될 수 있음_접기_접기,별점4.35,0,0,https://search.pstatic.net/common/?autoRotate=true&type=w560_sharpen&src=https%3A%2F%2Fldb-phinf.pstatic.net%2F20260602_118%2F1780358490913PvU3R_JPEG%2F%25C0%25CC%25B5%25F0%25BE%25DF_%25BF%25C2%25B6%25F3%25C0%25CE_SNS%252C_%25B1%25E2%25C5%25B8_%25C4%25DA%25C4%25DA%25B3%25D3%25B6%25F3%25B6%25BC_2%25C1%25BE_%25B3%25D7%25C0%25CC%25B9%25F6%25C3%25A4%25B3%25CE.jpg,포장,주차가능
핸더 신시가지점,2004792736,이탈리아음식,"도로명전북 전주시 완산구 마전3길 2 2층 202호, 203호복사지번전북 전주시 완산구 효자동3가 1630-4복사우편번호우편번호54962복사안내 레이어 닫기",0507-1382-4489,영업 전11:30에 영업 시작11시 30분에 영업 시작_영업 전11:30에 영업 시작11시 30분에 영업 시작_영업 전11:30에 영업 시작11시 30분에 영업 시작_영업 전_11:30에 영업 시작11시 30분에 영업 시작_11:30에 영업 시작_11시 30분에 영업 시작_목11:30 - 22:0015:00 - 17:00 브레이크타임21:00 라스트오더_목11:30 - 22:0015:00 - 17:00 브레이크타임21:00 라스트오더_목11:30 - 22:0015:00 - 17:00 브레이크타임21:00 라스트오더_목_11:30 - 22:0015:00 - 17:00 브레이크타임21:00 라스트오더_금11:30 - 22:0015:00 - 17:00 브레이크타임21:00 라스트오더_금11:30 - 22:0015:00 - 17:00 브레이크타임21:00 라스트오더_금11:30 - 22:0015:00 - 17:00 브레이크타임21:00 라스트오더_금_11:30 - 22:0015:00 - 17:00 브레이크타임21:00 라스트오더_토11:30 - 22:0016:00 - 17:00 브레이크타임21:00 라스트오더_토11:30 - 22:0016:00 - 17:00 브레이크타임21:00 라스트오더_토11:30 - 22:0016:00 - 17:00 브레이크타임21:00 라스트오더_토_11:30 - 22:0016:00 - 17:00 브레이크타임21:00 라스트오더_일11:30 - 21:0016:00 - 17:00 브레이크타임20:00 라스트오더_일11:30 - 21:0016:00 - 17:00 브레이크타임20:00 라스트오더_일11:30 - 21:0016:00 - 17:00 브레이크타임20:00 라스트오더_일_11:30 - 21:0016:00 - 17:00 브레이크타임20:00 라스트오더_월11:30 - 22:0015:00 - 17:00 브레이크타임21:00 라스트오더_월11:30 - 22:0015:00 - 17:00 브레이크타임21:00 라스트오더_월11:30 - 22:0015:00 - 17:00 브레이크타임21:00 라스트오더_월_11:30 - 22:0015:00 - 17:00 브레이크타임21:00 라스트오더_화11:30 - 22:0015:00 - 17:00 브레이크타임21:00 라스트오더_화11:30 - 22:0015:00 - 17:00 브레이크타임21:00 라스트오더_화11:30 - 22:0015:00 - 17:00 브레이크타임21:00 라스트오더_화_11:30 - 22:0015:00 - 17:00 브레이크타임21:00 라스트오더_수11:30 - 22:0015:00 - 17:00 브레이크타임21:00 라스트오더접기_수11:30 - 22:0015:00 - 17:00 브레이크타임21:00 라스트오더접기_수11:30 - 22:0015:00 - 17:00 브레이크타임21:00 라스트오더_수_11:30 - 22:0015:00 - 17:00 브레이크타임21:00 라스트오더_접기_접기,별점없음,0,0,https://search.pstatic.net/common/?autoRotate=true&type=w278_sharpen&src=https%3A%2F%2Fldb-phinf.pstatic.net%2F20260519_41%2F1779166873487Bozjy_JPEG%2FIMG_7059.jpg,콜키지 가능무료_생일/기념일 혜택_대관_단체 이용 가능_예약_무선 인터넷_남/녀 화장실 구분_유아의자_장애인 주차구역,주차가능무료
사랑각 전주신시가지점,1970617061,한식,도로명전북 전주시 완산구 홍산중앙로 35 1층 사랑각복사지번전북 전주시 완산구 효자동3가 1535-4복사우편번호우편번호54969복사안내 레이어 닫기,063-226-8777,영업 종료17:00에 영업 시작17시 0분에 영업 시작_영업 종료17:00에 영업 시작17시 0분에 영업 시작_영업 종료17:00에 영업 시작17시 0분에 영업 시작_영업 종료_17:00에 영업 시작17시 0분에 영업 시작_17:00에 영업 시작_17시 0분에 영업 시작_목17:00 - 다음 날 07:0006:00 라스트오더_목17:00 - 다음 날 07:0006:00 라스트오더_목17:00 - 다음 날 07:0006:00 라스트오더_목_17:00 - 다음 날 07:0006:00 라스트오더_금17:00 - 다음 날 08:0007:00 라스트오더_금17:00 - 다음 날 08:0007:00 라스트오더_금17:00 - 다음 날 08:0007:00 라스트오더_금_17:00 - 다음 날 08:0007:00 라스트오더_토17:00 - 다음 날 08:0007:00 라스트오더_토17:00 - 다음 날 08:0007:00 라스트오더_토17:00 - 다음 날 08:0007:00 라스트오더_토_17:00 - 다음 날 08:0007:00 라스트오더_일17:00 - 다음 날 07:0006:00 라스트오더_일17:00 - 다음 날 07:0006:00 라스트오더_일17:00 - 다음 날 07:0006:00 라스트오더_일_17:00 - 다음 날 07:0006:00 라스트오더_월17:00 - 다음 날 07:0006:00 라스트오더_월17:00 - 다음 날 07:0006:00 라스트오더_월17:00 - 다음 날 07:0006:00 라스트오더_월_17:00 - 다음 날 07:0006:00 라스트오더_화17:00 - 다음 날 07:0006:00 라스트오더_화17:00 - 다음 날 07:0006:00 라스트오더_화17:00 - 다음 날 07:0006:00 라스트오더_화_17:00 - 다음 날 07:0006:00 라스트오더_수17:00 - 다음 날 07:0006:00 라스트오더접기_수17:00 - 다음 날 07:0006:00 라스트오더접기_수17:00 - 다음 날 07:0006:00 라스트오더_수_17:00 - 다음 날 07:0006:00 라스트오더_접기_접기,별점없음,0,0,https://search.pstatic.net/common/?autoRotate=true&type=w560_sharpen&src=https%3A%2F%2Fldb-phinf.pstatic.net%2F20230501_43%2F1682916104164HRdJs_PNG%2F%25C0%25CC%25B9%25CC%25C1%25F6_020.png,포장_배달_남/녀 화장실 구분_단체 이용 가능_무선 인터넷,주차가능무료
컴포즈커피 전주대신정문점,1296156960,카페,도로명전북 전주시 완산구 봉곡1길 1복사지번전북 전주시 완산구 효자동3가 1733-1복사우편번호우편번호55060복사안내 레이어 닫기,063-903-5717,곧 영업 시작07:30에 영업 시작7시 30분에 영업 시작_곧 영업 시작07:30에 영업 시작7시 30분에 영업 시작_곧 영업 시작07:30에 영업 시작7시 30분에 영업 시작_곧 영업 시작_07:30에 영업 시작7시 30분에 영업 시작_07:30에 영업 시작_7시 30분에 영업 시작_목07:30 - 21:30_목07:30 - 21:30_목07:30 - 21:30_목_07:30 - 21:30_금07:30 - 21:30_금07:30 - 21:30_금07:30 - 21:30_금_07:30 - 21:30_토08:00 - 21:30_토08:00 - 21:30_토08:00 - 21:30_토_08:00 - 21:30_일08:00 - 21:30_일08:00 - 21:30_일08:00 - 21:30_일_08:00 - 21:30_월07:30 - 21:30_월07:30 - 21:30_월07:30 - 21:30_월_07:30 - 21:30_화07:30 - 21:30_화07:30 - 21:30_화07:30 - 21:30_화_07:30 - 21:30_수07:30 - 21:30접기_수07:30 - 21:30접기_수07:30 - 21:30_수_07:30 - 21:30_접기_접기,별점없음,0,0,https://search.pstatic.net/common/?autoRotate=true&type=w560_sharpen&src=https%3A%2F%2Fldb-phinf.pstatic.net%2F20250407_116%2F1743987181420jsGPv_JPEG%2FKakaoTalk_20250407_095243882.jpg,포장,주차가능무료
이디야커피 전북도청점,36256216,카페,도로명전북 전주시 완산구 홍산중앙로 46 1층 이디야복사지번전북 전주시 완산구 효자동3가 1528-15복사우편번호우편번호54969복사안내 레이어 닫기,063-224-6330,24시간 영업연중무휴연중무휴_24시간 영업연중무휴연중무휴_24시간 영업연중무휴연중무휴_24시간 영업_연중무휴연중무휴_연중무휴_연중무휴_매일00:00 - 24:00접기_매일00:00 - 24:00접기_매일00:00 - 24:00_매일_00:00 - 24:00_접기_접기,별점4.37,0,0,https://search.pstatic.net/common/?autoRotate=true&type=w560_sharpen&src=https%3A%2F%2Fldb-phinf.pstatic.net%2F20260602_118%2F1780358490913PvU3R_JPEG%2F%25C0%25CC%25B5%25F0%25BE%25DF_%25BF%25C2%25B6%25F3%25C0%25CE_SNS%252C_%25B1%25E2%25C5%25B8_%25C4%25DA%25C4%25DA%25B3%25D3%25B6%25F3%25B6%25BC_2%25C1%25BE_%25B3%25D7%25C0%25CC%25B9%25F6%25C3%25A4%25B3%25CE.jpg,포장,주차가능무료
마와루스시 전주효자,2070688835,일식당,"도로명전북 전주시 완산구 마전들로 67 1층 103, 104호복사지번전북 전주시 완산구 효자동3가 1648-1복사우편번호우편번호54962복사안내 레이어 닫기",0507-1434-7969,영업 전11:00에 영업 시작11시 0분에 영업 시작_영업 전11:00에 영업 시작11시 0분에 영업 시작_영업 전11:00에 영업 시작11시 0분에 영업 시작_영업 전_11:00에 영업 시작11시 0분에 영업 시작_11:00에 영업 시작_11시 0분에 영업 시작_매일11:00 - 21:0015:00 - 17:00 브레이크타임20:30 라스트오더접기_매일11:00 - 21:0015:00 - 17:00 브레이크타임20:30 라스트오더접기_매일11:00 - 21:0015:00 - 17:00 브레이크타임20:30 라스트오더_매일_11:00 - 21:0015:00 - 17:00 브레이크타임20:30 라스트오더_접기_접기,별점없음,0,0,https://search.pstatic.net/common/?autoRotate=true&type=w560_sharpen&src=https%3A%2F%2Fldb-phinf.pstatic.net%2F20250522_244%2F1747894758697kg8EB_JPEG%2FIMG_0004.jpeg,단체 이용 가능_예약_남/녀 화장실 구분,주차가능무료
아마스빈 전북도청점,1859082842,카페,도로명전북 전주시 완산구 홍산남로 60복사지번전북 전주시 완산구 효자동2가 1155-6복사우편번호우편번호54969복사안내 레이어 닫기,0507-2087-0837,영업 전10:00에 영업 시작10시 0분에 영업 시작_영업 전10:00에 영업 시작10시 0분에 영업 시작_영업 전10:00에 영업 시작10시 0분에 영업 시작_영업 전_10:00에 영업 시작10시 0분에 영업 시작_10:00에 영업 시작_10시 0분에 영업 시작_목10:00 - 23:00_목10:00 - 23:00_목10:00 - 23:00_목_10:00 - 23:00_금10:00 - 23:00_금10:00 - 23:00_금10:00 - 23:00_금_10:00 - 23:00_토10:00 - 23:00_토10:00 - 23:00_토10:00 - 23:00_토_10:00 - 23:00_일10:00 - 23:00_일10:00 - 23:00_일10:00 - 23:00_일_10:00 - 23:00_월10:00 - 23:00_월10:00 - 23:00_월10:00 - 23:00_월_10:00 - 23:00_화10:00 - 23:00_화10:00 - 23:00_화10:00 - 23:00_화_10:00 - 23:00_수10:00 - 23:00접기_수10:00 - 23:00접기_수10:00 - 23:00_수_10:00 - 23:00_접기_접기,별점없음,0,0,https://search.pstatic.net/common/?autoRotate=true&type=w560_sharpen&src=https%3A%2F%2Fldb-phinf.pstatic.net%2F20191013_108%2F1570936018496YvyIK_JPEG%2Fqe7_Pq1KHN0ulWtAraBsiSZB.jpeg.jpg,편의시설 정보 없음,주차가능무료
금복반점,1559288355,중식당,도로명전북 전주시 완산구 마전3길 18복사지번전북 전주시 완산구 효자동3가 1632-6복사우편번호우편번호54962복사안내 레이어 닫기,0507-1363-5171,영업 전11:00에 영업 시작11시 0분에 영업 시작_영업 전11:00에 영업 시작11시 0분에 영업 시작_영업 전11:00에 영업 시작11시 0분에 영업 시작_영업 전_11:00에 영업 시작11시 0분에 영업 시작_11:00에 영업 시작_11시 0분에 영업 시작_목11:00 - 21:0014:30 - 17:30 브레이크타임20:00 라스트오더_목11:00 - 21:0014:30 - 17:30 브레이크타임20:00 라스트오더_목11:00 - 21:0014:30 - 17:30 브레이크타임20:00 라스트오더_목_11:00 - 21:0014:30 - 17:30 브레이크타임20:00 라스트오더_금11:00 - 21:0014:30 - 17:30 브레이크타임20:00 라스트오더_금11:00 - 21:0014:30 - 17:30 브레이크타임20:00 라스트오더_금11:00 - 21:0014:30 - 17:30 브레이크타임20:00 라스트오더_금_11:00 - 21:0014:30 - 17:30 브레이크타임20:00 라스트오더_토11:00 - 21:0014:30 - 17:30 브레이크타임20:00 라스트오더_토11:00 - 21:0014:30 - 17:30 브레이크타임20:00 라스트오더_토11:00 - 21:0014:30 - 17:30 브레이크타임20:00 라스트오더_토_11:00 - 21:0014:30 - 17:30 브레이크타임20:00 라스트오더_일11:00 - 21:0014:30 - 17:30 브레이크타임20:00 라스트오더_일11:00 - 21:0014:30 - 17:30 브레이크타임20:00 라스트오더_일11:00 - 21:0014:30 - 17:30 브레이크타임20:00 라스트오더_일_11:00 - 21:0014:30 - 17:30 브레이크타임20:00 라스트오더_월정기휴무 (매주 월요일)_월정기휴무 (매주 월요일)_월정기휴무 (매주 월요일)_월_정기휴무 (매주 월요일)_정기휴무 (매주 월요일)_화11:00 - 21:0014:30 - 17:30 브레이크타임20:00 라스트오더_화11:00 - 21:0014:30 - 17:30 브레이크타임20:00 라스트오더_화11:00 - 21:0014:30 - 17:30 브레이크타임20:00 라스트오더_화_11:00 - 21:0014:30 - 17:30 브레이크타임20:00 라스트오더_수11:00 - 21:0014:30 - 17:30 브레이크타임20:00 라스트오더_수11:00 - 21:0014:30 - 17:30 브레이크타임20:00 라스트오더_수11:00 - 21:0014:30 - 17:30 브레이크타임20:00 라스트오더_수_11:00 - 21:0014:30 - 17:30 브레이크타임20:00 라스트오더_- 마지막주 일요일 월요일 휴무입니다접기_- 마지막주 일요일 월요일 휴무입니다접기_- 마지막주 일요일 월요일 휴무입니다_- 마지막주 일요일 월요일 휴무입니다_접기_접기,별점없음,0,0,https://search.pstatic.net/common/?autoRotate=true&type=w560_sharpen&src=https%3A%2F%2Fldb-phinf.pstatic.net%2F20250617_39%2F1750134633341trNDw_JPEG%2F1000008979.jpg,단체 이용 가능_남/녀 화장실 구분_유아의자,주차가능무료
브릴로,1740834349,"카페,디저트",도로명전북 전주시 완산구 마전로 17 1층복사지번전북 전주시 완산구 효자동3가 1645-2복사우편번호우편번호54962복사안내 레이어 닫기,063-903-8888,영업 전08:30에 영업 시작8시 30분에 영업 시작_영업 전08:30에 영업 시작8시 30분에 영업 시작_영업 전08:30에 영업 시작8시 30분에 영업 시작_영업 전_08:30에 영업 시작8시 30분에 영업 시작_08:30에 영업 시작_8시 30분에 영업 시작_목08:30 - 22:0021:30 라스트오더_목08:30 - 22:0021:30 라스트오더_목08:30 - 22:0021:30 라스트오더_목_08:30 - 22:0021:30 라스트오더_금08:30 - 22:0021:30 라스트오더_금08:30 - 22:0021:30 라스트오더_금08:30 - 22:0021:30 라스트오더_금_08:30 - 22:0021:30 라스트오더_토08:30 - 22:0021:30 라스트오더_토08:30 - 22:0021:30 라스트오더_토08:30 - 22:0021:30 라스트오더_토_08:30 - 22:0021:30 라스트오더_일08:30 - 22:0021:30 라스트오더_일08:30 - 22:0021:30 라스트오더_일08:30 - 22:0021:30 라스트오더_일_08:30 - 22:0021:30 라스트오더_월08:30 - 22:0021:30 라스트오더_월08:30 - 22:0021:30 라스트오더_월08:30 - 22:0021:30 라스트오더_월_08:30 - 22:0021:30 라스트오더_화08:30 - 22:0021:30 라스트오더_화08:30 - 22:0021:30 라스트오더_화08:30 - 22:0021:30 라스트오더_화_08:30 - 22:0021:30 라스트오더_수08:30 - 22:0021:30 라스트오더접기_수08:30 - 22:0021:30 라스트오더접기_수08:30 - 22:0021:30 라스트오더_수_08:30 - 22:0021:30 라스트오더_접기_접기,별점없음,0,0,https://search.pstatic.net/common/?autoRotate=true&type=w560_sharpen&src=https%3A%2F%2Fldb-phinf.pstatic.net%2F20250501_169%2F17460708315813oePm_JPEG%2F1000066179.jpg,단체 이용 가능_남/녀 화장실 구분_예약_무선 인터넷_포장_출입구 휠체어 이용가능_좌석 휠체어 이용가능_장애인 주차구역,주차가능무료
카츠레츠,1645588635,돈가스,도로명전북 전주시 완산구 우전로 203 1층복사지번전북 전주시 완산구 효자동2가 1252-4복사우편번호우편번호55060복사안내 레이어 닫기,0507-1461-4333,영업 전11:00에 영업 시작11시 0분에 영업 시작_영업 전11:00에 영업 시작11시 0분에 영업 시작_영업 전11:00에 영업 시작11시 0분에 영업 시작_영업 전_11:00에 영업 시작11시 0분에 영업 시작_11:00에 영업 시작_11시 0분에 영업 시작_목11:00 - 20:15_목11:00 - 20:15_목11:00 - 20:15_목_11:00 - 20:15_금11:00 - 20:15_금11:00 - 20:15_금11:00 - 20:15_금_11:00 - 20:15_토11:00 - 20:15_토11:00 - 20:15_토11:00 - 20:15_토_11:00 - 20:15_일11:00 - 20:15_일11:00 - 20:15_일11:00 - 20:15_일_11:00 - 20:15_월11:00 - 20:15_월11:00 - 20:15_월11:00 - 20:15_월_11:00 - 20:15_화11:00 - 20:15_화11:00 - 20:15_화11:00 - 20:15_화_11:00 - 20:15_수11:00 - 20:15접기_수11:00 - 20:15접기_수11:00 - 20:15_수_11:00 - 20:15_접기_접기,별점4.84,0,0,https://search.pstatic.net/common/?autoRotate=true&type=w560_sharpen&src=https%3A%2F%2Fldb-phinf.pstatic.net%2F20240206_269%2F1707198853433qWIvv_JPEG%2F1707198843696.jpg,편의시설 정보 없음,주차가능무료
상무초밥 전주도청점,1069705687,"초밥,롤",도로명전북 전주시 완산구 홍산로 276 1층 101호복사지번전북 전주시 완산구 효자동3가 1525-2복사우편번호우편번호54969복사안내 레이어 닫기,063-229-2267,영업 전11:00에 영업 시작11시 0분에 영업 시작_영업 전11:00에 영업 시작11시 0분에 영업 시작_영업 전11:00에 영업 시작11시 0분에 영업 시작_영업 전_11:00에 영업 시작11시 0분에 영업 시작_11:00에 영업 시작_11시 0분에 영업 시작_매일11:00 - 22:00접기_매일11:00 - 22:00접기_매일11:00 - 22:00_매일_11:00 - 22:00_접기_접기,별점없음,0,0,https://search.pstatic.net/common/?autoRotate=true&type=w560_sharpen&src=https%3A%2F%2Fldb-phinf.pstatic.net%2F20260226_253%2F1772102370861KmIot_JPEG%2FKakaoTalk_20260225_141314076.jpg,단체 이용 가능_무선 인터넷_포장_배달_남/녀 화장실 구분_대기공간,주차가능무료
포잉케이크,1050240721,케이크전문,도로명전북 전주시 완산구 문학대4길 28-3 1층복사지번전북 전주시 완산구 효자동3가 1618-15복사우편번호우편번호54959복사안내 레이어 닫기,0507-1328-5772,영업 전11:30에 영업 시작11시 30분에 영업 시작_영업 전11:30에 영업 시작11시 30분에 영업 시작_영업 전11:30에 영업 시작11시 30분에 영업 시작_영업 전_11:30에 영업 시작11시 30분에 영업 시작_11:30에 영업 시작_11시 30분에 영업 시작_목11:30 - 19:00_목11:30 - 19:00_목11:30 - 19:00_목_11:30 - 19:00_금11:30 - 19:00_금11:30 - 19:00_금11:30 - 19:00_금_11:30 - 19:00_토11:30 - 19:00_토11:30 - 19:00_토11:30 - 19:00_토_11:30 - 19:00_일11:30 - 19:00_일11:30 - 19:00_일11:30 - 19:00_일_11:30 - 19:00_월정기휴무 (매주 월요일)_월정기휴무 (매주 월요일)_월정기휴무 (매주 월요일)_월_정기휴무 (매주 월요일)_정기휴무 (매주 월요일)_화11:30 - 19:00_화11:30 - 19:00_화11:30 - 19:00_화_11:30 - 19:00_수11:30 - 19:00_수11:30 - 19:00_수11:30 - 19:00_수_11:30 - 19:00_- 매주월요일• 마지막째주 일요일 정기휴무입니다접기_- 매주월요일• 마지막째주 일요일 정기휴무입니다접기_- 매주월요일• 마지막째주 일요일 정기휴무입니다_- 매주월요일• 마지막째주 일요일 정기휴무입니다_접기_접기,별점없음,0,0,https://search.pstatic.net/common/?autoRotate=true&type=w560_sharpen&src=https%3A%2F%2Fldb-phinf.pstatic.net%2F20260114_295%2F1768400026114f9oTf_JPEG%2FA44126A5-C4FB-4C5E-A53D-67652678186A.jpeg,예약_대기공간,주차가능무료
양뜰,38654641,양갈비,도로명전북 전주시 완산구 홍산북로 60-18 1층복사지번전북 전주시 완산구 효자동3가 1533-4복사우편번호우편번호54969복사안내 레이어 닫기,0507-1425-9296,영업 종료16:00에 영업 시작16시 0분에 영업 시작_영업 종료16:00에 영업 시작16시 0분에 영업 시작_영업 종료16:00에 영업 시작16시 0분에 영업 시작_영업 종료_16:00에 영업 시작16시 0분에 영업 시작_16:00에 영업 시작_16시 0분에 영업 시작_목16:00 - 23:0022:00 라스트오더_목16:00 - 23:0022:00 라스트오더_목16:00 - 23:0022:00 라스트오더_목_16:00 - 23:0022:00 라스트오더_금16:00 - 24:0023:00 라스트오더_금16:00 - 24:0023:00 라스트오더_금16:00 - 24:0023:00 라스트오더_금_16:00 - 24:0023:00 라스트오더_토16:00 - 24:0023:00 라스트오더_토16:00 - 24:0023:00 라스트오더_토16:00 - 24:0023:00 라스트오더_토_16:00 - 24:0023:00 라스트오더_일16:00 - 22:0021:00 라스트오더_일16:00 - 22:0021:00 라스트오더_일16:00 - 22:0021:00 라스트오더_일_16:00 - 22:0021:00 라스트오더_월16:00 - 23:0022:00 라스트오더_월16:00 - 23:0022:00 라스트오더_월16:00 - 23:0022:00 라스트오더_월_16:00 - 23:0022:00 라스트오더_화16:00 - 23:0022:00 라스트오더_화16:00 - 23:0022:00 라스트오더_화16:00 - 23:0022:00 라스트오더_화_16:00 - 23:0022:00 라스트오더_수16:00 - 23:0022:00 라스트오더_수16:00 - 23:0022:00 라스트오더_수16:00 - 23:0022:00 라스트오더_수_16:00 - 23:0022:00 라스트오더_- 주말/공휴일 점심은 8명이상 사전예약으로 운영접기_- 주말/공휴일 점심은 8명이상 사전예약으로 운영접기_- 주말/공휴일 점심은 8명이상 사전예약으로 운영_- 주말/공휴일 점심은 8명이상 사전예약으로 운영_접기_접기,별점없음,0,0,https://search.pstatic.net/common/?autoRotate=true&type=w278_sharpen&src=https%3A%2F%2Fldb-phinf.pstatic.net%2F20260601_226%2F17802953181385qmxQ_JPEG%2FIMG_9082.jpg,콜키지 가능유료_예약_단체 이용 가능_포장_무선 인터넷_남/녀 화장실 구분_유아의자_출입구 휠체어 이용가능,주차가능무료
극강식 전주신시가지점,1637775611,일식당,도로명전북 전주시 완산구 홍산북로 70-19 1동 1층 103호복사지번전북 전주시 완산구 효자동3가 1538-1복사우편번호우편번호54969복사안내 레이어 닫기,0507-1475-9060,영업 전11:00에 영업 시작11시 0분에 영업 시작_영업 전11:00에 영업 시작11시 0분에 영업 시작_영업 전11:00에 영업 시작11시 0분에 영업 시작_영업 전_11:00에 영업 시작11시 0분에 영업 시작_11:00에 영업 시작_11시 0분에 영업 시작_목11:00 - 22:0015:00 - 17:00 브레이크타임21:00 라스트오더_목11:00 - 22:0015:00 - 17:00 브레이크타임21:00 라스트오더_목11:00 - 22:0015:00 - 17:00 브레이크타임21:00 라스트오더_목_11:00 - 22:0015:00 - 17:00 브레이크타임21:00 라스트오더_금11:00 - 22:0015:00 - 17:00 브레이크타임21:00 라스트오더_금11:00 - 22:0015:00 - 17:00 브레이크타임21:00 라스트오더_금11:00 - 22:0015:00 - 17:00 브레이크타임21:00 라스트오더_금_11:00 - 22:0015:00 - 17:00 브레이크타임21:00 라스트오더_토11:00 - 22:0021:00 라스트오더_토11:00 - 22:0021:00 라스트오더_토11:00 - 22:0021:00 라스트오더_토_11:00 - 22:0021:00 라스트오더_일11:00 - 22:0021:00 라스트오더_일11:00 - 22:0021:00 라스트오더_일11:00 - 22:0021:00 라스트오더_일_11:00 - 22:0021:00 라스트오더_월11:00 - 22:0015:00 - 17:00 브레이크타임21:00 라스트오더_월11:00 - 22:0015:00 - 17:00 브레이크타임21:00 라스트오더_월11:00 - 22:0015:00 - 17:00 브레이크타임21:00 라스트오더_월_11:00 - 22:0015:00 - 17:00 브레이크타임21:00 라스트오더_화11:00 - 22:0015:00 - 17:00 브레이크타임21:00 라스트오더_화11:00 - 22:0015:00 - 17:00 브레이크타임21:00 라스트오더_화11:00 - 22:0015:00 - 17:00 브레이크타임21:00 라스트오더_화_11:00 - 22:0015:00 - 17:00 브레이크타임21:00 라스트오더_수11:00 - 22:0015:00 - 17:00 브레이크타임21:00 라스트오더접기_수11:00 - 22:0015:00 - 17:00 브레이크타임21:00 라스트오더접기_수11:00 - 22:0015:00 - 17:00 브레이크타임21:00 라스트오더_수_11:00 - 22:0015:00 - 17:00 브레이크타임21:00 라스트오더_접기_접기,별점없음,0,0,https://search.pstatic.net/common/?autoRotate=true&type=w560_sharpen&src=https%3A%2F%2Fldb-phinf.pstatic.net%2F20241121_114%2F1732156499707XVjVE_JPEG%2F%25BE%25D7%25BC%25C7%25C4%25C6_03.jpg,콜키지 가능무료_전문 소믈리에_무선 인터넷_남/녀 화장실 구분_유아의자_포장_배달_예약_출입구 휠체어 이용가능_좌석 휠체어 이용가능_장애인 주차구역,주차가능무료
장수농장,35336191,"육류,고기요리",도로명전북 전주시 완산구 홍산북로 21-7 스타빌딩 1층복사지번전북 전주시 완산구 효자동2가 1230-8복사우편번호우편번호54966복사안내 레이어 닫기,063-226-5678,영업 전11:30에 영업 시작11시 30분에 영업 시작_영업 전11:30에 영업 시작11시 30분에 영업 시작_영업 전11:30에 영업 시작11시 30분에 영업 시작_영업 전_11:30에 영업 시작11시 30분에 영업 시작_11:30에 영업 시작_11시 30분에 영업 시작_매일11:30 - 21:3020:30 라스트오더_매일11:30 - 21:3020:30 라스트오더_매일11:30 - 21:3020:30 라스트오더_매일_11:30 - 21:3020:30 라스트오더_-  브레이크타임없이 운영중접기_-  브레이크타임없이 운영중접기_-  브레이크타임없이 운영중_-  브레이크타임없이 운영중_접기_접기,별점4.37,0,0,https://search.pstatic.net/common/?autoRotate=true&type=w560_sharpen&src=https%3A%2F%2Fldb-phinf.pstatic.net%2F20230418_267%2F1681789389877iVdzS_JPEG%2F%25C1%25D6%25BF%25E4%25B8%25DE%25B4%25BA1%2528%25C7%25D1%25BF%25EC%25BD%25BA%25C6%25E4%25BC%25C8%25B8%25F0%25B5%25EB%2529.jpg,단체 이용 가능_예약_유아의자_남/녀 화장실 구분_포장_무선 인터넷,주차가능무료
도싯골 도청점,33560267,돼지고기구이,도로명전북 전주시 완산구 홍산북로 83-17복사지번전북 전주시 완산구 효자동3가 1528-10복사우편번호우편번호54969복사안내 레이어 닫기,0507-1431-3449,영업 종료16:00에 영업 시작16시 0분에 영업 시작_영업 종료16:00에 영업 시작16시 0분에 영업 시작_영업 종료16:00에 영업 시작16시 0분에 영업 시작_영업 종료_16:00에 영업 시작16시 0분에 영업 시작_16:00에 영업 시작_16시 0분에 영업 시작_매일16:00 - 23:30접기_매일16:00 - 23:30접기_매일16:00 - 23:30_매일_16:00 - 23:30_접기_접기,별점4.52,0,0,https://search.pstatic.net/common/?autoRotate=true&type=w278_sharpen&src=https%3A%2F%2Fldb-phinf.pstatic.net%2F20240819_44%2F17240664445883OPLx_JPEG%2FIMG_8808.jpg,콜키지 가능무료_생일 혜택_무한 리필_단체 이용 가능_예약_무선 인터넷_남/녀 화장실 구분_출입구 휠체어 이용가능,주차가능무료
짭쪼롬 본점,1588636145,"카페,디저트",도로명전북 전주시 완산구 척동9길 8-1 푸르지오 상가 1층복사지번전북 전주시 완산구 효자동3가 1625-5복사우편번호우편번호54961복사안내 레이어 닫기,070-7585-9603,영업 전12:00에 영업 시작12시 0분에 영업 시작_영업 전12:00에 영업 시작12시 0분에 영업 시작_영업 전12:00에 영업 시작12시 0분에 영업 시작_영업 전_12:00에 영업 시작12시 0분에 영업 시작_12:00에 영업 시작_12시 0분에 영업 시작_목12:00 - 20:00_목12:00 - 20:00_목12:00 - 20:00_목_12:00 - 20:00_금12:00 - 20:00_금12:00 - 20:00_금12:00 - 20:00_금_12:00 - 20:00_토12:00 - 20:00_토12:00 - 20:00_토12:00 - 20:00_토_12:00 - 20:00_일12:00 - 20:00_일12:00 - 20:00_일12:00 - 20:00_일_12:00 - 20:00_월12:00 - 20:00_월12:00 - 20:00_월12:00 - 20:00_월_12:00 - 20:00_화정기휴무 (매주 화요일)_화정기휴무 (매주 화요일)_화정기휴무 (매주 화요일)_화_정기휴무 (매주 화요일)_정기휴무 (매주 화요일)_수12:00 - 20:00접기_수12:00 - 20:00접기_수12:00 - 20:00_수_12:00 - 20:00_접기_접기,별점없음,0,0,https://search.pstatic.net/common/?autoRotate=true&type=w560_sharpen&src=https%3A%2F%2Fldb-phinf.pstatic.net%2F20240313_214%2F1710334926106uGBTW_JPEG%2FIMG_1381.jpeg,포장_배달_예약_무선 인터넷_\반려동물 동반,주차가능무료
담소뒷고기,1124462500,한식,도로명전북 전주시 완산구 홍산북로 45-16 1층복사지번전북 전주시 완산구 효자동3가 1529-4복사우편번호우편번호54969복사안내 레이어 닫기,0507-1335-3370,영업 종료16:00에 영업 시작16시 0분에 영업 시작_영업 종료16:00에 영업 시작16시 0분에 영업 시작_영업 종료16:00에 영업 시작16시 0분에 영업 시작_영업 종료_16:00에 영업 시작16시 0분에 영업 시작_16:00에 영업 시작_16시 0분에 영업 시작_목16:00 - 24:00_목16:00 - 24:00_목16:00 - 24:00_목_16:00 - 24:00_금16:00 - 24:00_금16:00 - 24:00_금16:00 - 24:00_금_16:00 - 24:00_토16:00 - 24:00_토16:00 - 24:00_토16:00 - 24:00_토_16:00 - 24:00_일12:00 - 22:00_일12:00 - 22:00_일12:00 - 22:00_일_12:00 - 22:00_월16:00 - 24:00_월16:00 - 24:00_월16:00 - 24:00_월_16:00 - 24:00_화16:00 - 24:00_화16:00 - 24:00_화16:00 - 24:00_화_16:00 - 24:00_수16:00 - 24:00접기_수16:00 - 24:00접기_수16:00 - 24:00_수_16:00 - 24:00_접기_접기,별점없음,0,0,https://search.pstatic.net/common/?autoRotate=true&type=w560_sharpen&src=https%3A%2F%2Fldb-phinf.pstatic.net%2F20240819_17%2F1724040894363VfDwE_PNG%2F001.png,콜키지 가능유료_단체 이용 가능_무선 인터넷_남/녀 화장실 구분_유아의자_예약_포장,주차가능무료
담소뒷고기,1124462500,한식,도로명전북 전주시 완산구 홍산북로 45-16 1층복사지번전북 전주시 완산구 효자동3가 1529-4복사우편번호우편번호54969복사안내 레이어 닫기,0507-1335-3370,영업 종료16:00에 영업 시작16시 0분에 영업 시작_영업 종료16:00에 영업 시작16시 0분에 영업 시작_영업 종료16:00에 영업 시작16시 0분에 영업 시작_영업 종료_16:00에 영업 시작16시 0분에 영업 시작_16:00에 영업 시작_16시 0분에 영업 시작_목16:00 - 24:00_목16:00 - 24:00_목16:00 - 24:00_목_16:00 - 24:00_금16:00 - 24:00_금16:00 - 24:00_금16:00 - 24:00_금_16:00 - 24:00_토16:00 - 24:00_토16:00 - 24:00_토16:00 - 24:00_토_16:00 - 24:00_일12:00 - 22:00_일12:00 - 22:00_일12:00 - 22:00_일_12:00 - 22:00_월16:00 - 24:00_월16:00 - 24:00_월16:00 - 24:00_월_16:00 - 24:00_화16:00 - 24:00_화16:00 - 24:00_화16:00 - 24:00_화_16:00 - 24:00_수16:00 - 24:00접기_수16:00 - 24:00접기_수16:00 - 24:00_수_16:00 - 24:00_접기_접기,별점없음,0,0,https://search.pstatic.net/common/?autoRotate=true&type=w560_sharpen&src=https%3A%2F%2Fldb-phinf.pstatic.net%2F20240819_17%2F1724040894363VfDwE_PNG%2F001.png,콜키지 가능유료_단체 이용 가능_무선 인터넷_남/녀 화장실 구분_유아의자_예약_포장,주차가능무료
짭쪼롬 본점,1588636145,"카페,디저트",도로명전북 전주시 완산구 척동9길 8-1 푸르지오 상가 1층복사지번전북 전주시 완산구 효자동3가 1625-5복사우편번호우편번호54961복사안내 레이어 닫기,070-7585-9603,영업 전12:00에 영업 시작12시 0분에 영업 시작_영업 전12:00에 영업 시작12시 0분에 영업 시작_영업 전12:00에 영업 시작12시 0분에 영업 시작_영업 전_12:00에 영업 시작12시 0분에 영업 시작_12:00에 영업 시작_12시 0분에 영업 시작_목12:00 - 20:00_목12:00 - 20:00_목12:00 - 20:00_목_12:00 - 20:00_금12:00 - 20:00_금12:00 - 20:00_금12:00 - 20:00_금_12:00 - 20:00_토12:00 - 20:00_토12:00 - 20:00_토12:00 - 20:00_토_12:00 - 20:00_일12:00 - 20:00_일12:00 - 20:00_일12:00 - 20:00_일_12:00 - 20:00_월12:00 - 20:00_월12:00 - 20:00_월12:00 - 20:00_월_12:00 - 20:00_화정기휴무 (매주 화요일)_화정기휴무 (매주 화요일)_화정기휴무 (매주 화요일)_화_정기휴무 (매주 화요일)_정기휴무 (매주 화요일)_수12:00 - 20:00접기_수12:00 - 20:00접기_수12:00 - 20:00_수_12:00 - 20:00_접기_접기,별점없음,0,0,https://search.pstatic.net/common/?autoRotate=true&type=w560_sharpen&src=https%3A%2F%2Fldb-phinf.pstatic.net%2F20240313_214%2F1710334926106uGBTW_JPEG%2FIMG_1381.jpeg,포장_배달_예약_무선 인터넷_\반려동물 동반,주차가능무료
꾸꾸케이크,1253950233,케이크전문,도로명전북 전주시 완산구 황강서원4길 16-29 1층 꾸꾸케이크복사지번전북 전주시 완산구 효자동3가 1597-9복사우편번호우편번호54960복사안내 레이어 닫기,0507-1461-1098,영업 전10:00에 영업 시작10시 0분에 영업 시작_영업 전10:00에 영업 시작10시 0분에 영업 시작_영업 전10:00에 영업 시작10시 0분에 영업 시작_영업 전_10:00에 영업 시작10시 0분에 영업 시작_10:00에 영업 시작_10시 0분에 영업 시작_목10:00 - 19:00_목10:00 - 19:00_목10:00 - 19:00_목_10:00 - 19:00_금10:00 - 19:00_금10:00 - 19:00_금10:00 - 19:00_금_10:00 - 19:00_토10:00 - 17:00_토10:00 - 17:00_토10:00 - 17:00_토_10:00 - 17:00_일10:00 - 17:00_일10:00 - 17:00_일10:00 - 17:00_일_10:00 - 17:00_월정기휴무 (매주 월요일)_월정기휴무 (매주 월요일)_월정기휴무 (매주 월요일)_월_정기휴무 (매주 월요일)_정기휴무 (매주 월요일)_화정기휴무 (매주 화요일)_화정기휴무 (매주 화요일)_화정기휴무 (매주 화요일)_화_정기휴무 (매주 화요일)_정기휴무 (매주 화요일)_수10:00 - 19:00접기_수10:00 - 19:00접기_수10:00 - 19:00_수_10:00 - 19:00_접기_접기,별점없음,0,0,https://search.pstatic.net/common/?autoRotate=true&type=w560_sharpen&src=https%3A%2F%2Fldb-phinf.pstatic.net%2F20240207_214%2F1707316410864i5yL4_JPEG%2F1000013247.jpg,포장_배달_예약,주차가능무료
어시장 신시가지점,1318112774,생선회,도로명전북 전주시 완산구 홍산북로 75 102호복사지번전북 전주시 완산구 효자동3가 1530-8복사우편번호우편번호54969복사안내 레이어 닫기,0507-1365-1375,영업 종료17:00에 영업 시작17시 0분에 영업 시작_영업 종료17:00에 영업 시작17시 0분에 영업 시작_영업 종료17:00에 영업 시작17시 0분에 영업 시작_영업 종료_17:00에 영업 시작17시 0분에 영업 시작_17:00에 영업 시작_17시 0분에 영업 시작_목17:00 - 다음 날 01:0000:00 라스트오더_목17:00 - 다음 날 01:0000:00 라스트오더_목17:00 - 다음 날 01:0000:00 라스트오더_목_17:00 - 다음 날 01:0000:00 라스트오더_금17:00 - 다음 날 01:0000:00 라스트오더_금17:00 - 다음 날 01:0000:00 라스트오더_금17:00 - 다음 날 01:0000:00 라스트오더_금_17:00 - 다음 날 01:0000:00 라스트오더_토16:00 - 다음 날 01:0000:00 라스트오더_토16:00 - 다음 날 01:0000:00 라스트오더_토16:00 - 다음 날 01:0000:00 라스트오더_토_16:00 - 다음 날 01:0000:00 라스트오더_일16:00 - 다음 날 01:0000:00 라스트오더_일16:00 - 다음 날 01:0000:00 라스트오더_일16:00 - 다음 날 01:0000:00 라스트오더_일_16:00 - 다음 날 01:0000:00 라스트오더_월17:00 - 다음 날 01:0000:00 라스트오더_월17:00 - 다음 날 01:0000:00 라스트오더_월17:00 - 다음 날 01:0000:00 라스트오더_월_17:00 - 다음 날 01:0000:00 라스트오더_화17:00 - 다음 날 01:0000:00 라스트오더_화17:00 - 다음 날 01:0000:00 라스트오더_화17:00 - 다음 날 01:0000:00 라스트오더_화_17:00 - 다음 날 01:0000:00 라스트오더_수17:00 - 다음 날 01:0000:00 라스트오더접기_수17:00 - 다음 날 01:0000:00 라스트오더접기_수17:00 - 다음 날 01:0000:00 라스트오더_수_17:00 - 다음 날 01:0000:00 라스트오더_접기_접기,별점없음,0,0,https://search.pstatic.net/common/?autoRotate=true&type=w278_sharpen&src=https%3A%2F%2Fldb-phinf.pstatic.net%2F20260606_76%2F1780726706408dlI8S_JPEG%2FIMG_2061.jpg,콜키지 가능무료_포장_배달_단체 이용 가능_남/녀 화장실 구분_무선 인터넷_예약_방문접수/출장_노키즈존,주차가능무료
영등동골목길,1802806758,"스파게티,파스타전문",도로명전북 전주시 완산구 마전3길 2 1층복사지번전북 전주시 완산구 효자동3가 1630-4복사우편번호우편번호54962복사안내 레이어 닫기,0507-1328-5904,"영업 전11:30에 영업 시작11시 30분에 영업 시작_영업 전11:30에 영업 시작11시 30분에 영업 시작_영업 전11:30에 영업 시작11시 30분에 영업 시작_영업 전_11:30에 영업 시작11시 30분에 영업 시작_11:30에 영업 시작_11시 30분에 영업 시작_목11:30 - 22:0015:00 - 17:00 브레이크타임20:30 라스트오더_목11:30 - 22:0015:00 - 17:00 브레이크타임20:30 라스트오더_목11:30 - 22:0015:00 - 17:00 브레이크타임20:30 라스트오더_목_11:30 - 22:0015:00 - 17:00 브레이크타임20:30 라스트오더_금11:30 - 22:0015:00 - 17:00 브레이크타임20:30 라스트오더_금11:30 - 22:0015:00 - 17:00 브레이크타임20:30 라스트오더_금11:30 - 22:0015:00 - 17:00 브레이크타임20:30 라스트오더_금_11:30 - 22:0015:00 - 17:00 브레이크타임20:30 라스트오더_토11:30 - 22:0015:00 - 17:00 브레이크타임20:30 라스트오더_토11:30 - 22:0015:00 - 17:00 브레이크타임20:30 라스트오더_토11:30 - 22:0015:00 - 17:00 브레이크타임20:30 라스트오더_토_11:30 - 22:0015:00 - 17:00 브레이크타임20:30 라스트오더_일11:30 - 22:0015:00 - 17:00 브레이크타임20:30 라스트오더_일11:30 - 22:0015:00 - 17:00 브레이크타임20:30 라스트오더_일11:30 - 22:0015:00 - 17:00 브레이크타임20:30 라스트오더_일_11:30 - 22:0015:00 - 17:00 브레이크타임20:30 라스트오더_월11:30 - 22:0015:00 - 17:00 브레이크타임20:30 라스트오더_월11:30 - 22:0015:00 - 17:00 브레이크타임20:30 라스트오더_월11:30 - 22:0015:00 - 17:00 브레이크타임20:30 라스트오더_월_11:30 - 22:0015:00 - 17:00 브레이크타임20:30 라스트오더_화11:30 - 22:0015:00 - 17:00 브레이크타임20:30 라스트오더_화11:30 - 22:0015:00 - 17:00 브레이크타임20:30 라스트오더_화11:30 - 22:0015:00 - 17:00 브레이크타임20:30 라스트오더_화_11:30 - 22:0015:00 - 17:00 브레이크타임20:30 라스트오더_수11:30 - 22:0015:00 - 17:00 브레이크타임20:30 라스트오더_수11:30 - 22:0015:00 - 17:00 브레이크타임20:30 라스트오더_수11:30 - 22:0015:00 - 17:00 브레이크타임20:30 라스트오더_수_11:30 - 22:0015:00 - 17:00 브레이크타임20:30 라스트오더_- 점심 라스트오더 14시30분, 재료소진시 조기 주문마감접기_- 점심 라스트오더 14시30분, 재료소진시 조기 주문마감접기_- 점심 라스트오더 14시30분, 재료소진시 조기 주문마감_- 점심 라스트오더 14시30분, 재료소진시 조기 주문마감_접기_접기",별점없음,0,0,https://search.pstatic.net/common/?autoRotate=true&type=w560_sharpen&src=https%3A%2F%2Fldb-phinf.pstatic.net%2F20260605_275%2F1780619989516wtxPL_JPEG%2F%25BF%25B5%25B5%25EE%25B5%25BF1.jpg,편의시설 정보 없음,주차가능무료
세이토,1286344014,"우동,소바",도로명전북 전주시 완산구 마전중앙로 13 1층 세이토복사지번전북 전주시 완산구 효자동3가 1633-4복사우편번호우편번호54962복사안내 레이어 닫기,0507-1354-4322,영업 전11:00에 영업 시작11시 0분에 영업 시작_영업 전11:00에 영업 시작11시 0분에 영업 시작_영업 전11:00에 영업 시작11시 0분에 영업 시작_영업 전_11:00에 영업 시작11시 0분에 영업 시작_11:00에 영업 시작_11시 0분에 영업 시작_목11:00 - 21:0014:30 - 17:30 브레이크타임20:00 라스트오더_목11:00 - 21:0014:30 - 17:30 브레이크타임20:00 라스트오더_목11:00 - 21:0014:30 - 17:30 브레이크타임20:00 라스트오더_목_11:00 - 21:0014:30 - 17:30 브레이크타임20:00 라스트오더_금11:00 - 21:0014:30 - 17:30 브레이크타임20:00 라스트오더_금11:00 - 21:0014:30 - 17:30 브레이크타임20:00 라스트오더_금11:00 - 21:0014:30 - 17:30 브레이크타임20:00 라스트오더_금_11:00 - 21:0014:30 - 17:30 브레이크타임20:00 라스트오더_토11:00 - 21:0014:30 - 17:30 브레이크타임20:00 라스트오더_토11:00 - 21:0014:30 - 17:30 브레이크타임20:00 라스트오더_토11:00 - 21:0014:30 - 17:30 브레이크타임20:00 라스트오더_토_11:00 - 21:0014:30 - 17:30 브레이크타임20:00 라스트오더_일11:00 - 21:0014:30 - 17:30 브레이크타임20:00 라스트오더_일11:00 - 21:0014:30 - 17:30 브레이크타임20:00 라스트오더_일11:00 - 21:0014:30 - 17:30 브레이크타임20:00 라스트오더_일_11:00 - 21:0014:30 - 17:30 브레이크타임20:00 라스트오더_월11:00 - 21:0014:30 - 17:30 브레이크타임20:00 라스트오더_월11:00 - 21:0014:30 - 17:30 브레이크타임20:00 라스트오더_월11:00 - 21:0014:30 - 17:30 브레이크타임20:00 라스트오더_월_11:00 - 21:0014:30 - 17:30 브레이크타임20:00 라스트오더_화정기휴무 (매주 화요일)_화정기휴무 (매주 화요일)_화정기휴무 (매주 화요일)_화_정기휴무 (매주 화요일)_정기휴무 (매주 화요일)_수정기휴무 (매주 수요일)접기_수정기휴무 (매주 수요일)접기_수정기휴무 (매주 수요일)_수_정기휴무 (매주 수요일)_정기휴무 (매주 수요일)_접기_접기,별점4.59,0,0,https://search.pstatic.net/common/?autoRotate=true&type=w560_sharpen&src=https%3A%2F%2Fldb-phinf.pstatic.net%2F20240310_288%2F1710048148522SP2cP_JPEG%2F%25B8%25B6%25C1%25A6%25BF%25EC%25B5%25BF.jpg,무선 인터넷_남/녀 화장실 구분_포장_배달,주차가능무료
카메짱,1172946342,일식당,도로명전북 전주시 완산구 홍산북로 69-6 1층 카메짱복사지번전북 전주시 완산구 효자동3가 1530-1복사우편번호우편번호54969복사안내 레이어 닫기,0507-1415-1274,영업 종료17:00에 영업 시작17시 0분에 영업 시작_영업 종료17:00에 영업 시작17시 0분에 영업 시작_영업 종료17:00에 영업 시작17시 0분에 영업 시작_영업 종료_17:00에 영업 시작17시 0분에 영업 시작_17:00에 영업 시작_17시 0분에 영업 시작_목17:00 - 다음 날 03:00_목17:00 - 다음 날 03:00_목17:00 - 다음 날 03:00_목_17:00 - 다음 날 03:00_금17:00 - 다음 날 04:00_금17:00 - 다음 날 04:00_금17:00 - 다음 날 04:00_금_17:00 - 다음 날 04:00_토17:00 - 다음 날 04:00_토17:00 - 다음 날 04:00_토17:00 - 다음 날 04:00_토_17:00 - 다음 날 04:00_일17:00 - 다음 날 03:00_일17:00 - 다음 날 03:00_일17:00 - 다음 날 03:00_일_17:00 - 다음 날 03:00_월17:00 - 다음 날 03:00_월17:00 - 다음 날 03:00_월17:00 - 다음 날 03:00_월_17:00 - 다음 날 03:00_화17:00 - 다음 날 03:00_화17:00 - 다음 날 03:00_화17:00 - 다음 날 03:00_화_17:00 - 다음 날 03:00_수17:00 - 다음 날 03:00접기_수17:00 - 다음 날 03:00접기_수17:00 - 다음 날 03:00_수_17:00 - 다음 날 03:00_접기_접기,별점4.36,0,0,https://search.pstatic.net/common/?autoRotate=true&type=w560_sharpen&src=https%3A%2F%2Fldb-phinf.pstatic.net%2F20231215_58%2F1702648992917SQVt5_JPEG%2FIMG_4087.jpeg,무선 인터넷_남/녀 화장실 구분_\반려동물 동반_단체 이용 가능,주차가능무료
미즈미즈시이 본점,1449266513,이자카야,도로명전북 전주시 완산구 홍산북로 46-23 101호 미즈미즈시이 본점복사지번전북 전주시 완산구 효자동3가 1533-2복사우편번호우편번호54969복사안내 레이어 닫기,0507-1430-7602,영업 종료18:00에 영업 시작18시 0분에 영업 시작_영업 종료18:00에 영업 시작18시 0분에 영업 시작_영업 종료18:00에 영업 시작18시 0분에 영업 시작_영업 종료_18:00에 영업 시작18시 0분에 영업 시작_18:00에 영업 시작_18시 0분에 영업 시작_목18:00 - 다음 날 02:0000:30 라스트오더_목18:00 - 다음 날 02:0000:30 라스트오더_목18:00 - 다음 날 02:0000:30 라스트오더_목_18:00 - 다음 날 02:0000:30 라스트오더_금18:00 - 다음 날 02:0000:30 라스트오더_금18:00 - 다음 날 02:0000:30 라스트오더_금18:00 - 다음 날 02:0000:30 라스트오더_금_18:00 - 다음 날 02:0000:30 라스트오더_토18:00 - 다음 날 02:0000:30 라스트오더_토18:00 - 다음 날 02:0000:30 라스트오더_토18:00 - 다음 날 02:0000:30 라스트오더_토_18:00 - 다음 날 02:0000:30 라스트오더_일정기휴무 (매주 일요일)_일정기휴무 (매주 일요일)_일정기휴무 (매주 일요일)_일_정기휴무 (매주 일요일)_정기휴무 (매주 일요일)_월18:00 - 다음 날 02:0000:30 라스트오더_월18:00 - 다음 날 02:0000:30 라스트오더_월18:00 - 다음 날 02:0000:30 라스트오더_월_18:00 - 다음 날 02:0000:30 라스트오더_화18:00 - 다음 날 02:0000:30 라스트오더_화18:00 - 다음 날 02:0000:30 라스트오더_화18:00 - 다음 날 02:0000:30 라스트오더_화_18:00 - 다음 날 02:0000:30 라스트오더_수18:00 - 다음 날 02:0000:30 라스트오더_수18:00 - 다음 날 02:0000:30 라스트오더_수18:00 - 다음 날 02:0000:30 라스트오더_수_18:00 - 다음 날 02:0000:30 라스트오더_- (〃´𓎟`〃) 감사합니다 !접기_- (〃´𓎟`〃) 감사합니다 !접기_- (〃´𓎟`〃) 감사합니다 !_- (〃´𓎟`〃) 감사합니다 !_접기_접기,별점없음,0,0,https://search.pstatic.net/common/?autoRotate=true&type=w278_sharpen&src=https%3A%2F%2Fldb-phinf.pstatic.net%2F20260404_38%2F1775249320592eNSi4_JPEG%2FIMG_7488.jpeg,콜키지 가능무료_콜키지 가능유료_예약_남/녀 화장실 구분_단체 이용 가능_무선 인터넷_\반려동물 동반_대기공간,주차가능무료
올드스터프,1862064342,"카페,디저트",도로명전북 전주시 완산구 마전중앙로 4 jc빌딩 1층 올드스터프복사지번전북 전주시 완산구 효자동3가 1643-1복사우편번호우편번호54962복사안내 레이어 닫기,0507-1377-4511,영업 전09:00에 영업 시작9시 0분에 영업 시작_영업 전09:00에 영업 시작9시 0분에 영업 시작_영업 전09:00에 영업 시작9시 0분에 영업 시작_영업 전_09:00에 영업 시작9시 0분에 영업 시작_09:00에 영업 시작_9시 0분에 영업 시작_목09:00 - 22:0021:30 라스트오더_목09:00 - 22:0021:30 라스트오더_목09:00 - 22:0021:30 라스트오더_목_09:00 - 22:0021:30 라스트오더_금09:00 - 22:0021:30 라스트오더_금09:00 - 22:0021:30 라스트오더_금09:00 - 22:0021:30 라스트오더_금_09:00 - 22:0021:30 라스트오더_토09:00 - 22:0021:30 라스트오더_토09:00 - 22:0021:30 라스트오더_토09:00 - 22:0021:30 라스트오더_토_09:00 - 22:0021:30 라스트오더_일09:00 - 22:0021:30 라스트오더_일09:00 - 22:0021:30 라스트오더_일09:00 - 22:0021:30 라스트오더_일_09:00 - 22:0021:30 라스트오더_월09:00 - 22:0021:30 라스트오더_월09:00 - 22:0021:30 라스트오더_월09:00 - 22:0021:30 라스트오더_월_09:00 - 22:0021:30 라스트오더_화09:00 - 22:0021:30 라스트오더_화09:00 - 22:0021:30 라스트오더_화09:00 - 22:0021:30 라스트오더_화_09:00 - 22:0021:30 라스트오더_수09:00 - 22:0021:30 라스트오더_수09:00 - 22:0021:30 라스트오더_수09:00 - 22:0021:30 라스트오더_수_09:00 - 22:0021:30 라스트오더_- 연중 무휴 오전 9시~ 오후 22시 까지 운영합니다.접기_- 연중 무휴 오전 9시~ 오후 22시 까지 운영합니다.접기_- 연중 무휴 오전 9시~ 오후 22시 까지 운영합니다._- 연중 무휴 오전 9시~ 오후 22시 까지 운영합니다._접기_접기,별점4.46,0,0,https://search.pstatic.net/common/?autoRotate=true&type=w560_sharpen&src=https%3A%2F%2Fldb-phinf.pstatic.net%2F20210827_220%2F1630037379992sLled_JPEG%2FMkdC7srU3kQpXQzc0FRl6tLE.jpeg.jpg,유기농 메뉴_로스터리_핸드드립_비건 메뉴_단체 이용 가능_포장_남/녀 화장실 구분_무선 인터넷_배달_대기공간_예약_화장실 휠체어 이용가능_출입구 휠체어 이용가능_좌석 휠체어 이용가능_장애인 주차구역,주차가능무료
신포우리만두 신시가지점,33831528,분식,도로명전북 전주시 완산구 우전로 250복사지번전북 전주시 완산구 효자동2가 1234-1복사우편번호우편번호54966복사안내 레이어 닫기,063-222-7796,영업 전10:30에 영업 시작10시 30분에 영업 시작_영업 전10:30에 영업 시작10시 30분에 영업 시작_영업 전10:30에 영업 시작10시 30분에 영업 시작_영업 전_10:30에 영업 시작10시 30분에 영업 시작_10:30에 영업 시작_10시 30분에 영업 시작_목10:30 - 20:5015:30 - 16:30 브레이크타임20:30 라스트오더_목10:30 - 20:5015:30 - 16:30 브레이크타임20:30 라스트오더_목10:30 - 20:5015:30 - 16:30 브레이크타임20:30 라스트오더_목_10:30 - 20:5015:30 - 16:30 브레이크타임20:30 라스트오더_금10:30 - 20:5015:30 - 16:30 브레이크타임20:30 라스트오더_금10:30 - 20:5015:30 - 16:30 브레이크타임20:30 라스트오더_금10:30 - 20:5015:30 - 16:30 브레이크타임20:30 라스트오더_금_10:30 - 20:5015:30 - 16:30 브레이크타임20:30 라스트오더_토10:30 - 20:5020:30 라스트오더_토10:30 - 20:5020:30 라스트오더_토10:30 - 20:5020:30 라스트오더_토_10:30 - 20:5020:30 라스트오더_일10:30 - 20:5020:30 라스트오더_일10:30 - 20:5020:30 라스트오더_일10:30 - 20:5020:30 라스트오더_일_10:30 - 20:5020:30 라스트오더_월10:30 - 20:5015:30 - 16:30 브레이크타임20:30 라스트오더_월10:30 - 20:5015:30 - 16:30 브레이크타임20:30 라스트오더_월10:30 - 20:5015:30 - 16:30 브레이크타임20:30 라스트오더_월_10:30 - 20:5015:30 - 16:30 브레이크타임20:30 라스트오더_화10:30 - 20:5015:30 - 16:30 브레이크타임20:30 라스트오더_화10:30 - 20:5015:30 - 16:30 브레이크타임20:30 라스트오더_화10:30 - 20:5015:30 - 16:30 브레이크타임20:30 라스트오더_화_10:30 - 20:5015:30 - 16:30 브레이크타임20:30 라스트오더_수10:30 - 20:5015:30 - 16:30 브레이크타임20:30 라스트오더_수10:30 - 20:5015:30 - 16:30 브레이크타임20:30 라스트오더_수10:30 - 20:5015:30 - 16:30 브레이크타임20:30 라스트오더_수_10:30 - 20:5015:30 - 16:30 브레이크타임20:30 라스트오더_- 주말 법정공휴일에는 브레이크타임 없이 운영 합니다접기_- 주말 법정공휴일에는 브레이크타임 없이 운영 합니다접기_- 주말 법정공휴일에는 브레이크타임 없이 운영 합니다_- 주말 법정공휴일에는 브레이크타임 없이 운영 합니다_접기_접기,별점없음,0,0,https://search.pstatic.net/common/?autoRotate=true&type=w560_sharpen&src=https%3A%2F%2Fldb-phinf.pstatic.net%2F20250719_64%2F1752917351855hqByk_JPEG%2FKakaoTalk_20250719_172434489.jpg,포장_배달_예약_출입구 휠체어 이용가능_좌석 휠체어 이용가능_장애인 주차구역,주차가능무료
헤비커피,1750340748,"카페,디저트",도로명전북 전주시 완산구 문학로 35 1층 101호 헤비커피복사지번전북 전주시 완산구 효자동3가 1599-10복사우편번호우편번호54960복사안내 레이어 닫기,0507-1398-5306,곧 영업 시작08:00에 영업 시작8시 0분에 영업 시작_곧 영업 시작08:00에 영업 시작8시 0분에 영업 시작_곧 영업 시작08:00에 영업 시작8시 0분에 영업 시작_곧 영업 시작_08:00에 영업 시작8시 0분에 영업 시작_08:00에 영업 시작_8시 0분에 영업 시작_목08:00 - 18:00_목08:00 - 18:00_목08:00 - 18:00_목_08:00 - 18:00_금08:00 - 18:00_금08:00 - 18:00_금08:00 - 18:00_금_08:00 - 18:00_토10:00 - 18:00_토10:00 - 18:00_토10:00 - 18:00_토_10:00 - 18:00_일정기휴무 (매주 일요일)_일정기휴무 (매주 일요일)_일정기휴무 (매주 일요일)_일_정기휴무 (매주 일요일)_정기휴무 (매주 일요일)_월08:00 - 18:00_월08:00 - 18:00_월08:00 - 18:00_월_08:00 - 18:00_화08:00 - 18:00_화08:00 - 18:00_화08:00 - 18:00_화_08:00 - 18:00_수08:00 - 18:00_수08:00 - 18:00_수08:00 - 18:00_수_08:00 - 18:00_- .접기_- .접기_- ._- ._접기_접기,별점없음,0,0,https://search.pstatic.net/common/?autoRotate=true&type=w560_sharpen&src=https%3A%2F%2Fldb-phinf.pstatic.net%2F20250825_126%2F1756099553724pkBKo_PNG%2FIMG_2221.png,핸드드립_포장_\반려동물 동반_무선 인터넷,주차가능무료
시선 전주신시가지점,1373343700,이자카야,도로명전북 전주시 완산구 홍산중앙로 37 1층복사지번전북 전주시 완산구 효자동3가 1535-3복사우편번호우편번호54969복사안내 레이어 닫기,0507-1318-3280,영업 종료17:00에 영업 시작17시 0분에 영업 시작_영업 종료17:00에 영업 시작17시 0분에 영업 시작_영업 종료17:00에 영업 시작17시 0분에 영업 시작_영업 종료_17:00에 영업 시작17시 0분에 영업 시작_17:00에 영업 시작_17시 0분에 영업 시작_목17:00 - 다음 날 07:00_목17:00 - 다음 날 07:00_목17:00 - 다음 날 07:00_목_17:00 - 다음 날 07:00_금17:00 - 다음 날 08:00_금17:00 - 다음 날 08:00_금17:00 - 다음 날 08:00_금_17:00 - 다음 날 08:00_토17:00 - 다음 날 08:00_토17:00 - 다음 날 08:00_토17:00 - 다음 날 08:00_토_17:00 - 다음 날 08:00_일17:00 - 다음 날 07:00_일17:00 - 다음 날 07:00_일17:00 - 다음 날 07:00_일_17:00 - 다음 날 07:00_월17:00 - 다음 날 07:00_월17:00 - 다음 날 07:00_월17:00 - 다음 날 07:00_월_17:00 - 다음 날 07:00_화17:00 - 다음 날 07:00_화17:00 - 다음 날 07:00_화17:00 - 다음 날 07:00_화_17:00 - 다음 날 07:00_수17:00 - 다음 날 07:00접기_수17:00 - 다음 날 07:00접기_수17:00 - 다음 날 07:00_수_17:00 - 다음 날 07:00_접기_접기,별점없음,0,0,https://search.pstatic.net/common/?autoRotate=true&type=w560_sharpen&src=https%3A%2F%2Fldb-phinf.pstatic.net%2F20240419_114%2F1713491698708akV98_PNG%2FKakaoTalk_20240418_104334629.png,편의시설 정보 없음,주차가능무료
카페 화현,2024899642,"카페,디저트",도로명전북 전주시 완산구 석산1길 16 1층 카페 화현복사지번전북 전주시 완산구 효자동3가 1698-11복사우편번호우편번호54963복사안내 레이어 닫기,0507-1334-9826,영업 전09:00에 영업 시작9시 0분에 영업 시작_영업 전09:00에 영업 시작9시 0분에 영업 시작_영업 전09:00에 영업 시작9시 0분에 영업 시작_영업 전_09:00에 영업 시작9시 0분에 영업 시작_09:00에 영업 시작_9시 0분에 영업 시작_목09:00 - 21:0020:30 라스트오더_목09:00 - 21:0020:30 라스트오더_목09:00 - 21:0020:30 라스트오더_목_09:00 - 21:0020:30 라스트오더_금09:00 - 21:0020:30 라스트오더_금09:00 - 21:0020:30 라스트오더_금09:00 - 21:0020:30 라스트오더_금_09:00 - 21:0020:30 라스트오더_토11:00 - 21:0020:30 라스트오더_토11:00 - 21:0020:30 라스트오더_토11:00 - 21:0020:30 라스트오더_토_11:00 - 21:0020:30 라스트오더_일정기휴무 (매주 일요일)_일정기휴무 (매주 일요일)_일정기휴무 (매주 일요일)_일_정기휴무 (매주 일요일)_정기휴무 (매주 일요일)_월09:00 - 21:0020:30 라스트오더_월09:00 - 21:0020:30 라스트오더_월09:00 - 21:0020:30 라스트오더_월_09:00 - 21:0020:30 라스트오더_화09:00 - 21:0020:30 라스트오더_화09:00 - 21:0020:30 라스트오더_화09:00 - 21:0020:30 라스트오더_화_09:00 - 21:0020:30 라스트오더_수09:00 - 21:0020:30 라스트오더_수09:00 - 21:0020:30 라스트오더_수09:00 - 21:0020:30 라스트오더_수_09:00 - 21:0020:30 라스트오더_- 포장은 라스트오더 이후도 가능합니다! (전화 문의)접기_- 포장은 라스트오더 이후도 가능합니다! (전화 문의)접기_- 포장은 라스트오더 이후도 가능합니다! (전화 문의)_- 포장은 라스트오더 이후도 가능합니다! (전화 문의)_접기_접기,별점없음,0,0,https://search.pstatic.net/common/?autoRotate=true&type=w560_sharpen&src=https%3A%2F%2Fldb-phinf.pstatic.net%2F20250715_138%2F17525655572117CVQw_JPEG%2FIMG_8616.jpeg,테이크아웃 할인_단체 이용 가능_포장_무선 인터넷_예약_남/녀 화장실 구분_대기공간_배달_출입구 휠체어 이용가능_좌석 휠체어 이용가능_장애인 주차구역,주차가능무료
사계 전주본점,1674437430,이자카야,도로명전북 전주시 완산구 홍산북로 20 102호복사지번전북 전주시 완산구 효자동2가 1236-1복사우편번호우편번호54966복사안내 레이어 닫기,0507-1485-3017,영업 종료16:00에 영업 시작16시 0분에 영업 시작_영업 종료16:00에 영업 시작16시 0분에 영업 시작_영업 종료16:00에 영업 시작16시 0분에 영업 시작_영업 종료_16:00에 영업 시작16시 0분에 영업 시작_16:00에 영업 시작_16시 0분에 영업 시작_목16:00 - 24:0023:30 라스트오더_목16:00 - 24:0023:30 라스트오더_목16:00 - 24:0023:30 라스트오더_목_16:00 - 24:0023:30 라스트오더_금16:00 - 24:0023:30 라스트오더_금16:00 - 24:0023:30 라스트오더_금16:00 - 24:0023:30 라스트오더_금_16:00 - 24:0023:30 라스트오더_토16:00 - 24:0023:30 라스트오더_토16:00 - 24:0023:30 라스트오더_토16:00 - 24:0023:30 라스트오더_토_16:00 - 24:0023:30 라스트오더_일정기휴무 (매주 일요일)_일정기휴무 (매주 일요일)_일정기휴무 (매주 일요일)_일_정기휴무 (매주 일요일)_정기휴무 (매주 일요일)_월16:00 - 24:0023:30 라스트오더_월16:00 - 24:0023:30 라스트오더_월16:00 - 24:0023:30 라스트오더_월_16:00 - 24:0023:30 라스트오더_화16:00 - 24:0023:30 라스트오더_화16:00 - 24:0023:30 라스트오더_화16:00 - 24:0023:30 라스트오더_화_16:00 - 24:0023:30 라스트오더_수16:00 - 24:0023:30 라스트오더_수16:00 - 24:0023:30 라스트오더_수16:00 - 24:0023:30 라스트오더_수_16:00 - 24:0023:30 라스트오더_- 변경시 사전공지 예정접기_- 변경시 사전공지 예정접기_- 변경시 사전공지 예정_- 변경시 사전공지 예정_접기_접기,별점없음,0,0,https://search.pstatic.net/common/?autoRotate=true&type=w278_sharpen&src=https%3A%2F%2Fldb-phinf.pstatic.net%2F20240205_136%2F1707118325384htbMQ_JPEG%2F%25C7%25C3%25B7%25B9%25C0%25CC%25BD%25BA_%25281%2529.jpg,콜키지 가능유료_단체 이용 가능_예약_무선 인터넷_포장_배달_남/녀 화장실 구분_출입구 휠체어 이용가능_좌석 휠체어 이용가능,주차가능무료
빙수당 전북도청점,1807740420,빙수,도로명전북 전주시 완산구 홍산남로 60 1층 102호복사지번전북 전주시 완산구 효자동2가 1155-6복사우편번호우편번호54969복사안내 레이어 닫기,0507-1439-3222,영업 전11:30에 영업 시작11시 30분에 영업 시작_영업 전11:30에 영업 시작11시 30분에 영업 시작_영업 전11:30에 영업 시작11시 30분에 영업 시작_영업 전_11:30에 영업 시작11시 30분에 영업 시작_11:30에 영업 시작_11시 30분에 영업 시작_목11:30 - 다음 날 01:00_목11:30 - 다음 날 01:00_목11:30 - 다음 날 01:00_목_11:30 - 다음 날 01:00_금11:30 - 다음 날 01:00_금11:30 - 다음 날 01:00_금11:30 - 다음 날 01:00_금_11:30 - 다음 날 01:00_토11:30 - 다음 날 01:00_토11:30 - 다음 날 01:00_토11:30 - 다음 날 01:00_토_11:30 - 다음 날 01:00_일11:30 - 다음 날 01:00_일11:30 - 다음 날 01:00_일11:30 - 다음 날 01:00_일_11:30 - 다음 날 01:00_월11:30 - 24:00_월11:30 - 24:00_월11:30 - 24:00_월_11:30 - 24:00_화11:30 - 24:00_화11:30 - 24:00_화11:30 - 24:00_화_11:30 - 24:00_수11:30 - 24:00접기_수11:30 - 24:00접기_수11:30 - 24:00_수_11:30 - 24:00_접기_접기,별점없음,0,0,https://search.pstatic.net/common/?autoRotate=true&type=w560_sharpen&src=https%3A%2F%2Fldb-phinf.pstatic.net%2F20260402_131%2F1775101701559byKq7_PNG%2FKakaoTalk_20260402_095226380.png,단체 이용 가능_포장_배달_무선 인터넷_출입구 휠체어 이용가능,주차가능무료
삼백휴게실 신시가지점,2091066633,술집,"도로명전북 전주시 완산구 홍산중앙로 38 1층 102호, 103호복사지번전북 전주시 완산구 효자동3가 1536-3복사우편번호우편번호54969복사안내 레이어 닫기",0507-1385-3524,곧 영업 종료다음 날 08:00에 영업 종료다음 날 8시 0분에 영업 종료_곧 영업 종료다음 날 08:00에 영업 종료다음 날 8시 0분에 영업 종료_곧 영업 종료다음 날 08:00에 영업 종료다음 날 8시 0분에 영업 종료_곧 영업 종료_다음 날 08:00에 영업 종료다음 날 8시 0분에 영업 종료_다음 날 08:00에 영업 종료_다음 날 8시 0분에 영업 종료_매일17:00 - 다음 날 08:00접기_매일17:00 - 다음 날 08:00접기_매일17:00 - 다음 날 08:00_매일_17:00 - 다음 날 08:00_접기_접기,별점없음,0,0,https://search.pstatic.net/common/?autoRotate=true&type=w560_sharpen&src=https%3A%2F%2Fldb-phinf.pstatic.net%2F20260118_18%2F1768682851959v81Dm_JPEG%2FIMG_5360.jpeg,편의시설 정보 없음,주차가능무료
초밥에덴 도청점,2070133768,"초밥,롤","도로명전북 전주시 완산구 효자로 194 1동 103호, 105호복사지번전북 전주시 완산구 효자동3가 1525-1복사우편번호우편번호54969복사안내 레이어 닫기",0507-1347-7826,영업 전11:00에 영업 시작11시 0분에 영업 시작_영업 전11:00에 영업 시작11시 0분에 영업 시작_영업 전11:00에 영업 시작11시 0분에 영업 시작_영업 전_11:00에 영업 시작11시 0분에 영업 시작_11:00에 영업 시작_11시 0분에 영업 시작_매일11:00 - 22:0021:30 라스트오더접기_매일11:00 - 22:0021:30 라스트오더접기_매일11:00 - 22:0021:30 라스트오더_매일_11:00 - 22:0021:30 라스트오더_접기_접기,별점없음,0,0,https://search.pstatic.net/common/?autoRotate=true&type=w560_sharpen&src=https%3A%2F%2Fldb-phinf.pstatic.net%2F20260428_203%2F1777360866440S3xOu_JPEG%2F%25C1%25D6%25C2%25F7%25C0%25E52.jpg,비건 메뉴_대기공간_배달_남/녀 화장실 구분_유아의자_포장_예약_무선 인터넷_단체 이용 가능_화장실 휠체어 이용가능_출입구 휠체어 이용가능_좌석 휠체어 이용가능_장애인 주차구역,주차가능무료
은우정육식당,1978054842,정육식당,도로명전북 전주시 완산구 홍산중앙로 13 돌핀빌딩 104호복사지번전북 전주시 완산구 효자동2가 1155-10복사우편번호우편번호54969복사안내 레이어 닫기,0507-1498-8200,영업 전11:30에 영업 시작11시 30분에 영업 시작_영업 전11:30에 영업 시작11시 30분에 영업 시작_영업 전11:30에 영업 시작11시 30분에 영업 시작_영업 전_11:30에 영업 시작11시 30분에 영업 시작_11:30에 영업 시작_11시 30분에 영업 시작_목11:30 - 22:0014:00 - 16:00 브레이크타임21:10 라스트오더_목11:30 - 22:0014:00 - 16:00 브레이크타임21:10 라스트오더_목11:30 - 22:0014:00 - 16:00 브레이크타임21:10 라스트오더_목_11:30 - 22:0014:00 - 16:00 브레이크타임21:10 라스트오더_금11:30 - 22:0014:00 - 16:00 브레이크타임21:10 라스트오더_금11:30 - 22:0014:00 - 16:00 브레이크타임21:10 라스트오더_금11:30 - 22:0014:00 - 16:00 브레이크타임21:10 라스트오더_금_11:30 - 22:0014:00 - 16:00 브레이크타임21:10 라스트오더_토12:00 - 22:0014:00 - 17:00 브레이크타임21:10 라스트오더_토12:00 - 22:0014:00 - 17:00 브레이크타임21:10 라스트오더_토12:00 - 22:0014:00 - 17:00 브레이크타임21:10 라스트오더_토_12:00 - 22:0014:00 - 17:00 브레이크타임21:10 라스트오더_일12:00 - 21:0014:00 - 16:00 브레이크타임20:10 라스트오더_일12:00 - 21:0014:00 - 16:00 브레이크타임20:10 라스트오더_일12:00 - 21:0014:00 - 16:00 브레이크타임20:10 라스트오더_일_12:00 - 21:0014:00 - 16:00 브레이크타임20:10 라스트오더_월11:30 - 22:0014:00 - 16:00 브레이크타임21:10 라스트오더_월11:30 - 22:0014:00 - 16:00 브레이크타임21:10 라스트오더_월11:30 - 22:0014:00 - 16:00 브레이크타임21:10 라스트오더_월_11:30 - 22:0014:00 - 16:00 브레이크타임21:10 라스트오더_화11:30 - 22:0014:00 - 16:00 브레이크타임21:10 라스트오더_화11:30 - 22:0014:00 - 16:00 브레이크타임21:10 라스트오더_화11:30 - 22:0014:00 - 16:00 브레이크타임21:10 라스트오더_화_11:30 - 22:0014:00 - 16:00 브레이크타임21:10 라스트오더_수11:30 - 22:0014:00 - 16:00 브레이크타임21:10 라스트오더접기_수11:30 - 22:0014:00 - 16:00 브레이크타임21:10 라스트오더접기_수11:30 - 22:0014:00 - 16:00 브레이크타임21:10 라스트오더_수_11:30 - 22:0014:00 - 16:00 브레이크타임21:10 라스트오더_접기_접기,별점없음,0,0,https://search.pstatic.net/common/?autoRotate=true&type=w560_sharpen&src=https%3A%2F%2Fldb-phinf.pstatic.net%2F20250827_112%2F1756284685116knS0M_JPEG%2FKakaoTalk_20250519_160753161_17.jpg,콜키지 가능무료_단체 이용 가능_포장_유아의자_예약_무선 인터넷_출입구 휠체어 이용가능,주차가능무료
화산생곱창,34836952,"곱창,막창,양",도로명전북 전주시 완산구 홍산북로 53복사지번전북 전주시 완산구 효자동3가 1529-12복사우편번호우편번호54969복사안내 레이어 닫기,063-231-8844,영업 종료16:30에 영업 시작16시 30분에 영업 시작_영업 종료16:30에 영업 시작16시 30분에 영업 시작_영업 종료16:30에 영업 시작16시 30분에 영업 시작_영업 종료_16:30에 영업 시작16시 30분에 영업 시작_16:30에 영업 시작_16시 30분에 영업 시작_매일16:30 - 다음 날 03:30접기_매일16:30 - 다음 날 03:30접기_매일16:30 - 다음 날 03:30_매일_16:30 - 다음 날 03:30_접기_접기,별점없음,0,0,https://search.pstatic.net/common/?autoRotate=true&type=w560_sharpen&src=https%3A%2F%2Fldb-phinf.pstatic.net%2F20210420_163%2F1618893538604tYHXu_PNG%2FPD4SMxz-UaRCPizVmWN815YJ.png,편의시설 정보 없음,주차가능무료
EU피자&파스타 전주신시가지점,2053075776,양식,도로명전북 전주시 완산구 홍산1길 12 1층복사지번전북 전주시 완산구 효자동2가 1156-9복사우편번호우편번호54969복사안내 레이어 닫기,0507-1366-6641,영업 전11:00에 영업 시작11시 0분에 영업 시작_영업 전11:00에 영업 시작11시 0분에 영업 시작_영업 전11:00에 영업 시작11시 0분에 영업 시작_영업 전_11:00에 영업 시작11시 0분에 영업 시작_11:00에 영업 시작_11시 0분에 영업 시작_목11:00 - 다음 날 01:0015:00 - 16:30 브레이크타임00:00 라스트오더_목11:00 - 다음 날 01:0015:00 - 16:30 브레이크타임00:00 라스트오더_목11:00 - 다음 날 01:0015:00 - 16:30 브레이크타임00:00 라스트오더_목_11:00 - 다음 날 01:0015:00 - 16:30 브레이크타임00:00 라스트오더_금11:00 - 다음 날 01:0015:00 - 16:30 브레이크타임00:00 라스트오더_금11:00 - 다음 날 01:0015:00 - 16:30 브레이크타임00:00 라스트오더_금11:00 - 다음 날 01:0015:00 - 16:30 브레이크타임00:00 라스트오더_금_11:00 - 다음 날 01:0015:00 - 16:30 브레이크타임00:00 라스트오더_토11:00 - 다음 날 01:0015:00 - 16:30 브레이크타임00:00 라스트오더_토11:00 - 다음 날 01:0015:00 - 16:30 브레이크타임00:00 라스트오더_토11:00 - 다음 날 01:0015:00 - 16:30 브레이크타임00:00 라스트오더_토_11:00 - 다음 날 01:0015:00 - 16:30 브레이크타임00:00 라스트오더_일11:00 - 다음 날 01:0015:00 - 16:30 브레이크타임00:00 라스트오더_일11:00 - 다음 날 01:0015:00 - 16:30 브레이크타임00:00 라스트오더_일11:00 - 다음 날 01:0015:00 - 16:30 브레이크타임00:00 라스트오더_일_11:00 - 다음 날 01:0015:00 - 16:30 브레이크타임00:00 라스트오더_월11:00 - 다음 날 01:0015:00 - 16:30 브레이크타임00:00 라스트오더_월11:00 - 다음 날 01:0015:00 - 16:30 브레이크타임00:00 라스트오더_월11:00 - 다음 날 01:0015:00 - 16:30 브레이크타임00:00 라스트오더_월_11:00 - 다음 날 01:0015:00 - 16:30 브레이크타임00:00 라스트오더_화11:00 - 다음 날 01:0015:00 - 16:30 브레이크타임00:00 라스트오더_화11:00 - 다음 날 01:0015:00 - 16:30 브레이크타임00:00 라스트오더_화11:00 - 다음 날 01:0015:00 - 16:30 브레이크타임00:00 라스트오더_화_11:00 - 다음 날 01:0015:00 - 16:30 브레이크타임00:00 라스트오더_수11:00 - 다음 날 01:0015:00 - 16:30 브레이크타임00:00 라스트오더_수11:00 - 다음 날 01:0015:00 - 16:30 브레이크타임00:00 라스트오더_수11:00 - 다음 날 01:0015:00 - 16:30 브레이크타임00:00 라스트오더_수_11:00 - 다음 날 01:0015:00 - 16:30 브레이크타임00:00 라스트오더_- <동절기 영업 시간> 11:00 ~ 00:30접기_- <동절기 영업 시간> 11:00 ~ 00:30접기_- <동절기 영업 시간> 11:00 ~ 00:30_- <동절기 영업 시간> 11:00 ~ 00:30_접기_접기,별점없음,0,0,https://search.pstatic.net/common/?autoRotate=true&type=w560_sharpen&src=https%3A%2F%2Fldb-phinf.pstatic.net%2F20260316_64%2F1773636964505GwDJI_JPEG%2Funnamed.jpg,콜키지 가능무료_와인 페어링_유기농 메뉴_테이크아웃 할인_생일 혜택_단체 이용 가능_포장_배달_방문접수/출장_남/녀 화장실 구분_대기공간_유아의자_무선 인터넷_화장실 휠체어 이용가능_출입구 휠체어 이용가능_좌석 휠체어 이용가능_장애인 주차구역,주차가능유료
백소정 전주도청점,1847309226,일식당,도로명전북 전주시 완산구 홍산남로 47 홍산프라임1층102호복사지번전북 전주시 완산구 효자동3가 1534-2복사우편번호우편번호54969복사안내 레이어 닫기,063-221-3555,영업 전11:00에 영업 시작11시 0분에 영업 시작_영업 전11:00에 영업 시작11시 0분에 영업 시작_영업 전11:00에 영업 시작11시 0분에 영업 시작_영업 전_11:00에 영업 시작11시 0분에 영업 시작_11:00에 영업 시작_11시 0분에 영업 시작_목11:00 - 21:0015:00 - 17:00 브레이크타임20:00 라스트오더_목11:00 - 21:0015:00 - 17:00 브레이크타임20:00 라스트오더_목11:00 - 21:0015:00 - 17:00 브레이크타임20:00 라스트오더_목_11:00 - 21:0015:00 - 17:00 브레이크타임20:00 라스트오더_금11:00 - 21:0015:00 - 17:00 브레이크타임20:00 라스트오더_금11:00 - 21:0015:00 - 17:00 브레이크타임20:00 라스트오더_금11:00 - 21:0015:00 - 17:00 브레이크타임20:00 라스트오더_금_11:00 - 21:0015:00 - 17:00 브레이크타임20:00 라스트오더_토11:00 - 21:0015:00 - 17:00 브레이크타임20:00 라스트오더_토11:00 - 21:0015:00 - 17:00 브레이크타임20:00 라스트오더_토11:00 - 21:0015:00 - 17:00 브레이크타임20:00 라스트오더_토_11:00 - 21:0015:00 - 17:00 브레이크타임20:00 라스트오더_일11:00 - 21:0015:00 - 17:00 브레이크타임20:00 라스트오더_일11:00 - 21:0015:00 - 17:00 브레이크타임20:00 라스트오더_일11:00 - 21:0015:00 - 17:00 브레이크타임20:00 라스트오더_일_11:00 - 21:0015:00 - 17:00 브레이크타임20:00 라스트오더_월11:00 - 21:0015:00 - 17:00 브레이크타임20:00 라스트오더_월11:00 - 21:0015:00 - 17:00 브레이크타임20:00 라스트오더_월11:00 - 21:0015:00 - 17:00 브레이크타임20:00 라스트오더_월_11:00 - 21:0015:00 - 17:00 브레이크타임20:00 라스트오더_화11:00 - 21:0015:00 - 17:00 브레이크타임20:00 라스트오더_화11:00 - 21:0015:00 - 17:00 브레이크타임20:00 라스트오더_화11:00 - 21:0015:00 - 17:00 브레이크타임20:00 라스트오더_화_11:00 - 21:0015:00 - 17:00 브레이크타임20:00 라스트오더_수11:00 - 21:0015:00 - 17:00 브레이크타임20:00 라스트오더접기_수11:00 - 21:0015:00 - 17:00 브레이크타임20:00 라스트오더접기_수11:00 - 21:0015:00 - 17:00 브레이크타임20:00 라스트오더_수_11:00 - 21:0015:00 - 17:00 브레이크타임20:00 라스트오더_접기_접기,별점없음,0,0,https://search.pstatic.net/common/?autoRotate=true&type=w560_sharpen&src=https%3A%2F%2Fldb-phinf.pstatic.net%2F20260430_54%2F177751257014982H7E_JPEG%2F%25BA%25EA%25B7%25A3%25B5%25E5%25C0%25CC%25B9%25CC%25C1%25F6%25C4%25C6_%25B3%25C3%25BC%25D2%25B9%25D9.jpg,편의시설 정보 없음,주차가능유료
투썸플레이스 전주신시가지점,19995671,카페,도로명전북 전주시 완산구 홍산중앙로 13복사지번전북 전주시 완산구 효자동2가 1155-10복사우편번호우편번호54969복사안내 레이어 닫기,063-274-2323,영업 전10:00에 영업 시작10시 0분에 영업 시작_영업 전10:00에 영업 시작10시 0분에 영업 시작_영업 전10:00에 영업 시작10시 0분에 영업 시작_영업 전_10:00에 영업 시작10시 0분에 영업 시작_10:00에 영업 시작_10시 0분에 영업 시작_매일10:00 - 22:3022:00 라스트오더접기_매일10:00 - 22:3022:00 라스트오더접기_매일10:00 - 22:3022:00 라스트오더_매일_10:00 - 22:3022:00 라스트오더_접기_접기,별점4.39,0,0,https://search.pstatic.net/common/?autoRotate=true&type=w560_sharpen&src=https%3A%2F%2Fldb-phinf.pstatic.net%2F20190118_145%2F1547780508073GThyn_JPEG%2FPV8scdJFuTU49vnxCO8M_xTf.jpg,단체 이용 가능_배달_예약_무선 인터넷_남/녀 화장실 구분_포장,주차가능
풍남정 도청점,33876678,"아귀찜,해물찜",도로명전북 전주시 완산구 마전2길 17-7복사지번전북 전주시 완산구 효자동3가 1647-14복사우편번호우편번호54962복사안내 레이어 닫기,0507-1445-5105,영업 전11:00에 영업 시작11시 0분에 영업 시작_영업 전11:00에 영업 시작11시 0분에 영업 시작_영업 전11:00에 영업 시작11시 0분에 영업 시작_영업 전_11:00에 영업 시작11시 0분에 영업 시작_11:00에 영업 시작_11시 0분에 영업 시작_목11:00 - 21:3015:00 - 16:00 브레이크타임_목11:00 - 21:3015:00 - 16:00 브레이크타임_목11:00 - 21:3015:00 - 16:00 브레이크타임_목_11:00 - 21:3015:00 - 16:00 브레이크타임_금11:00 - 21:3015:00 - 16:00 브레이크타임_금11:00 - 21:3015:00 - 16:00 브레이크타임_금11:00 - 21:3015:00 - 16:00 브레이크타임_금_11:00 - 21:3015:00 - 16:00 브레이크타임_토11:00 - 21:3015:00 - 16:00 브레이크타임_토11:00 - 21:3015:00 - 16:00 브레이크타임_토11:00 - 21:3015:00 - 16:00 브레이크타임_토_11:00 - 21:3015:00 - 16:00 브레이크타임_일정기휴무 (매주 일요일)_일정기휴무 (매주 일요일)_일정기휴무 (매주 일요일)_일_정기휴무 (매주 일요일)_정기휴무 (매주 일요일)_월11:00 - 21:3015:00 - 16:00 브레이크타임_월11:00 - 21:3015:00 - 16:00 브레이크타임_월11:00 - 21:3015:00 - 16:00 브레이크타임_월_11:00 - 21:3015:00 - 16:00 브레이크타임_화11:00 - 21:3015:00 - 16:00 브레이크타임_화11:00 - 21:3015:00 - 16:00 브레이크타임_화11:00 - 21:3015:00 - 16:00 브레이크타임_화_11:00 - 21:3015:00 - 16:00 브레이크타임_수11:00 - 21:3015:00 - 16:00 브레이크타임접기_수11:00 - 21:3015:00 - 16:00 브레이크타임접기_수11:00 - 21:3015:00 - 16:00 브레이크타임_수_11:00 - 21:3015:00 - 16:00 브레이크타임_접기_접기,별점4.32,0,0,https://search.pstatic.net/common/?autoRotate=true&type=w560_sharpen&src=https%3A%2F%2Fldb-phinf.pstatic.net%2F20250617_202%2F1750155351872nrGkf_JPEG%2F1000007184.jpg,단체 이용 가능_포장_배달_예약_무선 인터넷_남/녀 화장실 구분_유아의자,주차가능무료
바름정육식당 효자점,1328325377,정육식당,도로명전북 전주시 완산구 바우배기2길 18-1 1층복사지번전북 전주시 완산구 효자동2가 1236-10복사우편번호우편번호54966복사안내 레이어 닫기,0507-1434-9946,영업 전11:30에 영업 시작11시 30분에 영업 시작_영업 전11:30에 영업 시작11시 30분에 영업 시작_영업 전11:30에 영업 시작11시 30분에 영업 시작_영업 전_11:30에 영업 시작11시 30분에 영업 시작_11:30에 영업 시작_11시 30분에 영업 시작_목11:30 - 22:0021:10 라스트오더_목11:30 - 22:0021:10 라스트오더_목11:30 - 22:0021:10 라스트오더_목_11:30 - 22:0021:10 라스트오더_금11:30 - 22:0021:10 라스트오더_금11:30 - 22:0021:10 라스트오더_금11:30 - 22:0021:10 라스트오더_금_11:30 - 22:0021:10 라스트오더_토11:30 - 22:0021:10 라스트오더_토11:30 - 22:0021:10 라스트오더_토11:30 - 22:0021:10 라스트오더_토_11:30 - 22:0021:10 라스트오더_일11:30 - 22:0021:10 라스트오더_일11:30 - 22:0021:10 라스트오더_일11:30 - 22:0021:10 라스트오더_일_11:30 - 22:0021:10 라스트오더_월11:30 - 22:0021:10 라스트오더_월11:30 - 22:0021:10 라스트오더_월11:30 - 22:0021:10 라스트오더_월_11:30 - 22:0021:10 라스트오더_화11:30 - 22:0021:10 라스트오더_화11:30 - 22:0021:10 라스트오더_화11:30 - 22:0021:10 라스트오더_화_11:30 - 22:0021:10 라스트오더_수11:30 - 22:0021:10 라스트오더_수11:30 - 22:0021:10 라스트오더_수11:30 - 22:0021:10 라스트오더_수_11:30 - 22:0021:10 라스트오더_- 연중무휴접기_- 연중무휴접기_- 연중무휴_- 연중무휴_접기_접기,별점4.9,0,0,https://search.pstatic.net/common/?autoRotate=true&type=w560_sharpen&src=https%3A%2F%2Fldb-phinf.pstatic.net%2F20220323_265%2F1648003998728s4V4x_JPEG%2FKakaoTalk_20220323_113137375.jpg,콜키지 가능무료_단체 이용 가능_예약_포장_무선 인터넷_남/녀 화장실 구분_유아의자_출입구 휠체어 이용가능_좌석 휠체어 이용가능_장애인 주차구역,주차가능무료
청담이상 전주도청점,36768842,이자카야,도로명전북 전주시 완산구 홍산중앙로 30복사지번전북 전주시 완산구 효자동3가 1536-6복사우편번호우편번호54969복사안내 레이어 닫기,0507-1489-1088,영업 종료17:00에 영업 시작17시 0분에 영업 시작_영업 종료17:00에 영업 시작17시 0분에 영업 시작_영업 종료17:00에 영업 시작17시 0분에 영업 시작_영업 종료_17:00에 영업 시작17시 0분에 영업 시작_17:00에 영업 시작_17시 0분에 영업 시작_목17:00 - 다음 날 02:3001:30 라스트오더_목17:00 - 다음 날 02:3001:30 라스트오더_목17:00 - 다음 날 02:3001:30 라스트오더_목_17:00 - 다음 날 02:3001:30 라스트오더_금17:00 - 다음 날 04:3003:30 라스트오더_금17:00 - 다음 날 04:3003:30 라스트오더_금17:00 - 다음 날 04:3003:30 라스트오더_금_17:00 - 다음 날 04:3003:30 라스트오더_토17:00 - 다음 날 04:3003:30 라스트오더_토17:00 - 다음 날 04:3003:30 라스트오더_토17:00 - 다음 날 04:3003:30 라스트오더_토_17:00 - 다음 날 04:3003:30 라스트오더_일17:00 - 다음 날 02:3001:30 라스트오더_일17:00 - 다음 날 02:3001:30 라스트오더_일17:00 - 다음 날 02:3001:30 라스트오더_일_17:00 - 다음 날 02:3001:30 라스트오더_월17:00 - 다음 날 02:3001:30 라스트오더_월17:00 - 다음 날 02:3001:30 라스트오더_월17:00 - 다음 날 02:3001:30 라스트오더_월_17:00 - 다음 날 02:3001:30 라스트오더_화17:00 - 다음 날 02:3001:30 라스트오더_화17:00 - 다음 날 02:3001:30 라스트오더_화17:00 - 다음 날 02:3001:30 라스트오더_화_17:00 - 다음 날 02:3001:30 라스트오더_수17:00 - 다음 날 02:3001:30 라스트오더접기_수17:00 - 다음 날 02:3001:30 라스트오더접기_수17:00 - 다음 날 02:3001:30 라스트오더_수_17:00 - 다음 날 02:3001:30 라스트오더_접기_접기,별점없음,0,0,https://search.pstatic.net/common/?autoRotate=true&type=w560_sharpen&src=https%3A%2F%2Fldb-phinf.pstatic.net%2F20171130_12%2F1511972422341vyxYA_JPEG%2F1..jpg,콜키지 가능유료_테이크아웃 할인_예약_단체 이용 가능_포장_무선 인터넷_남/녀 화장실 구분_배달_대기공간_장애인 주차구역,주차가능무료
다인,1198569687,한식,도로명전북 전주시 완산구 마전들로 67 2층 202호 다인복사지번전북 전주시 완산구 효자동3가 1648-1복사우편번호우편번호54962복사안내 레이어 닫기,0507-1371-3752,영업 종료17:00에 영업 시작17시 0분에 영업 시작_영업 종료17:00에 영업 시작17시 0분에 영업 시작_영업 종료17:00에 영업 시작17시 0분에 영업 시작_영업 종료_17:00에 영업 시작17시 0분에 영업 시작_17:00에 영업 시작_17시 0분에 영업 시작_목17:00 - 다음 날 01:0000:00 라스트오더_목17:00 - 다음 날 01:0000:00 라스트오더_목17:00 - 다음 날 01:0000:00 라스트오더_목_17:00 - 다음 날 01:0000:00 라스트오더_금17:00 - 다음 날 01:0000:00 라스트오더_금17:00 - 다음 날 01:0000:00 라스트오더_금17:00 - 다음 날 01:0000:00 라스트오더_금_17:00 - 다음 날 01:0000:00 라스트오더_토17:00 - 다음 날 01:0000:00 라스트오더_토17:00 - 다음 날 01:0000:00 라스트오더_토17:00 - 다음 날 01:0000:00 라스트오더_토_17:00 - 다음 날 01:0000:00 라스트오더_일정기휴무 (매주 일요일)_일정기휴무 (매주 일요일)_일정기휴무 (매주 일요일)_일_정기휴무 (매주 일요일)_정기휴무 (매주 일요일)_월17:00 - 다음 날 01:0000:00 라스트오더_월17:00 - 다음 날 01:0000:00 라스트오더_월17:00 - 다음 날 01:0000:00 라스트오더_월_17:00 - 다음 날 01:0000:00 라스트오더_화17:00 - 다음 날 01:0000:00 라스트오더_화17:00 - 다음 날 01:0000:00 라스트오더_화17:00 - 다음 날 01:0000:00 라스트오더_화_17:00 - 다음 날 01:0000:00 라스트오더_수17:00 - 다음 날 01:0000:00 라스트오더접기_수17:00 - 다음 날 01:0000:00 라스트오더접기_수17:00 - 다음 날 01:0000:00 라스트오더_수_17:00 - 다음 날 01:0000:00 라스트오더_접기_접기,별점없음,0,0,https://search.pstatic.net/common/?autoRotate=true&type=w560_sharpen&src=https%3A%2F%2Fnaverbooking-phinf.pstatic.net%2F20231206_153%2F17018402370447PWUn_JPEG%2FKakaoTalk_20231206_142157343_01.jpg,와인 페어링_전문 소믈리에_콜키지 가능유료_단체 이용 가능_예약_남/녀 화장실 구분_화장실 휠체어 이용가능_출입구 휠체어 이용가능_좌석 휠체어 이용가능_장애인 주차구역,주차가능무료
하루참치,37356600,일식당,도로명전북 전주시 완산구 홍산남로 69-20 1층복사지번전북 전주시 완산구 효자동3가 1538-7복사우편번호우편번호54969복사안내 레이어 닫기,063-221-8898,영업 종료16:30에 영업 시작16시 30분에 영업 시작_영업 종료16:30에 영업 시작16시 30분에 영업 시작_영업 종료16:30에 영업 시작16시 30분에 영업 시작_영업 종료_16:30에 영업 시작16시 30분에 영업 시작_16:30에 영업 시작_16시 30분에 영업 시작_매일16:30 - 다음 날 01:00접기_매일16:30 - 다음 날 01:00접기_매일16:30 - 다음 날 01:00_매일_16:30 - 다음 날 01:00_접기_접기,별점없음,0,0,https://search.pstatic.net/common/?autoRotate=true&type=w560_sharpen&src=https%3A%2F%2Fldb-phinf.pstatic.net%2F20190215_74%2F15501897895004MIiS_JPEG%2FbHoie59TP2fLE_EroVYKFoDq.jpg,예약_단체 이용 가능_남/녀 화장실 구분_포장_무선 인터넷,주차가능
와우케이크,1137932219,케이크전문,도로명전북 전주시 완산구 문학로 27 1층 와우케이크복사지번전북 전주시 완산구 효자동3가 1604-18복사우편번호우편번호54960복사안내 레이어 닫기,0507-1355-2767,영업 전12:00에 영업 시작12시 0분에 영업 시작_영업 전12:00에 영업 시작12시 0분에 영업 시작_영업 전12:00에 영업 시작12시 0분에 영업 시작_영업 전_12:00에 영업 시작12시 0분에 영업 시작_12:00에 영업 시작_12시 0분에 영업 시작_목12:00 - 19:30_목12:00 - 19:30_목12:00 - 19:30_목_12:00 - 19:30_금12:00 - 19:30_금12:00 - 19:30_금12:00 - 19:30_금_12:00 - 19:30_토12:00 - 18:00_토12:00 - 18:00_토12:00 - 18:00_토_12:00 - 18:00_일13:00 - 15:00_일13:00 - 15:00_일13:00 - 15:00_일_13:00 - 15:00_월12:00 - 19:30_월12:00 - 19:30_월12:00 - 19:30_월_12:00 - 19:30_화정기휴무 (매주 화요일)_화정기휴무 (매주 화요일)_화정기휴무 (매주 화요일)_화_정기휴무 (매주 화요일)_정기휴무 (매주 화요일)_수12:00 - 19:30_수12:00 - 19:30_수12:00 - 19:30_수_12:00 - 19:30_- 예약제 시스템으로 예약없는 시간엔 비워져있을 수 있어요접기_- 예약제 시스템으로 예약없는 시간엔 비워져있을 수 있어요접기_- 예약제 시스템으로 예약없는 시간엔 비워져있을 수 있어요_- 예약제 시스템으로 예약없는 시간엔 비워져있을 수 있어요_접기_접기,별점없음,0,0,https://search.pstatic.net/common/?autoRotate=true&type=w560_sharpen&src=https%3A%2F%2Fldb-phinf.pstatic.net%2F20260428_26%2F1777377483157OKGkx_JPEG%2FKakaoTalk_20260428_135303917.jpg,예약_포장_대기공간_단체 이용 가능,주차가능무료
인셔틀,1134493032,"카페,디저트",도로명전북 전주시 완산구 바우배기2길 17-5 카페 인셔틀복사지번전북 전주시 완산구 효자동2가 1235-2복사우편번호우편번호54966복사안내 레이어 닫기,0507-0284-4328,영업 중19:30에 라스트오더19시 30분에 라스트오더_영업 중19:30에 라스트오더19시 30분에 라스트오더_영업 중19:30에 라스트오더19시 30분에 라스트오더_영업 중_19:30에 라스트오더19시 30분에 라스트오더_19:30에 라스트오더_19시 30분에 라스트오더_목07:30 - 20:0019:30 라스트오더_목07:30 - 20:0019:30 라스트오더_목07:30 - 20:0019:30 라스트오더_목_07:30 - 20:0019:30 라스트오더_금07:30 - 20:0019:30 라스트오더_금07:30 - 20:0019:30 라스트오더_금07:30 - 20:0019:30 라스트오더_금_07:30 - 20:0019:30 라스트오더_토10:00 - 19:0018:30 라스트오더_토10:00 - 19:0018:30 라스트오더_토10:00 - 19:0018:30 라스트오더_토_10:00 - 19:0018:30 라스트오더_일정기휴무 (매주 일요일)_일정기휴무 (매주 일요일)_일정기휴무 (매주 일요일)_일_정기휴무 (매주 일요일)_정기휴무 (매주 일요일)_월07:30 - 20:0019:30 라스트오더_월07:30 - 20:0019:30 라스트오더_월07:30 - 20:0019:30 라스트오더_월_07:30 - 20:0019:30 라스트오더_화07:30 - 20:0019:30 라스트오더_화07:30 - 20:0019:30 라스트오더_화07:30 - 20:0019:30 라스트오더_화_07:30 - 20:0019:30 라스트오더_수07:30 - 20:0019:30 라스트오더_수07:30 - 20:0019:30 라스트오더_수07:30 - 20:0019:30 라스트오더_수_07:30 - 20:0019:30 라스트오더_- 휴가 기간과 긴급 휴무는 인스타그램에 공지해드려요 :)접기_- 휴가 기간과 긴급 휴무는 인스타그램에 공지해드려요 :)접기_- 휴가 기간과 긴급 휴무는 인스타그램에 공지해드려요 :)_- 휴가 기간과 긴급 휴무는 인스타그램에 공지해드려요 :)_접기_접기,별점없음,0,0,https://search.pstatic.net/common/?autoRotate=true&type=w560_sharpen&src=https%3A%2F%2Fnaverbooking-phinf.pstatic.net%2F20260420_141%2F1776696770027XXNek_JPEG%2Fimage.jpg,포장_배달_예약_무선 인터넷,주차가능무료
빽다방 전주효자기전점,1506057487,테이크아웃커피,도로명전북 전주시 완산구 우전로 339복사지번전북 전주시 완산구 효자동3가 1626-10복사우편번호우편번호54961복사안내 레이어 닫기,070-8780-9799,영업 중21:00에 영업 종료21시 0분에 영업 종료_영업 중21:00에 영업 종료21시 0분에 영업 종료_영업 중21:00에 영업 종료21시 0분에 영업 종료_영업 중_21:00에 영업 종료21시 0분에 영업 종료_21:00에 영업 종료_21시 0분에 영업 종료_목07:00 - 21:00_목07:00 - 21:00_목07:00 - 21:00_목_07:00 - 21:00_금07:00 - 21:00_금07:00 - 21:00_금07:00 - 21:00_금_07:00 - 21:00_토08:00 - 21:00_토08:00 - 21:00_토08:00 - 21:00_토_08:00 - 21:00_일08:00 - 21:00_일08:00 - 21:00_일08:00 - 21:00_일_08:00 - 21:00_월07:00 - 21:00_월07:00 - 21:00_월07:00 - 21:00_월_07:00 - 21:00_화07:00 - 21:00_화07:00 - 21:00_화07:00 - 21:00_화_07:00 - 21:00_수07:00 - 21:00접기_수07:00 - 21:00접기_수07:00 - 21:00_수_07:00 - 21:00_접기_접기,별점없음,0,0,https://search.pstatic.net/common/?autoRotate=true&type=w560_sharpen&src=https%3A%2F%2Fldb-phinf.pstatic.net%2F20250115_120%2F1736921342688inDeG_JPEG%2FIMG_9942.jpeg,편의시설 정보 없음,주차가능무료
맥적 전주본점,2014088539,돼지고기구이,도로명전북 전주시 완산구 홍산북로 60-22 1층복사지번전북 전주시 완산구 효자동3가 1533-6복사우편번호우편번호54969복사안내 레이어 닫기,0507-1376-2018,"영업 종료16:00에 영업 시작16시 0분에 영업 시작_영업 종료16:00에 영업 시작16시 0분에 영업 시작_영업 종료16:00에 영업 시작16시 0분에 영업 시작_영업 종료_16:00에 영업 시작16시 0분에 영업 시작_16:00에 영업 시작_16시 0분에 영업 시작_목16:00 - 다음 날 03:0002:30 라스트오더_목16:00 - 다음 날 03:0002:30 라스트오더_목16:00 - 다음 날 03:0002:30 라스트오더_목_16:00 - 다음 날 03:0002:30 라스트오더_금16:00 - 다음 날 04:0003:30 라스트오더_금16:00 - 다음 날 04:0003:30 라스트오더_금16:00 - 다음 날 04:0003:30 라스트오더_금_16:00 - 다음 날 04:0003:30 라스트오더_토16:00 - 다음 날 04:0003:30 라스트오더_토16:00 - 다음 날 04:0003:30 라스트오더_토16:00 - 다음 날 04:0003:30 라스트오더_토_16:00 - 다음 날 04:0003:30 라스트오더_일16:00 - 다음 날 01:0000:30 라스트오더_일16:00 - 다음 날 01:0000:30 라스트오더_일16:00 - 다음 날 01:0000:30 라스트오더_일_16:00 - 다음 날 01:0000:30 라스트오더_월16:00 - 다음 날 03:0002:30 라스트오더_월16:00 - 다음 날 03:0002:30 라스트오더_월16:00 - 다음 날 03:0002:30 라스트오더_월_16:00 - 다음 날 03:0002:30 라스트오더_화16:00 - 다음 날 03:0002:30 라스트오더_화16:00 - 다음 날 03:0002:30 라스트오더_화16:00 - 다음 날 03:0002:30 라스트오더_화_16:00 - 다음 날 03:0002:30 라스트오더_수16:00 - 다음 날 03:0002:30 라스트오더_수16:00 - 다음 날 03:0002:30 라스트오더_수16:00 - 다음 날 03:0002:30 라스트오더_수_16:00 - 다음 날 03:0002:30 라스트오더_- 연중무휴, 새벽영업접기_- 연중무휴, 새벽영업접기_- 연중무휴, 새벽영업_- 연중무휴, 새벽영업_접기_접기",별점없음,0,0,https://search.pstatic.net/common/?autoRotate=true&type=w560_sharpen&src=https%3A%2F%2Fldb-phinf.pstatic.net%2F20260126_99%2F1769393432260rLYuA_JPEG%2FKakaoTalk_20260126_105246115_04.jpg,콜키지 가능무료_생일 혜택_단체 이용 가능_무선 인터넷_예약_남/녀 화장실 구분_유아의자_대기공간_출입구 휠체어 이용가능_좌석 휠체어 이용가능_장애인 주차구역,주차가능무료
마이마이케이크 신시가지 본점,1112976318,케이크전문,도로명전북 전주시 완산구 홍산남로 28 1층복사지번전북 전주시 완산구 효자동2가 1242-7복사우편번호우편번호54966복사안내 레이어 닫기,0507-1383-2239,영업 전12:00에 영업 시작12시 0분에 영업 시작_영업 전12:00에 영업 시작12시 0분에 영업 시작_영업 전12:00에 영업 시작12시 0분에 영업 시작_영업 전_12:00에 영업 시작12시 0분에 영업 시작_12:00에 영업 시작_12시 0분에 영업 시작_목12:00 - 18:00_목12:00 - 18:00_목12:00 - 18:00_목_12:00 - 18:00_금12:00 - 18:00_금12:00 - 18:00_금12:00 - 18:00_금_12:00 - 18:00_토12:00 - 18:00_토12:00 - 18:00_토12:00 - 18:00_토_12:00 - 18:00_일12:00 - 18:00_일12:00 - 18:00_일12:00 - 18:00_일_12:00 - 18:00_월정기휴무 (매주 월요일)_월정기휴무 (매주 월요일)_월정기휴무 (매주 월요일)_월_정기휴무 (매주 월요일)_정기휴무 (매주 월요일)_화12:00 - 18:00_화12:00 - 18:00_화12:00 - 18:00_화_12:00 - 18:00_수12:00 - 18:00_수12:00 - 18:00_수12:00 - 18:00_수_12:00 - 18:00_- 6시부터 픽업은 롯데백화점 전주점에서만 가능합니다접기_- 6시부터 픽업은 롯데백화점 전주점에서만 가능합니다접기_- 6시부터 픽업은 롯데백화점 전주점에서만 가능합니다_- 6시부터 픽업은 롯데백화점 전주점에서만 가능합니다_접기_접기,별점없음,0,0,https://search.pstatic.net/common/?autoRotate=true&type=w560_sharpen&src=https%3A%2F%2Fldb-phinf.pstatic.net%2F20240127_67%2F1706327209149uaUwV_JPEG%2FIMG_7416.jpeg,포장_배달_예약_대기공간,주차가능무료
서울깍두기 전북도청점,1098484038,"곰탕,설렁탕",도로명전북 전주시 완산구 홍산4길 6 1층복사지번전북 전주시 완산구 효자동3가 1528-1복사우편번호우편번호54969복사안내 레이어 닫기,0507-1366-2127,24시간 영업연중무휴연중무휴_24시간 영업연중무휴연중무휴_24시간 영업연중무휴연중무휴_24시간 영업_연중무휴연중무휴_연중무휴_연중무휴_매일00:00 - 24:00접기_매일00:00 - 24:00접기_매일00:00 - 24:00_매일_00:00 - 24:00_접기_접기,별점없음,0,0,https://search.pstatic.net/common/?autoRotate=true&type=w278_sharpen&src=https%3A%2F%2Fldb-phinf.pstatic.net%2F20240926_297%2F1727317621171d3uef_JPEG%2F11.jpg,단체 이용 가능_포장_배달_예약_남/녀 화장실 구분_무선 인터넷,주차가능무료
레드피아노 LP카페,1835982055,라이브카페,도로명전북 전주시 완산구 홍산남로 59-17 3층 레드피아노복사지번전북 전주시 완산구 효자동3가 1533-9복사우편번호우편번호54969복사안내 레이어 닫기,0507-1438-3996,영업 전14:00에 영업 시작14시 0분에 영업 시작_영업 전14:00에 영업 시작14시 0분에 영업 시작_영업 전14:00에 영업 시작14시 0분에 영업 시작_영업 전_14:00에 영업 시작14시 0분에 영업 시작_14:00에 영업 시작_14시 0분에 영업 시작_목14:00 - 24:00_목14:00 - 24:00_목14:00 - 24:00_목_14:00 - 24:00_금14:00 - 24:00_금14:00 - 24:00_금14:00 - 24:00_금_14:00 - 24:00_토14:00 - 24:00_토14:00 - 24:00_토14:00 - 24:00_토_14:00 - 24:00_일정기휴무 (매주 일요일)_일정기휴무 (매주 일요일)_일정기휴무 (매주 일요일)_일_정기휴무 (매주 일요일)_정기휴무 (매주 일요일)_월14:00 - 24:00_월14:00 - 24:00_월14:00 - 24:00_월_14:00 - 24:00_화14:00 - 24:00_화14:00 - 24:00_화14:00 - 24:00_화_14:00 - 24:00_수14:00 - 24:00_수14:00 - 24:00_수14:00 - 24:00_수_14:00 - 24:00_- 브레이크 타임 없어요 ~접기_- 브레이크 타임 없어요 ~접기_- 브레이크 타임 없어요 ~_- 브레이크 타임 없어요 ~_접기_접기,별점없음,0,0,https://search.pstatic.net/common/?autoRotate=true&type=w560_sharpen&src=https%3A%2F%2Fldb-phinf.pstatic.net%2F20260604_253%2F17805714974771AXYu_JPEG%2F1000016180.jpg,단체 이용 가능_예약_남/녀 화장실 구분,주차가능무료
완산암소갈비,1934509437,"육류,고기요리",도로명전북 전주시 완산구 바우배기1길 23 1층복사지번전북 전주시 완산구 효자동2가 1243-13복사우편번호우편번호54966복사안내 레이어 닫기,0507-1488-9122,영업 전11:30에 영업 시작11시 30분에 영업 시작_영업 전11:30에 영업 시작11시 30분에 영업 시작_영업 전11:30에 영업 시작11시 30분에 영업 시작_영업 전_11:30에 영업 시작11시 30분에 영업 시작_11:30에 영업 시작_11시 30분에 영업 시작_목11:30 - 21:0014:30 - 17:30 브레이크타임20:20 라스트오더_목11:30 - 21:0014:30 - 17:30 브레이크타임20:20 라스트오더_목11:30 - 21:0014:30 - 17:30 브레이크타임20:20 라스트오더_목_11:30 - 21:0014:30 - 17:30 브레이크타임20:20 라스트오더_금11:30 - 21:0014:30 - 17:30 브레이크타임20:20 라스트오더_금11:30 - 21:0014:30 - 17:30 브레이크타임20:20 라스트오더_금11:30 - 21:0014:30 - 17:30 브레이크타임20:20 라스트오더_금_11:30 - 21:0014:30 - 17:30 브레이크타임20:20 라스트오더_토11:30 - 21:0014:30 - 17:30 브레이크타임20:20 라스트오더_토11:30 - 21:0014:30 - 17:30 브레이크타임20:20 라스트오더_토11:30 - 21:0014:30 - 17:30 브레이크타임20:20 라스트오더_토_11:30 - 21:0014:30 - 17:30 브레이크타임20:20 라스트오더_일정기휴무 (매주 일요일)_일정기휴무 (매주 일요일)_일정기휴무 (매주 일요일)_일_정기휴무 (매주 일요일)_정기휴무 (매주 일요일)_월11:30 - 21:0014:30 - 17:30 브레이크타임20:20 라스트오더_월11:30 - 21:0014:30 - 17:30 브레이크타임20:20 라스트오더_월11:30 - 21:0014:30 - 17:30 브레이크타임20:20 라스트오더_월_11:30 - 21:0014:30 - 17:30 브레이크타임20:20 라스트오더_화11:30 - 21:0014:30 - 17:30 브레이크타임20:20 라스트오더_화11:30 - 21:0014:30 - 17:30 브레이크타임20:20 라스트오더_화11:30 - 21:0014:30 - 17:30 브레이크타임20:20 라스트오더_화_11:30 - 21:0014:30 - 17:30 브레이크타임20:20 라스트오더_수11:30 - 21:0014:30 - 17:30 브레이크타임20:20 라스트오더접기_수11:30 - 21:0014:30 - 17:30 브레이크타임20:20 라스트오더접기_수11:30 - 21:0014:30 - 17:30 브레이크타임20:20 라스트오더_수_11:30 - 21:0014:30 - 17:30 브레이크타임20:20 라스트오더_접기_접기,별점없음,0,0,https://search.pstatic.net/common/?autoRotate=true&type=w560_sharpen&src=https%3A%2F%2Fldb-phinf.pstatic.net%2F20250127_290%2F1737945768448m3w4w_JPEG%2FDSC02863.jpg,단체 이용 가능_남/녀 화장실 구분_예약_유아의자_무선 인터넷,주차가능무료
종착역 전주신시가지점,1506242665,돼지고기구이,도로명전북 전주시 완산구 홍산북로 57 101호복사지번전북 전주시 완산구 효자동3가 1529-10복사우편번호우편번호54969복사안내 레이어 닫기,0507-1329-2898,영업 종료17:00에 영업 시작17시 0분에 영업 시작_영업 종료17:00에 영업 시작17시 0분에 영업 시작_영업 종료17:00에 영업 시작17시 0분에 영업 시작_영업 종료_17:00에 영업 시작17시 0분에 영업 시작_17:00에 영업 시작_17시 0분에 영업 시작_목17:00 - 24:0023:00 라스트오더_목17:00 - 24:0023:00 라스트오더_목17:00 - 24:0023:00 라스트오더_목_17:00 - 24:0023:00 라스트오더_금17:00 - 24:0023:00 라스트오더_금17:00 - 24:0023:00 라스트오더_금17:00 - 24:0023:00 라스트오더_금_17:00 - 24:0023:00 라스트오더_토17:00 - 24:0023:00 라스트오더_토17:00 - 24:0023:00 라스트오더_토17:00 - 24:0023:00 라스트오더_토_17:00 - 24:0023:00 라스트오더_일17:00 - 24:0023:00 라스트오더_일17:00 - 24:0023:00 라스트오더_일17:00 - 24:0023:00 라스트오더_일_17:00 - 24:0023:00 라스트오더_월17:00 - 24:0023:00 라스트오더_월17:00 - 24:0023:00 라스트오더_월17:00 - 24:0023:00 라스트오더_월_17:00 - 24:0023:00 라스트오더_화17:00 - 24:0023:00 라스트오더_화17:00 - 24:0023:00 라스트오더_화17:00 - 24:0023:00 라스트오더_화_17:00 - 24:0023:00 라스트오더_수17:00 - 24:0023:00 라스트오더_수17:00 - 24:0023:00 라스트오더_수17:00 - 24:0023:00 라스트오더_수_17:00 - 24:0023:00 라스트오더_- 6월 3일 (수) 임시휴무입니다.접기_- 6월 3일 (수) 임시휴무입니다.접기_- 6월 3일 (수) 임시휴무입니다._- 6월 3일 (수) 임시휴무입니다._접기_접기,별점없음,0,0,https://search.pstatic.net/common/?autoRotate=true&type=w560_sharpen&src=https%3A%2F%2Fldb-phinf.pstatic.net%2F20231115_146%2F17000453922339V3yh_JPEG%2FKakaoTalk_20231115_190550973_01.jpg,단체 이용 가능_대기공간_무선 인터넷_남/녀 화장실 구분_유아의자_출입구 휠체어 이용가능_좌석 휠체어 이용가능,주차가능무료
브이엠에스 커피,1986093819,"카페,디저트",도로명전북 전주시 완산구 마전3길 18 1층복사지번전북 전주시 완산구 효자동3가 1632-6복사우편번호우편번호54962복사안내 레이어 닫기,070-7867-5243,영업 전09:00에 영업 시작9시 0분에 영업 시작_영업 전09:00에 영업 시작9시 0분에 영업 시작_영업 전09:00에 영업 시작9시 0분에 영업 시작_영업 전_09:00에 영업 시작9시 0분에 영업 시작_09:00에 영업 시작_9시 0분에 영업 시작_매일09:00 - 22:0021:30 라스트오더접기_매일09:00 - 22:0021:30 라스트오더접기_매일09:00 - 22:0021:30 라스트오더_매일_09:00 - 22:0021:30 라스트오더_접기_접기,별점없음,0,0,https://search.pstatic.net/common/?autoRotate=true&type=w560_sharpen&src=https%3A%2F%2Fldb-phinf.pstatic.net%2F20250225_1%2F1740465386868Xr1BO_JPEG%2FDSC05335.jpeg,핸드드립_테이크아웃 할인_단체 이용 가능_포장_배달_예약_남/녀 화장실 구분_무선 인터넷,주차가능무료
키노앤코,2044890468,카페,도로명전북 전주시 완산구 홍산남로 59-5 1층 Kino복사지번전북 전주시 완산구 효자동3가 1533-7복사안내 레이어 닫기,063-714-2692,영업 전10:00에 영업 시작10시 0분에 영업 시작_영업 전10:00에 영업 시작10시 0분에 영업 시작_영업 전10:00에 영업 시작10시 0분에 영업 시작_영업 전_10:00에 영업 시작10시 0분에 영업 시작_10:00에 영업 시작_10시 0분에 영업 시작_목10:00 - 24:00_목10:00 - 24:00_목10:00 - 24:00_목_10:00 - 24:00_금10:00 - 다음 날 01:00_금10:00 - 다음 날 01:00_금10:00 - 다음 날 01:00_금_10:00 - 다음 날 01:00_토10:00 - 다음 날 01:00_토10:00 - 다음 날 01:00_토10:00 - 다음 날 01:00_토_10:00 - 다음 날 01:00_일10:00 - 24:00_일10:00 - 24:00_일10:00 - 24:00_일_10:00 - 24:00_월10:00 - 24:00_월10:00 - 24:00_월10:00 - 24:00_월_10:00 - 24:00_화10:00 - 24:00_화10:00 - 24:00_화10:00 - 24:00_화_10:00 - 24:00_수10:00 - 24:00접기_수10:00 - 24:00접기_수10:00 - 24:00_수_10:00 - 24:00_접기_접기,별점없음,0,0,https://search.pstatic.net/common/?autoRotate=true&type=w560_sharpen&src=https%3A%2F%2Fldb-phinf.pstatic.net%2F20260227_240%2F17721698099375bcMy_JPEG%2F1000074189.jpg,단체 이용 가능_남/녀 화장실 구분_무선 인터넷_예약_포장,주차가능무료
금정돼지 신시가지점,1277669421,"육류,고기요리",도로명전북 전주시 완산구 홍산1길 18 1층복사지번전북 전주시 완산구 효자동2가 1156-12복사우편번호우편번호54969복사안내 레이어 닫기,0507-1324-4138,영업 종료15:00에 영업 시작15시 0분에 영업 시작_영업 종료15:00에 영업 시작15시 0분에 영업 시작_영업 종료15:00에 영업 시작15시 0분에 영업 시작_영업 종료_15:00에 영업 시작15시 0분에 영업 시작_15:00에 영업 시작_15시 0분에 영업 시작_목15:00 - 22:3021:30 라스트오더_목15:00 - 22:3021:30 라스트오더_목15:00 - 22:3021:30 라스트오더_목_15:00 - 22:3021:30 라스트오더_금15:00 - 22:3021:30 라스트오더_금15:00 - 22:3021:30 라스트오더_금15:00 - 22:3021:30 라스트오더_금_15:00 - 22:3021:30 라스트오더_토12:00 - 22:3021:30 라스트오더_토12:00 - 22:3021:30 라스트오더_토12:00 - 22:3021:30 라스트오더_토_12:00 - 22:3021:30 라스트오더_일12:00 - 22:3021:30 라스트오더_일12:00 - 22:3021:30 라스트오더_일12:00 - 22:3021:30 라스트오더_일_12:00 - 22:3021:30 라스트오더_월15:00 - 22:3021:30 라스트오더_월15:00 - 22:3021:30 라스트오더_월15:00 - 22:3021:30 라스트오더_월_15:00 - 22:3021:30 라스트오더_화15:00 - 22:3021:30 라스트오더_화15:00 - 22:3021:30 라스트오더_화15:00 - 22:3021:30 라스트오더_화_15:00 - 22:3021:30 라스트오더_수15:00 - 22:3021:30 라스트오더접기_수15:00 - 22:3021:30 라스트오더접기_수15:00 - 22:3021:30 라스트오더_수_15:00 - 22:3021:30 라스트오더_접기_접기,별점없음,0,0,https://search.pstatic.net/common/?autoRotate=true&type=w560_sharpen&src=https%3A%2F%2Fldb-phinf.pstatic.net%2F20240106_193%2F1704537268445L6f3l_JPEG%2FIMG_7884.jpeg,단체 이용 가능_무선 인터넷_남/녀 화장실 구분_배달_포장_예약_유아의자_대기공간_출입구 휠체어 이용가능,주차가능유료
아트오브램 전주신시가지본점,1560220094,"육류,고기요리",도로명전북 전주시 완산구 석산2길 15 1층 아트오브램복사지번전북 전주시 완산구 효자동3가 1696-3복사우편번호우편번호54963복사안내 레이어 닫기,0507-1346-1854,영업 종료17:00에 영업 시작17시 0분에 영업 시작_영업 종료17:00에 영업 시작17시 0분에 영업 시작_영업 종료17:00에 영업 시작17시 0분에 영업 시작_영업 종료_17:00에 영업 시작17시 0분에 영업 시작_17:00에 영업 시작_17시 0분에 영업 시작_매일17:00 - 23:0022:00 라스트오더접기_매일17:00 - 23:0022:00 라스트오더접기_매일17:00 - 23:0022:00 라스트오더_매일_17:00 - 23:0022:00 라스트오더_접기_접기,별점없음,0,0,https://search.pstatic.net/common/?autoRotate=true&type=w560_sharpen&src=https%3A%2F%2Fldb-phinf.pstatic.net%2F20240523_178%2F1716449331335pNde0_JPEG%2FIMG_6749.jpeg,콜키지 가능유료_단체 이용 가능_무선 인터넷_남/녀 화장실 구분_유아의자_예약_출입구 휠체어 이용가능,주차가능무료
갯벌을 담다 전주 신시가지점,1756049153,조개요리,도로명전북 전주시 완산구 홍산북로 69-7 1층복사지번전북 전주시 완산구 효자동3가 1528-13복사우편번호우편번호54969복사안내 레이어 닫기,0507-1380-9291,영업 종료15:30에 영업 시작15시 30분에 영업 시작_영업 종료15:30에 영업 시작15시 30분에 영업 시작_영업 종료15:30에 영업 시작15시 30분에 영업 시작_영업 종료_15:30에 영업 시작15시 30분에 영업 시작_15:30에 영업 시작_15시 30분에 영업 시작_목15:30 - 24:00_목15:30 - 24:00_목15:30 - 24:00_목_15:30 - 24:00_금15:30 - 24:00_금15:30 - 24:00_금15:30 - 24:00_금_15:30 - 24:00_토12:00 - 24:00_토12:00 - 24:00_토12:00 - 24:00_토_12:00 - 24:00_일12:00 - 24:00_일12:00 - 24:00_일12:00 - 24:00_일_12:00 - 24:00_월15:30 - 24:00_월15:30 - 24:00_월15:30 - 24:00_월_15:30 - 24:00_화15:30 - 24:00_화15:30 - 24:00_화15:30 - 24:00_화_15:30 - 24:00_수15:30 - 24:00접기_수15:30 - 24:00접기_수15:30 - 24:00_수_15:30 - 24:00_접기_접기,별점없음,0,0,https://search.pstatic.net/common/?autoRotate=true&type=w560_sharpen&src=https%3A%2F%2Fldb-phinf.pstatic.net%2F20260609_87%2F1780966889985qNMvR_JPEG%2FKakaoTalk_20260609_100106049__%25B0%25B9%25B9%25FA_%25C7%25D8%25BD%25C5.jpg,콜키지 가능무료_콜키지 가능유료_포장_단체 이용 가능_남/녀 화장실 구분_무선 인터넷_유아의자,주차가능무료
보리보리,1705592528,생선구이,도로명전북 전주시 완산구 홍산4길 12 1층 보리보리복사지번전북 전주시 완산구 효자동3가 1528-4복사우편번호우편번호54969복사안내 레이어 닫기,063-229-9291,영업 전11:00에 영업 시작11시 0분에 영업 시작_영업 전11:00에 영업 시작11시 0분에 영업 시작_영업 전11:00에 영업 시작11시 0분에 영업 시작_영업 전_11:00에 영업 시작11시 0분에 영업 시작_11:00에 영업 시작_11시 0분에 영업 시작_목11:00 - 21:3014:00 - 17:00 브레이크타임20:30 라스트오더_목11:00 - 21:3014:00 - 17:00 브레이크타임20:30 라스트오더_목11:00 - 21:3014:00 - 17:00 브레이크타임20:30 라스트오더_목_11:00 - 21:3014:00 - 17:00 브레이크타임20:30 라스트오더_금11:00 - 21:3014:00 - 17:00 브레이크타임20:30 라스트오더_금11:00 - 21:3014:00 - 17:00 브레이크타임20:30 라스트오더_금11:00 - 21:3014:00 - 17:00 브레이크타임20:30 라스트오더_금_11:00 - 21:3014:00 - 17:00 브레이크타임20:30 라스트오더_토11:00 - 21:3014:00 - 17:00 브레이크타임20:30 라스트오더_토11:00 - 21:3014:00 - 17:00 브레이크타임20:30 라스트오더_토11:00 - 21:3014:00 - 17:00 브레이크타임20:30 라스트오더_토_11:00 - 21:3014:00 - 17:00 브레이크타임20:30 라스트오더_일정기휴무 (매주 일요일)_일정기휴무 (매주 일요일)_일정기휴무 (매주 일요일)_일_정기휴무 (매주 일요일)_정기휴무 (매주 일요일)_월11:00 - 21:3014:00 - 17:00 브레이크타임20:30 라스트오더_월11:00 - 21:3014:00 - 17:00 브레이크타임20:30 라스트오더_월11:00 - 21:3014:00 - 17:00 브레이크타임20:30 라스트오더_월_11:00 - 21:3014:00 - 17:00 브레이크타임20:30 라스트오더_화11:00 - 21:3014:00 - 17:00 브레이크타임20:30 라스트오더_화11:00 - 21:3014:00 - 17:00 브레이크타임20:30 라스트오더_화11:00 - 21:3014:00 - 17:00 브레이크타임20:30 라스트오더_화_11:00 - 21:3014:00 - 17:00 브레이크타임20:30 라스트오더_수11:00 - 21:3014:00 - 17:00 브레이크타임20:30 라스트오더접기_수11:00 - 21:3014:00 - 17:00 브레이크타임20:30 라스트오더접기_수11:00 - 21:3014:00 - 17:00 브레이크타임20:30 라스트오더_수_11:00 - 21:3014:00 - 17:00 브레이크타임20:30 라스트오더_접기_접기,별점없음,0,0,https://search.pstatic.net/common/?autoRotate=true&type=w560_sharpen&src=https%3A%2F%2Fldb-phinf.pstatic.net%2F20230405_256%2F1680694757381D7szl_JPEG%2F20230405_195448.jpg,단체 이용 가능_포장_예약_남/녀 화장실 구분_무선 인터넷,주차가능무료
삼동소바 전주신시가지점,2032348270,"우동,소바",도로명전북 전주시 완산구 마전중앙로 3 1층복사지번전북 전주시 완산구 효자동3가 1627-12복사우편번호우편번호54962복사안내 레이어 닫기,063-225-5222,영업 전11:00에 영업 시작11시 0분에 영업 시작_영업 전11:00에 영업 시작11시 0분에 영업 시작_영업 전11:00에 영업 시작11시 0분에 영업 시작_영업 전_11:00에 영업 시작11시 0분에 영업 시작_11:00에 영업 시작_11시 0분에 영업 시작_목11:00 - 20:3015:30 - 16:30 브레이크타임20:00 라스트오더_목11:00 - 20:3015:30 - 16:30 브레이크타임20:00 라스트오더_목11:00 - 20:3015:30 - 16:30 브레이크타임20:00 라스트오더_목_11:00 - 20:3015:30 - 16:30 브레이크타임20:00 라스트오더_금11:00 - 20:3015:30 - 16:30 브레이크타임20:00 라스트오더_금11:00 - 20:3015:30 - 16:30 브레이크타임20:00 라스트오더_금11:00 - 20:3015:30 - 16:30 브레이크타임20:00 라스트오더_금_11:00 - 20:3015:30 - 16:30 브레이크타임20:00 라스트오더_토11:00 - 20:3015:30 - 16:30 브레이크타임20:00 라스트오더_토11:00 - 20:3015:30 - 16:30 브레이크타임20:00 라스트오더_토11:00 - 20:3015:30 - 16:30 브레이크타임20:00 라스트오더_토_11:00 - 20:3015:30 - 16:30 브레이크타임20:00 라스트오더_일11:00 - 20:3015:30 - 16:30 브레이크타임20:00 라스트오더_일11:00 - 20:3015:30 - 16:30 브레이크타임20:00 라스트오더_일11:00 - 20:3015:30 - 16:30 브레이크타임20:00 라스트오더_일_11:00 - 20:3015:30 - 16:30 브레이크타임20:00 라스트오더_월11:00 - 20:3015:30 - 16:30 브레이크타임20:00 라스트오더_월11:00 - 20:3015:30 - 16:30 브레이크타임20:00 라스트오더_월11:00 - 20:3015:30 - 16:30 브레이크타임20:00 라스트오더_월_11:00 - 20:3015:30 - 16:30 브레이크타임20:00 라스트오더_화11:00 - 20:3015:30 - 16:30 브레이크타임20:00 라스트오더_화11:00 - 20:3015:30 - 16:30 브레이크타임20:00 라스트오더_화11:00 - 20:3015:30 - 16:30 브레이크타임20:00 라스트오더_화_11:00 - 20:3015:30 - 16:30 브레이크타임20:00 라스트오더_수11:00 - 20:3015:30 - 16:30 브레이크타임20:00 라스트오더접기_수11:00 - 20:3015:30 - 16:30 브레이크타임20:00 라스트오더접기_수11:00 - 20:3015:30 - 16:30 브레이크타임20:00 라스트오더_수_11:00 - 20:3015:30 - 16:30 브레이크타임20:00 라스트오더_접기_접기,별점없음,0,0,https://search.pstatic.net/common/?autoRotate=true&type=w560_sharpen&src=https%3A%2F%2Fldb-phinf.pstatic.net%2F20260406_29%2F1775433932646FsbmB_JPEG%2FIMG_3994.jpeg,단체 이용 가능_포장_예약_무선 인터넷_남/녀 화장실 구분_유아의자_대기공간_화장실 휠체어 이용가능_출입구 휠체어 이용가능,주차가능무료
고궁담,33878751,한식,도로명전북 전주시 완산구 유연로 170 2~3층복사지번전북 전주시 완산구 효자동3가 1627-1복사우편번호우편번호54962복사안내 레이어 닫기,063-228-3711,영업 전11:30에 영업 시작11시 30분에 영업 시작_영업 전11:30에 영업 시작11시 30분에 영업 시작_영업 전11:30에 영업 시작11시 30분에 영업 시작_영업 전_11:30에 영업 시작11시 30분에 영업 시작_11:30에 영업 시작_11시 30분에 영업 시작_목11:30 - 21:0014:30 - 17:00 브레이크타임20:00 라스트오더_목11:30 - 21:0014:30 - 17:00 브레이크타임20:00 라스트오더_목11:30 - 21:0014:30 - 17:00 브레이크타임20:00 라스트오더_목_11:30 - 21:0014:30 - 17:00 브레이크타임20:00 라스트오더_금11:30 - 21:0014:30 - 17:00 브레이크타임20:00 라스트오더_금11:30 - 21:0014:30 - 17:00 브레이크타임20:00 라스트오더_금11:30 - 21:0014:30 - 17:00 브레이크타임20:00 라스트오더_금_11:30 - 21:0014:30 - 17:00 브레이크타임20:00 라스트오더_토11:30 - 21:0014:30 - 17:00 브레이크타임20:00 라스트오더_토11:30 - 21:0014:30 - 17:00 브레이크타임20:00 라스트오더_토11:30 - 21:0014:30 - 17:00 브레이크타임20:00 라스트오더_토_11:30 - 21:0014:30 - 17:00 브레이크타임20:00 라스트오더_일11:30 - 21:0014:30 - 17:00 브레이크타임20:00 라스트오더_일11:30 - 21:0014:30 - 17:00 브레이크타임20:00 라스트오더_일11:30 - 21:0014:30 - 17:00 브레이크타임20:00 라스트오더_일_11:30 - 21:0014:30 - 17:00 브레이크타임20:00 라스트오더_월정기휴무 (매주 월요일)_월정기휴무 (매주 월요일)_월정기휴무 (매주 월요일)_월_정기휴무 (매주 월요일)_정기휴무 (매주 월요일)_화11:30 - 21:0014:30 - 17:00 브레이크타임20:00 라스트오더_화11:30 - 21:0014:30 - 17:00 브레이크타임20:00 라스트오더_화11:30 - 21:0014:30 - 17:00 브레이크타임20:00 라스트오더_화_11:30 - 21:0014:30 - 17:00 브레이크타임20:00 라스트오더_수11:30 - 21:0014:30 - 17:00 브레이크타임20:00 라스트오더_수11:30 - 21:0014:30 - 17:00 브레이크타임20:00 라스트오더_수11:30 - 21:0014:30 - 17:00 브레이크타임20:00 라스트오더_수_11:30 - 21:0014:30 - 17:00 브레이크타임20:00 라스트오더_- 예약고객 우선제(이용시간 2시간)접기_- 예약고객 우선제(이용시간 2시간)접기_- 예약고객 우선제(이용시간 2시간)_- 예약고객 우선제(이용시간 2시간)_접기_접기,별점4.19,0,0,https://search.pstatic.net/common/?autoRotate=true&type=w560_sharpen&src=https%3A%2F%2Fldb-phinf.pstatic.net%2F20190503_5%2F15568716775277JrON_JPEG%2F5.jpg,장애인 주차구역,주차가능
소모라,2007681233,"카페,디저트",도로명전북 전주시 완산구 문학대4길 32-3 1층 101호복사지번전북 전주시 완산구 효자동3가 1617-3복사우편번호우편번호54959복사안내 레이어 닫기,0507-1305-6610,영업 전10:00에 영업 시작10시 0분에 영업 시작_영업 전10:00에 영업 시작10시 0분에 영업 시작_영업 전10:00에 영업 시작10시 0분에 영업 시작_영업 전_10:00에 영업 시작10시 0분에 영업 시작_10:00에 영업 시작_10시 0분에 영업 시작_매일10:00 - 22:0021:30 라스트오더접기_매일10:00 - 22:0021:30 라스트오더접기_매일10:00 - 22:0021:30 라스트오더_매일_10:00 - 22:0021:30 라스트오더_접기_접기,별점없음,0,0,https://search.pstatic.net/common/?autoRotate=true&type=w560_sharpen&src=https%3A%2F%2Fldb-phinf.pstatic.net%2F20260128_176%2F1769606428402H0Jmv_JPEG%2F1000025344.jpg,편의시설 정보 없음,주차가능
뚜레쥬르 전북도청점,36623354,베이커리,"도로명전북 전주시 완산구 홍산남로 60 1층 103호,104호복사지번전북 전주시 완산구 효자동2가 1155-6복사우편번호우편번호54969복사안내 레이어 닫기",063-224-4828,영업 중24:00에 영업 종료0시 0분에 영업 종료_영업 중24:00에 영업 종료0시 0분에 영업 종료_영업 중24:00에 영업 종료0시 0분에 영업 종료_영업 중_24:00에 영업 종료0시 0분에 영업 종료_24:00에 영업 종료_0시 0분에 영업 종료_매일07:30 - 24:00접기_매일07:30 - 24:00접기_매일07:30 - 24:00_매일_07:30 - 24:00_접기_접기,별점없음,0,0,https://search.pstatic.net/common/?autoRotate=true&type=w560_sharpen&src=https%3A%2F%2Fldb-phinf.pstatic.net%2F20250813_266%2F17550484266608gyBG_JPEG%2F%25B6%25D1%25B7%25B9%25C1%25EA%25B8%25A3_%25B7%25CE%25B0%25ED_%25B3%25D7%25C0%25CC%25B9%25F6.jpg,편의시설 정보 없음,주차가능
스테이블 테이블,2038595691,브런치카페,도로명전북 전주시 완산구 마전2길 11-8 1층복사지번전북 전주시 완산구 효자동3가 1647-6복사우편번호우편번호54962복사안내 레이어 닫기,0507-1372-8463,영업 전10:00에 영업 시작10시 0분에 영업 시작_영업 전10:00에 영업 시작10시 0분에 영업 시작_영업 전10:00에 영업 시작10시 0분에 영업 시작_영업 전_10:00에 영업 시작10시 0분에 영업 시작_10:00에 영업 시작_10시 0분에 영업 시작_목10:00 - 21:3021:00 라스트오더_목10:00 - 21:3021:00 라스트오더_목10:00 - 21:3021:00 라스트오더_목_10:00 - 21:3021:00 라스트오더_금10:00 - 21:3021:00 라스트오더_금10:00 - 21:3021:00 라스트오더_금10:00 - 21:3021:00 라스트오더_금_10:00 - 21:3021:00 라스트오더_토10:00 - 21:3021:00 라스트오더_토10:00 - 21:3021:00 라스트오더_토10:00 - 21:3021:00 라스트오더_토_10:00 - 21:3021:00 라스트오더_일10:00 - 16:3016:00 라스트오더_일10:00 - 16:3016:00 라스트오더_일10:00 - 16:3016:00 라스트오더_일_10:00 - 16:3016:00 라스트오더_월정기휴무 (매주 월요일)_월정기휴무 (매주 월요일)_월정기휴무 (매주 월요일)_월_정기휴무 (매주 월요일)_정기휴무 (매주 월요일)_화10:00 - 21:3021:00 라스트오더_화10:00 - 21:3021:00 라스트오더_화10:00 - 21:3021:00 라스트오더_화_10:00 - 21:3021:00 라스트오더_수10:00 - 21:3021:00 라스트오더_수10:00 - 21:3021:00 라스트오더_수10:00 - 21:3021:00 라스트오더_수_10:00 - 21:3021:00 라스트오더_- 추석 당일만 휴무합니다접기_- 추석 당일만 휴무합니다접기_- 추석 당일만 휴무합니다_- 추석 당일만 휴무합니다_접기_접기,별점없음,0,0,https://search.pstatic.net/common/?autoRotate=true&type=w278_sharpen&src=https%3A%2F%2Fldb-phinf.pstatic.net%2F20260608_300%2F1780899791350CiaIM_JPEG%2F1000001914.jpg,콜키지 가능유료_전문 소믈리에_대관_남/녀 화장실 구분_포장_단체 이용 가능_유아의자_예약_무선 인터넷_배달_\반려동물 동반_화장실 휠체어 이용가능_출입구 휠체어 이용가능_좌석 휠체어 이용가능_장애인 주차구역,주차가능무료
모토이시 전주 신시가지점,1637541307,"육류,고기요리",도로명전북 전주시 완산구 홍산남로 45-22 1층 101호복사지번전북 전주시 완산구 효자동3가 1533-10복사우편번호우편번호54969복사안내 레이어 닫기,0507-1394-3892,영업 종료17:00에 영업 시작17시 0분에 영업 시작_영업 종료17:00에 영업 시작17시 0분에 영업 시작_영업 종료17:00에 영업 시작17시 0분에 영업 시작_영업 종료_17:00에 영업 시작17시 0분에 영업 시작_17:00에 영업 시작_17시 0분에 영업 시작_목17:00 - 다음 날 01:0000:00 라스트오더_목17:00 - 다음 날 01:0000:00 라스트오더_목17:00 - 다음 날 01:0000:00 라스트오더_목_17:00 - 다음 날 01:0000:00 라스트오더_금17:00 - 다음 날 01:0000:00 라스트오더_금17:00 - 다음 날 01:0000:00 라스트오더_금17:00 - 다음 날 01:0000:00 라스트오더_금_17:00 - 다음 날 01:0000:00 라스트오더_토17:00 - 다음 날 01:0000:00 라스트오더_토17:00 - 다음 날 01:0000:00 라스트오더_토17:00 - 다음 날 01:0000:00 라스트오더_토_17:00 - 다음 날 01:0000:00 라스트오더_일17:00 - 다음 날 01:0000:00 라스트오더_일17:00 - 다음 날 01:0000:00 라스트오더_일17:00 - 다음 날 01:0000:00 라스트오더_일_17:00 - 다음 날 01:0000:00 라스트오더_월17:00 - 다음 날 01:0000:00 라스트오더_월17:00 - 다음 날 01:0000:00 라스트오더_월17:00 - 다음 날 01:0000:00 라스트오더_월_17:00 - 다음 날 01:0000:00 라스트오더_화17:00 - 다음 날 01:0000:00 라스트오더_화17:00 - 다음 날 01:0000:00 라스트오더_화17:00 - 다음 날 01:0000:00 라스트오더_화_17:00 - 다음 날 01:0000:00 라스트오더_수17:00 - 다음 날 01:0000:00 라스트오더_수17:00 - 다음 날 01:0000:00 라스트오더_수17:00 - 다음 날 01:0000:00 라스트오더_수_17:00 - 다음 날 01:0000:00 라스트오더_- 2025년 추석 10/8 (수) 하루 휴무합니다!접기_- 2025년 추석 10/8 (수) 하루 휴무합니다!접기_- 2025년 추석 10/8 (수) 하루 휴무합니다!_- 2025년 추석 10/8 (수) 하루 휴무합니다!_접기_접기,별점없음,0,0,https://search.pstatic.net/common/?autoRotate=true&type=w560_sharpen&src=https%3A%2F%2Fldb-phinf.pstatic.net%2F20260311_227%2F1773222458713E7w1q_JPEG%2F%25B8%25F0%25C5%25E4%25C0%25CC%25BD%25C334.jpg,콜키지 가능무료_단체 이용 가능_예약_남/녀 화장실 구분_유아의자,주차가능무료
짬뽕제국,1654758442,중식당,도로명전북 전주시 완산구 효자로 178복사지번전북 전주시 완산구 효자동2가 1228-7복사우편번호우편번호54966복사안내 레이어 닫기,063-226-2223,영업 전10:30에 영업 시작10시 30분에 영업 시작_영업 전10:30에 영업 시작10시 30분에 영업 시작_영업 전10:30에 영업 시작10시 30분에 영업 시작_영업 전_10:30에 영업 시작10시 30분에 영업 시작_10:30에 영업 시작_10시 30분에 영업 시작_목10:30 - 21:00_목10:30 - 21:00_목10:30 - 21:00_목_10:30 - 21:00_금10:30 - 21:00_금10:30 - 21:00_금10:30 - 21:00_금_10:30 - 21:00_토10:30 - 21:00_토10:30 - 21:00_토10:30 - 21:00_토_10:30 - 21:00_일10:30 - 14:30_일10:30 - 14:30_일10:30 - 14:30_일_10:30 - 14:30_월정기휴무 (매주 월요일)_월정기휴무 (매주 월요일)_월정기휴무 (매주 월요일)_월_정기휴무 (매주 월요일)_정기휴무 (매주 월요일)_화10:30 - 21:00_화10:30 - 21:00_화10:30 - 21:00_화_10:30 - 21:00_수10:30 - 21:00접기_수10:30 - 21:00접기_수10:30 - 21:00_수_10:30 - 21:00_접기_접기,별점없음,0,0,https://search.pstatic.net/common/?autoRotate=true&type=w560_sharpen&src=https%3A%2F%2Fldb-phinf.pstatic.net%2F20241223_106%2F1734928092859HM1Vn_JPEG%2F1000005131.jpg,단체 이용 가능_포장_배달_예약_유아의자_남/녀 화장실 구분_무선 인터넷_화장실 휠체어 이용가능_출입구 휠체어 이용가능_좌석 휠체어 이용가능_장애인 주차구역,주차가능무료
레몬그라스,2034282948,브런치,도로명전북 전주시 완산구 척동2길 5-3 1층복사지번전북 전주시 완산구 효자동3가 1664-6복사우편번호우편번호54961복사안내 레이어 닫기,0507-1401-8309,영업 전09:30에 영업 시작9시 30분에 영업 시작_영업 전09:30에 영업 시작9시 30분에 영업 시작_영업 전09:30에 영업 시작9시 30분에 영업 시작_영업 전_09:30에 영업 시작9시 30분에 영업 시작_09:30에 영업 시작_9시 30분에 영업 시작_목09:30 - 17:00_목09:30 - 17:00_목09:30 - 17:00_목_09:30 - 17:00_금09:30 - 17:00_금09:30 - 17:00_금09:30 - 17:00_금_09:30 - 17:00_토09:30 - 17:00_토09:30 - 17:00_토09:30 - 17:00_토_09:30 - 17:00_일09:30 - 17:00_일09:30 - 17:00_일09:30 - 17:00_일_09:30 - 17:00_월09:30 - 17:00_월09:30 - 17:00_월09:30 - 17:00_월_09:30 - 17:00_화09:30 - 17:00_화09:30 - 17:00_화09:30 - 17:00_화_09:30 - 17:00_수09:30 - 17:00_수09:30 - 17:00_수09:30 - 17:00_수_09:30 - 17:00_- 월~토요일 17~20시에는 예약제로 운영합니다접기_- 월~토요일 17~20시에는 예약제로 운영합니다접기_- 월~토요일 17~20시에는 예약제로 운영합니다_- 월~토요일 17~20시에는 예약제로 운영합니다_접기_접기,별점없음,0,0,https://search.pstatic.net/common/?autoRotate=true&type=w560_sharpen&src=https%3A%2F%2Fldb-phinf.pstatic.net%2F20251103_225%2F1762179840019OY0gO_PNG%2F1000011553.png,단체 이용 가능_예약_무선 인터넷_유아의자,주차가능무료
샤브르정원 전주점,2049267952,샤브샤브,도로명전북 전주시 완산구 세내로 281 201~207호 샤브르정원 전주점복사지번전북 전주시 완산구 효자동3가 1542-2복사우편번호우편번호54969복사안내 레이어 닫기,0507-1394-4949,영업 전11:00에 영업 시작11시 0분에 영업 시작_영업 전11:00에 영업 시작11시 0분에 영업 시작_영업 전11:00에 영업 시작11시 0분에 영업 시작_영업 전_11:00에 영업 시작11시 0분에 영업 시작_11:00에 영업 시작_11시 0분에 영업 시작_목11:00 - 22:0015:00 - 17:00 브레이크타임20:00 라스트오더_목11:00 - 22:0015:00 - 17:00 브레이크타임20:00 라스트오더_목11:00 - 22:0015:00 - 17:00 브레이크타임20:00 라스트오더_목_11:00 - 22:0015:00 - 17:00 브레이크타임20:00 라스트오더_금11:00 - 22:0015:00 - 17:00 브레이크타임20:00 라스트오더_금11:00 - 22:0015:00 - 17:00 브레이크타임20:00 라스트오더_금11:00 - 22:0015:00 - 17:00 브레이크타임20:00 라스트오더_금_11:00 - 22:0015:00 - 17:00 브레이크타임20:00 라스트오더_토11:00 - 22:0020:00 라스트오더_토11:00 - 22:0020:00 라스트오더_토11:00 - 22:0020:00 라스트오더_토_11:00 - 22:0020:00 라스트오더_일11:00 - 22:0020:00 라스트오더_일11:00 - 22:0020:00 라스트오더_일11:00 - 22:0020:00 라스트오더_일_11:00 - 22:0020:00 라스트오더_월11:00 - 22:0015:00 - 17:00 브레이크타임20:00 라스트오더_월11:00 - 22:0015:00 - 17:00 브레이크타임20:00 라스트오더_월11:00 - 22:0015:00 - 17:00 브레이크타임20:00 라스트오더_월_11:00 - 22:0015:00 - 17:00 브레이크타임20:00 라스트오더_화11:00 - 22:0015:00 - 17:00 브레이크타임20:00 라스트오더_화11:00 - 22:0015:00 - 17:00 브레이크타임20:00 라스트오더_화11:00 - 22:0015:00 - 17:00 브레이크타임20:00 라스트오더_화_11:00 - 22:0015:00 - 17:00 브레이크타임20:00 라스트오더_수11:00 - 22:0015:00 - 17:00 브레이크타임20:00 라스트오더_수11:00 - 22:0015:00 - 17:00 브레이크타임20:00 라스트오더_수11:00 - 22:0015:00 - 17:00 브레이크타임20:00 라스트오더_수_11:00 - 22:0015:00 - 17:00 브레이크타임20:00 라스트오더_- 샐러드 바 마감 14:30 / 20:30접기_- 샐러드 바 마감 14:30 / 20:30접기_- 샐러드 바 마감 14:30 / 20:30_- 샐러드 바 마감 14:30 / 20:30_접기_접기,별점없음,0,0,https://search.pstatic.net/common/?autoRotate=true&type=w560_sharpen&src=https%3A%2F%2Fldb-phinf.pstatic.net%2F20260109_152%2F1767935202711yS5gR_JPEG%2F%25B4%25D9%25BF%25EE%25B7%25CE%25B5%25E5.jpg,무한 리필_단체 이용 가능_방문접수/출장_예약_무선 인터넷_유아시설 (놀이방)_남/녀 화장실 구분_유아의자_대기공간_화장실 휠체어 이용가능_출입구 휠체어 이용가능_좌석 휠체어 이용가능,주차가능무료
양와당 전주점,1659906429,"카페,디저트",도로명전북 전주시 완산구 홍산남로 82 1층 101호복사지번전북 전주시 완산구 효자동3가 1541-1복사우편번호우편번호54969복사안내 레이어 닫기,0507-1468-5004,영업 전11:00에 영업 시작11시 0분에 영업 시작_영업 전11:00에 영업 시작11시 0분에 영업 시작_영업 전11:00에 영업 시작11시 0분에 영업 시작_영업 전_11:00에 영업 시작11시 0분에 영업 시작_11:00에 영업 시작_11시 0분에 영업 시작_목11:00 - 22:0021:30 라스트오더_목11:00 - 22:0021:30 라스트오더_목11:00 - 22:0021:30 라스트오더_목_11:00 - 22:0021:30 라스트오더_금11:00 - 22:0021:30 라스트오더_금11:00 - 22:0021:30 라스트오더_금11:00 - 22:0021:30 라스트오더_금_11:00 - 22:0021:30 라스트오더_토12:00 - 22:0021:30 라스트오더_토12:00 - 22:0021:30 라스트오더_토12:00 - 22:0021:30 라스트오더_토_12:00 - 22:0021:30 라스트오더_일12:00 - 22:0021:30 라스트오더_일12:00 - 22:0021:30 라스트오더_일12:00 - 22:0021:30 라스트오더_일_12:00 - 22:0021:30 라스트오더_월11:00 - 22:0021:30 라스트오더_월11:00 - 22:0021:30 라스트오더_월11:00 - 22:0021:30 라스트오더_월_11:00 - 22:0021:30 라스트오더_화11:00 - 22:0021:30 라스트오더_화11:00 - 22:0021:30 라스트오더_화11:00 - 22:0021:30 라스트오더_화_11:00 - 22:0021:30 라스트오더_수11:00 - 22:0021:30 라스트오더접기_수11:00 - 22:0021:30 라스트오더접기_수11:00 - 22:0021:30 라스트오더_수_11:00 - 22:0021:30 라스트오더_접기_접기,별점없음,0,0,https://search.pstatic.net/common/?autoRotate=true&type=w560_sharpen&src=https%3A%2F%2Fldb-phinf.pstatic.net%2F20230627_299%2F1687857594446vgVgb_JPEG%2F1687689535421.jpg,포장_무선 인터넷,주차가능
면식당 효자전주대점,1399181087,일식당,도로명전북 전주시 완산구 서원로 2 103호복사지번전북 전주시 완산구 효자동3가 1724-4복사우편번호우편번호55060복사안내 레이어 닫기,0507-1391-0617,영업 전10:00에 영업 시작10시 0분에 영업 시작_영업 전10:00에 영업 시작10시 0분에 영업 시작_영업 전10:00에 영업 시작10시 0분에 영업 시작_영업 전_10:00에 영업 시작10시 0분에 영업 시작_10:00에 영업 시작_10시 0분에 영업 시작_목10:00 - 21:0020:50 라스트오더_목10:00 - 21:0020:50 라스트오더_목10:00 - 21:0020:50 라스트오더_목_10:00 - 21:0020:50 라스트오더_금10:00 - 21:0020:50 라스트오더_금10:00 - 21:0020:50 라스트오더_금10:00 - 21:0020:50 라스트오더_금_10:00 - 21:0020:50 라스트오더_토10:00 - 21:0020:50 라스트오더_토10:00 - 21:0020:50 라스트오더_토10:00 - 21:0020:50 라스트오더_토_10:00 - 21:0020:50 라스트오더_일10:00 - 21:0020:50 라스트오더_일10:00 - 21:0020:50 라스트오더_일10:00 - 21:0020:50 라스트오더_일_10:00 - 21:0020:50 라스트오더_월10:00 - 21:0020:50 라스트오더_월10:00 - 21:0020:50 라스트오더_월10:00 - 21:0020:50 라스트오더_월_10:00 - 21:0020:50 라스트오더_화10:00 - 21:0020:50 라스트오더_화10:00 - 21:0020:50 라스트오더_화10:00 - 21:0020:50 라스트오더_화_10:00 - 21:0020:50 라스트오더_수10:00 - 21:0020:50 라스트오더접기_수10:00 - 21:0020:50 라스트오더접기_수10:00 - 21:0020:50 라스트오더_수_10:00 - 21:0020:50 라스트오더_접기_접기,별점없음,0,0,https://search.pstatic.net/common/?autoRotate=true&type=w278_sharpen&src=https%3A%2F%2Fldb-phinf.pstatic.net%2F20250723_64%2F1753261134957jm0s3_JPEG%2F%25B8%25F0%25C0%25BD%25C4%25C6.JPG,글루텐프리 메뉴_포장_배달_대기공간_남/녀 화장실 구분_무선 인터넷_단체 이용 가능,주차가능무료
록갈비 신시가지점,1755777514,"육류,고기요리",도로명전북 전주시 완산구 홍산중앙로 27 1층 105호복사지번전북 전주시 완산구 효자동3가 1535-8복사우편번호우편번호54969복사안내 레이어 닫기,0507-1477-2438,영업 종료17:00에 영업 시작17시 0분에 영업 시작_영업 종료17:00에 영업 시작17시 0분에 영업 시작_영업 종료17:00에 영업 시작17시 0분에 영업 시작_영업 종료_17:00에 영업 시작17시 0분에 영업 시작_17:00에 영업 시작_17시 0분에 영업 시작_목17:00 - 다음 날 03:00_목17:00 - 다음 날 03:00_목17:00 - 다음 날 03:00_목_17:00 - 다음 날 03:00_금17:00 - 다음 날 03:00_금17:00 - 다음 날 03:00_금17:00 - 다음 날 03:00_금_17:00 - 다음 날 03:00_토17:00 - 다음 날 03:00_토17:00 - 다음 날 03:00_토17:00 - 다음 날 03:00_토_17:00 - 다음 날 03:00_일17:00 - 다음 날 01:00_일17:00 - 다음 날 01:00_일17:00 - 다음 날 01:00_일_17:00 - 다음 날 01:00_월(6/15)정기휴무 (격주 월요일)_월(6/15)정기휴무 (격주 월요일)_월(6/15)정기휴무 (격주 월요일)_월(6/15)_정기휴무 (격주 월요일)_정기휴무 (격주 월요일)_화17:00 - 다음 날 03:00_화17:00 - 다음 날 03:00_화17:00 - 다음 날 03:00_화_17:00 - 다음 날 03:00_수17:00 - 다음 날 03:00_수17:00 - 다음 날 03:00_수17:00 - 다음 날 03:00_수_17:00 - 다음 날 03:00_격주 월요일 정기 휴무접기_격주 월요일 정기 휴무접기_격주 월요일 정기 휴무_접기_접기,별점없음,0,0,https://search.pstatic.net/common/?autoRotate=true&type=w560_sharpen&src=https%3A%2F%2Fldb-phinf.pstatic.net%2F20260127_18%2F17694916211159xxNy_JPEG%2F%25B4%25D9%25BF%25EE%25B7%25CE%25B5%25E5_%25281%2529.jfif.jpg,콜키지 가능유료_단체 이용 가능_포장_예약_남/녀 화장실 구분_화장실 휠체어 이용가능_출입구 휠체어 이용가능_좌석 휠체어 이용가능_장애인 주차구역,주차가능무료
블레스롤 전주신시가지점,1301306204,카페,도로명전북 전주시 완산구 홍산남로 56 1층복사지번전북 전주시 완산구 효자동2가 1155-5복사우편번호우편번호54969복사안내 레이어 닫기,063-227-0070,영업 전10:00에 영업 시작10시 0분에 영업 시작_영업 전10:00에 영업 시작10시 0분에 영업 시작_영업 전10:00에 영업 시작10시 0분에 영업 시작_영업 전_10:00에 영업 시작10시 0분에 영업 시작_10:00에 영업 시작_10시 0분에 영업 시작_매일10:00 - 다음 날 02:00접기_매일10:00 - 다음 날 02:00접기_매일10:00 - 다음 날 02:00_매일_10:00 - 다음 날 02:00_접기_접기,별점없음,0,0,https://search.pstatic.net/common/?autoRotate=true&type=w560_sharpen&src=https%3A%2F%2Fldb-phinf.pstatic.net%2F20250404_124%2F1743732590706D650n_JPEG%2F222.jpg,단체 이용 가능_포장_배달_남/녀 화장실 구분_무선 인터넷_예약,주차가능
오븐어클락,1016465767,베이커리,도로명전북 전주시 완산구 봉곡1길 35 1층 101호복사지번전북 전주시 완산구 효자동2가 1246-10복사우편번호우편번호55060복사안내 레이어 닫기,063-229-2292,곧 영업 시작09:00에 영업 시작9시 0분에 영업 시작_곧 영업 시작09:00에 영업 시작9시 0분에 영업 시작_곧 영업 시작09:00에 영업 시작9시 0분에 영업 시작_곧 영업 시작_09:00에 영업 시작9시 0분에 영업 시작_09:00에 영업 시작_9시 0분에 영업 시작_목09:00 - 20:00_목09:00 - 20:00_목09:00 - 20:00_목_09:00 - 20:00_금09:00 - 20:00_금09:00 - 20:00_금09:00 - 20:00_금_09:00 - 20:00_토09:00 - 18:00_토09:00 - 18:00_토09:00 - 18:00_토_09:00 - 18:00_일정기휴무 (매주 일요일)_일정기휴무 (매주 일요일)_일정기휴무 (매주 일요일)_일_정기휴무 (매주 일요일)_정기휴무 (매주 일요일)_월09:00 - 20:00_월09:00 - 20:00_월09:00 - 20:00_월_09:00 - 20:00_화09:00 - 20:00_화09:00 - 20:00_화09:00 - 20:00_화_09:00 - 20:00_수09:00 - 20:00접기_수09:00 - 20:00접기_수09:00 - 20:00_수_09:00 - 20:00_접기_접기,별점없음,0,0,https://search.pstatic.net/common/?autoRotate=true&type=w560_sharpen&src=https%3A%2F%2Fldb-phinf.pstatic.net%2F20240716_235%2F1721064631119Vaa7q_JPEG%2F1721064569070.jpg,단체 이용 가능_포장_배달_예약_무선 인터넷_남/녀 화장실 구분_유아의자,주차가능무료
일품풍천장어,1340550116,"장어,먹장어요리",도로명전북 전주시 완산구 마전1길 10복사지번전북 전주시 완산구 효자동3가 1646-11복사우편번호우편번호54962복사안내 레이어 닫기,0507-1412-8383,영업 전11:00에 영업 시작11시 0분에 영업 시작_영업 전11:00에 영업 시작11시 0분에 영업 시작_영업 전11:00에 영업 시작11시 0분에 영업 시작_영업 전_11:00에 영업 시작11시 0분에 영업 시작_11:00에 영업 시작_11시 0분에 영업 시작_목11:00 - 22:0014:30 - 17:00 브레이크타임21:00 라스트오더_목11:00 - 22:0014:30 - 17:00 브레이크타임21:00 라스트오더_목11:00 - 22:0014:30 - 17:00 브레이크타임21:00 라스트오더_목_11:00 - 22:0014:30 - 17:00 브레이크타임21:00 라스트오더_금11:00 - 22:0014:30 - 17:00 브레이크타임21:00 라스트오더_금11:00 - 22:0014:30 - 17:00 브레이크타임21:00 라스트오더_금11:00 - 22:0014:30 - 17:00 브레이크타임21:00 라스트오더_금_11:00 - 22:0014:30 - 17:00 브레이크타임21:00 라스트오더_토11:00 - 20:3014:20 - 17:00 브레이크타임19:30 라스트오더_토11:00 - 20:3014:20 - 17:00 브레이크타임19:30 라스트오더_토11:00 - 20:3014:20 - 17:00 브레이크타임19:30 라스트오더_토_11:00 - 20:3014:20 - 17:00 브레이크타임19:30 라스트오더_일11:00 - 20:3014:20 - 17:00 브레이크타임19:30 라스트오더_일11:00 - 20:3014:20 - 17:00 브레이크타임19:30 라스트오더_일11:00 - 20:3014:20 - 17:00 브레이크타임19:30 라스트오더_일_11:00 - 20:3014:20 - 17:00 브레이크타임19:30 라스트오더_월11:00 - 22:0014:30 - 17:00 브레이크타임21:00 라스트오더_월11:00 - 22:0014:30 - 17:00 브레이크타임21:00 라스트오더_월11:00 - 22:0014:30 - 17:00 브레이크타임21:00 라스트오더_월_11:00 - 22:0014:30 - 17:00 브레이크타임21:00 라스트오더_화11:00 - 22:0014:30 - 17:00 브레이크타임21:00 라스트오더_화11:00 - 22:0014:30 - 17:00 브레이크타임21:00 라스트오더_화11:00 - 22:0014:30 - 17:00 브레이크타임21:00 라스트오더_화_11:00 - 22:0014:30 - 17:00 브레이크타임21:00 라스트오더_수11:00 - 22:0014:30 - 17:00 브레이크타임21:00 라스트오더접기_수11:00 - 22:0014:30 - 17:00 브레이크타임21:00 라스트오더접기_수11:00 - 22:0014:30 - 17:00 브레이크타임21:00 라스트오더_수_11:00 - 22:0014:30 - 17:00 브레이크타임21:00 라스트오더_접기_접기,별점4.61,0,0,https://search.pstatic.net/common/?autoRotate=true&type=w560_sharpen&src=https%3A%2F%2Fldb-phinf.pstatic.net%2F20210528_115%2F1622196411744DUOza_JPEG%2FsB8m5hH7Q__SXRCMTzD7GxfC.jpg,콜키지 가능무료_단체 이용 가능_포장_남/녀 화장실 구분_예약_무선 인터넷,주차가능무료
미성 신시가지점,1597781389,한식,도로명전북 전주시 완산구 홍산북로 59-12 1층복사지번전북 전주시 완산구 효자동3가 1527-14복사우편번호우편번호54969복사안내 레이어 닫기,0507-1391-2689,영업 종료17:00에 영업 시작17시 0분에 영업 시작_영업 종료17:00에 영업 시작17시 0분에 영업 시작_영업 종료17:00에 영업 시작17시 0분에 영업 시작_영업 종료_17:00에 영업 시작17시 0분에 영업 시작_17:00에 영업 시작_17시 0분에 영업 시작_목17:00 - 24:00_목17:00 - 24:00_목17:00 - 24:00_목_17:00 - 24:00_금17:00 - 24:00_금17:00 - 24:00_금17:00 - 24:00_금_17:00 - 24:00_토17:00 - 24:00_토17:00 - 24:00_토17:00 - 24:00_토_17:00 - 24:00_일17:00 - 24:00_일17:00 - 24:00_일17:00 - 24:00_일_17:00 - 24:00_월17:00 - 24:00_월17:00 - 24:00_월17:00 - 24:00_월_17:00 - 24:00_화17:00 - 24:00_화17:00 - 24:00_화17:00 - 24:00_화_17:00 - 24:00_수17:00 - 24:00접기_수17:00 - 24:00접기_수17:00 - 24:00_수_17:00 - 24:00_접기_접기,별점없음,0,0,https://search.pstatic.net/common/?autoRotate=true&type=w560_sharpen&src=https%3A%2F%2Fldb-phinf.pstatic.net%2F20230527_219%2F1685189883508XqCmx_JPEG%2FIMG_6084.jpeg,단체 이용 가능_남/녀 화장실 구분_무선 인터넷_유아의자,주차가능무료
1964금이정 전북도청본점,1989044251,한식,도로명전북 전주시 완산구 홍산북로 83-17 2층복사지번전북 전주시 완산구 효자동3가 1528-10복사우편번호우편번호54969복사안내 레이어 닫기,0507-1468-0308,영업 전10:00에 영업 시작10시 0분에 영업 시작_영업 전10:00에 영업 시작10시 0분에 영업 시작_영업 전10:00에 영업 시작10시 0분에 영업 시작_영업 전_10:00에 영업 시작10시 0분에 영업 시작_10:00에 영업 시작_10시 0분에 영업 시작_목10:00 - 20:00_목10:00 - 20:00_목10:00 - 20:00_목_10:00 - 20:00_금10:00 - 20:00_금10:00 - 20:00_금10:00 - 20:00_금_10:00 - 20:00_토10:00 - 20:00_토10:00 - 20:00_토10:00 - 20:00_토_10:00 - 20:00_일10:00 - 20:00_일10:00 - 20:00_일10:00 - 20:00_일_10:00 - 20:00_월10:00 - 20:00_월10:00 - 20:00_월10:00 - 20:00_월_10:00 - 20:00_화10:00 - 20:00_화10:00 - 20:00_화10:00 - 20:00_화_10:00 - 20:00_수10:00 - 20:00접기_수10:00 - 20:00접기_수10:00 - 20:00_수_10:00 - 20:00_접기_접기,별점4.76,0,0,https://search.pstatic.net/common/?autoRotate=true&type=w560_sharpen&src=https%3A%2F%2Fldb-phinf.pstatic.net%2F20210724_52%2F1627078903875g6Pfe_JPEG%2FrnE4mgWMBkpO8_B4_IpiR04p.jpg,단체 이용 가능_포장_배달_예약,주차가능무료
꾸아 전주신시가지점,1233258024,베트남음식,도로명전북 전주시 완산구 홍산남로 27 1층 102호복사지번전북 전주시 완산구 효자동2가 1238-7복사우편번호우편번호54966복사안내 레이어 닫기,0507-1307-2664,영업 전11:00에 영업 시작11시 0분에 영업 시작_영업 전11:00에 영업 시작11시 0분에 영업 시작_영업 전11:00에 영업 시작11시 0분에 영업 시작_영업 전_11:00에 영업 시작11시 0분에 영업 시작_11:00에 영업 시작_11시 0분에 영업 시작_목11:00 - 21:0015:00 - 17:00 브레이크타임20:30 라스트오더_목11:00 - 21:0015:00 - 17:00 브레이크타임20:30 라스트오더_목11:00 - 21:0015:00 - 17:00 브레이크타임20:30 라스트오더_목_11:00 - 21:0015:00 - 17:00 브레이크타임20:30 라스트오더_금11:00 - 21:0015:00 - 17:00 브레이크타임20:30 라스트오더_금11:00 - 21:0015:00 - 17:00 브레이크타임20:30 라스트오더_금11:00 - 21:0015:00 - 17:00 브레이크타임20:30 라스트오더_금_11:00 - 21:0015:00 - 17:00 브레이크타임20:30 라스트오더_토11:00 - 21:0020:30 라스트오더_토11:00 - 21:0020:30 라스트오더_토11:00 - 21:0020:30 라스트오더_토_11:00 - 21:0020:30 라스트오더_일11:00 - 21:0020:30 라스트오더_일11:00 - 21:0020:30 라스트오더_일11:00 - 21:0020:30 라스트오더_일_11:00 - 21:0020:30 라스트오더_월11:00 - 21:0015:00 - 17:00 브레이크타임20:30 라스트오더_월11:00 - 21:0015:00 - 17:00 브레이크타임20:30 라스트오더_월11:00 - 21:0015:00 - 17:00 브레이크타임20:30 라스트오더_월_11:00 - 21:0015:00 - 17:00 브레이크타임20:30 라스트오더_화11:00 - 21:0015:00 - 17:00 브레이크타임20:30 라스트오더_화11:00 - 21:0015:00 - 17:00 브레이크타임20:30 라스트오더_화11:00 - 21:0015:00 - 17:00 브레이크타임20:30 라스트오더_화_11:00 - 21:0015:00 - 17:00 브레이크타임20:30 라스트오더_수11:00 - 21:0015:00 - 17:00 브레이크타임20:30 라스트오더_수11:00 - 21:0015:00 - 17:00 브레이크타임20:30 라스트오더_수11:00 - 21:0015:00 - 17:00 브레이크타임20:30 라스트오더_수_11:00 - 21:0015:00 - 17:00 브레이크타임20:30 라스트오더_- !! 10/20 GRAND OPEN !!접기_- !! 10/20 GRAND OPEN !!접기_- !! 10/20 GRAND OPEN !!_- !! 10/20 GRAND OPEN !!_접기_접기,별점없음,0,0,https://search.pstatic.net/common/?autoRotate=true&type=w560_sharpen&src=https%3A%2F%2Fldb-phinf.pstatic.net%2F20231011_107%2F1697001905293F6rn5_JPEG%2FP20230704_143843718_66D9899C-9121-4380-B26B-E3C753CABAD3_%25281%2529.JPG,포장_배달_단체 이용 가능_유아의자,주차 불가
비비하우스 케이크,1229523039,케이크전문,도로명전북 전주시 완산구 우전로 250 1층 비비하우스케이크복사지번전북 전주시 완산구 효자동2가 1234-1복사우편번호우편번호54966복사안내 레이어 닫기,0507-1303-6272,"영업 전12:00에 영업 시작12시 0분에 영업 시작_영업 전12:00에 영업 시작12시 0분에 영업 시작_영업 전12:00에 영업 시작12시 0분에 영업 시작_영업 전_12:00에 영업 시작12시 0분에 영업 시작_12:00에 영업 시작_12시 0분에 영업 시작_매일12:00 - 19:00_매일12:00 - 19:00_매일12:00 - 19:00_매일_12:00 - 19:00_- 예약상황에 따라 오픈시간,마감시간은 상이합니다.접기_- 예약상황에 따라 오픈시간,마감시간은 상이합니다.접기_- 예약상황에 따라 오픈시간,마감시간은 상이합니다._- 예약상황에 따라 오픈시간,마감시간은 상이합니다._접기_접기",별점없음,0,0,https://search.pstatic.net/common/?autoRotate=true&quality=95&type=w750&src=https%3A%2F%2Fldb-phinf.pstatic.net%2F20260225_139%2F1772027299154YkpuJ_JPEG%2FKakaoTalk_20260225_224349647.jpg,예약_포장_남/녀 화장실 구분_무선 인터넷_\반려동물 동반_장애인 주차구역,주차가능무료
설빙 전주효자점,35221582,빙수,도로명전북 전주시 완산구 홍산3길 5 2층복사지번전북 전주시 완산구 효자동3가 1527-8복사우편번호우편번호54969복사안내 레이어 닫기,063-221-3988,영업 전12:00에 영업 시작12시 0분에 영업 시작_영업 전12:00에 영업 시작12시 0분에 영업 시작_영업 전12:00에 영업 시작12시 0분에 영업 시작_영업 전_12:00에 영업 시작12시 0분에 영업 시작_12:00에 영업 시작_12시 0분에 영업 시작_매일12:00 - 22:30_매일12:00 - 22:30_매일12:00 - 22:30_매일_12:00 - 22:30_- 매장이용 시간은 10시 포장은 10시 25분입니다.접기_- 매장이용 시간은 10시 포장은 10시 25분입니다.접기_- 매장이용 시간은 10시 포장은 10시 25분입니다._- 매장이용 시간은 10시 포장은 10시 25분입니다._접기_접기,별점4.39,0,0,https://search.pstatic.net/common/?autoRotate=true&type=w560_sharpen&src=https%3A%2F%2Fldb-phinf.pstatic.net%2F20150831_204%2F1440987437645LrnDY_JPEG%2F156577538170078_0.jpeg,포장_무선 인터넷_배달,주차가능무료
오모이텐동,2092304198,일식당,도로명전북 전주시 완산구 홍산남로 29-7 1층 101호복사지번전북 전주시 완산구 효자동2가 1238-8복사우편번호우편번호54966복사안내 레이어 닫기,0507-1337-6761,"영업 전11:00에 영업 시작11시 0분에 영업 시작_영업 전11:00에 영업 시작11시 0분에 영업 시작_영업 전11:00에 영업 시작11시 0분에 영업 시작_영업 전_11:00에 영업 시작11시 0분에 영업 시작_11:00에 영업 시작_11시 0분에 영업 시작_목11:00 - 21:0015:00 - 17:00 브레이크타임20:10 라스트오더_목11:00 - 21:0015:00 - 17:00 브레이크타임20:10 라스트오더_목11:00 - 21:0015:00 - 17:00 브레이크타임20:10 라스트오더_목_11:00 - 21:0015:00 - 17:00 브레이크타임20:10 라스트오더_금11:00 - 21:0015:00 - 17:00 브레이크타임20:10 라스트오더_금11:00 - 21:0015:00 - 17:00 브레이크타임20:10 라스트오더_금11:00 - 21:0015:00 - 17:00 브레이크타임20:10 라스트오더_금_11:00 - 21:0015:00 - 17:00 브레이크타임20:10 라스트오더_토11:00 - 21:0015:00 - 17:00 브레이크타임20:10 라스트오더_토11:00 - 21:0015:00 - 17:00 브레이크타임20:10 라스트오더_토11:00 - 21:0015:00 - 17:00 브레이크타임20:10 라스트오더_토_11:00 - 21:0015:00 - 17:00 브레이크타임20:10 라스트오더_일정기휴무 (매주 일요일)_일정기휴무 (매주 일요일)_일정기휴무 (매주 일요일)_일_정기휴무 (매주 일요일)_정기휴무 (매주 일요일)_월11:00 - 21:0015:00 - 17:00 브레이크타임20:10 라스트오더_월11:00 - 21:0015:00 - 17:00 브레이크타임20:10 라스트오더_월11:00 - 21:0015:00 - 17:00 브레이크타임20:10 라스트오더_월_11:00 - 21:0015:00 - 17:00 브레이크타임20:10 라스트오더_화11:00 - 21:0015:00 - 17:00 브레이크타임20:10 라스트오더_화11:00 - 21:0015:00 - 17:00 브레이크타임20:10 라스트오더_화11:00 - 21:0015:00 - 17:00 브레이크타임20:10 라스트오더_화_11:00 - 21:0015:00 - 17:00 브레이크타임20:10 라스트오더_수11:00 - 21:0015:00 - 17:00 브레이크타임20:10 라스트오더_수11:00 - 21:0015:00 - 17:00 브레이크타임20:10 라스트오더_수11:00 - 21:0015:00 - 17:00 브레이크타임20:10 라스트오더_수_11:00 - 21:0015:00 - 17:00 브레이크타임20:10 라스트오더_- 점심 2시 40분, 저녁 8시 10분 라스트오더접기_- 점심 2시 40분, 저녁 8시 10분 라스트오더접기_- 점심 2시 40분, 저녁 8시 10분 라스트오더_- 점심 2시 40분, 저녁 8시 10분 라스트오더_접기_접기",별점없음,0,0,https://search.pstatic.net/common/?autoRotate=true&type=w560_sharpen&src=https%3A%2F%2Fldb-phinf.pstatic.net%2F20260417_95%2F1776395773108o55Tr_JPEG%2F%25C6%25A2%25B1%25E2%25B4%25C2_%25BB%25E7%25C1%25F8_%25282%2529.jpg,무선 인터넷_유아의자,주차가능무료
오모이텐동,2092304198,일식당,도로명전북 전주시 완산구 홍산남로 29-7 1층 101호복사지번전북 전주시 완산구 효자동2가 1238-8복사우편번호우편번호54966복사안내 레이어 닫기,0507-1337-6761,"영업 전11:00에 영업 시작11시 0분에 영업 시작_영업 전11:00에 영업 시작11시 0분에 영업 시작_영업 전11:00에 영업 시작11시 0분에 영업 시작_영업 전_11:00에 영업 시작11시 0분에 영업 시작_11:00에 영업 시작_11시 0분에 영업 시작_목11:00 - 21:0015:00 - 17:00 브레이크타임20:10 라스트오더_목11:00 - 21:0015:00 - 17:00 브레이크타임20:10 라스트오더_목11:00 - 21:0015:00 - 17:00 브레이크타임20:10 라스트오더_목_11:00 - 21:0015:00 - 17:00 브레이크타임20:10 라스트오더_금11:00 - 21:0015:00 - 17:00 브레이크타임20:10 라스트오더_금11:00 - 21:0015:00 - 17:00 브레이크타임20:10 라스트오더_금11:00 - 21:0015:00 - 17:00 브레이크타임20:10 라스트오더_금_11:00 - 21:0015:00 - 17:00 브레이크타임20:10 라스트오더_토11:00 - 21:0015:00 - 17:00 브레이크타임20:10 라스트오더_토11:00 - 21:0015:00 - 17:00 브레이크타임20:10 라스트오더_토11:00 - 21:0015:00 - 17:00 브레이크타임20:10 라스트오더_토_11:00 - 21:0015:00 - 17:00 브레이크타임20:10 라스트오더_일정기휴무 (매주 일요일)_일정기휴무 (매주 일요일)_일정기휴무 (매주 일요일)_일_정기휴무 (매주 일요일)_정기휴무 (매주 일요일)_월11:00 - 21:0015:00 - 17:00 브레이크타임20:10 라스트오더_월11:00 - 21:0015:00 - 17:00 브레이크타임20:10 라스트오더_월11:00 - 21:0015:00 - 17:00 브레이크타임20:10 라스트오더_월_11:00 - 21:0015:00 - 17:00 브레이크타임20:10 라스트오더_화11:00 - 21:0015:00 - 17:00 브레이크타임20:10 라스트오더_화11:00 - 21:0015:00 - 17:00 브레이크타임20:10 라스트오더_화11:00 - 21:0015:00 - 17:00 브레이크타임20:10 라스트오더_화_11:00 - 21:0015:00 - 17:00 브레이크타임20:10 라스트오더_수11:00 - 21:0015:00 - 17:00 브레이크타임20:10 라스트오더_수11:00 - 21:0015:00 - 17:00 브레이크타임20:10 라스트오더_수11:00 - 21:0015:00 - 17:00 브레이크타임20:10 라스트오더_수_11:00 - 21:0015:00 - 17:00 브레이크타임20:10 라스트오더_- 점심 2시 40분, 저녁 8시 10분 라스트오더접기_- 점심 2시 40분, 저녁 8시 10분 라스트오더접기_- 점심 2시 40분, 저녁 8시 10분 라스트오더_- 점심 2시 40분, 저녁 8시 10분 라스트오더_접기_접기",별점없음,0,0,https://search.pstatic.net/common/?autoRotate=true&type=w560_sharpen&src=https%3A%2F%2Fldb-phinf.pstatic.net%2F20260417_95%2F1776395773108o55Tr_JPEG%2F%25C6%25A2%25B1%25E2%25B4%25C2_%25BB%25E7%25C1%25F8_%25282%2529.jpg,무선 인터넷_유아의자,주차가능무료
참예우명품프라자 도청점,21880658,소고기구이,도로명전북 전주시 완산구 효자로 170복사지번전북 전주시 완산구 효자동2가 1228-3복사우편번호우편번호54966복사안내 레이어 닫기,0507-1412-9252,영업 전11:30에 영업 시작11시 30분에 영업 시작_영업 전11:30에 영업 시작11시 30분에 영업 시작_영업 전11:30에 영업 시작11시 30분에 영업 시작_영업 전_11:30에 영업 시작11시 30분에 영업 시작_11:30에 영업 시작_11시 30분에 영업 시작_목11:30 - 21:2014:30 - 17:30 브레이크타임20:50 라스트오더_목11:30 - 21:2014:30 - 17:30 브레이크타임20:50 라스트오더_목11:30 - 21:2014:30 - 17:30 브레이크타임20:50 라스트오더_목_11:30 - 21:2014:30 - 17:30 브레이크타임20:50 라스트오더_금11:30 - 21:2014:30 - 17:30 브레이크타임20:50 라스트오더_금11:30 - 21:2014:30 - 17:30 브레이크타임20:50 라스트오더_금11:30 - 21:2014:30 - 17:30 브레이크타임20:50 라스트오더_금_11:30 - 21:2014:30 - 17:30 브레이크타임20:50 라스트오더_토11:30 - 21:2014:30 - 17:30 브레이크타임20:50 라스트오더_토11:30 - 21:2014:30 - 17:30 브레이크타임20:50 라스트오더_토11:30 - 21:2014:30 - 17:30 브레이크타임20:50 라스트오더_토_11:30 - 21:2014:30 - 17:30 브레이크타임20:50 라스트오더_일11:30 - 21:2014:30 - 17:30 브레이크타임20:50 라스트오더_일11:30 - 21:2014:30 - 17:30 브레이크타임20:50 라스트오더_일11:30 - 21:2014:30 - 17:30 브레이크타임20:50 라스트오더_일_11:30 - 21:2014:30 - 17:30 브레이크타임20:50 라스트오더_월11:30 - 21:2014:30 - 17:30 브레이크타임20:50 라스트오더_월11:30 - 21:2014:30 - 17:30 브레이크타임20:50 라스트오더_월11:30 - 21:2014:30 - 17:30 브레이크타임20:50 라스트오더_월_11:30 - 21:2014:30 - 17:30 브레이크타임20:50 라스트오더_화11:30 - 21:2014:30 - 17:30 브레이크타임20:50 라스트오더_화11:30 - 21:2014:30 - 17:30 브레이크타임20:50 라스트오더_화11:30 - 21:2014:30 - 17:30 브레이크타임20:50 라스트오더_화_11:30 - 21:2014:30 - 17:30 브레이크타임20:50 라스트오더_수11:30 - 21:2014:30 - 17:30 브레이크타임20:50 라스트오더접기_수11:30 - 21:2014:30 - 17:30 브레이크타임20:50 라스트오더접기_수11:30 - 21:2014:30 - 17:30 브레이크타임20:50 라스트오더_수_11:30 - 21:2014:30 - 17:30 브레이크타임20:50 라스트오더_접기_접기,별점4.25,0,0,https://search.pstatic.net/common/?autoRotate=true&type=w560_sharpen&src=https%3A%2F%2Fldb-phinf.pstatic.net%2F20200530_248%2F15908472513840ticM_JPEG%2F6xERFpgqli5NMBxEYVDgSTq5.jpg,콜키지 가능유료_단체 이용 가능_예약_무선 인터넷_남/녀 화장실 구분_유아의자_포장_대기공간_화장실 휠체어 이용가능_장애인 주차구역,주차가능무료
숙성회 어소,1816340669,생선회,도로명전북 전주시 완산구 홍산북로 70-19 1층 101호복사지번전북 전주시 완산구 효자동3가 1538-1복사우편번호우편번호54969복사안내 레이어 닫기,0507-1388-9768,영업 종료17:00에 영업 시작17시 0분에 영업 시작_영업 종료17:00에 영업 시작17시 0분에 영업 시작_영업 종료17:00에 영업 시작17시 0분에 영업 시작_영업 종료_17:00에 영업 시작17시 0분에 영업 시작_17:00에 영업 시작_17시 0분에 영업 시작_목17:00 - 다음 날 01:0000:00 라스트오더_목17:00 - 다음 날 01:0000:00 라스트오더_목17:00 - 다음 날 01:0000:00 라스트오더_목_17:00 - 다음 날 01:0000:00 라스트오더_금17:00 - 다음 날 02:0001:00 라스트오더_금17:00 - 다음 날 02:0001:00 라스트오더_금17:00 - 다음 날 02:0001:00 라스트오더_금_17:00 - 다음 날 02:0001:00 라스트오더_토17:00 - 다음 날 02:0001:00 라스트오더_토17:00 - 다음 날 02:0001:00 라스트오더_토17:00 - 다음 날 02:0001:00 라스트오더_토_17:00 - 다음 날 02:0001:00 라스트오더_일17:00 - 다음 날 01:0000:00 라스트오더_일17:00 - 다음 날 01:0000:00 라스트오더_일17:00 - 다음 날 01:0000:00 라스트오더_일_17:00 - 다음 날 01:0000:00 라스트오더_월17:00 - 다음 날 01:0000:00 라스트오더_월17:00 - 다음 날 01:0000:00 라스트오더_월17:00 - 다음 날 01:0000:00 라스트오더_월_17:00 - 다음 날 01:0000:00 라스트오더_화17:00 - 다음 날 01:0000:00 라스트오더_화17:00 - 다음 날 01:0000:00 라스트오더_화17:00 - 다음 날 01:0000:00 라스트오더_화_17:00 - 다음 날 01:0000:00 라스트오더_수17:00 - 다음 날 01:0000:00 라스트오더접기_수17:00 - 다음 날 01:0000:00 라스트오더접기_수17:00 - 다음 날 01:0000:00 라스트오더_수_17:00 - 다음 날 01:0000:00 라스트오더_접기_접기,별점없음,0,0,https://search.pstatic.net/common/?autoRotate=true&type=w560_sharpen&src=https%3A%2F%2Fldb-phinf.pstatic.net%2F20260512_263%2F1778595218172FFWUs_JPEG%2FIMG_1486.jpg,콜키지 가능유료_콜키지 가능무료_단체 이용 가능_예약_무선 인터넷_남/녀 화장실 구분,주차가능무료
한우와 참치,1994972862,한식,도로명전북 전주시 완산구 홍산남로 16 201호복사지번전북 전주시 완산구 효자동2가 1242-2복사우편번호우편번호54966복사안내 레이어 닫기,063-221-3737,영업 전11:30에 영업 시작11시 30분에 영업 시작_영업 전11:30에 영업 시작11시 30분에 영업 시작_영업 전11:30에 영업 시작11시 30분에 영업 시작_영업 전_11:30에 영업 시작11시 30분에 영업 시작_11:30에 영업 시작_11시 30분에 영업 시작_매일11:30 - 22:0014:00 - 16:00 브레이크타임21:00 라스트오더접기_매일11:30 - 22:0014:00 - 16:00 브레이크타임21:00 라스트오더접기_매일11:30 - 22:0014:00 - 16:00 브레이크타임21:00 라스트오더_매일_11:30 - 22:0014:00 - 16:00 브레이크타임21:00 라스트오더_접기_접기,별점없음,0,0,https://search.pstatic.net/common/?autoRotate=true&type=w560_sharpen&src=https%3A%2F%2Fldb-phinf.pstatic.net%2F20231130_136%2F1701326692869j0VMI_PNG%2F1.png,단체 이용 가능_예약_남/녀 화장실 구분_무선 인터넷_포장_배달_유아의자_장애인 주차구역,주차가능무료
라핀블랑 전주점,1470686010,바(BAR),도로명전북 전주시 완산구 홍산중앙로 36 101호~103호복사지번전북 전주시 완산구 효자동3가 1536-4복사우편번호우편번호54969복사안내 레이어 닫기,0507-1368-4765,영업 종료20:00에 영업 시작20시 0분에 영업 시작_영업 종료20:00에 영업 시작20시 0분에 영업 시작_영업 종료20:00에 영업 시작20시 0분에 영업 시작_영업 종료_20:00에 영업 시작20시 0분에 영업 시작_20:00에 영업 시작_20시 0분에 영업 시작_매일20:00 - 다음 날 06:00_매일20:00 - 다음 날 06:00_매일20:00 - 다음 날 06:00_매일_20:00 - 다음 날 06:00_- 6시 쯤 3팀이상 있을경우 마감은 연장 됩니다.접기_- 6시 쯤 3팀이상 있을경우 마감은 연장 됩니다.접기_- 6시 쯤 3팀이상 있을경우 마감은 연장 됩니다._- 6시 쯤 3팀이상 있을경우 마감은 연장 됩니다._접기_접기,별점없음,0,0,https://search.pstatic.net/common/?autoRotate=true&type=w560_sharpen&src=https%3A%2F%2Fldb-phinf.pstatic.net%2F20251109_155%2F1762692322827U7pYC_JPEG%2F1000001748.jpg,생일 혜택_예약_단체 이용 가능_무선 인터넷_남/녀 화장실 구분,주차가능무료
홍루몽,1787508757,중식당,도로명전북 전주시 완산구 우전로 255 1층복사지번전북 전주시 완산구 효자동2가 1233-2복사우편번호우편번호54965복사안내 레이어 닫기,063-226-8838,"영업 전11:00에 영업 시작11시 0분에 영업 시작_영업 전11:00에 영업 시작11시 0분에 영업 시작_영업 전11:00에 영업 시작11시 0분에 영업 시작_영업 전_11:00에 영업 시작11시 0분에 영업 시작_11:00에 영업 시작_11시 0분에 영업 시작_목11:00 - 22:00_목11:00 - 22:00_목11:00 - 22:00_목_11:00 - 22:00_금11:00 - 22:00_금11:00 - 22:00_금11:00 - 22:00_금_11:00 - 22:00_토11:00 - 22:00_토11:00 - 22:00_토11:00 - 22:00_토_11:00 - 22:00_일11:00 - 22:00_일11:00 - 22:00_일11:00 - 22:00_일_11:00 - 22:00_월11:00 - 22:00_월11:00 - 22:00_월11:00 - 22:00_월_11:00 - 22:00_화11:00 - 22:00_화11:00 - 22:00_화11:00 - 22:00_화_11:00 - 22:00_수11:00 - 22:00_수11:00 - 22:00_수11:00 - 22:00_수_11:00 - 22:00_- 2월 23(월),24(화).25(수)은 가게가 쉬어요접기_- 2월 23(월),24(화).25(수)은 가게가 쉬어요접기_- 2월 23(월),24(화).25(수)은 가게가 쉬어요_- 2월 23(월),24(화).25(수)은 가게가 쉬어요_접기_접기",별점없음,0,0,https://search.pstatic.net/common/?autoRotate=true&type=w560_sharpen&src=https%3A%2F%2Fldb-phinf.pstatic.net%2F20241216_69%2F1734277053161duTKw_JPEG%2F1000006044.jpg,단체 이용 가능_포장_배달_예약_유아의자_남/녀 화장실 구분_대기공간_무선 인터넷_출입구 휠체어 이용가능_좌석 휠체어 이용가능_장애인 주차구역,주차가능무료
플러스82 전주점,1448315353,"카페,디저트",도로명전북 전주시 완산구 마전들로 67 102호복사지번전북 전주시 완산구 효자동3가 1648-1복사우편번호우편번호54962복사안내 레이어 닫기,063-901-2525,24시간 영업연중무휴연중무휴_24시간 영업연중무휴연중무휴_24시간 영업연중무휴연중무휴_24시간 영업_연중무휴연중무휴_연중무휴_연중무휴_매일00:00 - 24:00접기_매일00:00 - 24:00접기_매일00:00 - 24:00_매일_00:00 - 24:00_접기_접기,별점없음,0,0,https://search.pstatic.net/common/?autoRotate=true&type=w560_sharpen&src=https%3A%2F%2Fldb-phinf.pstatic.net%2F20240124_169%2F1706057483217WGzJa_JPEG%2F%25B3%25D7%25C0%25CC%25B9%25F6_%25B8%25DE%25C0%25CE%25B7%25CE%25B0%25ED.jpg,무선 인터넷_배달_포장,주차가능무료
라라코스트 전주전북도청점,36022749,패밀리레스토랑,"도로명전북 전주시 완산구 홍산남로 73 2층 201호, 202호복사지번전북 전주시 완산구 효자동3가 1539-2복사우편번호우편번호54969복사안내 레이어 닫기",063-228-3230,영업 전11:00에 영업 시작11시 0분에 영업 시작_영업 전11:00에 영업 시작11시 0분에 영업 시작_영업 전11:00에 영업 시작11시 0분에 영업 시작_영업 전_11:00에 영업 시작11시 0분에 영업 시작_11:00에 영업 시작_11시 0분에 영업 시작_목11:00 - 21:3015:00 - 17:00 브레이크타임21:00 라스트오더_목11:00 - 21:3015:00 - 17:00 브레이크타임21:00 라스트오더_목11:00 - 21:3015:00 - 17:00 브레이크타임21:00 라스트오더_목_11:00 - 21:3015:00 - 17:00 브레이크타임21:00 라스트오더_금11:00 - 21:3015:00 - 17:00 브레이크타임21:00 라스트오더_금11:00 - 21:3015:00 - 17:00 브레이크타임21:00 라스트오더_금11:00 - 21:3015:00 - 17:00 브레이크타임21:00 라스트오더_금_11:00 - 21:3015:00 - 17:00 브레이크타임21:00 라스트오더_토11:00 - 21:3021:00 라스트오더_토11:00 - 21:3021:00 라스트오더_토11:00 - 21:3021:00 라스트오더_토_11:00 - 21:3021:00 라스트오더_일11:00 - 21:3021:00 라스트오더_일11:00 - 21:3021:00 라스트오더_일11:00 - 21:3021:00 라스트오더_일_11:00 - 21:3021:00 라스트오더_월11:00 - 21:3015:00 - 17:00 브레이크타임21:00 라스트오더_월11:00 - 21:3015:00 - 17:00 브레이크타임21:00 라스트오더_월11:00 - 21:3015:00 - 17:00 브레이크타임21:00 라스트오더_월_11:00 - 21:3015:00 - 17:00 브레이크타임21:00 라스트오더_화11:00 - 21:3015:00 - 17:00 브레이크타임21:00 라스트오더_화11:00 - 21:3015:00 - 17:00 브레이크타임21:00 라스트오더_화11:00 - 21:3015:00 - 17:00 브레이크타임21:00 라스트오더_화_11:00 - 21:3015:00 - 17:00 브레이크타임21:00 라스트오더_수11:00 - 21:3015:00 - 17:00 브레이크타임21:00 라스트오더접기_수11:00 - 21:3015:00 - 17:00 브레이크타임21:00 라스트오더접기_수11:00 - 21:3015:00 - 17:00 브레이크타임21:00 라스트오더_수_11:00 - 21:3015:00 - 17:00 브레이크타임21:00 라스트오더_접기_접기,별점4.43,0,0,https://search.pstatic.net/common/?autoRotate=true&type=w560_sharpen&src=https%3A%2F%2Fldb-phinf.pstatic.net%2F20260327_134%2F1774573923086Hr6oj_JPEG%2F%25B3%25D7%25C0%25CC%25B9%25F6-1.jpg,단체 이용 가능_예약_무선 인터넷_포장_유아시설 (놀이방)_남/녀 화장실 구분_배달,주차가능
청담일식,37290017,일식당,도로명전북 전주시 완산구 석산2길 5-10복사지번전북 전주시 완산구 효자동3가 1696-9복사우편번호우편번호54963복사안내 레이어 닫기,063-241-5000,영업 전11:00에 영업 시작11시 0분에 영업 시작_영업 전11:00에 영업 시작11시 0분에 영업 시작_영업 전11:00에 영업 시작11시 0분에 영업 시작_영업 전_11:00에 영업 시작11시 0분에 영업 시작_11:00에 영업 시작_11시 0분에 영업 시작_매일11:00 - 22:00접기_매일11:00 - 22:00접기_매일11:00 - 22:00_매일_11:00 - 22:00_접기_접기,별점없음,0,0,https://search.pstatic.net/common/?autoRotate=true&type=w560_sharpen&src=https%3A%2F%2Fldb-phinf.pstatic.net%2F20151124_103%2F14483529372927M40E_JPEG%2F167068505721725_0.jpeg,예약_단체 이용 가능_남/녀 화장실 구분,주차가능
뺑드파미유,33616291,베이커리,도로명전북 전주시 완산구 문학대5길 32복사지번전북 전주시 완산구 효자동3가 1616-6복사우편번호우편번호54959복사안내 레이어 닫기,063-228-0076,영업 중21:00에 영업 종료21시 0분에 영업 종료_영업 중21:00에 영업 종료21시 0분에 영업 종료_영업 중21:00에 영업 종료21시 0분에 영업 종료_영업 중_21:00에 영업 종료21시 0분에 영업 종료_21:00에 영업 종료_21시 0분에 영업 종료_목08:00 - 21:00_목08:00 - 21:00_목08:00 - 21:00_목_08:00 - 21:00_금08:00 - 21:00_금08:00 - 21:00_금08:00 - 21:00_금_08:00 - 21:00_토08:00 - 21:00_토08:00 - 21:00_토08:00 - 21:00_토_08:00 - 21:00_일정기휴무 (매주 일요일)_일정기휴무 (매주 일요일)_일정기휴무 (매주 일요일)_일_정기휴무 (매주 일요일)_정기휴무 (매주 일요일)_월08:00 - 21:00_월08:00 - 21:00_월08:00 - 21:00_월_08:00 - 21:00_화08:00 - 21:00_화08:00 - 21:00_화08:00 - 21:00_화_08:00 - 21:00_수08:00 - 21:00접기_수08:00 - 21:00접기_수08:00 - 21:00_수_08:00 - 21:00_접기_접기,별점4.34,0,0,https://search.pstatic.net/common/?autoRotate=true&type=w560_sharpen&src=https%3A%2F%2Fldb-phinf.pstatic.net%2F20251121_177%2F1763705461092Vp6z8_JPEG%2FIMG_0520.jpeg,예약_포장_배달,주차가능무료
콴안다오 전주,1282109513,베트남음식,도로명전북 전주시 완산구 마전들로 13 1층 콴안다오복사지번전북 전주시 완산구 효자동3가 1669-1복사우편번호우편번호54961복사안내 레이어 닫기,0507-1368-5550,영업 전10:50에 영업 시작10시 50분에 영업 시작_영업 전10:50에 영업 시작10시 50분에 영업 시작_영업 전10:50에 영업 시작10시 50분에 영업 시작_영업 전_10:50에 영업 시작10시 50분에 영업 시작_10:50에 영업 시작_10시 50분에 영업 시작_목10:50 - 21:0020:30 라스트오더_목10:50 - 21:0020:30 라스트오더_목10:50 - 21:0020:30 라스트오더_목_10:50 - 21:0020:30 라스트오더_금10:50 - 21:0020:30 라스트오더_금10:50 - 21:0020:30 라스트오더_금10:50 - 21:0020:30 라스트오더_금_10:50 - 21:0020:30 라스트오더_토10:50 - 21:0020:30 라스트오더_토10:50 - 21:0020:30 라스트오더_토10:50 - 21:0020:30 라스트오더_토_10:50 - 21:0020:30 라스트오더_일10:50 - 21:0020:30 라스트오더_일10:50 - 21:0020:30 라스트오더_일10:50 - 21:0020:30 라스트오더_일_10:50 - 21:0020:30 라스트오더_월10:50 - 21:0020:30 라스트오더_월10:50 - 21:0020:30 라스트오더_월10:50 - 21:0020:30 라스트오더_월_10:50 - 21:0020:30 라스트오더_화10:50 - 21:0020:30 라스트오더_화10:50 - 21:0020:30 라스트오더_화10:50 - 21:0020:30 라스트오더_화_10:50 - 21:0020:30 라스트오더_수10:50 - 21:0020:30 라스트오더_수10:50 - 21:0020:30 라스트오더_수10:50 - 21:0020:30 라스트오더_수_10:50 - 21:0020:30 라스트오더_- 매장 휴무일ㆍ브레이크타임 없습니다.접기_- 매장 휴무일ㆍ브레이크타임 없습니다.접기_- 매장 휴무일ㆍ브레이크타임 없습니다._- 매장 휴무일ㆍ브레이크타임 없습니다._접기_접기,별점없음,0,0,https://search.pstatic.net/common/?autoRotate=true&type=w560_sharpen&src=https%3A%2F%2Fldb-phinf.pstatic.net%2F20250616_186%2F1750075052169fQKvm_JPEG%2FKakaoTalk_20250616_205104756_01.jpg,무선 인터넷_남/녀 화장실 구분_포장_배달_유아의자_대기공간_단체 이용 가능_예약,주차 불가
다 레오,1651846978,이탈리아음식,도로명전북 전주시 완산구 홍산로 269 108호복사지번전북 전주시 완산구 효자동2가 1232-3복사우편번호우편번호54966복사안내 레이어 닫기,0507-1324-6005,영업 전11:30에 영업 시작11시 30분에 영업 시작_영업 전11:30에 영업 시작11시 30분에 영업 시작_영업 전11:30에 영업 시작11시 30분에 영업 시작_영업 전_11:30에 영업 시작11시 30분에 영업 시작_11:30에 영업 시작_11시 30분에 영업 시작_목11:30 - 21:0015:00 - 17:00 브레이크타임20:00 라스트오더_목11:30 - 21:0015:00 - 17:00 브레이크타임20:00 라스트오더_목11:30 - 21:0015:00 - 17:00 브레이크타임20:00 라스트오더_목_11:30 - 21:0015:00 - 17:00 브레이크타임20:00 라스트오더_금11:30 - 21:0015:00 - 17:00 브레이크타임20:00 라스트오더_금11:30 - 21:0015:00 - 17:00 브레이크타임20:00 라스트오더_금11:30 - 21:0015:00 - 17:00 브레이크타임20:00 라스트오더_금_11:30 - 21:0015:00 - 17:00 브레이크타임20:00 라스트오더_토11:30 - 21:0015:00 - 17:00 브레이크타임20:00 라스트오더_토11:30 - 21:0015:00 - 17:00 브레이크타임20:00 라스트오더_토11:30 - 21:0015:00 - 17:00 브레이크타임20:00 라스트오더_토_11:30 - 21:0015:00 - 17:00 브레이크타임20:00 라스트오더_일11:30 - 15:0014:00 라스트오더_일11:30 - 15:0014:00 라스트오더_일11:30 - 15:0014:00 라스트오더_일_11:30 - 15:0014:00 라스트오더_월정기휴무 (매주 월요일)_월정기휴무 (매주 월요일)_월정기휴무 (매주 월요일)_월_정기휴무 (매주 월요일)_정기휴무 (매주 월요일)_화11:30 - 21:0015:00 - 17:00 브레이크타임20:00 라스트오더_화11:30 - 21:0015:00 - 17:00 브레이크타임20:00 라스트오더_화11:30 - 21:0015:00 - 17:00 브레이크타임20:00 라스트오더_화_11:30 - 21:0015:00 - 17:00 브레이크타임20:00 라스트오더_수11:30 - 21:0015:00 - 17:00 브레이크타임20:00 라스트오더접기_수11:30 - 21:0015:00 - 17:00 브레이크타임20:00 라스트오더접기_수11:30 - 21:0015:00 - 17:00 브레이크타임20:00 라스트오더_수_11:30 - 21:0015:00 - 17:00 브레이크타임20:00 라스트오더_접기_접기,별점없음,0,0,https://search.pstatic.net/common/?autoRotate=true&type=w560_sharpen&src=https%3A%2F%2Fldb-phinf.pstatic.net%2F20220823_232%2F1661252253110JluUY_JPEG%2FE06B7477-1DD1-4B8C-9AAB-E248B07C39D4.jpeg,콜키지 가능무료_단체 이용 가능_포장_남/녀 화장실 구분_예약,주차가능무료
도스타코스 전주신시가지점,1188233774,"멕시코,남미음식",도로명전북 전주시 완산구 홍산1길 21 상가 1층 도스타코스복사지번전북 전주시 완산구 효자동2가 1157-1복사우편번호우편번호54969복사안내 레이어 닫기,0507-1323-2102,영업 전11:30에 영업 시작11시 30분에 영업 시작_영업 전11:30에 영업 시작11시 30분에 영업 시작_영업 전11:30에 영업 시작11시 30분에 영업 시작_영업 전_11:30에 영업 시작11시 30분에 영업 시작_11:30에 영업 시작_11시 30분에 영업 시작_목11:30 - 22:0021:30 라스트오더_목11:30 - 22:0021:30 라스트오더_목11:30 - 22:0021:30 라스트오더_목_11:30 - 22:0021:30 라스트오더_금11:30 - 22:0021:30 라스트오더_금11:30 - 22:0021:30 라스트오더_금11:30 - 22:0021:30 라스트오더_금_11:30 - 22:0021:30 라스트오더_토11:30 - 22:0021:30 라스트오더_토11:30 - 22:0021:30 라스트오더_토11:30 - 22:0021:30 라스트오더_토_11:30 - 22:0021:30 라스트오더_일11:30 - 21:0020:30 라스트오더_일11:30 - 21:0020:30 라스트오더_일11:30 - 21:0020:30 라스트오더_일_11:30 - 21:0020:30 라스트오더_월정기휴무 (매주 월요일)_월정기휴무 (매주 월요일)_월정기휴무 (매주 월요일)_월_정기휴무 (매주 월요일)_정기휴무 (매주 월요일)_화11:30 - 22:0021:30 라스트오더_화11:30 - 22:0021:30 라스트오더_화11:30 - 22:0021:30 라스트오더_화_11:30 - 22:0021:30 라스트오더_수11:30 - 22:0021:30 라스트오더접기_수11:30 - 22:0021:30 라스트오더접기_수11:30 - 22:0021:30 라스트오더_수_11:30 - 22:0021:30 라스트오더_접기_접기,별점없음,0,0,https://search.pstatic.net/common/?autoRotate=true&type=w560_sharpen&src=https%3A%2F%2Fldb-phinf.pstatic.net%2F20221109_245%2F1667973557200IoSqE_JPEG%2FScreenshot_20220613-161718.jpg,포장_배달_무선 인터넷_예약_단체 이용 가능_남/녀 화장실 구분,주차가능
김형제고기의철학 전주효자점,1792733628,"육류,고기요리",도로명전북 전주시 완산구 홍산남로 75 1층복사지번전북 전주시 완산구 효자동3가 1539-3복사우편번호우편번호54969복사안내 레이어 닫기,0507-1470-1633,영업 종료16:00에 영업 시작16시 0분에 영업 시작_영업 종료16:00에 영업 시작16시 0분에 영업 시작_영업 종료16:00에 영업 시작16시 0분에 영업 시작_영업 종료_16:00에 영업 시작16시 0분에 영업 시작_16:00에 영업 시작_16시 0분에 영업 시작_목16:00 - 24:0023:00 라스트오더_목16:00 - 24:0023:00 라스트오더_목16:00 - 24:0023:00 라스트오더_목_16:00 - 24:0023:00 라스트오더_금16:00 - 다음 날 01:0000:00 라스트오더_금16:00 - 다음 날 01:0000:00 라스트오더_금16:00 - 다음 날 01:0000:00 라스트오더_금_16:00 - 다음 날 01:0000:00 라스트오더_토16:00 - 다음 날 01:0000:00 라스트오더_토16:00 - 다음 날 01:0000:00 라스트오더_토16:00 - 다음 날 01:0000:00 라스트오더_토_16:00 - 다음 날 01:0000:00 라스트오더_일16:00 - 24:0023:00 라스트오더_일16:00 - 24:0023:00 라스트오더_일16:00 - 24:0023:00 라스트오더_일_16:00 - 24:0023:00 라스트오더_월16:00 - 24:0023:00 라스트오더_월16:00 - 24:0023:00 라스트오더_월16:00 - 24:0023:00 라스트오더_월_16:00 - 24:0023:00 라스트오더_화16:00 - 24:0023:00 라스트오더_화16:00 - 24:0023:00 라스트오더_화16:00 - 24:0023:00 라스트오더_화_16:00 - 24:0023:00 라스트오더_수16:00 - 24:0023:00 라스트오더_수16:00 - 24:0023:00 라스트오더_수16:00 - 24:0023:00 라스트오더_수_16:00 - 24:0023:00 라스트오더_- 라스트 오더는 마감 한 시간 전입니다~접기_- 라스트 오더는 마감 한 시간 전입니다~접기_- 라스트 오더는 마감 한 시간 전입니다~_- 라스트 오더는 마감 한 시간 전입니다~_접기_접기,별점없음,0,0,https://search.pstatic.net/common/?autoRotate=true&type=w560_sharpen&src=https%3A%2F%2Fldb-phinf.pstatic.net%2F20221201_294%2F16698519672192vVD2_JPEG%2FKakaoTalk_20221201_083920604.jpg,콜키지 가능유료_단체 이용 가능_예약_무선 인터넷_남/녀 화장실 구분_유아의자_출입구 휠체어 이용가능_좌석 휠체어 이용가능_장애인 주차구역,주차가능무료
덕테이블,2047948215,중식당,도로명전북 전주시 완산구 석산1길 16 102호 덕테이블복사지번전북 전주시 완산구 효자동3가 1698-11복사우편번호우편번호54963복사안내 레이어 닫기,0507-1435-1732,"영업 전11:00에 영업 시작11시 0분에 영업 시작_영업 전11:00에 영업 시작11시 0분에 영업 시작_영업 전11:00에 영업 시작11시 0분에 영업 시작_영업 전_11:00에 영업 시작11시 0분에 영업 시작_11:00에 영업 시작_11시 0분에 영업 시작_목11:00 - 21:0015:00 - 17:30 브레이크타임14:00, 20:00 라스트오더_목11:00 - 21:0015:00 - 17:30 브레이크타임14:00, 20:00 라스트오더_목11:00 - 21:0015:00 - 17:30 브레이크타임14:00, 20:00 라스트오더_목_11:00 - 21:0015:00 - 17:30 브레이크타임14:00, 20:00 라스트오더_금11:00 - 21:0015:00 - 17:30 브레이크타임14:00, 20:00 라스트오더_금11:00 - 21:0015:00 - 17:30 브레이크타임14:00, 20:00 라스트오더_금11:00 - 21:0015:00 - 17:30 브레이크타임14:00, 20:00 라스트오더_금_11:00 - 21:0015:00 - 17:30 브레이크타임14:00, 20:00 라스트오더_토11:00 - 21:0015:00 - 17:30 브레이크타임14:00, 20:00 라스트오더_토11:00 - 21:0015:00 - 17:30 브레이크타임14:00, 20:00 라스트오더_토11:00 - 21:0015:00 - 17:30 브레이크타임14:00, 20:00 라스트오더_토_11:00 - 21:0015:00 - 17:30 브레이크타임14:00, 20:00 라스트오더_일정기휴무 (매주 일요일)_일정기휴무 (매주 일요일)_일정기휴무 (매주 일요일)_일_정기휴무 (매주 일요일)_정기휴무 (매주 일요일)_월11:00 - 21:0015:00 - 17:30 브레이크타임14:00, 20:00 라스트오더_월11:00 - 21:0015:00 - 17:30 브레이크타임14:00, 20:00 라스트오더_월11:00 - 21:0015:00 - 17:30 브레이크타임14:00, 20:00 라스트오더_월_11:00 - 21:0015:00 - 17:30 브레이크타임14:00, 20:00 라스트오더_화11:00 - 21:0015:00 - 17:30 브레이크타임14:00, 20:00 라스트오더_화11:00 - 21:0015:00 - 17:30 브레이크타임14:00, 20:00 라스트오더_화11:00 - 21:0015:00 - 17:30 브레이크타임14:00, 20:00 라스트오더_화_11:00 - 21:0015:00 - 17:30 브레이크타임14:00, 20:00 라스트오더_수11:00 - 21:0015:00 - 17:30 브레이크타임14:00, 20:00 라스트오더접기_수11:00 - 21:0015:00 - 17:30 브레이크타임14:00, 20:00 라스트오더접기_수11:00 - 21:0015:00 - 17:30 브레이크타임14:00, 20:00 라스트오더_수_11:00 - 21:0015:00 - 17:30 브레이크타임14:00, 20:00 라스트오더_접기_접기",별점없음,0,0,https://search.pstatic.net/common/?autoRotate=true&type=w560_sharpen&src=https%3A%2F%2Fldb-phinf.pstatic.net%2F20260421_299%2F17767632478959lmoy_JPEG%2FKakaoTalk_20260421_114854482_20.jpg,남/녀 화장실 구분_유아의자_무선 인터넷_단체 이용 가능_예약_포장,주차가능무료
양은이네 전주효자동점,2090186714,한식,도로명전북 전주시 완산구 홍산북로 29-3 1층복사지번전북 전주시 완산구 효자동2가 1231-6복사우편번호우편번호54966복사안내 레이어 닫기,0507-1469-8021,영업 전11:00에 영업 시작11시 0분에 영업 시작_영업 전11:00에 영업 시작11시 0분에 영업 시작_영업 전11:00에 영업 시작11시 0분에 영업 시작_영업 전_11:00에 영업 시작11시 0분에 영업 시작_11:00에 영업 시작_11시 0분에 영업 시작_목11:00 - 22:3022:00 라스트오더_목11:00 - 22:3022:00 라스트오더_목11:00 - 22:3022:00 라스트오더_목_11:00 - 22:3022:00 라스트오더_금11:00 - 22:3022:00 라스트오더_금11:00 - 22:3022:00 라스트오더_금11:00 - 22:3022:00 라스트오더_금_11:00 - 22:3022:00 라스트오더_토11:00 - 22:3022:00 라스트오더_토11:00 - 22:3022:00 라스트오더_토11:00 - 22:3022:00 라스트오더_토_11:00 - 22:3022:00 라스트오더_일11:00 - 22:3022:00 라스트오더_일11:00 - 22:3022:00 라스트오더_일11:00 - 22:3022:00 라스트오더_일_11:00 - 22:3022:00 라스트오더_월11:00 - 22:3022:00 라스트오더_월11:00 - 22:3022:00 라스트오더_월11:00 - 22:3022:00 라스트오더_월_11:00 - 22:3022:00 라스트오더_화11:00 - 22:3022:00 라스트오더_화11:00 - 22:3022:00 라스트오더_화11:00 - 22:3022:00 라스트오더_화_11:00 - 22:3022:00 라스트오더_수11:00 - 22:3022:00 라스트오더접기_수11:00 - 22:3022:00 라스트오더접기_수11:00 - 22:3022:00 라스트오더_수_11:00 - 22:3022:00 라스트오더_접기_접기,별점없음,0,0,https://search.pstatic.net/common/?autoRotate=true&type=w278_sharpen&src=https%3A%2F%2Fldb-phinf.pstatic.net%2F20250919_258%2F1758272285321OtFCv_JPEG%2FKakaoTalk_20250626_154942271.jpg,단체 이용 가능_예약,주차가능무료
명가등심,642982797,소고기구이,도로명전북 전주시 완산구 석산1길 6-7복사지번전북 전주시 완산구 효자동3가 1698-6복사우편번호우편번호54963복사안내 레이어 닫기,063-223-1122,영업 전11:00에 영업 시작11시 0분에 영업 시작_영업 전11:00에 영업 시작11시 0분에 영업 시작_영업 전11:00에 영업 시작11시 0분에 영업 시작_영업 전_11:00에 영업 시작11시 0분에 영업 시작_11:00에 영업 시작_11시 0분에 영업 시작_매일11:00 - 21:3020:30 라스트오더_매일11:00 - 21:3020:30 라스트오더_매일11:00 - 21:3020:30 라스트오더_매일_11:00 - 21:3020:30 라스트오더_- 명절정상영업(예약필수)접기_- 명절정상영업(예약필수)접기_- 명절정상영업(예약필수)_- 명절정상영업(예약필수)_접기_접기,별점4.36,0,0,https://search.pstatic.net/common/?autoRotate=true&type=w560_sharpen&src=https%3A%2F%2Fldb-phinf.pstatic.net%2F20190417_208%2F1555491811648VrY1g_JPEG%2Fw7O-wDg01DYhVCmSoagDr7YD.jpg,편의시설 정보 없음,주차가능무료
팔도만족 전주신시가지점,2040208344,"족발,보쌈",도로명전북 전주시 완산구 홍산북로 59-7 101호복사지번전북 전주시 완산구 효자동3가 1529-8복사우편번호우편번호54969복사안내 레이어 닫기,0507-1319-5019,영업 종료16:00에 영업 시작16시 0분에 영업 시작_영업 종료16:00에 영업 시작16시 0분에 영업 시작_영업 종료16:00에 영업 시작16시 0분에 영업 시작_영업 종료_16:00에 영업 시작16시 0분에 영업 시작_16:00에 영업 시작_16시 0분에 영업 시작_매일16:00 - 다음 날 02:0000:30 라스트오더_매일16:00 - 다음 날 02:0000:30 라스트오더_매일16:00 - 다음 날 02:0000:30 라스트오더_매일_16:00 - 다음 날 02:0000:30 라스트오더_- 6월8일 임시휴무접기_- 6월8일 임시휴무접기_- 6월8일 임시휴무_- 6월8일 임시휴무_접기_접기,별점없음,0,0,https://search.pstatic.net/common/?autoRotate=true&type=w278_sharpen&src=https%3A%2F%2Fldb-phinf.pstatic.net%2F20260406_222%2F1775481722925z6rzV_JPEG%2FKakaoTalk_20260406_211329673.jpg,편의시설 정보 없음,주차가능무료
겐로쿠우동 전주직영점,2076508629,"우동,소바",도로명전북 전주시 완산구 홍산북로 19 1층 101호복사지번전북 전주시 완산구 효자동2가 1230-6복사우편번호우편번호54966복사안내 레이어 닫기,063-715-3040,영업 전11:00에 영업 시작11시 0분에 영업 시작_영업 전11:00에 영업 시작11시 0분에 영업 시작_영업 전11:00에 영업 시작11시 0분에 영업 시작_영업 전_11:00에 영업 시작11시 0분에 영업 시작_11:00에 영업 시작_11시 0분에 영업 시작_목11:00 - 20:3015:00 - 17:00 브레이크타임20:00 라스트오더_목11:00 - 20:3015:00 - 17:00 브레이크타임20:00 라스트오더_목11:00 - 20:3015:00 - 17:00 브레이크타임20:00 라스트오더_목_11:00 - 20:3015:00 - 17:00 브레이크타임20:00 라스트오더_금11:00 - 20:3015:00 - 17:00 브레이크타임20:00 라스트오더_금11:00 - 20:3015:00 - 17:00 브레이크타임20:00 라스트오더_금11:00 - 20:3015:00 - 17:00 브레이크타임20:00 라스트오더_금_11:00 - 20:3015:00 - 17:00 브레이크타임20:00 라스트오더_토11:00 - 19:0018:30 라스트오더_토11:00 - 19:0018:30 라스트오더_토11:00 - 19:0018:30 라스트오더_토_11:00 - 19:0018:30 라스트오더_일정기휴무 (매주 일요일)_일정기휴무 (매주 일요일)_일정기휴무 (매주 일요일)_일_정기휴무 (매주 일요일)_정기휴무 (매주 일요일)_월11:00 - 20:3015:00 - 17:00 브레이크타임20:00 라스트오더_월11:00 - 20:3015:00 - 17:00 브레이크타임20:00 라스트오더_월11:00 - 20:3015:00 - 17:00 브레이크타임20:00 라스트오더_월_11:00 - 20:3015:00 - 17:00 브레이크타임20:00 라스트오더_화11:00 - 20:3015:00 - 17:00 브레이크타임20:00 라스트오더_화11:00 - 20:3015:00 - 17:00 브레이크타임20:00 라스트오더_화11:00 - 20:3015:00 - 17:00 브레이크타임20:00 라스트오더_화_11:00 - 20:3015:00 - 17:00 브레이크타임20:00 라스트오더_수11:00 - 20:3015:00 - 17:00 브레이크타임20:00 라스트오더접기_수11:00 - 20:3015:00 - 17:00 브레이크타임20:00 라스트오더접기_수11:00 - 20:3015:00 - 17:00 브레이크타임20:00 라스트오더_수_11:00 - 20:3015:00 - 17:00 브레이크타임20:00 라스트오더_접기_접기,별점없음,0,0,https://search.pstatic.net/common/?autoRotate=true&type=w560_sharpen&src=https%3A%2F%2Fldb-phinf.pstatic.net%2F20260321_21%2F1774074817581wlIzB_PNG%2FKakaoTalk_20260310_154449027.png,무한 리필_포장_단체 이용 가능_배달_유아의자_남/녀 화장실 구분_대기공간_무선 인터넷_예약_출입구 휠체어 이용가능_좌석 휠체어 이용가능,주차가능무료
거베라,1633327950,"카페,디저트",도로명전북 전주시 완산구 구룡1길 23-4 1층복사지번전북 전주시 완산구 효자동2가 1262-12복사우편번호우편번호55061복사안내 레이어 닫기,0507-1370-9612,"영업 전12:00에 영업 시작12시 0분에 영업 시작_영업 전12:00에 영업 시작12시 0분에 영업 시작_영업 전12:00에 영업 시작12시 0분에 영업 시작_영업 전_12:00에 영업 시작12시 0분에 영업 시작_12:00에 영업 시작_12시 0분에 영업 시작_목12:00 - 20:0019:50 라스트오더_목12:00 - 20:0019:50 라스트오더_목12:00 - 20:0019:50 라스트오더_목_12:00 - 20:0019:50 라스트오더_금정기휴무 (매주 금요일)_금정기휴무 (매주 금요일)_금정기휴무 (매주 금요일)_금_정기휴무 (매주 금요일)_정기휴무 (매주 금요일)_토12:00 - 20:0019:50 라스트오더_토12:00 - 20:0019:50 라스트오더_토12:00 - 20:0019:50 라스트오더_토_12:00 - 20:0019:50 라스트오더_일12:00 - 20:0019:50 라스트오더_일12:00 - 20:0019:50 라스트오더_일12:00 - 20:0019:50 라스트오더_일_12:00 - 20:0019:50 라스트오더_월정기휴무 (매주 월요일)_월정기휴무 (매주 월요일)_월정기휴무 (매주 월요일)_월_정기휴무 (매주 월요일)_정기휴무 (매주 월요일)_화12:00 - 20:0019:50 라스트오더_화12:00 - 20:0019:50 라스트오더_화12:00 - 20:0019:50 라스트오더_화_12:00 - 20:0019:50 라스트오더_수12:00 - 20:0019:50 라스트오더_수12:00 - 20:0019:50 라스트오더_수12:00 - 20:0019:50 라스트오더_수_12:00 - 20:0019:50 라스트오더_- 8일 어버이날, 15일 스승의날 정상영업합니다!접기_- 8일 어버이날, 15일 스승의날 정상영업합니다!접기_- 8일 어버이날, 15일 스승의날 정상영업합니다!_- 8일 어버이날, 15일 스승의날 정상영업합니다!_접기_접기",별점없음,0,0,https://search.pstatic.net/common/?autoRotate=true&type=w560_sharpen&src=https%3A%2F%2Fldb-phinf.pstatic.net%2F20250204_115%2F1738640461400mePuK_JPEG%2F1000028166.jpg,포장_유아의자_무선 인터넷_예약_좌석 휠체어 이용가능,주차가능무료
장미맨숀,1101195131,요리주점,도로명전북 전주시 완산구 홍산북로 59-7복사지번전북 전주시 완산구 효자동3가 1529-8복사우편번호우편번호54969복사안내 레이어 닫기,063-228-9769,영업 전11:00에 영업 시작11시 0분에 영업 시작_영업 전11:00에 영업 시작11시 0분에 영업 시작_영업 전11:00에 영업 시작11시 0분에 영업 시작_영업 전_11:00에 영업 시작11시 0분에 영업 시작_11:00에 영업 시작_11시 0분에 영업 시작_목11:00 - 다음 날 02:00_목11:00 - 다음 날 02:00_목11:00 - 다음 날 02:00_목_11:00 - 다음 날 02:00_금11:00 - 다음 날 03:00_금11:00 - 다음 날 03:00_금11:00 - 다음 날 03:00_금_11:00 - 다음 날 03:00_토11:00 - 다음 날 03:00_토11:00 - 다음 날 03:00_토11:00 - 다음 날 03:00_토_11:00 - 다음 날 03:00_일정기휴무 (매주 일요일)_일정기휴무 (매주 일요일)_일정기휴무 (매주 일요일)_일_정기휴무 (매주 일요일)_정기휴무 (매주 일요일)_월11:00 - 다음 날 02:00_월11:00 - 다음 날 02:00_월11:00 - 다음 날 02:00_월_11:00 - 다음 날 02:00_화11:00 - 다음 날 02:00_화11:00 - 다음 날 02:00_화11:00 - 다음 날 02:00_화_11:00 - 다음 날 02:00_수11:00 - 다음 날 02:00접기_수11:00 - 다음 날 02:00접기_수11:00 - 다음 날 02:00_수_11:00 - 다음 날 02:00_접기_접기,별점없음,0,0,https://search.pstatic.net/common/?autoRotate=true&type=w560_sharpen&src=https%3A%2F%2Fldb-phinf.pstatic.net%2F20200224_122%2F1582547902418WCWF3_JPEG%2FF8DwvWcEFF5_09WBOnnotoGy.jpg,무선 인터넷_포장_단체 이용 가능_예약,주차가능무료
빽다방 전주수병원점,1329289087,테이크아웃커피,도로명전북 전주시 완산구 우전로 212복사지번전북 전주시 완산구 효자동2가 1255-1복사우편번호우편번호55061복사안내 레이어 닫기,0507-1403-9118,영업 중21:00에 영업 종료21시 0분에 영업 종료_영업 중21:00에 영업 종료21시 0분에 영업 종료_영업 중21:00에 영업 종료21시 0분에 영업 종료_영업 중_21:00에 영업 종료21시 0분에 영업 종료_21:00에 영업 종료_21시 0분에 영업 종료_목08:30 - 21:00_목08:30 - 21:00_목08:30 - 21:00_목_08:30 - 21:00_금08:30 - 21:00_금08:30 - 21:00_금08:30 - 21:00_금_08:30 - 21:00_토09:00 - 21:00_토09:00 - 21:00_토09:00 - 21:00_토_09:00 - 21:00_일09:00 - 21:00_일09:00 - 21:00_일09:00 - 21:00_일_09:00 - 21:00_월08:30 - 21:00_월08:30 - 21:00_월08:30 - 21:00_월_08:30 - 21:00_화08:30 - 21:00_화08:30 - 21:00_화08:30 - 21:00_화_08:30 - 21:00_수08:30 - 21:00접기_수08:30 - 21:00접기_수08:30 - 21:00_수_08:30 - 21:00_접기_접기,별점없음,0,0,https://search.pstatic.net/common/?autoRotate=true&type=w560_sharpen&src=https%3A%2F%2Fldb-phinf.pstatic.net%2F20230425_4%2F1682398741347xHTHv_JPEG%2FIMG_2027.jpeg,포장_예약,주차가능무료
