업체코드,ID,리뷰내용,작성일,평가카테고리
ST001,데이트장소탐색,콩나물이 아삭하고 국물이 개운해요. 해장국으로 최고!,2026-05-23,또 오고 싶어요
ST001,전주한바퀴,전통 방식 그대로 만들어서 옛날 맛이 나요. 너무 좋아요.,2026-03-25,양이 많아요
ST001,홍길동123,맛은 평범한데 유명세 때문에 줄만 긴 것 같아요.,2026-02-28,맛이 별로예요
ST001,korea_taste,재료가 신선하고 국물이 진해요. 다음에 또 올게요!,2026-03-22,특별한 날 가기 좋아요
ST001,콩나물국밥마니아,주차공간이 협소해서 근처 유료주차장 이용해야 했어요.,2026-03-10,가격이 비싸요
ST001,bibimbap_fan,주말에 갔더니 대기가 너무 길었어요. 웨이팅 30분 이상은 각오하세요.,2026-02-24,양이 적어요
ST001,jbfoodie_01,가격 대비 양도 많고 맛도 훌륭해요. 피순대국밥 단골 됐어요.,2026-03-22,양이 많아요
ST001,갈비사랑,가격이 좀 올랐더라고요. 예전보다 비싸진 것 같아 아쉬워요.,2026-05-08,분위기가 별로예요
ST001,피순대국밥팬,주차도 편하고 넓어서 가족 나들이하기 딱 좋은 곳이에요.,2026-04-28,또 오고 싶어요
ST001,yummy_jeonju,피순대국밥 정말 맛있어요! 전주 오면 꼭 들르는 곳입니다.,2026-03-09,맛있어요
ST001,푸드인전주,양이 정말 푸짐해요. 배부르게 먹고 갑니다.,2026-03-05,특별한 날 가기 좋아요
ST001,foodlover_D,순대 양이 적어서 아쉬웠어요. 추가 주문했어요.,2026-05-18,분위기가 별로예요
ST001,가족여행객,맛은 평범한데 유명세 때문에 줄만 긴 것 같아요.,2026-05-30,분위기가 별로예요
ST001,jeonju_review05,전주 맛집 검색하다 발견했는데 정말 맛있었어요.,2026-05-30,단체모임 하기 좋아요
ST001,남부시장단골,TV에 나왔다더니 역시 맛있어요. 줄 서서 먹을 만한 집!,2026-02-26,주차하기 편해요
ST001,맛집헌터A,이른 아침부터 문 열어서 해장하기 딱 좋아요.,2026-05-07,가성비가 좋아요
ST001,먹스타그램,국물이 너무 짜요. 나트륨 조절이 필요해 보여요.,2026-01-13,양이 적어요
ST001,맛집블로거,국물이 진하고 깊어요. 해장에 완벽한 집이에요!,2026-02-09,혼밥하기 좋아요
ST001,전주관광객,위생 상태가 썩 좋아 보이지 않았어요. 개선이 필요해 보여요.,2026-04-19,대기시간이 길어요
ST001,먹방러_03,오랜만에 왔는데 변함없이 맛있네요. 피순대국밥 강추!,2026-01-17,가성비가 좋아요
ST002,먹방러_01,친구랑 같이 왔는데 둘 다 너무 만족했어요. 남문피순대 최고!,2026-02-26,단체모임 하기 좋아요
ST002,taste_hunter99,사장님이 너무 친절하셔서 기분 좋게 먹고 왔어요.,2026-01-19,양이 많아요
ST002,kimchi_lover,국물이 진하고 깊어요. 해장에 완벽한 집이에요!,2026-02-28,양이 많아요
ST002,순대국밥러버,재료가 신선하고 국물이 진해요. 다음에 또 올게요!,2026-01-09,주차하기 편해요
ST002,중화산동단골,주차도 편하고 넓어서 가족 나들이하기 딱 좋은 곳이에요.,2026-01-19,맛있어요
ST002,맛집헌터B,주말에 갔더니 대기가 너무 길었어요. 웨이팅 30분 이상은 각오하세요.,2026-03-02,가격이 비싸요
ST002,점심메이트,순대 양이 적어서 아쉬웠어요. 추가 주문했어요.,2026-05-05,재방문 의사 없어요
ST002,갈비사랑,이른 아침부터 문 열어서 해장하기 딱 좋아요.,2026-05-19,분위기가 좋아요
ST002,jb_local_guide,테이블 간격이 너무 좁아서 불편했어요.,2026-05-27,재방문 의사 없어요
ST002,jbfoodie_03,혼자 와도 편하게 먹을 수 있어서 자주 오게 되는 집이에요.,2026-05-02,친절해요
ST002,처음방문최씨,양이 정말 푸짐해요. 배부르게 먹고 갑니다.,2026-05-02,특별한 날 가기 좋아요
ST002,낙지볶음팬,TV에 나왔다더니 역시 맛있어요. 줄 서서 먹을 만한 집!,2026-02-18,단체모임 하기 좋아요
ST002,foodstagram_kr,직원분이 좀 불친절하셨어요. 바빠서 그런지 모르겠지만 아쉽네요.,2026-01-25,불친절해요
ST002,taste_kr_01,반찬도 정갈하고 주인분도 친절해서 좋았습니다.,2026-04-01,깨끗해요
ST002,jeonju_review04,주차공간이 협소해서 근처 유료주차장 이용해야 했어요.,2026-04-16,주차하기 불편해요
ST002,food_jb_05,남문피순대 정말 맛있어요! 전주 오면 꼭 들르는 곳입니다.,2026-01-14,친절해요
ST002,맛집지도앱,가격 대비 양도 많고 맛도 훌륭해요. 남문피순대 단골 됐어요.,2026-01-16,양이 많아요
ST002,추어탕마니아,위생 상태가 썩 좋아 보이지 않았어요. 개선이 필요해 보여요.,2026-03-28,분위기가 별로예요
ST003,리뷰어_박씨,전주콩나물국밥(전북대점) 정말 맛있어요! 전주 오면 꼭 들르는 곳입니다.,2026-04-14,단체모임 하기 좋아요
ST003,travel_eater,오픈하자마자 갔는데 금방 자리가 찼어요. 역시 맛집이네요.,2026-05-26,단체모임 하기 좋아요
ST003,맛집소개정씨,직원분이 좀 불친절하셨어요. 바빠서 그런지 모르겠지만 아쉽네요.,2026-05-29,분위기가 별로예요
ST003,먹방러_03,이른 아침부터 문 열어서 해장하기 딱 좋아요.,2026-01-11,혼밥하기 좋아요
ST003,객사맛집,전주콩나물국밥(전북대점) 정말 맛있어요! 전주 오면 꼭 들르는 곳입니다.,2026-04-18,특별한 날 가기 좋아요
ST003,jbfoodie_05,국물이 진하고 깊어요. 해장에 완벽한 집이에요!,2026-05-25,가성비가 좋아요
ST003,맛집헌터D,위생 상태가 썩 좋아 보이지 않았어요. 개선이 필요해 보여요.,2026-03-22,분위기가 별로예요
ST003,출장온회사원,양이 정말 푸짐해요. 배부르게 먹고 갑니다.,2026-02-22,가성비가 좋아요
ST003,다가동미식,전통 방식 그대로 만들어서 옛날 맛이 나요. 너무 좋아요.,2026-03-03,깨끗해요
ST003,가족여행객,주차도 편하고 넓어서 가족 나들이하기 딱 좋은 곳이에요.,2026-04-12,친절해요
ST003,jb_local_guide,맛은 있는데 양이 조금 적은 것 같아요. 가격 생각하면 아쉬워요.,2026-03-18,맛이 별로예요
ST003,food_jb_03,반찬 리필을 안 해주더라고요. 조금 아쉬웠습니다.,2026-03-22,재방문 의사 없어요
ST003,전북대생,재료가 신선하고 국물이 진해요. 다음에 또 올게요!,2026-01-03,혼밥하기 좋아요
ST003,foodlover_E,국물이 예전보다 좀 싱거워진 느낌이에요. 맛이 변한 것 같아요.,2026-01-26,가격이 비싸요
ST003,전주맛집C,TV에 나왔다더니 역시 맛있어요. 줄 서서 먹을 만한 집!,2026-02-24,맛있어요
ST004,jeonju_eater,재료가 신선하고 국물이 진해요. 다음에 또 올게요!,2026-04-16,특별한 날 가기 좋아요
ST004,전라도미식가,가격 대비 양도 많고 맛도 훌륭해요. 두암식당 단골 됐어요.,2026-02-15,친절해요
ST004,전주시청직원,가격이 좀 올랐더라고요. 예전보다 비싸진 것 같아 아쉬워요.,2026-04-16,불친절해요
ST004,맛집소개정씨,반찬도 정갈하고 주인분도 친절해서 좋았습니다.,2026-03-10,혼밥하기 좋아요
ST004,전주관광객,맛은 평범한데 유명세 때문에 줄만 긴 것 같아요.,2026-01-28,맛이 별로예요
ST004,전주야경감상,맛은 있는데 양이 조금 적은 것 같아요. 가격 생각하면 아쉬워요.,2026-01-10,재방문 의사 없어요
ST004,user_전주_01,두암식당 정말 맛있어요! 전주 오면 꼭 들르는 곳입니다.,2026-02-26,단체모임 하기 좋아요
ST004,국밥왕,사장님이 너무 친절하셔서 기분 좋게 먹고 왔어요.,2026-04-28,양이 많아요
ST004,덕진공원산책후,맛은 있는데 양이 조금 적은 것 같아요. 가격 생각하면 아쉬워요.,2026-03-20,대기시간이 길어요
ST004,food_review_kr,친구랑 같이 왔는데 둘 다 너무 만족했어요. 두암식당 최고!,2026-02-27,맛있어요
ST004,전북여행,오랜만에 왔는데 변함없이 맛있네요. 두암식당 강추!,2026-04-13,깨끗해요
ST004,중화산동단골,주말에 갔더니 대기가 너무 길었어요. 웨이팅 30분 이상은 각오하세요.,2026-03-13,재방문 의사 없어요
ST004,순대국밥러버,가격 대비 양도 많고 맛도 훌륭해요. 두암식당 단골 됐어요.,2026-03-13,맛있어요
ST004,맛집헌터A,테이블 간격이 너무 좁아서 불편했어요.,2026-04-13,양이 적어요
ST004,전주맛집C,전주 맛집 검색하다 발견했는데 정말 맛있었어요.,2026-03-26,친절해요
ST004,punpun_eats,오랜만에 왔는데 변함없이 맛있네요. 두암식당 강추!,2026-01-30,특별한 날 가기 좋아요
ST004,출장온회사원,주차도 편하고 넓어서 가족 나들이하기 딱 좋은 곳이에요.,2026-02-15,또 오고 싶어요
ST004,jbfoodie_04,전주 맛집 검색하다 발견했는데 정말 맛있었어요.,2026-03-09,가성비가 좋아요
ST004,jeollabuk_go,반찬 리필을 안 해주더라고요. 조금 아쉬웠습니다.,2026-01-28,불친절해요
ST005,food_diary_jj,전통 방식 그대로 만들어서 옛날 맛이 나요. 너무 좋아요.,2026-03-04,혼밥하기 좋아요
ST005,user_전주_02,반찬도 정갈하고 주인분도 친절해서 좋았습니다.,2026-06-06,가성비가 좋아요
ST005,전북대생,전주삼백집(전북대점) 정말 맛있어요! 전주 오면 꼭 들르는 곳입니다.,2026-04-27,깨끗해요
ST005,jeonju_review02,국물이 예전보다 좀 싱거워진 느낌이에요. 맛이 변한 것 같아요.,2026-06-11,대기시간이 길어요
ST005,jbfoodie_03,위생 상태가 썩 좋아 보이지 않았어요. 개선이 필요해 보여요.,2026-02-19,주차하기 불편해요
ST005,막걸리투어,주차공간이 협소해서 근처 유료주차장 이용해야 했어요.,2026-05-07,위생이 아쉬워요
ST005,콩나물국밥마니아,전주 맛집 검색하다 발견했는데 정말 맛있었어요.,2026-03-04,가성비가 좋아요
ST005,전주핫플,사장님이 너무 친절하셔서 기분 좋게 먹고 왔어요.,2026-01-02,친절해요
ST005,리뷰왕김씨,반찬도 정갈하고 주인분도 친절해서 좋았습니다.,2026-04-19,혼밥하기 좋아요
ST005,전주한바퀴,맛은 평범한데 유명세 때문에 줄만 긴 것 같아요.,2026-02-15,분위기가 별로예요
ST005,맛집헌터C,재료가 신선하고 국물이 진해요. 다음에 또 올게요!,2026-04-29,맛있어요
ST005,전주여행자,전주삼백집(전북대점) 정말 맛있어요! 전주 오면 꼭 들르는 곳입니다.,2026-05-23,분위기가 좋아요
ST005,맛집소개정씨,국물 맛이 깊고 진해요. 이 맛 때문에 자꾸 생각나요.,2026-02-01,가성비가 좋아요
ST005,food_jb_02,재료가 신선하고 국물이 진해요. 다음에 또 올게요!,2026-02-04,특별한 날 가기 좋아요
ST005,food_jb_04,친구랑 같이 왔는데 둘 다 너무 만족했어요. 전주삼백집(전북대점) 최고!,2026-05-16,주차하기 편해요
ST005,foodlover_D,TV에 나왔다더니 역시 맛있어요. 줄 서서 먹을 만한 집!,2026-06-02,깨끗해요
ST005,인후동탐방,TV에 나왔다더니 역시 맛있어요. 줄 서서 먹을 만한 집!,2026-04-24,주차하기 편해요
ST005,review_kr_05,맛은 있는데 양이 조금 적은 것 같아요. 가격 생각하면 아쉬워요.,2026-04-20,위생이 아쉬워요
ST005,foodlover_A,주말에 갔더니 대기가 너무 길었어요. 웨이팅 30분 이상은 각오하세요.,2026-04-25,위생이 아쉬워요
ST006,추어탕마니아,양이 정말 푸짐해요. 배부르게 먹고 갑니다.,2026-02-12,분위기가 좋아요
ST006,food_jb_05,친구랑 같이 왔는데 둘 다 너무 만족했어요. 황가네순대국 최고!,2026-02-02,혼밥하기 좋아요
ST006,전주맛집B,재료가 신선하고 국물이 진해요. 다음에 또 올게요!,2026-01-07,단체모임 하기 좋아요
ST006,전주비빔밥순례,오랜만에 왔는데 변함없이 맛있네요. 황가네순대국 강추!,2026-06-01,특별한 날 가기 좋아요
ST006,foodlover_E,전주 맛집 검색하다 발견했는데 정말 맛있었어요.,2026-01-07,혼밥하기 좋아요
ST006,신시가지탐방,주차공간이 협소해서 근처 유료주차장 이용해야 했어요.,2026-04-20,맛이 별로예요
ST006,맛있어요123,순대가 쫄깃하고 내장도 깔끔해요. 국물도 진해요.,2026-04-29,혼밥하기 좋아요
ST006,전주살이,오랜만에 왔는데 변함없이 맛있네요. 황가네순대국 강추!,2026-01-13,혼밥하기 좋아요
ST006,출장온회사원,TV에 나왔다더니 역시 맛있어요. 줄 서서 먹을 만한 집!,2026-04-08,주차하기 편해요
ST006,삼천동리뷰,황가네순대국 정말 맛있어요! 전주 오면 꼭 들르는 곳입니다.,2026-02-24,맛있어요
ST006,food_jb_02,주차도 편하고 넓어서 가족 나들이하기 딱 좋은 곳이에요.,2026-03-25,주차하기 편해요
ST006,전북도청직원,위생 상태가 썩 좋아 보이지 않았어요. 개선이 필요해 보여요.,2026-04-08,가격이 비싸요
ST006,점심메이트,맛은 있는데 양이 조금 적은 것 같아요. 가격 생각하면 아쉬워요.,2026-04-18,주차하기 불편해요
ST006,전주토박이강씨,직원분이 좀 불친절하셨어요. 바빠서 그런지 모르겠지만 아쉽네요.,2026-01-21,위생이 아쉬워요
ST006,user_전주_01,혼자 와도 편하게 먹을 수 있어서 자주 오게 되는 집이에요.,2026-01-05,맛있어요
ST006,전주맛집D,반찬 리필을 안 해주더라고요. 조금 아쉬웠습니다.,2026-01-14,대기시간이 길어요
ST007,food_jb_05,맛은 평범한데 유명세 때문에 줄만 긴 것 같아요.,2026-04-22,양이 적어요
ST007,먹방러_02,전주비빔밥나라(전북대점) 정말 맛있어요! 전주 오면 꼭 들르는 곳입니다.,2026-03-10,주차하기 편해요
ST007,송천동맛집,국물이 예전보다 좀 싱거워진 느낌이에요. 맛이 변한 것 같아요.,2026-03-04,재방문 의사 없어요
ST007,jeonju_trip,주차도 편하고 넓어서 가족 나들이하기 딱 좋은 곳이에요.,2026-03-13,양이 많아요
ST007,food_jb_01,돌솥에 나와서 따뜻하게 먹을 수 있어서 좋았어요.,2026-03-04,양이 많아요
ST007,food_jb_04,위생 상태가 썩 좋아 보이지 않았어요. 개선이 필요해 보여요.,2026-05-26,대기시간이 길어요
ST007,전주야경감상,국물 맛이 깊고 진해요. 이 맛 때문에 자꾸 생각나요.,2026-03-28,분위기가 좋아요
ST007,punpun_eats,사장님이 너무 친절하셔서 기분 좋게 먹고 왔어요.,2026-05-07,깨끗해요
ST007,삼천동리뷰,반찬 리필을 안 해주더라고요. 조금 아쉬웠습니다.,2026-02-16,재방문 의사 없어요
ST007,user_전주_05,양이 정말 푸짐해요. 배부르게 먹고 갑니다.,2026-02-24,가성비가 좋아요
ST007,한옥마을관광,테이블 간격이 너무 좁아서 불편했어요.,2026-03-08,대기시간이 길어요
ST007,전주교육청,나물이 신선하고 고추장이 딱 적당해요. 전주 비빔밥 최고!,2026-03-13,주차하기 편해요
ST007,먹방러_03,전통 방식 그대로 만들어서 옛날 맛이 나요. 너무 좋아요.,2026-03-12,주차하기 편해요
ST007,foodlover_C,재료가 신선하고 국물이 진해요. 다음에 또 올게요!,2026-01-03,깨끗해요
ST007,맛집헌터C,나물 가짓수가 줄어든 것 같아요. 예전이 더 풍성했는데.,2026-02-18,주차하기 불편해요
ST007,신시가지탐방,오픈하자마자 갔는데 금방 자리가 찼어요. 역시 맛집이네요.,2026-03-03,양이 많아요
ST007,낙지볶음팬,육회가 신선하고 고소해요. 전주 오면 꼭 먹어야 할 메뉴!,2026-05-06,맛있어요
ST008,user_전주_03,친구랑 같이 왔는데 둘 다 너무 만족했어요. 서신청국장 최고!,2026-01-30,양이 많아요
ST008,bibimbap_fan,사장님이 너무 친절하셔서 기분 좋게 먹고 왔어요.,2026-04-13,특별한 날 가기 좋아요
ST008,review_kr_01,국물이 예전보다 좀 싱거워진 느낌이에요. 맛이 변한 것 같아요.,2026-01-19,재방문 의사 없어요
ST008,jbfoodie_03,주차공간이 협소해서 근처 유료주차장 이용해야 했어요.,2026-06-11,가격이 비싸요
ST008,jeonju_local,가격 대비 양도 많고 맛도 훌륭해요. 서신청국장 단골 됐어요.,2026-02-08,단체모임 하기 좋아요
ST008,food_explorer_kr,혼자 와도 편하게 먹을 수 있어서 자주 오게 되는 집이에요.,2026-05-25,주차하기 편해요
ST008,덕진구주민,양이 정말 푸짐해요. 배부르게 먹고 갑니다.,2026-01-22,가성비가 좋아요
ST008,맛집소개정씨,오랜만에 왔는데 변함없이 맛있네요. 서신청국장 강추!,2026-01-31,분위기가 좋아요
ST008,foodlover_C,맛은 평범한데 유명세 때문에 줄만 긴 것 같아요.,2026-04-17,맛이 별로예요
ST008,먹방러_03,전주 맛집 검색하다 발견했는데 정말 맛있었어요.,2026-06-08,분위기가 좋아요
ST008,맛집탐험대,가격이 좀 올랐더라고요. 예전보다 비싸진 것 같아 아쉬워요.,2026-05-14,불친절해요
ST008,전주야경감상,전주 맛집 검색하다 발견했는데 정말 맛있었어요.,2026-04-26,가성비가 좋아요
ST008,taste_kr_04,재료가 신선하고 국물이 진해요. 다음에 또 올게요!,2026-03-18,또 오고 싶어요
ST008,먹방러_01,오픈하자마자 갔는데 금방 자리가 찼어요. 역시 맛집이네요.,2026-04-20,친절해요
ST008,효자동단골,오픈하자마자 갔는데 금방 자리가 찼어요. 역시 맛집이네요.,2026-05-26,가성비가 좋아요
ST008,kimchi_lover,전통 방식 그대로 만들어서 옛날 맛이 나요. 너무 좋아요.,2026-06-06,주차하기 편해요
ST008,맛집지도앱,TV에 나왔다더니 역시 맛있어요. 줄 서서 먹을 만한 집!,2026-02-23,분위기가 좋아요
ST008,갈비사랑,테이블 간격이 너무 좁아서 불편했어요.,2026-03-09,가격이 비싸요
ST008,객사맛집,오랜만에 왔는데 변함없이 맛있네요. 서신청국장 강추!,2026-02-10,분위기가 좋아요
ST009,점심메이트,콩나물이 아삭하고 국물이 개운해요. 해장국으로 최고!,2026-02-16,단체모임 하기 좋아요
ST009,jbfoodie_05,이른 아침부터 문 열어서 해장하기 딱 좋아요.,2026-04-22,가성비가 좋아요
ST009,review_kr_01,전주 맛집 검색하다 발견했는데 정말 맛있었어요.,2026-01-24,가성비가 좋아요
ST009,user_전주_01,국물이 너무 짜요. 나트륨 조절이 필요해 보여요.,2026-03-31,주차하기 불편해요
ST009,낙지볶음팬,국물이 예전보다 좀 싱거워진 느낌이에요. 맛이 변한 것 같아요.,2026-03-27,위생이 아쉬워요
ST009,송천동맛집,국물이 진하고 깊어요. 해장에 완벽한 집이에요!,2026-01-27,가성비가 좋아요
ST009,맛집순례자,오픈하자마자 갔는데 금방 자리가 찼어요. 역시 맛집이네요.,2026-03-26,혼밥하기 좋아요
ST009,jeonju_review01,직원분이 좀 불친절하셨어요. 바빠서 그런지 모르겠지만 아쉽네요.,2026-05-07,양이 적어요
ST009,해장국마니아,위생 상태가 썩 좋아 보이지 않았어요. 개선이 필요해 보여요.,2026-04-13,위생이 아쉬워요
ST009,foodlover_A,맛은 있는데 양이 조금 적은 것 같아요. 가격 생각하면 아쉬워요.,2026-01-10,맛이 별로예요
ST009,food_jb_02,오랜만에 왔는데 변함없이 맛있네요. 원조할머니순대 강추!,2026-01-23,단체모임 하기 좋아요
ST009,다가동미식,주차도 편하고 넓어서 가족 나들이하기 딱 좋은 곳이에요.,2026-03-06,주차하기 편해요
ST009,전주비빔밥러,원조할머니순대 정말 맛있어요! 전주 오면 꼭 들르는 곳입니다.,2026-04-14,주차하기 편해요
ST009,맛집헌터B,전통 방식 그대로 만들어서 옛날 맛이 나요. 너무 좋아요.,2026-01-01,양이 많아요
ST009,전주맛집D,가격 대비 양도 많고 맛도 훌륭해요. 원조할머니순대 단골 됐어요.,2026-04-29,특별한 날 가기 좋아요
ST009,jeonju_local,순대 양이 적어서 아쉬웠어요. 추가 주문했어요.,2026-02-18,재방문 의사 없어요
ST010,food_diary_jj,재료가 신선하고 국물이 진해요. 다음에 또 올게요!,2026-03-23,특별한 날 가기 좋아요
ST010,user_전주_02,풍년제과(전북대점) 정말 맛있어요! 전주 오면 꼭 들르는 곳입니다.,2026-04-08,가성비가 좋아요
ST010,막걸리투어,혼자 와도 편하게 먹을 수 있어서 자주 오게 되는 집이에요.,2026-02-08,분위기가 좋아요
ST010,review_kr_02,전주 맛집 검색하다 발견했는데 정말 맛있었어요.,2026-01-10,양이 많아요
ST010,전북맛집,반찬 리필을 안 해주더라고요. 조금 아쉬웠습니다.,2026-05-09,위생이 아쉬워요
ST010,먹방러_02,친구랑 같이 왔는데 둘 다 너무 만족했어요. 풍년제과(전북대점) 최고!,2026-03-26,단체모임 하기 좋아요
ST010,맛집지도앱,위생 상태가 썩 좋아 보이지 않았어요. 개선이 필요해 보여요.,2026-04-23,가격이 비싸요
ST010,맛집헌터E,오랜만에 왔는데 변함없이 맛있네요. 풍년제과(전북대점) 강추!,2026-04-27,친절해요
ST010,gourmet_jb,국물이 예전보다 좀 싱거워진 느낌이에요. 맛이 변한 것 같아요.,2026-02-06,가격이 비싸요
ST010,낙지볶음팬,친구랑 같이 왔는데 둘 다 너무 만족했어요. 풍년제과(전북대점) 최고!,2026-02-09,특별한 날 가기 좋아요
ST010,한옥마을단골,주차도 편하고 넓어서 가족 나들이하기 딱 좋은 곳이에요.,2026-05-01,주차하기 편해요
ST010,가족여행객,테이블 간격이 너무 좁아서 불편했어요.,2026-03-28,재방문 의사 없어요
ST010,피순대국밥팬,맛은 있는데 양이 조금 적은 것 같아요. 가격 생각하면 아쉬워요.,2026-01-21,대기시간이 길어요
ST010,중화산동단골,가격 대비 양도 많고 맛도 훌륭해요. 풍년제과(전북대점) 단골 됐어요.,2026-05-17,친절해요
ST010,전주야경감상,빵이 촉촉하고 달콤해요. 포장 선물로 인기 만점.,2026-03-23,분위기가 좋아요
ST010,user_전주_05,재료가 신선하고 국물이 진해요. 다음에 또 올게요!,2026-05-19,혼밥하기 좋아요
ST010,jeollabuk_go,맛은 평범한데 유명세 때문에 줄만 긴 것 같아요.,2026-06-08,맛이 별로예요
ST010,순대국밥러버,관광지라 그런지 가격이 좀 비싸요.,2026-03-02,가격이 비싸요
ST010,해장국마니아,전통 방식 그대로 만들어서 옛날 맛이 나요. 너무 좋아요.,2026-02-28,혼밥하기 좋아요
ST011,전주토박이강씨,국물이 예전보다 좀 싱거워진 느낌이에요. 맛이 변한 것 같아요.,2026-02-05,분위기가 별로예요
ST011,foodstagram_kr,오랜만에 왔는데 변함없이 맛있네요. 미가식당 강추!,2026-06-10,특별한 날 가기 좋아요
ST011,맛있는하루,친구랑 같이 왔는데 둘 다 너무 만족했어요. 미가식당 최고!,2026-03-21,주차하기 편해요
ST011,taste_kr_03,반찬도 정갈하고 주인분도 친절해서 좋았습니다.,2026-01-09,양이 많아요
ST011,jbfoodie_04,오픈하자마자 갔는데 금방 자리가 찼어요. 역시 맛집이네요.,2026-04-04,가성비가 좋아요
ST011,jb_local_guide,혼자 와도 편하게 먹을 수 있어서 자주 오게 되는 집이에요.,2026-01-24,깨끗해요
ST011,전주대학로,주말에 갔더니 대기가 너무 길었어요. 웨이팅 30분 이상은 각오하세요.,2026-03-25,위생이 아쉬워요
ST011,jeonju_review02,전주 맛집 검색하다 발견했는데 정말 맛있었어요.,2026-02-14,또 오고 싶어요
ST011,국밥왕,국물이 예전보다 좀 싱거워진 느낌이에요. 맛이 변한 것 같아요.,2026-02-03,분위기가 별로예요
ST011,전주맛집D,가격이 좀 올랐더라고요. 예전보다 비싸진 것 같아 아쉬워요.,2026-04-04,가격이 비싸요
ST011,전주맛집A,가격 대비 양도 많고 맛도 훌륭해요. 미가식당 단골 됐어요.,2026-05-09,친절해요
ST011,데이트장소탐색,반찬도 정갈하고 주인분도 친절해서 좋았습니다.,2026-02-12,단체모임 하기 좋아요
ST011,주말여행자,양이 정말 푸짐해요. 배부르게 먹고 갑니다.,2026-05-04,깨끗해요
ST011,전북도청직원,맛은 있는데 양이 조금 적은 것 같아요. 가격 생각하면 아쉬워요.,2026-01-30,위생이 아쉬워요
ST011,food_jb_05,미가식당 정말 맛있어요! 전주 오면 꼭 들르는 곳입니다.,2026-01-20,단체모임 하기 좋아요
ST011,yummy_jeonju,반찬 리필을 안 해주더라고요. 조금 아쉬웠습니다.,2026-02-27,주차하기 불편해요
ST011,피순대국밥팬,전주 맛집 검색하다 발견했는데 정말 맛있었어요.,2026-05-23,가성비가 좋아요
ST011,객사주변직장인,사장님이 너무 친절하셔서 기분 좋게 먹고 왔어요.,2026-01-24,혼밥하기 좋아요
ST011,gourmet_jb,주말에 갔더니 대기가 너무 길었어요. 웨이팅 30분 이상은 각오하세요.,2026-03-09,양이 적어요
ST011,전주맛집C,직원분이 좀 불친절하셨어요. 바빠서 그런지 모르겠지만 아쉽네요.,2026-02-01,가격이 비싸요
ST012,전주여행자,주말에 갔더니 대기가 너무 길었어요. 웨이팅 30분 이상은 각오하세요.,2026-03-27,맛이 별로예요
ST012,처음방문최씨,친구랑 같이 왔는데 둘 다 너무 만족했어요. 진미집 최고!,2026-02-02,주차하기 편해요
ST012,foodlover_E,사장님이 너무 친절하셔서 기분 좋게 먹고 왔어요.,2026-02-22,혼밥하기 좋아요
ST012,순대국밥러버,오랜만에 왔는데 변함없이 맛있네요. 진미집 강추!,2026-05-22,양이 많아요
ST012,냉면마니아,맛은 평범한데 유명세 때문에 줄만 긴 것 같아요.,2026-05-31,위생이 아쉬워요
ST012,한옥마을여행,국물이 예전보다 좀 싱거워진 느낌이에요. 맛이 변한 것 같아요.,2026-03-01,분위기가 별로예요
ST012,중화산동단골,가격이 좀 올랐더라고요. 예전보다 비싸진 것 같아 아쉬워요.,2026-02-07,대기시간이 길어요
ST012,먹방러_03,전주 맛집 검색하다 발견했는데 정말 맛있었어요.,2026-01-01,특별한 날 가기 좋아요
ST012,혼밥러_전주,테이블 간격이 너무 좁아서 불편했어요.,2026-02-07,위생이 아쉬워요
ST012,jb_local_guide,전통 방식 그대로 만들어서 옛날 맛이 나요. 너무 좋아요.,2026-05-19,친절해요
ST012,전주토박이강씨,재료가 신선하고 국물이 진해요. 다음에 또 올게요!,2026-02-14,깨끗해요
ST012,맛집블로거,사장님이 너무 친절하셔서 기분 좋게 먹고 왔어요.,2026-01-07,깨끗해요
ST012,gourmet_jb,친구랑 같이 왔는데 둘 다 너무 만족했어요. 진미집 최고!,2026-04-02,혼밥하기 좋아요
ST012,리뷰어_박씨,혼자 와도 편하게 먹을 수 있어서 자주 오게 되는 집이에요.,2026-05-31,혼밥하기 좋아요
ST012,송천동맛집,오랜만에 왔는데 변함없이 맛있네요. 진미집 강추!,2026-01-05,단체모임 하기 좋아요
ST012,한정식전문가,맛은 있는데 양이 조금 적은 것 같아요. 가격 생각하면 아쉬워요.,2026-03-09,분위기가 별로예요
ST012,jeonju_local,국물 맛이 깊고 진해요. 이 맛 때문에 자꾸 생각나요.,2026-02-02,주차하기 편해요
ST012,jeonju_review03,재료가 신선하고 국물이 진해요. 다음에 또 올게요!,2026-05-15,가성비가 좋아요
ST013,jeonju_review02,오랜만에 왔는데 변함없이 맛있네요. 전주육회비빔밥(전북대점) 강추!,2026-01-25,양이 많아요
ST013,다가동미식,재료가 신선하고 국물이 진해요. 다음에 또 올게요!,2026-04-20,깨끗해요
ST013,주말여행자,육회가 신선하고 고소해요. 전주 오면 꼭 먹어야 할 메뉴!,2026-04-06,주차하기 편해요
ST013,미식여행자,친구랑 같이 왔는데 둘 다 너무 만족했어요. 전주육회비빔밥(전북대점) 최고!,2026-05-02,가성비가 좋아요
ST013,순대국밥러버,혼자 와도 편하게 먹을 수 있어서 자주 오게 되는 집이에요.,2026-01-24,또 오고 싶어요
ST013,신시가지탐방,주말에 갔더니 대기가 너무 길었어요. 웨이팅 30분 이상은 각오하세요.,2026-01-24,재방문 의사 없어요
ST013,taste_kr_01,사장님이 너무 친절하셔서 기분 좋게 먹고 왔어요.,2026-01-25,주차하기 편해요
ST013,전주역이용객,주차도 편하고 넓어서 가족 나들이하기 딱 좋은 곳이에요.,2026-02-03,특별한 날 가기 좋아요
ST013,foodlover_C,비빔밥 하나 시키면 반찬이 엄청 많이 나와요. 든든해요.,2026-01-16,주차하기 편해요
ST013,먹방러_01,친구랑 같이 왔는데 둘 다 너무 만족했어요. 전주육회비빔밥(전북대점) 최고!,2026-05-24,혼밥하기 좋아요
ST013,foodlover_D,오픈하자마자 갔는데 금방 자리가 찼어요. 역시 맛집이네요.,2026-03-26,특별한 날 가기 좋아요
ST013,korea_food_map,직원분이 좀 불친절하셨어요. 바빠서 그런지 모르겠지만 아쉽네요.,2026-04-16,주차하기 불편해요
ST013,한옥마을관광,가격이 좀 올랐더라고요. 예전보다 비싸진 것 같아 아쉬워요.,2026-04-19,가격이 비싸요
ST013,jeonju_local,테이블 간격이 너무 좁아서 불편했어요.,2026-03-15,위생이 아쉬워요
ST013,먹방러_04,전주 맛집 검색하다 발견했는데 정말 맛있었어요.,2026-03-21,친절해요
ST014,맛집블로거,콩심 정말 맛있어요! 전주 오면 꼭 들르는 곳입니다.,2026-03-14,특별한 날 가기 좋아요
ST014,먹방러_02,친구랑 같이 왔는데 둘 다 너무 만족했어요. 콩심 최고!,2026-05-05,또 오고 싶어요
ST014,맛집헌터E,사장님이 너무 친절하셔서 기분 좋게 먹고 왔어요.,2026-03-20,혼밥하기 좋아요
ST014,food_diary_jj,전통 방식 그대로 만들어서 옛날 맛이 나요. 너무 좋아요.,2026-02-26,깨끗해요
ST014,피순대국밥팬,맛은 있는데 양이 조금 적은 것 같아요. 가격 생각하면 아쉬워요.,2026-06-03,맛이 별로예요
ST014,홍길동123,주말에 갔더니 대기가 너무 길었어요. 웨이팅 30분 이상은 각오하세요.,2026-01-02,불친절해요
ST014,칼국수러버,테이블 간격이 너무 좁아서 불편했어요.,2026-03-19,불친절해요
ST014,갈비사랑,가격이 좀 올랐더라고요. 예전보다 비싸진 것 같아 아쉬워요.,2026-02-05,가격이 비싸요
ST014,주말여행자,주차공간이 협소해서 근처 유료주차장 이용해야 했어요.,2026-03-16,대기시간이 길어요
ST014,삼천동리뷰,국물 맛이 깊고 진해요. 이 맛 때문에 자꾸 생각나요.,2026-01-31,친절해요
ST014,taste_hunter99,맛은 평범한데 유명세 때문에 줄만 긴 것 같아요.,2026-05-08,양이 적어요
ST014,taste_kr_01,가격 대비 양도 많고 맛도 훌륭해요. 콩심 단골 됐어요.,2026-02-14,혼밥하기 좋아요
ST014,jb_local_guide,반찬 리필을 안 해주더라고요. 조금 아쉬웠습니다.,2026-04-08,대기시간이 길어요
ST014,전주맛집B,가격 대비 양도 많고 맛도 훌륭해요. 콩심 단골 됐어요.,2026-02-28,단체모임 하기 좋아요
ST014,review_kr_04,양이 정말 푸짐해요. 배부르게 먹고 갑니다.,2026-05-24,분위기가 좋아요
ST014,한옥마을관광,친구랑 같이 왔는데 둘 다 너무 만족했어요. 콩심 최고!,2026-01-19,양이 많아요
ST014,맛있는하루,TV에 나왔다더니 역시 맛있어요. 줄 서서 먹을 만한 집!,2026-04-22,맛있어요
ST015,다가동미식,국물 맛이 깊고 진해요. 이 맛 때문에 자꾸 생각나요.,2026-02-08,양이 많아요
ST015,taste_kr_03,맛은 평범한데 유명세 때문에 줄만 긴 것 같아요.,2026-01-18,양이 적어요
ST015,user_전주_01,반찬도 정갈하고 주인분도 친절해서 좋았습니다.,2026-04-24,또 오고 싶어요
ST015,덕진구주민,양이 정말 푸짐해요. 배부르게 먹고 갑니다.,2026-03-12,분위기가 좋아요
ST015,먹방러_02,가격 대비 양도 많고 맛도 훌륭해요. 오래된정원 단골 됐어요.,2026-01-15,특별한 날 가기 좋아요
ST015,한옥마을관광,오랜만에 왔는데 변함없이 맛있네요. 오래된정원 강추!,2026-05-10,특별한 날 가기 좋아요
ST015,전북대생,국물이 예전보다 좀 싱거워진 느낌이에요. 맛이 변한 것 같아요.,2026-03-21,가격이 비싸요
ST015,food_jb_04,가격 대비 양도 많고 맛도 훌륭해요. 오래된정원 단골 됐어요.,2026-04-26,또 오고 싶어요
ST015,jeollabuk_go,맛은 있는데 양이 조금 적은 것 같아요. 가격 생각하면 아쉬워요.,2026-01-15,분위기가 별로예요
ST015,신시가지거주자,TV에 나왔다더니 역시 맛있어요. 줄 서서 먹을 만한 집!,2026-03-15,특별한 날 가기 좋아요
ST015,한옥마을단골,직원분이 좀 불친절하셨어요. 바빠서 그런지 모르겠지만 아쉽네요.,2026-01-24,불친절해요
ST015,먹방러_03,위생 상태가 썩 좋아 보이지 않았어요. 개선이 필요해 보여요.,2026-05-10,불친절해요
ST015,막걸리투어,사장님이 너무 친절하셔서 기분 좋게 먹고 왔어요.,2026-04-29,깨끗해요
ST015,jbfoodie_04,오픈하자마자 갔는데 금방 자리가 찼어요. 역시 맛집이네요.,2026-05-22,깨끗해요
ST015,맛있는하루,오래된정원 정말 맛있어요! 전주 오면 꼭 들르는 곳입니다.,2026-04-26,양이 많아요
ST016,한옥마을단골,반찬도 정갈하고 주인분도 친절해서 좋았습니다.,2026-03-17,친절해요
ST016,맛집지도앱,오픈하자마자 갔는데 금방 자리가 찼어요. 역시 맛집이네요.,2026-05-10,가성비가 좋아요
ST016,전주맛집D,양이 정말 푸짐해요. 배부르게 먹고 갑니다.,2026-05-15,혼밥하기 좋아요
ST016,jeollabuk_go,주차도 편하고 넓어서 가족 나들이하기 딱 좋은 곳이에요.,2026-03-28,깨끗해요
ST016,jb_local_guide,전주 맛집 검색하다 발견했는데 정말 맛있었어요.,2026-06-02,주차하기 편해요
ST016,고속터미널근처,테이블 간격이 너무 좁아서 불편했어요.,2026-02-09,양이 적어요
ST016,맛집순례자,친구랑 같이 왔는데 둘 다 너무 만족했어요. 화심순두부(전북대점) 최고!,2026-02-16,깨끗해요
ST016,국밥매니아,반찬도 정갈하고 주인분도 친절해서 좋았습니다.,2026-04-23,깨끗해요
ST016,food_diary_jj,혼자 와도 편하게 먹을 수 있어서 자주 오게 되는 집이에요.,2026-04-16,또 오고 싶어요
ST016,객사주변직장인,직원분이 좀 불친절하셨어요. 바빠서 그런지 모르겠지만 아쉽네요.,2026-03-02,주차하기 불편해요
ST016,taste_kr_04,주말에 갔더니 대기가 너무 길었어요. 웨이팅 30분 이상은 각오하세요.,2026-06-06,대기시간이 길어요
ST016,저녁식사파,주차공간이 협소해서 근처 유료주차장 이용해야 했어요.,2026-04-25,가격이 비싸요
ST016,전주맛지도,TV에 나왔다더니 역시 맛있어요. 줄 서서 먹을 만한 집!,2026-05-17,깨끗해요
ST016,단골손님이씨,전주 맛집 검색하다 발견했는데 정말 맛있었어요.,2026-03-21,주차하기 편해요
ST016,user_전주_01,TV에 나왔다더니 역시 맛있어요. 줄 서서 먹을 만한 집!,2026-02-19,또 오고 싶어요
ST016,신시가지거주자,반찬 리필을 안 해주더라고요. 조금 아쉬웠습니다.,2026-05-27,불친절해요
ST016,taste_kr_03,재료가 신선하고 국물이 진해요. 다음에 또 올게요!,2026-04-29,친절해요
ST016,전주야경감상,맛은 평범한데 유명세 때문에 줄만 긴 것 같아요.,2026-05-09,재방문 의사 없어요
ST016,전주맛집A,오픈하자마자 갔는데 금방 자리가 찼어요. 역시 맛집이네요.,2026-04-18,양이 많아요
ST017,단골손님이씨,친구랑 같이 왔는데 둘 다 너무 만족했어요. 하숙생갈비 최고!,2026-04-18,가성비가 좋아요
ST017,food_jb_03,국물 맛이 깊고 진해요. 이 맛 때문에 자꾸 생각나요.,2026-01-17,맛있어요
ST017,맛집블로거,오랜만에 왔는데 변함없이 맛있네요. 하숙생갈비 강추!,2026-05-08,또 오고 싶어요
ST017,먹방러_03,전주 맛집 검색하다 발견했는데 정말 맛있었어요.,2026-05-18,양이 많아요
ST017,맛집지도,주말에 갔더니 대기가 너무 길었어요. 웨이팅 30분 이상은 각오하세요.,2026-06-11,불친절해요
ST017,맛집헌터B,반찬도 정갈하고 주인분도 친절해서 좋았습니다.,2026-05-28,친절해요
ST017,yummy_jeonju,직원분이 좀 불친절하셨어요. 바빠서 그런지 모르겠지만 아쉽네요.,2026-03-16,위생이 아쉬워요
ST017,jeonju_review05,전주 맛집 검색하다 발견했는데 정말 맛있었어요.,2026-01-01,깨끗해요
ST017,한옥마을관광,사장님이 너무 친절하셔서 기분 좋게 먹고 왔어요.,2026-03-03,친절해요
ST017,jbfoodie_02,재료가 신선하고 국물이 진해요. 다음에 또 올게요!,2026-04-17,분위기가 좋아요
ST017,맛집평론가,혼자 와도 편하게 먹을 수 있어서 자주 오게 되는 집이에요.,2026-01-22,맛있어요
ST017,맛집헌터E,하숙생갈비 정말 맛있어요! 전주 오면 꼭 들르는 곳입니다.,2026-04-03,또 오고 싶어요
ST017,순대국밥러버,가격이 좀 올랐더라고요. 예전보다 비싸진 것 같아 아쉬워요.,2026-05-15,위생이 아쉬워요
ST017,전주맛집E,TV에 나왔다더니 역시 맛있어요. 줄 서서 먹을 만한 집!,2026-05-10,또 오고 싶어요
ST017,review_kr_05,국물이 예전보다 좀 싱거워진 느낌이에요. 맛이 변한 것 같아요.,2026-05-22,위생이 아쉬워요
ST017,jbfood_lover,전통 방식 그대로 만들어서 옛날 맛이 나요. 너무 좋아요.,2026-04-10,양이 많아요
ST018,객사맛집,가마솥국밥 정말 맛있어요! 전주 오면 꼭 들르는 곳입니다.,2026-04-21,또 오고 싶어요
ST018,먹방러_05,전주 맛집 검색하다 발견했는데 정말 맛있었어요.,2026-02-16,분위기가 좋아요
ST018,전주맛집E,재료가 신선하고 국물이 진해요. 다음에 또 올게요!,2026-03-17,단체모임 하기 좋아요
ST018,송천동맛집,혼자 와도 편하게 먹을 수 있어서 자주 오게 되는 집이에요.,2026-01-27,맛있어요
ST018,삼천동리뷰,오랜만에 왔는데 변함없이 맛있네요. 가마솥국밥 강추!,2026-03-17,맛있어요
ST018,효자동단골,사장님이 너무 친절하셔서 기분 좋게 먹고 왔어요.,2026-04-25,가성비가 좋아요
ST018,jeonju_review05,맛은 평범한데 유명세 때문에 줄만 긴 것 같아요.,2026-02-12,대기시간이 길어요
ST018,taste_kr_04,테이블 간격이 너무 좁아서 불편했어요.,2026-03-31,맛이 별로예요
ST018,taste_kr_05,TV에 나왔다더니 역시 맛있어요. 줄 서서 먹을 만한 집!,2026-01-11,가성비가 좋아요
ST018,한옥마을관광,국물이 예전보다 좀 싱거워진 느낌이에요. 맛이 변한 것 같아요.,2026-06-07,가격이 비싸요
ST018,taste_kr_02,국물 맛이 깊고 진해요. 이 맛 때문에 자꾸 생각나요.,2026-03-12,맛있어요
ST018,홍길동123,반찬도 정갈하고 주인분도 친절해서 좋았습니다.,2026-01-20,특별한 날 가기 좋아요
ST018,추어탕마니아,이른 아침부터 문 열어서 해장하기 딱 좋아요.,2026-04-04,혼밥하기 좋아요
ST018,맛집헌터B,콩나물이 아삭하고 국물이 개운해요. 해장국으로 최고!,2026-02-10,특별한 날 가기 좋아요
ST018,punpun_eats,맛은 있는데 양이 조금 적은 것 같아요. 가격 생각하면 아쉬워요.,2026-02-06,양이 적어요
ST018,taste_kr_03,직원분이 좀 불친절하셨어요. 바빠서 그런지 모르겠지만 아쉽네요.,2026-01-09,가격이 비싸요
ST018,전북맛집,주말에 갔더니 대기가 너무 길었어요. 웨이팅 30분 이상은 각오하세요.,2026-01-18,대기시간이 길어요
ST018,리뷰어_박씨,위생 상태가 썩 좋아 보이지 않았어요. 개선이 필요해 보여요.,2026-04-04,분위기가 별로예요
ST019,남부시장단골,가격이 꽤 나오는데 양이 좀 부족한 느낌이에요.,2026-05-22,재방문 의사 없어요
ST019,jbfoodie_02,전통 방식 그대로 만들어서 옛날 맛이 나요. 너무 좋아요.,2026-04-05,친절해요
ST019,food_jb_05,전주 맛집 검색하다 발견했는데 정말 맛있었어요.,2026-05-22,양이 많아요
ST019,jb_local_guide,전반적으로 음식 수준이 높아요. 외국인 친구 데려오기 좋은 곳.,2026-06-06,분위기가 좋아요
ST019,jeonju_trip,재료가 신선하고 국물이 진해요. 다음에 또 올게요!,2026-01-17,단체모임 하기 좋아요
ST019,서신동먹자,가격 대비 양도 많고 맛도 훌륭해요. 전주쌈밥 단골 됐어요.,2026-04-12,주차하기 편해요
ST019,user_전주_03,가격 대비 양도 많고 맛도 훌륭해요. 전주쌈밥 단골 됐어요.,2026-05-15,분위기가 좋아요
ST019,jeonju_review01,혼자 와도 편하게 먹을 수 있어서 자주 오게 되는 집이에요.,2026-04-15,단체모임 하기 좋아요
ST019,jbfoodie_03,코스 요리처럼 음식이 계속 나와요. 대접받는 기분!,2026-01-19,양이 많아요
ST019,전북맛집,위생 상태가 썩 좋아 보이지 않았어요. 개선이 필요해 보여요.,2026-03-23,양이 적어요
ST019,전북대생,친구랑 같이 왔는데 둘 다 너무 만족했어요. 전주쌈밥 최고!,2026-04-26,단체모임 하기 좋아요
ST019,맛집헌터C,주말에 갔더니 대기가 너무 길었어요. 웨이팅 30분 이상은 각오하세요.,2026-03-30,대기시간이 길어요
ST019,foodlover_B,국물이 예전보다 좀 싱거워진 느낌이에요. 맛이 변한 것 같아요.,2026-05-31,양이 적어요
ST019,전주살이,전주쌈밥 정말 맛있어요! 전주 오면 꼭 들르는 곳입니다.,2026-02-03,가성비가 좋아요
ST019,taste_kr_01,맛은 평범한데 유명세 때문에 줄만 긴 것 같아요.,2026-05-09,대기시간이 길어요
ST019,홍길동123,맛은 있는데 양이 조금 적은 것 같아요. 가격 생각하면 아쉬워요.,2026-02-01,재방문 의사 없어요
ST019,미식여행자,오픈하자마자 갔는데 금방 자리가 찼어요. 역시 맛집이네요.,2026-03-19,친절해요
ST020,신시가지거주자,주차공간이 협소해서 근처 유료주차장 이용해야 했어요.,2026-05-12,분위기가 별로예요
ST020,foodlover_D,친구랑 같이 왔는데 둘 다 너무 만족했어요. 대동문 최고!,2026-01-28,주차하기 편해요
ST020,인후동탐방,혼자 와도 편하게 먹을 수 있어서 자주 오게 되는 집이에요.,2026-03-03,깨끗해요
ST020,food_jb_05,사장님이 너무 친절하셔서 기분 좋게 먹고 왔어요.,2026-02-01,깨끗해요
ST020,친구모임장소,주차도 편하고 넓어서 가족 나들이하기 딱 좋은 곳이에요.,2026-04-26,가성비가 좋아요
ST020,맛집소개정씨,맛은 평범한데 유명세 때문에 줄만 긴 것 같아요.,2026-02-06,주차하기 불편해요
ST020,foodstagram_kr,반찬 리필을 안 해주더라고요. 조금 아쉬웠습니다.,2026-01-13,위생이 아쉬워요
ST020,아침밥러버,대동문 정말 맛있어요! 전주 오면 꼭 들르는 곳입니다.,2026-04-09,단체모임 하기 좋아요
ST020,jeonju_review03,대동문 정말 맛있어요! 전주 오면 꼭 들르는 곳입니다.,2026-03-05,맛있어요
ST020,전주관광객,직원분이 좀 불친절하셨어요. 바빠서 그런지 모르겠지만 아쉽네요.,2026-03-25,맛이 별로예요
ST020,jbfoodie_03,전주 맛집 검색하다 발견했는데 정말 맛있었어요.,2026-03-22,단체모임 하기 좋아요
ST020,foodie_korea,테이블 간격이 너무 좁아서 불편했어요.,2026-02-10,가격이 비싸요
ST020,review_kr_03,가격이 좀 올랐더라고요. 예전보다 비싸진 것 같아 아쉬워요.,2026-05-12,양이 적어요
ST020,효자동단골,가격 대비 양도 많고 맛도 훌륭해요. 대동문 단골 됐어요.,2026-05-08,가성비가 좋아요
ST020,jbfood_lover,오랜만에 왔는데 변함없이 맛있네요. 대동문 강추!,2026-01-24,깨끗해요
ST020,전주비빔밥순례,재료가 신선하고 국물이 진해요. 다음에 또 올게요!,2026-05-10,특별한 날 가기 좋아요
ST021,user_전주_02,오픈하자마자 갔는데 금방 자리가 찼어요. 역시 맛집이네요.,2026-01-05,혼밥하기 좋아요
ST021,신시가지거주자,혼자 와도 편하게 먹을 수 있어서 자주 오게 되는 집이에요.,2026-03-26,또 오고 싶어요
ST021,맛집블로거,오픈하자마자 갔는데 금방 자리가 찼어요. 역시 맛집이네요.,2026-04-17,맛있어요
ST021,jbfoodie_05,전주 맛집 검색하다 발견했는데 정말 맛있었어요.,2026-03-20,특별한 날 가기 좋아요
ST021,전라도미식가,오랜만에 왔는데 변함없이 맛있네요. 한국집 강추!,2026-06-02,주차하기 편해요
ST021,가족여행객,재료가 신선하고 국물이 진해요. 다음에 또 올게요!,2026-05-29,특별한 날 가기 좋아요
ST021,jbfoodie_03,전통 방식 그대로 만들어서 옛날 맛이 나요. 너무 좋아요.,2026-02-28,특별한 날 가기 좋아요
ST021,jeonju_local,사장님이 너무 친절하셔서 기분 좋게 먹고 왔어요.,2026-05-30,맛있어요
ST021,user_전주_03,맛은 평범한데 유명세 때문에 줄만 긴 것 같아요.,2026-02-13,대기시간이 길어요
ST021,맛집헌터E,위생 상태가 썩 좋아 보이지 않았어요. 개선이 필요해 보여요.,2026-06-11,맛이 별로예요
ST021,전주야경감상,TV에 나왔다더니 역시 맛있어요. 줄 서서 먹을 만한 집!,2026-02-07,분위기가 좋아요
ST021,처음방문최씨,친구랑 같이 왔는데 둘 다 너무 만족했어요. 한국집 최고!,2026-01-09,또 오고 싶어요
ST021,jbfoodie_02,가격이 좀 올랐더라고요. 예전보다 비싸진 것 같아 아쉬워요.,2026-01-29,재방문 의사 없어요
ST021,foodie_korea,국물 맛이 깊고 진해요. 이 맛 때문에 자꾸 생각나요.,2026-01-05,혼밥하기 좋아요
ST021,taste_kr_03,반찬도 정갈하고 주인분도 친절해서 좋았습니다.,2026-03-22,친절해요
ST021,jeonju_review03,맛은 있는데 양이 조금 적은 것 같아요. 가격 생각하면 아쉬워요.,2026-02-08,위생이 아쉬워요
ST021,jeonju_review01,주차도 편하고 넓어서 가족 나들이하기 딱 좋은 곳이에요.,2026-02-22,또 오고 싶어요
ST021,review_kr_04,국물이 예전보다 좀 싱거워진 느낌이에요. 맛이 변한 것 같아요.,2026-06-06,불친절해요
ST022,jeonju_local,전주 맛집 검색하다 발견했는데 정말 맛있었어요.,2026-01-26,혼밥하기 좋아요
ST022,jeonju_review01,가격 대비 양도 많고 맛도 훌륭해요. 고궁 단골 됐어요.,2026-03-26,깨끗해요
ST022,user_전주_01,양이 정말 푸짐해요. 배부르게 먹고 갑니다.,2026-01-26,또 오고 싶어요
ST022,푸드인전주,위생 상태가 썩 좋아 보이지 않았어요. 개선이 필요해 보여요.,2026-01-02,가격이 비싸요
ST022,foodlover_A,국물 맛이 깊고 진해요. 이 맛 때문에 자꾸 생각나요.,2026-02-10,친절해요
ST022,낙지볶음팬,고궁 정말 맛있어요! 전주 오면 꼭 들르는 곳입니다.,2026-05-02,특별한 날 가기 좋아요
ST022,user_전주_03,오픈하자마자 갔는데 금방 자리가 찼어요. 역시 맛집이네요.,2026-02-21,가성비가 좋아요
ST022,해장국마니아,사장님이 너무 친절하셔서 기분 좋게 먹고 왔어요.,2026-03-24,양이 많아요
ST022,kimchi_lover,혼자 와도 편하게 먹을 수 있어서 자주 오게 되는 집이에요.,2026-01-23,가성비가 좋아요
ST022,jbfoodie_02,TV에 나왔다더니 역시 맛있어요. 줄 서서 먹을 만한 집!,2026-03-01,가성비가 좋아요
ST022,전주맛집B,반찬도 정갈하고 주인분도 친절해서 좋았습니다.,2026-01-10,맛있어요
ST022,한정식전문가,주차공간이 협소해서 근처 유료주차장 이용해야 했어요.,2026-04-17,양이 적어요
ST022,jeonju_eater,TV에 나왔다더니 역시 맛있어요. 줄 서서 먹을 만한 집!,2026-01-10,주차하기 편해요
ST022,피순대국밥팬,가격 대비 양도 많고 맛도 훌륭해요. 고궁 단골 됐어요.,2026-05-07,혼밥하기 좋아요
ST022,맛집평론가,맛은 있는데 양이 조금 적은 것 같아요. 가격 생각하면 아쉬워요.,2026-03-16,가격이 비싸요
ST022,jeollabuk_go,가격이 좀 올랐더라고요. 예전보다 비싸진 것 같아 아쉬워요.,2026-01-03,위생이 아쉬워요
ST022,완산구주민,재료가 신선하고 국물이 진해요. 다음에 또 올게요!,2026-05-26,특별한 날 가기 좋아요
ST022,먹방러_05,테이블 간격이 너무 좁아서 불편했어요.,2026-01-28,대기시간이 길어요
ST023,food_jb_02,맛은 평범한데 유명세 때문에 줄만 긴 것 같아요.,2026-06-05,양이 적어요
ST023,전주역이용객,혼자 와도 편하게 먹을 수 있어서 자주 오게 되는 집이에요.,2026-04-17,또 오고 싶어요
ST023,foodlover_A,TV에 나왔다더니 역시 맛있어요. 줄 서서 먹을 만한 집!,2026-05-01,가성비가 좋아요
ST023,전주맛집C,직원분이 좀 불친절하셨어요. 바빠서 그런지 모르겠지만 아쉽네요.,2026-02-25,대기시간이 길어요
ST023,맛집소개정씨,비빔밥 하나 시키면 반찬이 엄청 많이 나와요. 든든해요.,2026-06-02,가성비가 좋아요
ST023,객사맛집,반찬 리필을 안 해주더라고요. 조금 아쉬웠습니다.,2026-05-15,맛이 별로예요
ST023,taste_kr_05,나물 가짓수가 줄어든 것 같아요. 예전이 더 풍성했는데.,2026-05-16,맛이 별로예요
ST023,남부시장단골,양이 정말 푸짐해요. 배부르게 먹고 갑니다.,2026-01-20,분위기가 좋아요
ST023,foodlover_E,주차공간이 협소해서 근처 유료주차장 이용해야 했어요.,2026-01-29,가격이 비싸요
ST023,kimchi_lover,오픈하자마자 갔는데 금방 자리가 찼어요. 역시 맛집이네요.,2026-05-21,분위기가 좋아요
ST023,review_kr_05,전주비빔밥(한옥마을점) 정말 맛있어요! 전주 오면 꼭 들르는 곳입니다.,2026-02-21,혼밥하기 좋아요
ST023,jbfoodie_02,반찬도 정갈하고 주인분도 친절해서 좋았습니다.,2026-05-18,또 오고 싶어요
ST023,food_explorer_kr,재료가 신선하고 국물이 진해요. 다음에 또 올게요!,2026-02-12,주차하기 편해요
ST023,삼천동리뷰,전통 방식 그대로 만들어서 옛날 맛이 나요. 너무 좋아요.,2026-05-14,단체모임 하기 좋아요
ST023,taste_kr_04,전주 맛집 검색하다 발견했는데 정말 맛있었어요.,2026-01-30,맛있어요
ST023,칼국수러버,친구랑 같이 왔는데 둘 다 너무 만족했어요. 전주비빔밥(한옥마을점) 최고!,2026-05-30,가성비가 좋아요
ST023,review_kr_01,주말에 갔더니 대기가 너무 길었어요. 웨이팅 30분 이상은 각오하세요.,2026-01-24,분위기가 별로예요
ST024,단골손님이씨,오픈하자마자 갔는데 금방 자리가 찼어요. 역시 맛집이네요.,2026-02-22,혼밥하기 좋아요
ST024,순대국밥러버,친구랑 같이 왔는데 둘 다 너무 만족했어요. 베테랑칼국수 최고!,2026-01-26,또 오고 싶어요
ST024,먹방러_03,가격 대비 양도 많고 맛도 훌륭해요. 베테랑칼국수 단골 됐어요.,2026-01-09,양이 많아요
ST024,taste_kr_05,전주 맛집 검색하다 발견했는데 정말 맛있었어요.,2026-06-03,특별한 날 가기 좋아요
ST024,전주여행자,칼국수 면이 쫄깃하고 국물이 진해요. 자꾸 생각나는 맛!,2026-03-04,친절해요
ST024,food_diary_jj,재료가 신선하고 국물이 진해요. 다음에 또 올게요!,2026-04-13,혼밥하기 좋아요
ST024,taste_kr_03,사장님이 너무 친절하셔서 기분 좋게 먹고 왔어요.,2026-03-01,친절해요
ST024,전주맛집D,주말에 갔더니 대기가 너무 길었어요. 웨이팅 30분 이상은 각오하세요.,2026-02-25,분위기가 별로예요
ST024,홍길동123,반찬도 정갈하고 주인분도 친절해서 좋았습니다.,2026-02-05,깨끗해요
ST024,review_kr_04,주차도 편하고 넓어서 가족 나들이하기 딱 좋은 곳이에요.,2026-03-16,양이 많아요
ST024,전주맛지도,친구랑 같이 왔는데 둘 다 너무 만족했어요. 베테랑칼국수 최고!,2026-05-28,특별한 날 가기 좋아요
ST024,인후동탐방,전통 방식 그대로 만들어서 옛날 맛이 나요. 너무 좋아요.,2026-05-28,깨끗해요
ST024,먹방러_04,국물이 예전보다 좀 싱거워진 느낌이에요. 맛이 변한 것 같아요.,2026-03-24,가격이 비싸요
ST024,리뷰어_박씨,재료가 신선하고 국물이 진해요. 다음에 또 올게요!,2026-03-19,깨끗해요
ST024,yummy_jeonju,주차공간이 협소해서 근처 유료주차장 이용해야 했어요.,2026-05-14,맛이 별로예요
ST024,전주한바퀴,전주 맛집 검색하다 발견했는데 정말 맛있었어요.,2026-04-16,혼밥하기 좋아요
ST024,완산구주민,맛은 있는데 양이 조금 적은 것 같아요. 가격 생각하면 아쉬워요.,2026-03-12,재방문 의사 없어요
ST024,kimchi_lover,맛은 평범한데 유명세 때문에 줄만 긴 것 같아요.,2026-05-23,맛이 별로예요
ST024,먹방러_02,점심시간엔 웨이팅이 필수예요. 여유 있게 방문하세요.,2026-02-14,불친절해요
ST025,효자동단골,위생 상태가 썩 좋아 보이지 않았어요. 개선이 필요해 보여요.,2026-03-08,가격이 비싸요
ST025,남부시장단골,하숙영가마솥비빔밥 정말 맛있어요! 전주 오면 꼭 들르는 곳입니다.,2026-05-12,또 오고 싶어요
ST025,review_kr_03,사장님이 너무 친절하셔서 기분 좋게 먹고 왔어요.,2026-04-30,혼밥하기 좋아요
ST025,맛집지도앱,전주 맛집 검색하다 발견했는데 정말 맛있었어요.,2026-05-01,분위기가 좋아요
ST025,인후동탐방,반찬도 정갈하고 주인분도 친절해서 좋았습니다.,2026-02-22,깨끗해요
ST025,신시가지거주자,하숙영가마솥비빔밥 정말 맛있어요! 전주 오면 꼭 들르는 곳입니다.,2026-03-22,양이 많아요
ST025,jeonju_review01,가격 대비 양도 많고 맛도 훌륭해요. 하숙영가마솥비빔밥 단골 됐어요.,2026-01-12,양이 많아요
ST025,foodlover_E,재료가 신선하고 국물이 진해요. 다음에 또 올게요!,2026-02-26,맛있어요
ST025,전주핫플,반찬도 정갈하고 주인분도 친절해서 좋았습니다.,2026-01-05,주차하기 편해요
ST025,출장온회사원,국물이 예전보다 좀 싱거워진 느낌이에요. 맛이 변한 것 같아요.,2026-05-22,분위기가 별로예요
ST025,jbfoodie_05,친구랑 같이 왔는데 둘 다 너무 만족했어요. 하숙영가마솥비빔밥 최고!,2026-05-29,분위기가 좋아요
ST025,jeonju_review02,가격 대비 양도 많고 맛도 훌륭해요. 하숙영가마솥비빔밥 단골 됐어요.,2026-03-17,주차하기 편해요
ST025,미식여행자,오픈하자마자 갔는데 금방 자리가 찼어요. 역시 맛집이네요.,2026-02-20,맛있어요
ST025,중화산동단골,맛은 평범한데 유명세 때문에 줄만 긴 것 같아요.,2026-02-28,위생이 아쉬워요
ST025,전주야경감상,직원분이 좀 불친절하셨어요. 바빠서 그런지 모르겠지만 아쉽네요.,2026-05-26,재방문 의사 없어요
ST025,처음방문최씨,맛은 있는데 양이 조금 적은 것 같아요. 가격 생각하면 아쉬워요.,2026-05-08,분위기가 별로예요
ST025,foodlover_A,재료가 신선하고 국물이 진해요. 다음에 또 올게요!,2026-03-28,특별한 날 가기 좋아요
ST025,주말여행자,주차공간이 협소해서 근처 유료주차장 이용해야 했어요.,2026-05-06,대기시간이 길어요
ST025,review_kr_01,국물 맛이 깊고 진해요. 이 맛 때문에 자꾸 생각나요.,2026-04-28,가성비가 좋아요
ST025,비빔밥사랑,오픈하자마자 갔는데 금방 자리가 찼어요. 역시 맛집이네요.,2026-04-01,단체모임 하기 좋아요
ST026,foodlover_E,테이블 간격이 너무 좁아서 불편했어요.,2026-03-04,가격이 비싸요
ST026,맛집탐험대,친구랑 같이 왔는데 둘 다 너무 만족했어요. 현대옥(한옥마을점) 최고!,2026-03-18,특별한 날 가기 좋아요
ST026,객사맛집,가격 대비 양도 많고 맛도 훌륭해요. 현대옥(한옥마을점) 단골 됐어요.,2026-01-09,맛있어요
ST026,먹스타그램,오픈하자마자 갔는데 금방 자리가 찼어요. 역시 맛집이네요.,2026-04-14,맛있어요
ST026,전주야경감상,사장님이 너무 친절하셔서 기분 좋게 먹고 왔어요.,2026-04-07,맛있어요
ST026,foodlover_B,주말에 갔더니 대기가 너무 길었어요. 웨이팅 30분 이상은 각오하세요.,2026-05-02,맛이 별로예요
ST026,홍길동123,맛은 있는데 양이 조금 적은 것 같아요. 가격 생각하면 아쉬워요.,2026-01-03,주차하기 불편해요
ST026,비빔밥사랑,사장님이 너무 친절하셔서 기분 좋게 먹고 왔어요.,2026-01-22,맛있어요
ST026,review_kr_03,주차도 편하고 넓어서 가족 나들이하기 딱 좋은 곳이에요.,2026-04-22,혼밥하기 좋아요
ST026,중화산동단골,위생 상태가 썩 좋아 보이지 않았어요. 개선이 필요해 보여요.,2026-05-25,불친절해요
ST026,foodstagram_kr,양이 정말 푸짐해요. 배부르게 먹고 갑니다.,2026-05-16,특별한 날 가기 좋아요
ST026,맛있는하루,가격이 좀 올랐더라고요. 예전보다 비싸진 것 같아 아쉬워요.,2026-02-28,재방문 의사 없어요
ST026,갈비사랑,직원분이 좀 불친절하셨어요. 바빠서 그런지 모르겠지만 아쉽네요.,2026-05-26,양이 적어요
ST026,user_전주_02,반찬도 정갈하고 주인분도 친절해서 좋았습니다.,2026-03-11,특별한 날 가기 좋아요
ST026,food_diary_jj,전주 맛집 검색하다 발견했는데 정말 맛있었어요.,2026-01-20,가성비가 좋아요
ST026,점심메이트,TV에 나왔다더니 역시 맛있어요. 줄 서서 먹을 만한 집!,2026-05-20,특별한 날 가기 좋아요
ST027,전주콩나물,오랜만에 왔는데 변함없이 맛있네요. 전주막걸리(경원동) 강추!,2026-01-07,혼밥하기 좋아요
ST027,jeonju_trip,재료가 신선하고 국물이 진해요. 다음에 또 올게요!,2026-04-01,특별한 날 가기 좋아요
ST027,foodlover_B,사장님이 너무 친절하셔서 기분 좋게 먹고 왔어요.,2026-01-24,깨끗해요
ST027,먹방러_03,전주막걸리(경원동) 정말 맛있어요! 전주 오면 꼭 들르는 곳입니다.,2026-06-03,혼밥하기 좋아요
ST027,삼천동리뷰,양이 정말 푸짐해요. 배부르게 먹고 갑니다.,2026-04-09,깨끗해요
ST027,gourmet_jb,맛은 있는데 양이 조금 적은 것 같아요. 가격 생각하면 아쉬워요.,2026-03-16,불친절해요
ST027,jeonju_review01,반찬 리필을 안 해주더라고요. 조금 아쉬웠습니다.,2026-04-10,가격이 비싸요
ST027,신시가지탐방,직원분이 좀 불친절하셨어요. 바빠서 그런지 모르겠지만 아쉽네요.,2026-05-24,분위기가 별로예요
ST027,처음방문최씨,위생 상태가 썩 좋아 보이지 않았어요. 개선이 필요해 보여요.,2026-05-27,양이 적어요
ST027,맛집헌터D,국물 맛이 깊고 진해요. 이 맛 때문에 자꾸 생각나요.,2026-02-13,친절해요
ST027,전주야경감상,전주 맛집 검색하다 발견했는데 정말 맛있었어요.,2026-02-13,주차하기 편해요
ST027,푸드인전주,가격이 좀 올랐더라고요. 예전보다 비싸진 것 같아 아쉬워요.,2026-03-10,주차하기 불편해요
ST027,덕진구주민,오랜만에 왔는데 변함없이 맛있네요. 전주막걸리(경원동) 강추!,2026-03-10,분위기가 좋아요
ST027,review_kr_02,맛은 있는데 양이 조금 적은 것 같아요. 가격 생각하면 아쉬워요.,2026-02-07,양이 적어요
ST027,bibimbap_fan,가격 대비 양도 많고 맛도 훌륭해요. 전주막걸리(경원동) 단골 됐어요.,2026-02-12,또 오고 싶어요
ST027,taste_kr_02,TV에 나왔다더니 역시 맛있어요. 줄 서서 먹을 만한 집!,2026-03-12,주차하기 편해요
ST027,jeonju_review03,오픈하자마자 갔는데 금방 자리가 찼어요. 역시 맛집이네요.,2026-03-18,양이 많아요
ST027,user_전주_04,반찬도 정갈하고 주인분도 친절해서 좋았습니다.,2026-01-20,가성비가 좋아요
ST027,남부시장단골,오픈하자마자 갔는데 금방 자리가 찼어요. 역시 맛집이네요.,2026-03-06,혼밥하기 좋아요
ST028,jeonju_review04,국물이 예전보다 좀 싱거워진 느낌이에요. 맛이 변한 것 같아요.,2026-04-07,재방문 의사 없어요
ST028,전북대생,혼자 와도 편하게 먹을 수 있어서 자주 오게 되는 집이에요.,2026-04-25,주차하기 편해요
ST028,먹방러_04,오랜만에 왔는데 변함없이 맛있네요. 삼백집 강추!,2026-05-03,혼밥하기 좋아요
ST028,jbfoodie_05,주차도 편하고 넓어서 가족 나들이하기 딱 좋은 곳이에요.,2026-04-13,분위기가 좋아요
ST028,전주맛집B,TV에 나왔다더니 역시 맛있어요. 줄 서서 먹을 만한 집!,2026-05-10,주차하기 편해요
ST028,jeonju_review03,양이 정말 푸짐해요. 배부르게 먹고 갑니다.,2026-05-20,주차하기 편해요
ST028,jeollabuk_go,오랜만에 왔는데 변함없이 맛있네요. 삼백집 강추!,2026-04-03,혼밥하기 좋아요
ST028,전주맛집C,오픈하자마자 갔는데 금방 자리가 찼어요. 역시 맛집이네요.,2026-06-02,또 오고 싶어요
ST028,신시가지탐방,테이블 간격이 너무 좁아서 불편했어요.,2026-01-28,맛이 별로예요
ST028,맛집소개정씨,반찬 리필을 안 해주더라고요. 조금 아쉬웠습니다.,2026-04-01,위생이 아쉬워요
ST028,국밥매니아,전통 방식 그대로 만들어서 옛날 맛이 나요. 너무 좋아요.,2026-06-06,분위기가 좋아요
ST028,food_diary_jj,맛은 있는데 양이 조금 적은 것 같아요. 가격 생각하면 아쉬워요.,2026-05-25,재방문 의사 없어요
ST028,콩나물국밥마니아,친구랑 같이 왔는데 둘 다 너무 만족했어요. 삼백집 최고!,2026-03-26,가성비가 좋아요
ST028,taste_kr_01,직원분이 좀 불친절하셨어요. 바빠서 그런지 모르겠지만 아쉽네요.,2026-01-28,불친절해요
ST028,전주맛집탐방,반찬도 정갈하고 주인분도 친절해서 좋았습니다.,2026-01-26,양이 많아요
ST028,출장온회사원,친구랑 같이 왔는데 둘 다 너무 만족했어요. 삼백집 최고!,2026-02-26,또 오고 싶어요
ST029,jbfoodie_03,친구랑 같이 왔는데 둘 다 너무 만족했어요. 풍년제과(한옥마을점) 최고!,2026-01-27,맛있어요
ST029,전주맛집C,전주 맛집 검색하다 발견했는데 정말 맛있었어요.,2026-02-17,친절해요
ST029,객사주변직장인,맛은 있는데 양이 조금 적은 것 같아요. 가격 생각하면 아쉬워요.,2026-03-25,위생이 아쉬워요
ST029,순대마니아,재료가 신선하고 국물이 진해요. 다음에 또 올게요!,2026-04-28,깨끗해요
ST029,전주비빔밥러,오픈하자마자 갔는데 금방 자리가 찼어요. 역시 맛집이네요.,2026-03-09,양이 많아요
ST029,review_kr_01,가격이 좀 올랐더라고요. 예전보다 비싸진 것 같아 아쉬워요.,2026-05-16,분위기가 별로예요
ST029,다가동미식,직원분이 좀 불친절하셨어요. 바빠서 그런지 모르겠지만 아쉽네요.,2026-06-02,재방문 의사 없어요
ST029,전통주탐방,TV에 나왔다더니 역시 맛있어요. 줄 서서 먹을 만한 집!,2026-06-06,분위기가 좋아요
ST029,전주비빔밥순례,혼자 와도 편하게 먹을 수 있어서 자주 오게 되는 집이에요.,2026-05-31,깨끗해요
ST029,덕진공원산책후,반찬 리필을 안 해주더라고요. 조금 아쉬웠습니다.,2026-04-01,주차하기 불편해요
ST029,food_jb_03,친구랑 같이 왔는데 둘 다 너무 만족했어요. 풍년제과(한옥마을점) 최고!,2026-06-08,친절해요
ST029,한정식전문가,가격 대비 양도 많고 맛도 훌륭해요. 풍년제과(한옥마을점) 단골 됐어요.,2026-03-18,또 오고 싶어요
ST029,먹방러_02,가격 대비 양도 많고 맛도 훌륭해요. 풍년제과(한옥마을점) 단골 됐어요.,2026-01-22,특별한 날 가기 좋아요
ST029,맛있어요123,전통 방식 그대로 만들어서 옛날 맛이 나요. 너무 좋아요.,2026-03-22,특별한 날 가기 좋아요
ST029,travel_eater,전주 초코파이는 여기서 꼭 사야 해요. 선물로 최고!,2026-03-03,맛있어요
ST029,효자동단골,오랜만에 왔는데 변함없이 맛있네요. 풍년제과(한옥마을점) 강추!,2026-01-30,친절해요
ST029,전주살이,전주 맛집 검색하다 발견했는데 정말 맛있었어요.,2026-04-06,또 오고 싶어요
ST029,yummy_jeonju,테이블 간격이 너무 좁아서 불편했어요.,2026-05-11,주차하기 불편해요
ST029,jeonju_review03,전통 방식 그대로 만들어서 옛날 맛이 나요. 너무 좋아요.,2026-06-02,양이 많아요
ST030,가족여행객,TV에 나왔다더니 역시 맛있어요. 줄 서서 먹을 만한 집!,2026-03-31,주차하기 편해요
ST030,jeonju_trip,오랜만에 왔는데 변함없이 맛있네요. 가족회관 강추!,2026-04-23,분위기가 좋아요
ST030,travel_eater,반찬도 정갈하고 주인분도 친절해서 좋았습니다.,2026-03-02,단체모임 하기 좋아요
ST030,냉면마니아,전통 방식 그대로 만들어서 옛날 맛이 나요. 너무 좋아요.,2026-05-31,맛있어요
ST030,덕진공원산책후,주차도 편하고 넓어서 가족 나들이하기 딱 좋은 곳이에요.,2026-06-06,가성비가 좋아요
ST030,jeonju_review05,가격 대비 양도 많고 맛도 훌륭해요. 가족회관 단골 됐어요.,2026-02-12,특별한 날 가기 좋아요
ST030,푸드인전주,반찬 리필을 안 해주더라고요. 조금 아쉬웠습니다.,2026-02-22,가격이 비싸요
ST030,칼국수러버,오픈하자마자 갔는데 금방 자리가 찼어요. 역시 맛집이네요.,2026-01-16,가성비가 좋아요
ST030,jbfoodie_01,국물 맛이 깊고 진해요. 이 맛 때문에 자꾸 생각나요.,2026-03-31,가성비가 좋아요
ST030,전주맛집B,주말에 갔더니 대기가 너무 길었어요. 웨이팅 30분 이상은 각오하세요.,2026-03-13,양이 적어요
ST030,먹방러_03,양이 정말 푸짐해요. 배부르게 먹고 갑니다.,2026-05-18,친절해요
ST030,비빔밥사랑,전주 맛집 검색하다 발견했는데 정말 맛있었어요.,2026-03-24,분위기가 좋아요
ST030,아침밥러버,가격이 좀 올랐더라고요. 예전보다 비싸진 것 같아 아쉬워요.,2026-03-16,재방문 의사 없어요
ST030,jbfoodie_02,맛은 있는데 양이 조금 적은 것 같아요. 가격 생각하면 아쉬워요.,2026-03-10,양이 적어요
ST030,맛집헌터B,가족회관 정말 맛있어요! 전주 오면 꼭 들르는 곳입니다.,2026-01-25,단체모임 하기 좋아요
ST030,맛있어요123,직원분이 좀 불친절하셨어요. 바빠서 그런지 모르겠지만 아쉽네요.,2026-04-16,재방문 의사 없어요
ST031,taste_kr_03,TV에 나왔다더니 역시 맛있어요. 줄 서서 먹을 만한 집!,2026-04-27,깨끗해요
ST031,jeonju_foodie,주차공간이 협소해서 근처 유료주차장 이용해야 했어요.,2026-04-20,대기시간이 길어요
ST031,국밥왕,천년향 정말 맛있어요! 전주 오면 꼭 들르는 곳입니다.,2026-02-03,양이 많아요
ST031,덕진구주민,가격 대비 양도 많고 맛도 훌륭해요. 천년향 단골 됐어요.,2026-02-10,혼밥하기 좋아요
ST031,혼밥러_전주,오픈하자마자 갔는데 금방 자리가 찼어요. 역시 맛집이네요.,2026-01-24,또 오고 싶어요
ST031,남부시장단골,주말에 갔더니 대기가 너무 길었어요. 웨이팅 30분 이상은 각오하세요.,2026-03-06,가격이 비싸요
ST031,신시가지탐방,천년향 정말 맛있어요! 전주 오면 꼭 들르는 곳입니다.,2026-04-06,단체모임 하기 좋아요
ST031,국밥매니아,맛은 있는데 양이 조금 적은 것 같아요. 가격 생각하면 아쉬워요.,2026-01-14,대기시간이 길어요
ST031,피순대국밥팬,재료가 신선하고 국물이 진해요. 다음에 또 올게요!,2026-06-10,단체모임 하기 좋아요
ST031,효자동단골,국물 맛이 깊고 진해요. 이 맛 때문에 자꾸 생각나요.,2026-03-01,특별한 날 가기 좋아요
ST031,jeonju_review05,양이 정말 푸짐해요. 배부르게 먹고 갑니다.,2026-01-24,분위기가 좋아요
ST031,foodstagram_kr,직원분이 좀 불친절하셨어요. 바빠서 그런지 모르겠지만 아쉽네요.,2026-01-01,가격이 비싸요
ST031,갈비사랑,오랜만에 왔는데 변함없이 맛있네요. 천년향 강추!,2026-05-03,깨끗해요
ST031,한옥마을단골,친구랑 같이 왔는데 둘 다 너무 만족했어요. 천년향 최고!,2026-02-03,분위기가 좋아요
ST031,먹방러_02,친구랑 같이 왔는데 둘 다 너무 만족했어요. 천년향 최고!,2026-02-27,혼밥하기 좋아요
ST032,남부시장단골,친구랑 같이 왔는데 둘 다 너무 만족했어요. 전주비빔밥식당 최고!,2026-03-23,주차하기 편해요
ST032,jb_local_guide,비빔밥 하나 시키면 반찬이 엄청 많이 나와요. 든든해요.,2026-04-10,가성비가 좋아요
ST032,jbfoodie_01,재료가 신선하고 국물이 진해요. 다음에 또 올게요!,2026-04-18,양이 많아요
ST032,객사주변직장인,TV에 나왔다더니 역시 맛있어요. 줄 서서 먹을 만한 집!,2026-05-20,혼밥하기 좋아요
ST032,한정식전문가,재료가 신선하고 국물이 진해요. 다음에 또 올게요!,2026-05-01,또 오고 싶어요
ST032,전북대생,육회가 신선하고 고소해요. 전주 오면 꼭 먹어야 할 메뉴!,2026-01-05,양이 많아요
ST032,먹방러_01,직원분이 좀 불친절하셨어요. 바빠서 그런지 모르겠지만 아쉽네요.,2026-01-18,분위기가 별로예요
ST032,gourmet_jb,맛은 있는데 양이 조금 적은 것 같아요. 가격 생각하면 아쉬워요.,2026-03-09,양이 적어요
ST032,한옥마을여행,전주비빔밥식당 정말 맛있어요! 전주 오면 꼭 들르는 곳입니다.,2026-01-11,또 오고 싶어요
ST032,kimchi_lover,돌솥에 나와서 따뜻하게 먹을 수 있어서 좋았어요.,2026-04-12,친절해요
ST032,review_kr_05,오픈하자마자 갔는데 금방 자리가 찼어요. 역시 맛집이네요.,2026-03-15,분위기가 좋아요
ST032,review_kr_04,오랜만에 왔는데 변함없이 맛있네요. 전주비빔밥식당 강추!,2026-04-17,친절해요
ST032,jeonju_review04,전주 맛집 검색하다 발견했는데 정말 맛있었어요.,2026-04-13,양이 많아요
ST032,신시가지탐방,나물 가짓수가 줄어든 것 같아요. 예전이 더 풍성했는데.,2026-05-18,재방문 의사 없어요
ST032,전주맛집C,국물 맛이 깊고 진해요. 이 맛 때문에 자꾸 생각나요.,2026-06-07,분위기가 좋아요
ST032,미식여행자,주말에 갔더니 대기가 너무 길었어요. 웨이팅 30분 이상은 각오하세요.,2026-03-13,가격이 비싸요
ST032,서신동먹자,테이블 간격이 너무 좁아서 불편했어요.,2026-01-21,맛이 별로예요
ST032,맛집헌터A,맛은 평범한데 유명세 때문에 줄만 긴 것 같아요.,2026-02-22,가격이 비싸요
ST032,삼천동리뷰,사장님이 너무 친절하셔서 기분 좋게 먹고 왔어요.,2026-04-11,혼밥하기 좋아요
ST033,맛집소개정씨,가격 대비 양도 많고 맛도 훌륭해요. 교동 단골 됐어요.,2026-04-17,특별한 날 가기 좋아요
ST033,인후동탐방,오랜만에 왔는데 변함없이 맛있네요. 교동 강추!,2026-03-11,단체모임 하기 좋아요
ST033,한옥마을단골,교동 정말 맛있어요! 전주 오면 꼭 들르는 곳입니다.,2026-05-27,가성비가 좋아요
ST033,전주역이용객,주차도 편하고 넓어서 가족 나들이하기 딱 좋은 곳이에요.,2026-01-31,또 오고 싶어요
ST033,review_kr_04,교동 정말 맛있어요! 전주 오면 꼭 들르는 곳입니다.,2026-01-14,특별한 날 가기 좋아요
ST033,jeonju_eater,사장님이 너무 친절하셔서 기분 좋게 먹고 왔어요.,2026-02-27,단체모임 하기 좋아요
ST033,맛집헌터C,양이 정말 푸짐해요. 배부르게 먹고 갑니다.,2026-01-12,가성비가 좋아요
ST033,콩나물국밥마니아,전통 방식 그대로 만들어서 옛날 맛이 나요. 너무 좋아요.,2026-01-18,깨끗해요
ST033,food_jb_05,재료가 신선하고 국물이 진해요. 다음에 또 올게요!,2026-03-14,주차하기 편해요
ST033,서신동먹자,맛은 있는데 양이 조금 적은 것 같아요. 가격 생각하면 아쉬워요.,2026-03-25,불친절해요
ST033,jeonju_trip,TV에 나왔다더니 역시 맛있어요. 줄 서서 먹을 만한 집!,2026-05-22,맛있어요
ST033,food_jb_02,테이블 간격이 너무 좁아서 불편했어요.,2026-01-03,가격이 비싸요
ST033,신시가지거주자,주말에 갔더니 대기가 너무 길었어요. 웨이팅 30분 이상은 각오하세요.,2026-02-21,불친절해요
ST033,아침밥러버,위생 상태가 썩 좋아 보이지 않았어요. 개선이 필요해 보여요.,2026-05-25,위생이 아쉬워요
ST033,덕진구주민,맛은 평범한데 유명세 때문에 줄만 긴 것 같아요.,2026-06-09,대기시간이 길어요
ST033,처음방문최씨,오픈하자마자 갔는데 금방 자리가 찼어요. 역시 맛집이네요.,2026-04-29,혼밥하기 좋아요
ST033,먹방러_02,국물 맛이 깊고 진해요. 이 맛 때문에 자꾸 생각나요.,2026-05-07,양이 많아요
ST033,순대마니아,전주 맛집 검색하다 발견했는데 정말 맛있었어요.,2026-05-20,양이 많아요
ST033,food_explorer_kr,주말에 갔더니 대기가 너무 길었어요. 웨이팅 30분 이상은 각오하세요.,2026-01-02,양이 적어요
ST034,먹방러_05,맛은 있는데 양이 조금 적은 것 같아요. 가격 생각하면 아쉬워요.,2026-01-11,양이 적어요
ST034,한옥마을여행,주말에 갔더니 대기가 너무 길었어요. 웨이팅 30분 이상은 각오하세요.,2026-03-25,분위기가 별로예요
ST034,전주핫플,오랜만에 왔는데 변함없이 맛있네요. 남부시장국밥 강추!,2026-01-24,가성비가 좋아요
ST034,맛집소개정씨,맛은 있는데 양이 조금 적은 것 같아요. 가격 생각하면 아쉬워요.,2026-04-02,위생이 아쉬워요
ST034,피순대국밥팬,테이블 간격이 너무 좁아서 불편했어요.,2026-05-12,불친절해요
ST034,전주여행자,이른 아침부터 문 열어서 해장하기 딱 좋아요.,2026-03-18,분위기가 좋아요
ST034,출장온회사원,재료가 신선하고 국물이 진해요. 다음에 또 올게요!,2026-02-14,또 오고 싶어요
ST034,punpun_eats,반찬도 정갈하고 주인분도 친절해서 좋았습니다.,2026-04-14,분위기가 좋아요
ST034,food_jb_01,맛은 평범한데 유명세 때문에 줄만 긴 것 같아요.,2026-05-23,불친절해요
ST034,foodlover_A,콩나물이 아삭하고 국물이 개운해요. 해장국으로 최고!,2026-03-05,혼밥하기 좋아요
ST034,foodstagram_kr,친구랑 같이 왔는데 둘 다 너무 만족했어요. 남부시장국밥 최고!,2026-04-29,단체모임 하기 좋아요
ST034,전주콩나물,사장님이 너무 친절하셔서 기분 좋게 먹고 왔어요.,2026-02-05,또 오고 싶어요
ST034,korea_food_map,국물이 진하고 깊어요. 해장에 완벽한 집이에요!,2026-01-04,또 오고 싶어요
ST034,kimchi_lover,친구랑 같이 왔는데 둘 다 너무 만족했어요. 남부시장국밥 최고!,2026-02-26,가성비가 좋아요
ST034,jb_local_guide,국물 맛이 깊고 진해요. 이 맛 때문에 자꾸 생각나요.,2026-02-20,가성비가 좋아요
ST034,콩나물국밥마니아,반찬 리필을 안 해주더라고요. 조금 아쉬웠습니다.,2026-04-06,양이 적어요
ST034,신시가지탐방,전주 맛집 검색하다 발견했는데 정말 맛있었어요.,2026-05-30,양이 많아요
ST034,먹방러_01,직원분이 좀 불친절하셨어요. 바빠서 그런지 모르겠지만 아쉽네요.,2026-03-08,불친절해요
ST035,전주법원앞단골,TV에 나왔다더니 역시 맛있어요. 줄 서서 먹을 만한 집!,2026-05-25,단체모임 하기 좋아요
ST035,review_kr_04,오픈하자마자 갔는데 금방 자리가 찼어요. 역시 맛집이네요.,2026-03-24,주차하기 편해요
ST035,전통주탐방,가격 대비 양도 많고 맛도 훌륭해요. 명가전주비빔밥 단골 됐어요.,2026-03-11,분위기가 좋아요
ST035,전주살이,반찬 리필을 안 해주더라고요. 조금 아쉬웠습니다.,2026-01-07,가격이 비싸요
ST035,인후동탐방,위생 상태가 썩 좋아 보이지 않았어요. 개선이 필요해 보여요.,2026-06-02,주차하기 불편해요
ST035,전주한바퀴,사장님이 너무 친절하셔서 기분 좋게 먹고 왔어요.,2026-01-08,깨끗해요
ST035,점심메이트,맛은 평범한데 유명세 때문에 줄만 긴 것 같아요.,2026-01-15,재방문 의사 없어요
ST035,user_전주_01,혼자 와도 편하게 먹을 수 있어서 자주 오게 되는 집이에요.,2026-05-16,맛있어요
ST035,경기전방문자,주차공간이 협소해서 근처 유료주차장 이용해야 했어요.,2026-05-30,맛이 별로예요
ST035,전주맛지도,직원분이 좀 불친절하셨어요. 바빠서 그런지 모르겠지만 아쉽네요.,2026-02-10,양이 적어요
ST035,맛집지도앱,반찬도 정갈하고 주인분도 친절해서 좋았습니다.,2026-03-05,혼밥하기 좋아요
ST035,단골손님이씨,맛은 있는데 양이 조금 적은 것 같아요. 가격 생각하면 아쉬워요.,2026-03-10,위생이 아쉬워요
ST035,전주맛집B,양이 정말 푸짐해요. 배부르게 먹고 갑니다.,2026-01-15,주차하기 편해요
ST035,jbfoodie_03,전통 방식 그대로 만들어서 옛날 맛이 나요. 너무 좋아요.,2026-04-10,가성비가 좋아요
ST035,한옥마을관광,돌솥에 나와서 따뜻하게 먹을 수 있어서 좋았어요.,2026-02-14,주차하기 편해요
ST036,전주대학로,혼자 와도 편하게 먹을 수 있어서 자주 오게 되는 집이에요.,2026-02-02,또 오고 싶어요
ST036,jeonju_eater,친구랑 같이 왔는데 둘 다 너무 만족했어요. 왱이집 최고!,2026-01-01,또 오고 싶어요
ST036,jbfoodie_02,오랜만에 왔는데 변함없이 맛있네요. 왱이집 강추!,2026-04-11,친절해요
ST036,jbfoodie_01,맛은 평범한데 유명세 때문에 줄만 긴 것 같아요.,2026-01-09,양이 적어요
ST036,전주살이,주말에 갔더니 대기가 너무 길었어요. 웨이팅 30분 이상은 각오하세요.,2026-06-04,대기시간이 길어요
ST036,인후동탐방,가격이 좀 올랐더라고요. 예전보다 비싸진 것 같아 아쉬워요.,2026-06-06,대기시간이 길어요
ST036,전주한바퀴,국물 맛이 깊고 진해요. 이 맛 때문에 자꾸 생각나요.,2026-05-25,맛있어요
ST036,전주콩나물,왱이집 정말 맛있어요! 전주 오면 꼭 들르는 곳입니다.,2026-05-08,양이 많아요
ST036,yummy_jeonju,위생 상태가 썩 좋아 보이지 않았어요. 개선이 필요해 보여요.,2026-03-26,가격이 비싸요
ST036,한옥마을단골,전주 맛집 검색하다 발견했는데 정말 맛있었어요.,2026-03-02,친절해요
ST036,전주법원앞단골,오랜만에 왔는데 변함없이 맛있네요. 왱이집 강추!,2026-03-23,특별한 날 가기 좋아요
ST036,국밥매니아,테이블 간격이 너무 좁아서 불편했어요.,2026-01-23,대기시간이 길어요
ST036,전주시청직원,친구랑 같이 왔는데 둘 다 너무 만족했어요. 왱이집 최고!,2026-04-25,양이 많아요
ST036,전주맛집탐방,맛은 있는데 양이 조금 적은 것 같아요. 가격 생각하면 아쉬워요.,2026-03-09,주차하기 불편해요
ST036,냉면마니아,사장님이 너무 친절하셔서 기분 좋게 먹고 왔어요.,2026-03-05,맛있어요
ST036,순대국밥러버,재료가 신선하고 국물이 진해요. 다음에 또 올게요!,2026-03-31,주차하기 편해요
ST037,미식여행자,가격 대비 양도 많고 맛도 훌륭해요. 한벽루 단골 됐어요.,2026-01-14,혼밥하기 좋아요
ST037,남부시장단골,주차공간이 협소해서 근처 유료주차장 이용해야 했어요.,2026-01-01,분위기가 별로예요
ST037,jeonju_review05,전통 방식 그대로 만들어서 옛날 맛이 나요. 너무 좋아요.,2026-01-23,또 오고 싶어요
ST037,전주대학로,사장님이 너무 친절하셔서 기분 좋게 먹고 왔어요.,2026-06-10,주차하기 편해요
ST037,먹방러_04,양이 정말 푸짐해요. 배부르게 먹고 갑니다.,2026-05-03,단체모임 하기 좋아요
ST037,국밥왕,친구랑 같이 왔는데 둘 다 너무 만족했어요. 한벽루 최고!,2026-01-25,특별한 날 가기 좋아요
ST037,전라도미식가,재료가 신선하고 국물이 진해요. 다음에 또 올게요!,2026-02-22,양이 많아요
ST037,비빔밥사랑,오랜만에 왔는데 변함없이 맛있네요. 한벽루 강추!,2026-03-16,주차하기 편해요
ST037,객사맛집,전주 맛집 검색하다 발견했는데 정말 맛있었어요.,2026-05-02,친절해요
ST037,전주비빔밥러,반찬도 정갈하고 주인분도 친절해서 좋았습니다.,2026-03-20,주차하기 편해요
ST037,피순대국밥팬,맛은 평범한데 유명세 때문에 줄만 긴 것 같아요.,2026-05-01,대기시간이 길어요
ST037,review_kr_01,반찬 리필을 안 해주더라고요. 조금 아쉬웠습니다.,2026-03-09,불친절해요
ST037,먹스타그램,테이블 간격이 너무 좁아서 불편했어요.,2026-05-20,양이 적어요
ST037,전통주탐방,반찬도 정갈하고 주인분도 친절해서 좋았습니다.,2026-02-17,깨끗해요
ST037,신시가지거주자,오픈하자마자 갔는데 금방 자리가 찼어요. 역시 맛집이네요.,2026-04-08,혼밥하기 좋아요
ST037,맛집평론가,위생 상태가 썩 좋아 보이지 않았어요. 개선이 필요해 보여요.,2026-04-25,맛이 별로예요
ST037,food_diary_jj,TV에 나왔다더니 역시 맛있어요. 줄 서서 먹을 만한 집!,2026-03-09,맛있어요
ST038,리뷰왕김씨,재료가 신선하고 국물이 진해요. 다음에 또 올게요!,2026-05-25,혼밥하기 좋아요
ST038,맛집지도앱,국물이 진하고 깊어요. 해장에 완벽한 집이에요!,2026-03-15,깨끗해요
ST038,전주맛집C,사장님이 너무 친절하셔서 기분 좋게 먹고 왔어요.,2026-03-30,혼밥하기 좋아요
ST038,jeonju_review01,국물 맛이 깊고 진해요. 이 맛 때문에 자꾸 생각나요.,2026-03-09,깨끗해요
ST038,막걸리투어,순대가 쫄깃하고 내장도 깔끔해요. 국물도 진해요.,2026-05-05,맛있어요
ST038,jbfoodie_02,오랜만에 왔는데 변함없이 맛있네요. 조점례남문피순대 강추!,2026-06-05,양이 많아요
ST038,user_전주_02,국물이 예전보다 좀 싱거워진 느낌이에요. 맛이 변한 것 같아요.,2026-01-10,양이 적어요
ST038,한정식전문가,조점례남문피순대 정말 맛있어요! 전주 오면 꼭 들르는 곳입니다.,2026-03-12,분위기가 좋아요
ST038,추어탕마니아,순대 양이 적어서 아쉬웠어요. 추가 주문했어요.,2026-02-06,주차하기 불편해요
ST038,콩나물국밥마니아,맛은 평범한데 유명세 때문에 줄만 긴 것 같아요.,2026-01-10,재방문 의사 없어요
ST038,피순대국밥팬,전주 맛집 검색하다 발견했는데 정말 맛있었어요.,2026-03-26,주차하기 편해요
ST038,리뷰어_박씨,가격 대비 양도 많고 맛도 훌륭해요. 조점례남문피순대 단골 됐어요.,2026-01-13,또 오고 싶어요
ST038,친구모임장소,전통 방식 그대로 만들어서 옛날 맛이 나요. 너무 좋아요.,2026-04-06,친절해요
ST038,jbfood_lover,주차공간이 협소해서 근처 유료주차장 이용해야 했어요.,2026-03-28,양이 적어요
ST038,덕진구주민,직원분이 좀 불친절하셨어요. 바빠서 그런지 모르겠지만 아쉽네요.,2026-03-21,재방문 의사 없어요
ST038,점심메이트,국물이 너무 짜요. 나트륨 조절이 필요해 보여요.,2026-05-06,주차하기 불편해요
ST038,food_review_kr,콩나물이 아삭하고 국물이 개운해요. 해장국으로 최고!,2026-02-04,친절해요
ST038,완산구주민,조점례남문피순대 정말 맛있어요! 전주 오면 꼭 들르는 곳입니다.,2026-04-24,가성비가 좋아요
ST039,칼국수러버,가격 대비 양도 많고 맛도 훌륭해요. 전주집 단골 됐어요.,2026-03-10,특별한 날 가기 좋아요
ST039,낙지볶음팬,오랜만에 왔는데 변함없이 맛있네요. 전주집 강추!,2026-05-12,단체모임 하기 좋아요
ST039,jbfood_lover,재료가 신선하고 국물이 진해요. 다음에 또 올게요!,2026-01-03,깨끗해요
ST039,user_전주_02,테이블 간격이 너무 좁아서 불편했어요.,2026-02-03,재방문 의사 없어요
ST039,한정식전문가,전주집 정말 맛있어요! 전주 오면 꼭 들르는 곳입니다.,2026-06-03,분위기가 좋아요
ST039,전주맛집탐방,재료가 신선하고 국물이 진해요. 다음에 또 올게요!,2026-02-27,또 오고 싶어요
ST039,전주토박이강씨,친구랑 같이 왔는데 둘 다 너무 만족했어요. 전주집 최고!,2026-06-05,맛있어요
ST039,효자동단골,TV에 나왔다더니 역시 맛있어요. 줄 서서 먹을 만한 집!,2026-03-12,양이 많아요
ST039,jeonju_review04,오랜만에 왔는데 변함없이 맛있네요. 전주집 강추!,2026-04-07,가성비가 좋아요
ST039,덕진공원산책후,주말에 갔더니 대기가 너무 길었어요. 웨이팅 30분 이상은 각오하세요.,2026-04-28,위생이 아쉬워요
ST039,한옥마을여행,전통 방식 그대로 만들어서 옛날 맛이 나요. 너무 좋아요.,2026-04-30,또 오고 싶어요
ST039,덕진구주민,직원분이 좀 불친절하셨어요. 바빠서 그런지 모르겠지만 아쉽네요.,2026-05-14,위생이 아쉬워요
ST039,피순대국밥팬,주차공간이 협소해서 근처 유료주차장 이용해야 했어요.,2026-05-30,대기시간이 길어요
ST039,전주콩나물,사장님이 너무 친절하셔서 기분 좋게 먹고 왔어요.,2026-01-02,혼밥하기 좋아요
ST039,맛집헌터A,국물이 예전보다 좀 싱거워진 느낌이에요. 맛이 변한 것 같아요.,2026-04-06,불친절해요
ST039,foodlover_D,전주집 정말 맛있어요! 전주 오면 꼭 들르는 곳입니다.,2026-06-02,깨끗해요
ST039,저녁식사파,주말에 갔더니 대기가 너무 길었어요. 웨이팅 30분 이상은 각오하세요.,2026-03-18,위생이 아쉬워요
ST040,jeonju_review01,오랜만에 왔는데 변함없이 맛있네요. 화심순두부(한옥마을점) 강추!,2026-01-14,친절해요
ST040,food_explorer_kr,반찬도 정갈하고 주인분도 친절해서 좋았습니다.,2026-02-05,가성비가 좋아요
ST040,국밥왕,혼자 와도 편하게 먹을 수 있어서 자주 오게 되는 집이에요.,2026-03-29,친절해요
ST040,낙지볶음팬,양이 정말 푸짐해요. 배부르게 먹고 갑니다.,2026-05-26,깨끗해요
ST040,food_jb_03,주차공간이 협소해서 근처 유료주차장 이용해야 했어요.,2026-02-06,가격이 비싸요
ST040,다가동미식,사장님이 너무 친절하셔서 기분 좋게 먹고 왔어요.,2026-02-16,특별한 날 가기 좋아요
ST040,객사맛집,국물이 예전보다 좀 싱거워진 느낌이에요. 맛이 변한 것 같아요.,2026-05-05,분위기가 별로예요
ST040,전주시청직원,가격이 좀 올랐더라고요. 예전보다 비싸진 것 같아 아쉬워요.,2026-06-11,불친절해요
ST040,jeonju_eater,반찬 리필을 안 해주더라고요. 조금 아쉬웠습니다.,2026-03-22,분위기가 별로예요
ST040,홍길동123,주말에 갔더니 대기가 너무 길었어요. 웨이팅 30분 이상은 각오하세요.,2026-01-02,대기시간이 길어요
ST040,food_jb_01,국물이 예전보다 좀 싱거워진 느낌이에요. 맛이 변한 것 같아요.,2026-03-12,주차하기 불편해요
ST040,냉면마니아,사장님이 너무 친절하셔서 기분 좋게 먹고 왔어요.,2026-02-13,특별한 날 가기 좋아요
ST040,jbfoodie_03,재료가 신선하고 국물이 진해요. 다음에 또 올게요!,2026-02-10,양이 많아요
ST040,review_kr_01,국물 맛이 깊고 진해요. 이 맛 때문에 자꾸 생각나요.,2026-01-23,가성비가 좋아요
ST040,jb_local_guide,직원분이 좀 불친절하셨어요. 바빠서 그런지 모르겠지만 아쉽네요.,2026-06-07,대기시간이 길어요
ST040,taste_kr_02,가격이 좀 올랐더라고요. 예전보다 비싸진 것 같아 아쉬워요.,2026-04-20,양이 적어요
ST040,추어탕마니아,오랜만에 왔는데 변함없이 맛있네요. 화심순두부(한옥마을점) 강추!,2026-04-20,친절해요
ST040,user_전주_03,화심순두부(한옥마을점) 정말 맛있어요! 전주 오면 꼭 들르는 곳입니다.,2026-04-09,단체모임 하기 좋아요
ST040,taste_hunter99,가격 대비 양도 많고 맛도 훌륭해요. 화심순두부(한옥마을점) 단골 됐어요.,2026-01-10,특별한 날 가기 좋아요
ST040,전주맛집B,화심순두부(한옥마을점) 정말 맛있어요! 전주 오면 꼭 들르는 곳입니다.,2026-02-21,가성비가 좋아요
ST041,jeonju_review03,가격 대비 양도 많고 맛도 훌륭해요. 현대옥(객사점) 단골 됐어요.,2026-01-27,특별한 날 가기 좋아요
ST041,맛집헌터A,재료가 신선하고 국물이 진해요. 다음에 또 올게요!,2026-06-08,혼밥하기 좋아요
ST041,travel_eater,주말에 갔더니 대기가 너무 길었어요. 웨이팅 30분 이상은 각오하세요.,2026-03-14,위생이 아쉬워요
ST041,전주비빔밥러,맛은 있는데 양이 조금 적은 것 같아요. 가격 생각하면 아쉬워요.,2026-01-28,맛이 별로예요
ST041,review_kr_03,직원분이 좀 불친절하셨어요. 바빠서 그런지 모르겠지만 아쉽네요.,2026-02-20,맛이 별로예요
ST041,국밥왕,친구랑 같이 왔는데 둘 다 너무 만족했어요. 현대옥(객사점) 최고!,2026-03-09,가성비가 좋아요
ST041,맛집헌터D,혼자 와도 편하게 먹을 수 있어서 자주 오게 되는 집이에요.,2026-02-21,깨끗해요
ST041,경기전방문자,친구랑 같이 왔는데 둘 다 너무 만족했어요. 현대옥(객사점) 최고!,2026-04-15,맛있어요
ST041,전주대학로,가격 대비 양도 많고 맛도 훌륭해요. 현대옥(객사점) 단골 됐어요.,2026-02-11,또 오고 싶어요
ST041,맛있는하루,TV에 나왔다더니 역시 맛있어요. 줄 서서 먹을 만한 집!,2026-05-21,주차하기 편해요
ST041,냉면마니아,현대옥(객사점) 정말 맛있어요! 전주 오면 꼭 들르는 곳입니다.,2026-05-04,특별한 날 가기 좋아요
ST041,중화산동단골,가격이 좀 올랐더라고요. 예전보다 비싸진 것 같아 아쉬워요.,2026-03-02,양이 적어요
ST041,jeonju_foodie,반찬 리필을 안 해주더라고요. 조금 아쉬웠습니다.,2026-01-04,주차하기 불편해요
ST041,jeonju_trip,주차도 편하고 넓어서 가족 나들이하기 딱 좋은 곳이에요.,2026-01-29,친절해요
ST041,jbfoodie_02,오픈하자마자 갔는데 금방 자리가 찼어요. 역시 맛집이네요.,2026-05-07,주차하기 편해요
ST041,food_explorer_kr,위생 상태가 썩 좋아 보이지 않았어요. 개선이 필요해 보여요.,2026-01-24,맛이 별로예요
ST041,한옥마을단골,국물 맛이 깊고 진해요. 이 맛 때문에 자꾸 생각나요.,2026-01-26,깨끗해요
ST041,주말여행자,주말에 갔더니 대기가 너무 길었어요. 웨이팅 30분 이상은 각오하세요.,2026-03-01,양이 적어요
ST041,food_jb_02,재료가 신선하고 국물이 진해요. 다음에 또 올게요!,2026-03-17,양이 많아요
ST041,가족여행객,오픈하자마자 갔는데 금방 자리가 찼어요. 역시 맛집이네요.,2026-04-29,맛있어요
ST042,다가동미식,맛은 있는데 양이 조금 적은 것 같아요. 가격 생각하면 아쉬워요.,2026-01-04,주차하기 불편해요
ST042,맛집헌터E,가격 대비 양도 많고 맛도 훌륭해요. 베테랑칼국수(객사점) 단골 됐어요.,2026-05-28,단체모임 하기 좋아요
ST042,foodlover_E,양이 정말 푸짐해요. 배부르게 먹고 갑니다.,2026-02-27,친절해요
ST042,전북도청직원,반찬도 정갈하고 주인분도 친절해서 좋았습니다.,2026-05-13,친절해요
ST042,맛집헌터D,맛은 평범한데 유명세 때문에 줄만 긴 것 같아요.,2026-06-08,불친절해요
ST042,foodstagram_kr,친구랑 같이 왔는데 둘 다 너무 만족했어요. 베테랑칼국수(객사점) 최고!,2026-04-21,깨끗해요
ST042,맛집소개정씨,테이블 간격이 너무 좁아서 불편했어요.,2026-05-04,위생이 아쉬워요
ST042,전주법원앞단골,칼국수 면이 쫄깃하고 국물이 진해요. 자꾸 생각나는 맛!,2026-04-09,친절해요
ST042,food_explorer_kr,베테랑칼국수(객사점) 정말 맛있어요! 전주 오면 꼭 들르는 곳입니다.,2026-05-23,맛있어요
ST042,jeonju_local,사장님이 너무 친절하셔서 기분 좋게 먹고 왔어요.,2026-01-03,혼밥하기 좋아요
ST042,전주관광객,가격이 좀 올랐더라고요. 예전보다 비싸진 것 같아 아쉬워요.,2026-05-10,주차하기 불편해요
ST042,user_전주_01,혼자 와도 편하게 먹을 수 있어서 자주 오게 되는 집이에요.,2026-05-07,혼밥하기 좋아요
ST042,국밥매니아,주차공간이 협소해서 근처 유료주차장 이용해야 했어요.,2026-01-20,양이 적어요
ST042,review_kr_01,오픈하자마자 갔는데 금방 자리가 찼어요. 역시 맛집이네요.,2026-03-24,양이 많아요
ST042,단골손님이씨,점심시간엔 웨이팅이 필수예요. 여유 있게 방문하세요.,2026-03-26,위생이 아쉬워요
ST043,한옥마을여행,전통 방식 그대로 만들어서 옛날 맛이 나요. 너무 좋아요.,2026-04-28,깨끗해요
ST043,foodie_korea,재료가 신선하고 국물이 진해요. 다음에 또 올게요!,2026-03-28,또 오고 싶어요
ST043,리뷰왕김씨,국물이 예전보다 좀 싱거워진 느낌이에요. 맛이 변한 것 같아요.,2026-04-17,양이 적어요
ST043,food_diary_jj,전주콩나물국밥(객사점) 정말 맛있어요! 전주 오면 꼭 들르는 곳입니다.,2026-05-31,주차하기 편해요
ST043,korea_food_map,위생 상태가 썩 좋아 보이지 않았어요. 개선이 필요해 보여요.,2026-04-26,위생이 아쉬워요
ST043,food_jb_03,가격 대비 양도 많고 맛도 훌륭해요. 전주콩나물국밥(객사점) 단골 됐어요.,2026-05-31,특별한 날 가기 좋아요
ST043,review_kr_05,주차공간이 협소해서 근처 유료주차장 이용해야 했어요.,2026-02-04,대기시간이 길어요
ST043,review_kr_03,맛은 평범한데 유명세 때문에 줄만 긴 것 같아요.,2026-01-02,분위기가 별로예요
ST043,전주맛집A,친구랑 같이 왔는데 둘 다 너무 만족했어요. 전주콩나물국밥(객사점) 최고!,2026-01-13,주차하기 편해요
ST043,foodlover_B,국물이 너무 짜요. 나트륨 조절이 필요해 보여요.,2026-04-21,맛이 별로예요
ST043,jbfoodie_05,오픈하자마자 갔는데 금방 자리가 찼어요. 역시 맛집이네요.,2026-05-04,단체모임 하기 좋아요
ST043,맛집헌터A,사장님이 너무 친절하셔서 기분 좋게 먹고 왔어요.,2026-02-15,단체모임 하기 좋아요
ST043,jbfoodie_04,전주 맛집 검색하다 발견했는데 정말 맛있었어요.,2026-02-14,맛있어요
ST043,전북맛집,양이 정말 푸짐해요. 배부르게 먹고 갑니다.,2026-01-27,분위기가 좋아요
ST043,전통주탐방,주말에 갔더니 대기가 너무 길었어요. 웨이팅 30분 이상은 각오하세요.,2026-06-03,대기시간이 길어요
ST043,송천동맛집,가격이 좀 올랐더라고요. 예전보다 비싸진 것 같아 아쉬워요.,2026-05-10,양이 적어요
ST043,막걸리투어,국물 맛이 깊고 진해요. 이 맛 때문에 자꾸 생각나요.,2026-04-18,또 오고 싶어요
ST044,jeonju_review02,위생 상태가 썩 좋아 보이지 않았어요. 개선이 필요해 보여요.,2026-03-22,가격이 비싸요
ST044,foodlover_B,친구랑 같이 왔는데 둘 다 너무 만족했어요. 오모가리김치찌개 최고!,2026-01-14,맛있어요
ST044,gourmet_jb,사장님이 너무 친절하셔서 기분 좋게 먹고 왔어요.,2026-03-06,맛있어요
ST044,국밥왕,오모가리김치찌개 정말 맛있어요! 전주 오면 꼭 들르는 곳입니다.,2026-06-08,특별한 날 가기 좋아요
ST044,taste_kr_04,전주 맛집 검색하다 발견했는데 정말 맛있었어요.,2026-02-27,맛있어요
ST044,신시가지거주자,오랜만에 왔는데 변함없이 맛있네요. 오모가리김치찌개 강추!,2026-05-31,친절해요
ST044,전주맛집E,맛은 평범한데 유명세 때문에 줄만 긴 것 같아요.,2026-06-04,재방문 의사 없어요
ST044,순대마니아,재료가 신선하고 국물이 진해요. 다음에 또 올게요!,2026-02-19,깨끗해요
ST044,전주대학로,전통 방식 그대로 만들어서 옛날 맛이 나요. 너무 좋아요.,2026-04-25,깨끗해요
ST044,jeonju_eater,맛은 있는데 양이 조금 적은 것 같아요. 가격 생각하면 아쉬워요.,2026-01-20,맛이 별로예요
ST044,맛집평론가,친구랑 같이 왔는데 둘 다 너무 만족했어요. 오모가리김치찌개 최고!,2026-02-14,분위기가 좋아요
ST044,맛집헌터B,가격이 좀 올랐더라고요. 예전보다 비싸진 것 같아 아쉬워요.,2026-01-31,분위기가 별로예요
ST044,고속터미널근처,가격 대비 양도 많고 맛도 훌륭해요. 오모가리김치찌개 단골 됐어요.,2026-01-11,친절해요
ST044,jeonju_review05,전주 맛집 검색하다 발견했는데 정말 맛있었어요.,2026-03-13,가성비가 좋아요
ST044,foodlover_C,가격 대비 양도 많고 맛도 훌륭해요. 오모가리김치찌개 단골 됐어요.,2026-03-09,가성비가 좋아요
ST044,jb_local_guide,양이 정말 푸짐해요. 배부르게 먹고 갑니다.,2026-02-11,혼밥하기 좋아요
ST044,jbfoodie_05,반찬 리필을 안 해주더라고요. 조금 아쉬웠습니다.,2026-03-07,불친절해요
ST044,taste_hunter99,오모가리김치찌개 정말 맛있어요! 전주 오면 꼭 들르는 곳입니다.,2026-03-26,가성비가 좋아요
ST044,food_jb_05,주차도 편하고 넓어서 가족 나들이하기 딱 좋은 곳이에요.,2026-02-09,양이 많아요
ST045,foodstagram_kr,주말에 갔더니 대기가 너무 길었어요. 웨이팅 30분 이상은 각오하세요.,2026-02-12,주차하기 불편해요
ST045,전주맛집C,맛은 있는데 양이 조금 적은 것 같아요. 가격 생각하면 아쉬워요.,2026-05-17,분위기가 별로예요
ST045,taste_hunter99,혼자 와도 편하게 먹을 수 있어서 자주 오게 되는 집이에요.,2026-06-10,단체모임 하기 좋아요
ST045,bibimbap_fan,친구랑 같이 왔는데 둘 다 너무 만족했어요. 수성당 최고!,2026-02-23,깨끗해요
ST045,갈비사랑,국물 맛이 깊고 진해요. 이 맛 때문에 자꾸 생각나요.,2026-04-19,맛있어요
ST045,전주콩나물,반찬 리필을 안 해주더라고요. 조금 아쉬웠습니다.,2026-02-22,맛이 별로예요
ST045,taste_kr_02,전주 맛집 검색하다 발견했는데 정말 맛있었어요.,2026-01-19,양이 많아요
ST045,미식여행자,가격 대비 양도 많고 맛도 훌륭해요. 수성당 단골 됐어요.,2026-01-07,분위기가 좋아요
ST045,food_jb_03,사장님이 너무 친절하셔서 기분 좋게 먹고 왔어요.,2026-03-26,또 오고 싶어요
ST045,jeollabuk_go,주차공간이 협소해서 근처 유료주차장 이용해야 했어요.,2026-01-23,양이 적어요
ST045,전북대생,양이 정말 푸짐해요. 배부르게 먹고 갑니다.,2026-01-14,특별한 날 가기 좋아요
ST045,jeonju_eater,테이블 간격이 너무 좁아서 불편했어요.,2026-03-06,주차하기 불편해요
ST045,foodlover_C,직원분이 좀 불친절하셨어요. 바빠서 그런지 모르겠지만 아쉽네요.,2026-01-19,대기시간이 길어요
ST045,jbfoodie_03,친구랑 같이 왔는데 둘 다 너무 만족했어요. 수성당 최고!,2026-02-28,깨끗해요
ST045,출장온회사원,수성당 정말 맛있어요! 전주 오면 꼭 들르는 곳입니다.,2026-04-15,깨끗해요
ST046,foodlover_A,위생 상태가 썩 좋아 보이지 않았어요. 개선이 필요해 보여요.,2026-01-19,맛이 별로예요
ST046,아침밥러버,친구랑 같이 왔는데 둘 다 너무 만족했어요. 반촌칡냉면 최고!,2026-01-18,특별한 날 가기 좋아요
ST046,전주토박이강씨,재료가 신선하고 국물이 진해요. 다음에 또 올게요!,2026-01-26,친절해요
ST046,순대마니아,국물 맛이 깊고 진해요. 이 맛 때문에 자꾸 생각나요.,2026-05-29,또 오고 싶어요
ST046,user_전주_05,반찬 리필을 안 해주더라고요. 조금 아쉬웠습니다.,2026-03-26,재방문 의사 없어요
ST046,경기전방문자,손으로 직접 반죽해서 만드는 면이 정말 맛있어요.,2026-02-02,깨끗해요
ST046,리뷰어_박씨,사장님이 너무 친절하셔서 기분 좋게 먹고 왔어요.,2026-01-26,친절해요
ST046,저녁식사파,전주 맛집 검색하다 발견했는데 정말 맛있었어요.,2026-06-08,깨끗해요
ST046,순대국밥러버,가격 대비 양도 많고 맛도 훌륭해요. 반촌칡냉면 단골 됐어요.,2026-02-19,깨끗해요
ST046,인후동탐방,양이 적어서 한 그릇 먹고도 배가 좀 고팠어요.,2026-05-05,주차하기 불편해요
ST046,food_jb_01,국물이 예전보다 좀 싱거워진 느낌이에요. 맛이 변한 것 같아요.,2026-03-26,양이 적어요
ST046,효자동단골,반찬도 정갈하고 주인분도 친절해서 좋았습니다.,2026-05-30,가성비가 좋아요
ST046,미식여행자,오픈하자마자 갔는데 금방 자리가 찼어요. 역시 맛집이네요.,2026-05-25,특별한 날 가기 좋아요
ST046,jbfoodie_01,오랜만에 왔는데 변함없이 맛있네요. 반촌칡냉면 강추!,2026-04-04,양이 많아요
ST046,다가동미식,맛은 평범한데 유명세 때문에 줄만 긴 것 같아요.,2026-04-20,재방문 의사 없어요
ST046,비빔밥사랑,주말에 갔더니 대기가 너무 길었어요. 웨이팅 30분 이상은 각오하세요.,2026-01-02,가격이 비싸요
ST046,맛집소개정씨,면이 쫄깃하고 고명도 푸짐해요.,2026-02-26,맛있어요
ST046,taste_kr_02,육수가 시원하고 깔끔해요. 더운 날 최고의 선택!,2026-03-12,맛있어요
ST047,신시가지거주자,주말에 갔더니 대기가 너무 길었어요. 웨이팅 30분 이상은 각오하세요.,2026-03-01,대기시간이 길어요
ST047,맛있는하루,직원분이 좀 불친절하셨어요. 바빠서 그런지 모르겠지만 아쉽네요.,2026-02-22,재방문 의사 없어요
ST047,맛집헌터C,전주보리밥(객사점) 정말 맛있어요! 전주 오면 꼭 들르는 곳입니다.,2026-04-03,단체모임 하기 좋아요
ST047,전통주탐방,사장님이 너무 친절하셔서 기분 좋게 먹고 왔어요.,2026-05-01,특별한 날 가기 좋아요
ST047,food_jb_02,전주보리밥(객사점) 정말 맛있어요! 전주 오면 꼭 들르는 곳입니다.,2026-01-12,주차하기 편해요
ST047,송천동맛집,가격 대비 양도 많고 맛도 훌륭해요. 전주보리밥(객사점) 단골 됐어요.,2026-01-27,혼밥하기 좋아요
ST047,맛집헌터D,재료가 신선하고 국물이 진해요. 다음에 또 올게요!,2026-03-12,또 오고 싶어요
ST047,가족여행객,전반적으로 음식 수준이 높아요. 외국인 친구 데려오기 좋은 곳.,2026-05-29,친절해요
ST047,전주맛집E,주차도 편하고 넓어서 가족 나들이하기 딱 좋은 곳이에요.,2026-05-26,특별한 날 가기 좋아요
ST047,한정식전문가,국물이 예전보다 좀 싱거워진 느낌이에요. 맛이 변한 것 같아요.,2026-04-07,맛이 별로예요
ST047,고속터미널근처,"전통 한옥 분위기에서 먹는 한정식, 특별한 날에 딱이에요.",2026-04-04,혼밥하기 좋아요
ST047,먹방러_01,가격이 꽤 나오는데 양이 좀 부족한 느낌이에요.,2026-01-20,재방문 의사 없어요
ST047,전주토박이강씨,혼자 와도 편하게 먹을 수 있어서 자주 오게 되는 집이에요.,2026-04-07,양이 많아요
ST047,맛집탐험대,가격이 좀 올랐더라고요. 예전보다 비싸진 것 같아 아쉬워요.,2026-05-13,불친절해요
ST047,추어탕마니아,전주 맛집 검색하다 발견했는데 정말 맛있었어요.,2026-04-01,분위기가 좋아요
ST047,전주법원앞단골,주차공간이 협소해서 근처 유료주차장 이용해야 했어요.,2026-05-05,분위기가 별로예요
ST047,user_전주_04,반찬도 정갈하고 주인분도 친절해서 좋았습니다.,2026-06-04,가성비가 좋아요
ST048,전주한바퀴,국물이 예전보다 좀 싱거워진 느낌이에요. 맛이 변한 것 같아요.,2026-04-16,불친절해요
ST048,먹방러_04,테이블 간격이 너무 좁아서 불편했어요.,2026-02-06,불친절해요
ST048,jbfoodie_05,오랜만에 왔는데 변함없이 맛있네요. 삼백집(객사점) 강추!,2026-02-16,주차하기 편해요
ST048,맛집헌터A,친구랑 같이 왔는데 둘 다 너무 만족했어요. 삼백집(객사점) 최고!,2026-03-09,친절해요
ST048,국밥매니아,오랜만에 왔는데 변함없이 맛있네요. 삼백집(객사점) 강추!,2026-03-29,친절해요
ST048,food_jb_02,가격 대비 양도 많고 맛도 훌륭해요. 삼백집(객사점) 단골 됐어요.,2026-06-02,분위기가 좋아요
ST048,먹방러_02,가격이 좀 올랐더라고요. 예전보다 비싸진 것 같아 아쉬워요.,2026-01-18,맛이 별로예요
ST048,food_review_kr,삼백집(객사점) 정말 맛있어요! 전주 오면 꼭 들르는 곳입니다.,2026-04-07,주차하기 편해요
ST048,막걸리투어,전주 맛집 검색하다 발견했는데 정말 맛있었어요.,2026-02-03,맛있어요
ST048,리뷰왕김씨,맛은 있는데 양이 조금 적은 것 같아요. 가격 생각하면 아쉬워요.,2026-01-05,맛이 별로예요
ST048,국밥왕,혼자 와도 편하게 먹을 수 있어서 자주 오게 되는 집이에요.,2026-05-14,특별한 날 가기 좋아요
ST048,review_kr_05,주차도 편하고 넓어서 가족 나들이하기 딱 좋은 곳이에요.,2026-04-18,친절해요
ST048,food_explorer_kr,TV에 나왔다더니 역시 맛있어요. 줄 서서 먹을 만한 집!,2026-06-05,깨끗해요
ST048,foodstagram_kr,양이 정말 푸짐해요. 배부르게 먹고 갑니다.,2026-02-15,맛있어요
ST048,user_전주_02,직원분이 좀 불친절하셨어요. 바빠서 그런지 모르겠지만 아쉽네요.,2026-06-07,가격이 비싸요
ST049,맛집지도앱,오랜만에 왔는데 변함없이 맛있네요. 해리단길국밥 강추!,2026-02-24,혼밥하기 좋아요
ST049,맛집헌터A,해리단길국밥 정말 맛있어요! 전주 오면 꼭 들르는 곳입니다.,2026-04-13,친절해요
ST049,전북도청직원,양이 정말 푸짐해요. 배부르게 먹고 갑니다.,2026-05-21,깨끗해요
ST049,jeonju_local,가격 대비 양도 많고 맛도 훌륭해요. 해리단길국밥 단골 됐어요.,2026-02-11,깨끗해요
ST049,전통주탐방,이른 아침부터 문 열어서 해장하기 딱 좋아요.,2026-01-02,특별한 날 가기 좋아요
ST049,먹스타그램,주차도 편하고 넓어서 가족 나들이하기 딱 좋은 곳이에요.,2026-02-07,맛있어요
ST049,user_전주_01,국물이 예전보다 좀 싱거워진 느낌이에요. 맛이 변한 것 같아요.,2026-06-03,가격이 비싸요
ST049,taste_kr_02,가격이 좀 올랐더라고요. 예전보다 비싸진 것 같아 아쉬워요.,2026-01-23,주차하기 불편해요
ST049,bibimbap_fan,맛은 있는데 양이 조금 적은 것 같아요. 가격 생각하면 아쉬워요.,2026-03-09,재방문 의사 없어요
ST049,전주한바퀴,국물 맛이 깊고 진해요. 이 맛 때문에 자꾸 생각나요.,2026-04-05,혼밥하기 좋아요
ST049,객사맛집,오랜만에 왔는데 변함없이 맛있네요. 해리단길국밥 강추!,2026-06-05,분위기가 좋아요
ST049,jeollabuk_go,반찬도 정갈하고 주인분도 친절해서 좋았습니다.,2026-04-09,또 오고 싶어요
ST049,콩나물국밥마니아,국물이 너무 짜요. 나트륨 조절이 필요해 보여요.,2026-06-07,가격이 비싸요
ST049,맛집헌터D,친구랑 같이 왔는데 둘 다 너무 만족했어요. 해리단길국밥 최고!,2026-03-15,양이 많아요
ST049,먹방러_03,맛은 있는데 양이 조금 적은 것 같아요. 가격 생각하면 아쉬워요.,2026-01-15,대기시간이 길어요
ST049,한정식전문가,전통 방식 그대로 만들어서 옛날 맛이 나요. 너무 좋아요.,2026-05-07,또 오고 싶어요
ST049,taste_kr_03,위생 상태가 썩 좋아 보이지 않았어요. 개선이 필요해 보여요.,2026-01-03,주차하기 불편해요
ST049,국밥왕,순대 양이 적어서 아쉬웠어요. 추가 주문했어요.,2026-05-13,가격이 비싸요
ST049,해장국마니아,TV에 나왔다더니 역시 맛있어요. 줄 서서 먹을 만한 집!,2026-02-19,혼밥하기 좋아요
ST050,food_jb_03,오픈하자마자 갔는데 금방 자리가 찼어요. 역시 맛집이네요.,2026-05-31,분위기가 좋아요
ST050,punpun_eats,주차도 편하고 넓어서 가족 나들이하기 딱 좋은 곳이에요.,2026-05-04,분위기가 좋아요
ST050,전주비빔밥러,주차공간이 협소해서 근처 유료주차장 이용해야 했어요.,2026-03-08,양이 적어요
ST050,순대국밥러버,맛은 평범한데 유명세 때문에 줄만 긴 것 같아요.,2026-04-08,재방문 의사 없어요
ST050,전주한바퀴,가격 대비 양도 많고 맛도 훌륭해요. 신성루 단골 됐어요.,2026-02-28,맛있어요
ST050,다가동미식,전주 맛집 검색하다 발견했는데 정말 맛있었어요.,2026-04-16,혼밥하기 좋아요
ST050,한옥마을관광,혼자 와도 편하게 먹을 수 있어서 자주 오게 되는 집이에요.,2026-05-13,단체모임 하기 좋아요
ST050,전주맛집C,TV에 나왔다더니 역시 맛있어요. 줄 서서 먹을 만한 집!,2026-01-03,가성비가 좋아요
ST050,가족여행객,사장님이 너무 친절하셔서 기분 좋게 먹고 왔어요.,2026-03-05,특별한 날 가기 좋아요
ST050,해장국마니아,맛은 있는데 양이 조금 적은 것 같아요. 가격 생각하면 아쉬워요.,2026-01-24,양이 적어요
ST050,콩나물국밥마니아,국물이 예전보다 좀 싱거워진 느낌이에요. 맛이 변한 것 같아요.,2026-03-29,재방문 의사 없어요
ST050,한옥마을단골,가격 대비 양도 많고 맛도 훌륭해요. 신성루 단골 됐어요.,2026-05-22,친절해요
ST050,jeonju_eater,신성루 정말 맛있어요! 전주 오면 꼭 들르는 곳입니다.,2026-05-02,주차하기 편해요
ST050,한옥마을여행,국물 맛이 깊고 진해요. 이 맛 때문에 자꾸 생각나요.,2026-05-27,주차하기 편해요
ST050,친구모임장소,재료가 신선하고 국물이 진해요. 다음에 또 올게요!,2026-02-16,혼밥하기 좋아요
ST051,food_jb_01,TV에 나왔다더니 역시 맛있어요. 줄 서서 먹을 만한 집!,2026-02-16,단체모임 하기 좋아요
ST051,jbfoodie_02,전통 방식 그대로 만들어서 옛날 맛이 나요. 너무 좋아요.,2026-02-03,특별한 날 가기 좋아요
ST051,jbfoodie_03,맛은 있는데 양이 조금 적은 것 같아요. 가격 생각하면 아쉬워요.,2026-02-28,주차하기 불편해요
ST051,맛집지도앱,맛은 평범한데 유명세 때문에 줄만 긴 것 같아요.,2026-03-11,맛이 별로예요
ST051,리뷰어_박씨,혼자 와도 편하게 먹을 수 있어서 자주 오게 되는 집이에요.,2026-05-23,또 오고 싶어요
ST051,taste_kr_01,양이 정말 푸짐해요. 배부르게 먹고 갑니다.,2026-04-08,특별한 날 가기 좋아요
ST051,순대마니아,재료가 신선하고 국물이 진해요. 다음에 또 올게요!,2026-02-07,특별한 날 가기 좋아요
ST051,food_explorer_kr,가격 대비 양도 많고 맛도 훌륭해요. 대화관 단골 됐어요.,2026-05-02,깨끗해요
ST051,전주맛집탐방,오랜만에 왔는데 변함없이 맛있네요. 대화관 강추!,2026-02-15,맛있어요
ST051,jeonju_review03,오랜만에 왔는데 변함없이 맛있네요. 대화관 강추!,2026-05-08,맛있어요
ST051,맛있어요123,국물 맛이 깊고 진해요. 이 맛 때문에 자꾸 생각나요.,2026-06-11,단체모임 하기 좋아요
ST051,맛집헌터C,맛은 있는데 양이 조금 적은 것 같아요. 가격 생각하면 아쉬워요.,2026-05-17,양이 적어요
ST051,다가동미식,친구랑 같이 왔는데 둘 다 너무 만족했어요. 대화관 최고!,2026-05-05,양이 많아요
ST051,완산구주민,국물이 예전보다 좀 싱거워진 느낌이에요. 맛이 변한 것 같아요.,2026-03-06,분위기가 별로예요
ST051,foodlover_D,친구랑 같이 왔는데 둘 다 너무 만족했어요. 대화관 최고!,2026-05-26,또 오고 싶어요
ST051,전주여행자,전주 맛집 검색하다 발견했는데 정말 맛있었어요.,2026-04-12,친절해요
ST051,맛집순례자,주말에 갔더니 대기가 너무 길었어요. 웨이팅 30분 이상은 각오하세요.,2026-01-16,대기시간이 길어요
ST051,한옥마을여행,가격 대비 양도 많고 맛도 훌륭해요. 대화관 단골 됐어요.,2026-03-07,혼밥하기 좋아요
ST051,user_전주_02,대화관 정말 맛있어요! 전주 오면 꼭 들르는 곳입니다.,2026-06-11,단체모임 하기 좋아요
ST051,foodstagram_kr,위생 상태가 썩 좋아 보이지 않았어요. 개선이 필요해 보여요.,2026-04-26,대기시간이 길어요
ST052,미식여행자,가격이 좀 올랐더라고요. 예전보다 비싸진 것 같아 아쉬워요.,2026-01-22,재방문 의사 없어요
ST052,전통주탐방,전주 맛집 검색하다 발견했는데 정말 맛있었어요.,2026-03-21,혼밥하기 좋아요
ST052,food_review_kr,반찬도 정갈하고 주인분도 친절해서 좋았습니다.,2026-03-05,깨끗해요
ST052,저녁식사파,맛은 평범한데 유명세 때문에 줄만 긴 것 같아요.,2026-04-24,대기시간이 길어요
ST052,전북맛집,국물이 예전보다 좀 싱거워진 느낌이에요. 맛이 변한 것 같아요.,2026-02-03,맛이 별로예요
ST052,맛집헌터E,반찬도 정갈하고 주인분도 친절해서 좋았습니다.,2026-02-13,또 오고 싶어요
ST052,punpun_eats,친구랑 같이 왔는데 둘 다 너무 만족했어요. 전주옥 최고!,2026-01-09,깨끗해요
ST052,경기전방문자,사장님이 너무 친절하셔서 기분 좋게 먹고 왔어요.,2026-03-25,친절해요
ST052,user_전주_02,맛은 평범한데 유명세 때문에 줄만 긴 것 같아요.,2026-04-30,불친절해요
ST052,전주맛집D,주말에 갔더니 대기가 너무 길었어요. 웨이팅 30분 이상은 각오하세요.,2026-03-11,불친절해요
ST052,foodlover_A,주차도 편하고 넓어서 가족 나들이하기 딱 좋은 곳이에요.,2026-04-24,가성비가 좋아요
ST052,맛있어요123,전통 방식 그대로 만들어서 옛날 맛이 나요. 너무 좋아요.,2026-05-19,단체모임 하기 좋아요
ST052,jeonju_eater,오랜만에 왔는데 변함없이 맛있네요. 전주옥 강추!,2026-06-01,또 오고 싶어요
ST052,먹방러_03,맛은 있는데 양이 조금 적은 것 같아요. 가격 생각하면 아쉬워요.,2026-04-27,위생이 아쉬워요
ST052,foodlover_E,맛은 있는데 양이 조금 적은 것 같아요. 가격 생각하면 아쉬워요.,2026-04-22,주차하기 불편해요
ST052,전주맛집B,가격 대비 양도 많고 맛도 훌륭해요. 전주옥 단골 됐어요.,2026-03-21,가성비가 좋아요
ST052,전주법원앞단골,전주옥 정말 맛있어요! 전주 오면 꼭 들르는 곳입니다.,2026-05-04,분위기가 좋아요
ST052,jeonju_trip,사장님이 너무 친절하셔서 기분 좋게 먹고 왔어요.,2026-04-24,주차하기 편해요
ST052,효자동단골,재료가 신선하고 국물이 진해요. 다음에 또 올게요!,2026-04-04,가성비가 좋아요
ST052,jeonju_review01,오랜만에 왔는데 변함없이 맛있네요. 전주옥 강추!,2026-03-08,또 오고 싶어요
ST053,맛집평론가,오랜만에 왔는데 변함없이 맛있네요. 라궁 강추!,2026-01-27,분위기가 좋아요
ST053,저녁식사파,가격 대비 양도 많고 맛도 훌륭해요. 라궁 단골 됐어요.,2026-03-10,주차하기 편해요
ST053,전북맛집,친구랑 같이 왔는데 둘 다 너무 만족했어요. 라궁 최고!,2026-04-23,가성비가 좋아요
ST053,전주맛집탐방,전주 맛집 검색하다 발견했는데 정말 맛있었어요.,2026-03-01,깨끗해요
ST053,먹스타그램,혼자 와도 편하게 먹을 수 있어서 자주 오게 되는 집이에요.,2026-02-08,양이 많아요
ST053,gourmet_jb,라궁 정말 맛있어요! 전주 오면 꼭 들르는 곳입니다.,2026-05-07,깨끗해요
ST053,한옥마을여행,직원분이 좀 불친절하셨어요. 바빠서 그런지 모르겠지만 아쉽네요.,2026-03-29,분위기가 별로예요
ST053,jeonju_review03,맛은 있는데 양이 조금 적은 것 같아요. 가격 생각하면 아쉬워요.,2026-03-21,주차하기 불편해요
ST053,review_kr_03,주말에 갔더니 대기가 너무 길었어요. 웨이팅 30분 이상은 각오하세요.,2026-04-06,양이 적어요
ST053,food_jb_04,국물이 예전보다 좀 싱거워진 느낌이에요. 맛이 변한 것 같아요.,2026-01-09,가격이 비싸요
ST053,중화산동단골,전통 방식 그대로 만들어서 옛날 맛이 나요. 너무 좋아요.,2026-01-21,깨끗해요
ST053,전주핫플,주차도 편하고 넓어서 가족 나들이하기 딱 좋은 곳이에요.,2026-01-15,가성비가 좋아요
ST053,친구모임장소,가격이 좀 올랐더라고요. 예전보다 비싸진 것 같아 아쉬워요.,2026-04-11,재방문 의사 없어요
ST053,전북대생,재료가 신선하고 국물이 진해요. 다음에 또 올게요!,2026-05-20,혼밥하기 좋아요
ST053,user_전주_01,주차공간이 협소해서 근처 유료주차장 이용해야 했어요.,2026-02-16,불친절해요
ST053,전북여행,친구랑 같이 왔는데 둘 다 너무 만족했어요. 라궁 최고!,2026-03-06,특별한 날 가기 좋아요
ST054,taste_kr_03,가격이 좀 올랐더라고요. 예전보다 비싸진 것 같아 아쉬워요.,2026-02-19,불친절해요
ST054,jbfood_lover,만복 정말 맛있어요! 전주 오면 꼭 들르는 곳입니다.,2026-04-07,주차하기 편해요
ST054,경기전방문자,사장님이 너무 친절하셔서 기분 좋게 먹고 왔어요.,2026-02-04,맛있어요
ST054,전주토박이강씨,재료가 신선하고 국물이 진해요. 다음에 또 올게요!,2026-01-11,맛있어요
ST054,user_전주_05,오랜만에 왔는데 변함없이 맛있네요. 만복 강추!,2026-04-23,혼밥하기 좋아요
ST054,foodlover_D,TV에 나왔다더니 역시 맛있어요. 줄 서서 먹을 만한 집!,2026-03-17,가성비가 좋아요
ST054,전주맛집D,친구랑 같이 왔는데 둘 다 너무 만족했어요. 만복 최고!,2026-05-06,분위기가 좋아요
ST054,foodie_korea,양이 정말 푸짐해요. 배부르게 먹고 갑니다.,2026-05-26,맛있어요
ST054,맛집평론가,테이블 간격이 너무 좁아서 불편했어요.,2026-05-20,분위기가 별로예요
ST054,덕진공원산책후,혼자 와도 편하게 먹을 수 있어서 자주 오게 되는 집이에요.,2026-03-24,양이 많아요
ST054,food_jb_05,사장님이 너무 친절하셔서 기분 좋게 먹고 왔어요.,2026-03-12,단체모임 하기 좋아요
ST054,먹방러_04,전주 맛집 검색하다 발견했는데 정말 맛있었어요.,2026-05-22,또 오고 싶어요
ST054,맛집순례자,주말에 갔더니 대기가 너무 길었어요. 웨이팅 30분 이상은 각오하세요.,2026-01-18,불친절해요
ST054,전주맛집A,만복 정말 맛있어요! 전주 오면 꼭 들르는 곳입니다.,2026-02-09,주차하기 편해요
ST054,food_jb_01,위생 상태가 썩 좋아 보이지 않았어요. 개선이 필요해 보여요.,2026-03-17,대기시간이 길어요
ST054,가족여행객,친구랑 같이 왔는데 둘 다 너무 만족했어요. 만복 최고!,2026-05-19,주차하기 편해요
ST054,객사주변직장인,가격 대비 양도 많고 맛도 훌륭해요. 만복 단골 됐어요.,2026-04-27,친절해요
ST054,jeonju_foodie,반찬 리필을 안 해주더라고요. 조금 아쉬웠습니다.,2026-05-10,양이 적어요
ST055,맛집지도앱,가격 대비 양도 많고 맛도 훌륭해요. 전주향토관 단골 됐어요.,2026-03-01,주차하기 편해요
ST055,전주맛집B,사장님이 너무 친절하셔서 기분 좋게 먹고 왔어요.,2026-04-09,양이 많아요
ST055,foodie_korea,혼자 와도 편하게 먹을 수 있어서 자주 오게 되는 집이에요.,2026-02-19,가성비가 좋아요
ST055,맛집헌터E,재료가 신선하고 국물이 진해요. 다음에 또 올게요!,2026-03-05,또 오고 싶어요
ST055,jbfoodie_01,테이블 간격이 너무 좁아서 불편했어요.,2026-06-10,맛이 별로예요
ST055,jeonju_eater,가격 대비 양도 많고 맛도 훌륭해요. 전주향토관 단골 됐어요.,2026-05-23,특별한 날 가기 좋아요
ST055,foodlover_C,반찬도 정갈하고 주인분도 친절해서 좋았습니다.,2026-04-17,맛있어요
ST055,리뷰왕김씨,국물 맛이 깊고 진해요. 이 맛 때문에 자꾸 생각나요.,2026-05-28,단체모임 하기 좋아요
ST055,경기전방문자,직원분이 좀 불친절하셨어요. 바빠서 그런지 모르겠지만 아쉽네요.,2026-04-28,양이 적어요
ST055,jeonju_review05,"전통 한옥 분위기에서 먹는 한정식, 특별한 날에 딱이에요.",2026-01-27,분위기가 좋아요
ST055,국밥매니아,친구랑 같이 왔는데 둘 다 너무 만족했어요. 전주향토관 최고!,2026-02-16,주차하기 편해요
ST055,foodlover_A,재료가 신선하고 국물이 진해요. 다음에 또 올게요!,2026-04-13,주차하기 편해요
ST055,review_kr_05,오랜만에 왔는데 변함없이 맛있네요. 전주향토관 강추!,2026-03-28,깨끗해요
ST055,전주관광객,국물이 예전보다 좀 싱거워진 느낌이에요. 맛이 변한 것 같아요.,2026-05-17,위생이 아쉬워요
ST055,먹방러_04,사장님이 너무 친절하셔서 기분 좋게 먹고 왔어요.,2026-04-24,분위기가 좋아요
ST055,한옥마을관광,TV에 나왔다더니 역시 맛있어요. 줄 서서 먹을 만한 집!,2026-03-22,맛있어요
ST055,삼천동리뷰,위생 상태가 썩 좋아 보이지 않았어요. 개선이 필요해 보여요.,2026-04-06,위생이 아쉬워요
ST055,jeonju_review01,주말에 갔더니 대기가 너무 길었어요. 웨이팅 30분 이상은 각오하세요.,2026-04-21,대기시간이 길어요
ST056,삼천동리뷰,비빔밥이 8000~15000원인데 가성비가 좀 아쉬워요.,2026-05-09,위생이 아쉬워요
ST056,전주한바퀴,나물이 신선하고 고추장이 딱 적당해요. 전주 비빔밥 최고!,2026-02-09,혼밥하기 좋아요
ST056,전주여행자,국물이 예전보다 좀 싱거워진 느낌이에요. 맛이 변한 것 같아요.,2026-04-11,불친절해요
ST056,taste_kr_05,친구랑 같이 왔는데 둘 다 너무 만족했어요. 나물비빔밥 최고!,2026-06-02,양이 많아요
ST056,jbfoodie_03,가격 대비 양도 많고 맛도 훌륭해요. 나물비빔밥 단골 됐어요.,2026-05-10,분위기가 좋아요
ST056,먹스타그램,맛은 평범한데 유명세 때문에 줄만 긴 것 같아요.,2026-02-26,양이 적어요
ST056,taste_kr_01,나물비빔밥 정말 맛있어요! 전주 오면 꼭 들르는 곳입니다.,2026-03-16,주차하기 편해요
ST056,전주비빔밥순례,사장님이 너무 친절하셔서 기분 좋게 먹고 왔어요.,2026-02-07,분위기가 좋아요
ST056,jb_local_guide,혼자 와도 편하게 먹을 수 있어서 자주 오게 되는 집이에요.,2026-03-28,가성비가 좋아요
ST056,신시가지탐방,오랜만에 왔는데 변함없이 맛있네요. 나물비빔밥 강추!,2026-05-02,분위기가 좋아요
ST056,jbfoodie_02,주차공간이 협소해서 근처 유료주차장 이용해야 했어요.,2026-01-13,위생이 아쉬워요
ST056,foodlover_A,주말에 갔더니 대기가 너무 길었어요. 웨이팅 30분 이상은 각오하세요.,2026-04-13,맛이 별로예요
ST056,가족여행객,전주 맛집 검색하다 발견했는데 정말 맛있었어요.,2026-01-22,가성비가 좋아요
ST056,콩나물국밥마니아,주말에 갔더니 대기가 너무 길었어요. 웨이팅 30분 이상은 각오하세요.,2026-05-09,대기시간이 길어요
ST056,taste_kr_02,전통 방식 그대로 만들어서 옛날 맛이 나요. 너무 좋아요.,2026-02-03,가성비가 좋아요
ST056,맛있어요123,TV에 나왔다더니 역시 맛있어요. 줄 서서 먹을 만한 집!,2026-05-04,주차하기 편해요
ST056,foodlover_D,가격 대비 양도 많고 맛도 훌륭해요. 나물비빔밥 단골 됐어요.,2026-02-20,또 오고 싶어요
ST056,user_전주_05,재료가 신선하고 국물이 진해요. 다음에 또 올게요!,2026-04-12,주차하기 편해요
ST056,순대마니아,돌솥에 나와서 따뜻하게 먹을 수 있어서 좋았어요.,2026-05-24,양이 많아요
ST056,맛집헌터E,테이블 간격이 너무 좁아서 불편했어요.,2026-03-05,가격이 비싸요
ST057,jeonju_local,양이 정말 푸짐해요. 배부르게 먹고 갑니다.,2026-04-30,가성비가 좋아요
ST057,전주맛집탐방,친구랑 같이 왔는데 둘 다 너무 만족했어요. 청목 최고!,2026-01-18,또 오고 싶어요
ST057,전통주탐방,반찬도 정갈하고 주인분도 친절해서 좋았습니다.,2026-03-11,맛있어요
ST057,남부시장단골,맛은 있는데 양이 조금 적은 것 같아요. 가격 생각하면 아쉬워요.,2026-01-28,분위기가 별로예요
ST057,맛집지도,직원분이 좀 불친절하셨어요. 바빠서 그런지 모르겠지만 아쉽네요.,2026-03-16,재방문 의사 없어요
ST057,막걸리투어,오픈하자마자 갔는데 금방 자리가 찼어요. 역시 맛집이네요.,2026-03-01,주차하기 편해요
ST057,전주야경감상,테이블 간격이 너무 좁아서 불편했어요.,2026-05-11,맛이 별로예요
ST057,맛집지도앱,가격이 좀 올랐더라고요. 예전보다 비싸진 것 같아 아쉬워요.,2026-03-22,분위기가 별로예요
ST057,user_전주_05,오랜만에 왔는데 변함없이 맛있네요. 청목 강추!,2026-06-02,양이 많아요
ST057,전주맛집B,국물 맛이 깊고 진해요. 이 맛 때문에 자꾸 생각나요.,2026-01-23,분위기가 좋아요
ST057,맛집평론가,TV에 나왔다더니 역시 맛있어요. 줄 서서 먹을 만한 집!,2026-02-20,친절해요
ST057,review_kr_04,반찬 리필을 안 해주더라고요. 조금 아쉬웠습니다.,2026-04-28,대기시간이 길어요
ST057,foodlover_D,가격 대비 양도 많고 맛도 훌륭해요. 청목 단골 됐어요.,2026-01-06,단체모임 하기 좋아요
ST057,맛있는하루,사장님이 너무 친절하셔서 기분 좋게 먹고 왔어요.,2026-03-05,가성비가 좋아요
ST057,전주맛집A,주말에 갔더니 대기가 너무 길었어요. 웨이팅 30분 이상은 각오하세요.,2026-03-20,분위기가 별로예요
ST057,전주시청직원,청목 정말 맛있어요! 전주 오면 꼭 들르는 곳입니다.,2026-05-06,단체모임 하기 좋아요
ST058,jb_local_guide,혼자 와도 편하게 먹을 수 있어서 자주 오게 되는 집이에요.,2026-02-17,분위기가 좋아요
ST058,전라도미식가,국물이 진하고 깊어요. 해장에 완벽한 집이에요!,2026-06-06,깨끗해요
ST058,친구모임장소,순대가 쫄깃하고 내장도 깔끔해요. 국물도 진해요.,2026-06-05,친절해요
ST058,jbfoodie_01,객리단길국밥 정말 맛있어요! 전주 오면 꼭 들르는 곳입니다.,2026-06-06,특별한 날 가기 좋아요
ST058,전주맛지도,친구랑 같이 왔는데 둘 다 너무 만족했어요. 객리단길국밥 최고!,2026-06-02,특별한 날 가기 좋아요
ST058,경기전방문자,위생 상태가 썩 좋아 보이지 않았어요. 개선이 필요해 보여요.,2026-01-21,불친절해요
ST058,user_전주_03,전주 맛집 검색하다 발견했는데 정말 맛있었어요.,2026-02-04,특별한 날 가기 좋아요
ST058,review_kr_04,가격 대비 양도 많고 맛도 훌륭해요. 객리단길국밥 단골 됐어요.,2026-06-04,깨끗해요
ST058,user_전주_01,이른 아침부터 문 열어서 해장하기 딱 좋아요.,2026-04-06,주차하기 편해요
ST058,맛집평론가,가격이 좀 올랐더라고요. 예전보다 비싸진 것 같아 아쉬워요.,2026-04-10,주차하기 불편해요
ST058,review_kr_01,재료가 신선하고 국물이 진해요. 다음에 또 올게요!,2026-05-02,단체모임 하기 좋아요
ST058,푸드인전주,전주 맛집 검색하다 발견했는데 정말 맛있었어요.,2026-02-11,가성비가 좋아요
ST058,전북여행,주차공간이 협소해서 근처 유료주차장 이용해야 했어요.,2026-02-27,대기시간이 길어요
ST058,korea_taste,맛은 있는데 양이 조금 적은 것 같아요. 가격 생각하면 아쉬워요.,2026-04-15,불친절해요
ST058,gourmet_jb,국물이 예전보다 좀 싱거워진 느낌이에요. 맛이 변한 것 같아요.,2026-03-11,불친절해요
ST058,jeonju_review01,국물 맛이 깊고 진해요. 이 맛 때문에 자꾸 생각나요.,2026-02-26,친절해요
ST058,국밥왕,사장님이 너무 친절하셔서 기분 좋게 먹고 왔어요.,2026-02-22,분위기가 좋아요
ST058,bibimbap_fan,주차도 편하고 넓어서 가족 나들이하기 딱 좋은 곳이에요.,2026-02-15,친절해요
ST059,먹스타그램,곰소젓갈백반 정말 맛있어요! 전주 오면 꼭 들르는 곳입니다.,2026-01-30,맛있어요
ST059,food_jb_01,가격이 좀 올랐더라고요. 예전보다 비싸진 것 같아 아쉬워요.,2026-04-03,양이 적어요
ST059,신시가지탐방,주말에 갔더니 대기가 너무 길었어요. 웨이팅 30분 이상은 각오하세요.,2026-05-15,양이 적어요
ST059,막걸리투어,재료가 신선하고 국물이 진해요. 다음에 또 올게요!,2026-05-11,가성비가 좋아요
ST059,전주관광객,주차공간이 협소해서 근처 유료주차장 이용해야 했어요.,2026-04-07,위생이 아쉬워요
ST059,foodlover_A,오픈하자마자 갔는데 금방 자리가 찼어요. 역시 맛집이네요.,2026-04-08,친절해요
ST059,food_diary_jj,반찬도 정갈하고 주인분도 친절해서 좋았습니다.,2026-02-13,단체모임 하기 좋아요
ST059,전주시청직원,"전통 한옥 분위기에서 먹는 한정식, 특별한 날에 딱이에요.",2026-05-25,특별한 날 가기 좋아요
ST059,food_explorer_kr,가격 대비 양도 많고 맛도 훌륭해요. 곰소젓갈백반 단골 됐어요.,2026-02-11,단체모임 하기 좋아요
ST059,전주핫플,맛은 평범한데 유명세 때문에 줄만 긴 것 같아요.,2026-02-15,재방문 의사 없어요
ST059,jeonju_local,친구랑 같이 왔는데 둘 다 너무 만족했어요. 곰소젓갈백반 최고!,2026-04-18,가성비가 좋아요
ST059,효자동단골,사장님이 너무 친절하셔서 기분 좋게 먹고 왔어요.,2026-03-21,혼밥하기 좋아요
ST059,taste_kr_05,곰소젓갈백반 정말 맛있어요! 전주 오면 꼭 들르는 곳입니다.,2026-03-15,주차하기 편해요
ST059,전주살이,전주 맛집 검색하다 발견했는데 정말 맛있었어요.,2026-01-31,혼밥하기 좋아요
ST059,jb_local_guide,가격 대비 양도 많고 맛도 훌륭해요. 곰소젓갈백반 단골 됐어요.,2026-02-21,가성비가 좋아요
ST059,jeonju_foodie,전주 맛집 검색하다 발견했는데 정말 맛있었어요.,2026-06-09,깨끗해요
ST059,전주토박이강씨,친구랑 같이 왔는데 둘 다 너무 만족했어요. 곰소젓갈백반 최고!,2026-01-04,친절해요
ST059,food_jb_03,위생 상태가 썩 좋아 보이지 않았어요. 개선이 필요해 보여요.,2026-05-08,불친절해요
ST060,맛집헌터E,재료가 신선하고 국물이 진해요. 다음에 또 올게요!,2026-02-23,깨끗해요
ST060,냉면마니아,직원분이 좀 불친절하셨어요. 바빠서 그런지 모르겠지만 아쉽네요.,2026-06-06,양이 적어요
ST060,홍길동123,전반적으로 음식 수준이 높아요. 외국인 친구 데려오기 좋은 곳.,2026-01-28,친절해요
ST060,jbfoodie_02,반찬 리필을 안 해주더라고요. 조금 아쉬웠습니다.,2026-06-11,가격이 비싸요
ST060,전주맛집A,전통 방식 그대로 만들어서 옛날 맛이 나요. 너무 좋아요.,2026-01-23,혼밥하기 좋아요
ST060,user_전주_04,양이 정말 푸짐해요. 배부르게 먹고 갑니다.,2026-06-04,맛있어요
ST060,해장국마니아,가격 대비 양도 많고 맛도 훌륭해요. 중앙회관 단골 됐어요.,2026-04-20,주차하기 편해요
ST060,인후동탐방,사장님이 너무 친절하셔서 기분 좋게 먹고 왔어요.,2026-03-08,주차하기 편해요
ST060,jbfoodie_03,사장님이 너무 친절하셔서 기분 좋게 먹고 왔어요.,2026-06-09,친절해요
ST060,한옥마을관광,주말에 갔더니 대기가 너무 길었어요. 웨이팅 30분 이상은 각오하세요.,2026-02-03,대기시간이 길어요
ST060,foodlover_E,오픈하자마자 갔는데 금방 자리가 찼어요. 역시 맛집이네요.,2026-05-08,깨끗해요
ST060,맛집헌터D,"전통 한옥 분위기에서 먹는 한정식, 특별한 날에 딱이에요.",2026-06-11,가성비가 좋아요
ST060,review_kr_03,주차공간이 협소해서 근처 유료주차장 이용해야 했어요.,2026-05-07,맛이 별로예요
ST060,전주살이,친구랑 같이 왔는데 둘 다 너무 만족했어요. 중앙회관 최고!,2026-06-06,양이 많아요
ST060,전주맛지도,위생 상태가 썩 좋아 보이지 않았어요. 개선이 필요해 보여요.,2026-03-16,위생이 아쉬워요
ST060,전북여행,맛은 평범한데 유명세 때문에 줄만 긴 것 같아요.,2026-01-01,불친절해요
ST060,travel_eater,주차도 편하고 넓어서 가족 나들이하기 딱 좋은 곳이에요.,2026-01-07,특별한 날 가기 좋아요
ST060,food_jb_05,재료가 신선하고 국물이 진해요. 다음에 또 올게요!,2026-06-10,주차하기 편해요
ST061,한옥마을관광,직원분이 좀 불친절하셨어요. 바빠서 그런지 모르겠지만 아쉽네요.,2026-01-17,대기시간이 길어요
ST061,food_explorer_kr,반찬도 정갈하고 주인분도 친절해서 좋았습니다.,2026-03-13,또 오고 싶어요
ST061,punpun_eats,TV에 나왔다더니 역시 맛있어요. 줄 서서 먹을 만한 집!,2026-03-28,또 오고 싶어요
ST061,고속터미널근처,친구랑 같이 왔는데 둘 다 너무 만족했어요. 더테이블(신시가지) 최고!,2026-06-10,분위기가 좋아요
ST061,전주맛집B,더테이블(신시가지) 정말 맛있어요! 전주 오면 꼭 들르는 곳입니다.,2026-02-12,단체모임 하기 좋아요
ST061,jbfoodie_02,주말에 갔더니 대기가 너무 길었어요. 웨이팅 30분 이상은 각오하세요.,2026-06-05,재방문 의사 없어요
ST061,전통주탐방,더테이블(신시가지) 정말 맛있어요! 전주 오면 꼭 들르는 곳입니다.,2026-02-17,친절해요
ST061,먹방러_03,가격 대비 양도 많고 맛도 훌륭해요. 더테이블(신시가지) 단골 됐어요.,2026-01-30,단체모임 하기 좋아요
ST061,효자동단골,친구랑 같이 왔는데 둘 다 너무 만족했어요. 더테이블(신시가지) 최고!,2026-03-22,깨끗해요
ST061,korea_taste,사장님이 너무 친절하셔서 기분 좋게 먹고 왔어요.,2026-03-11,깨끗해요
ST061,jeonju_review01,재료가 신선하고 국물이 진해요. 다음에 또 올게요!,2026-01-23,친절해요
ST061,review_kr_03,맛은 평범한데 유명세 때문에 줄만 긴 것 같아요.,2026-03-02,불친절해요
ST061,전주역이용객,전주 맛집 검색하다 발견했는데 정말 맛있었어요.,2026-04-26,단체모임 하기 좋아요
ST061,덕진구주민,테이블 간격이 너무 좁아서 불편했어요.,2026-02-25,위생이 아쉬워요
ST061,맛집헌터E,국물 맛이 깊고 진해요. 이 맛 때문에 자꾸 생각나요.,2026-03-19,맛있어요
ST062,foodlover_A,혼자 와도 편하게 먹을 수 있어서 자주 오게 되는 집이에요.,2026-03-23,깨끗해요
ST062,데이트장소탐색,국물이 예전보다 좀 싱거워진 느낌이에요. 맛이 변한 것 같아요.,2026-02-06,분위기가 별로예요
ST062,저녁식사파,나물이 신선하고 고추장이 딱 적당해요. 전주 비빔밥 최고!,2026-05-27,깨끗해요
ST062,처음방문최씨,양이 정말 푸짐해요. 배부르게 먹고 갑니다.,2026-02-13,맛있어요
ST062,전북대생,직원분이 좀 불친절하셨어요. 바빠서 그런지 모르겠지만 아쉽네요.,2026-03-21,가격이 비싸요
ST062,전북도청직원,비빔밥 하나 시키면 반찬이 엄청 많이 나와요. 든든해요.,2026-05-19,주차하기 편해요
ST062,taste_kr_04,돌솥에 나와서 따뜻하게 먹을 수 있어서 좋았어요.,2026-01-13,맛있어요
ST062,jb_local_guide,반찬 리필을 안 해주더라고요. 조금 아쉬웠습니다.,2026-01-08,가격이 비싸요
ST062,user_전주_01,재료가 신선하고 국물이 진해요. 다음에 또 올게요!,2026-01-13,분위기가 좋아요
ST062,리뷰왕김씨,TV에 나왔다더니 역시 맛있어요. 줄 서서 먹을 만한 집!,2026-04-09,특별한 날 가기 좋아요
ST062,jeonju_local,전주육회비빔밥(신시가지점) 정말 맛있어요! 전주 오면 꼭 들르는 곳입니다.,2026-01-23,가성비가 좋아요
ST062,jeonju_review05,전통 방식 그대로 만들어서 옛날 맛이 나요. 너무 좋아요.,2026-04-11,양이 많아요
ST062,jeonju_eater,가격이 좀 올랐더라고요. 예전보다 비싸진 것 같아 아쉬워요.,2026-06-02,재방문 의사 없어요
ST062,먹방러_02,사장님이 너무 친절하셔서 기분 좋게 먹고 왔어요.,2026-06-11,가성비가 좋아요
ST062,taste_kr_05,위생 상태가 썩 좋아 보이지 않았어요. 개선이 필요해 보여요.,2026-06-07,분위기가 별로예요
ST062,경기전방문자,나물 가짓수가 줄어든 것 같아요. 예전이 더 풍성했는데.,2026-03-21,대기시간이 길어요
ST063,taste_kr_02,전주 맛집 검색하다 발견했는데 정말 맛있었어요.,2026-05-26,또 오고 싶어요
ST063,전주교육청,주차공간이 협소해서 근처 유료주차장 이용해야 했어요.,2026-05-20,대기시간이 길어요
ST063,리뷰어_박씨,주차도 편하고 넓어서 가족 나들이하기 딱 좋은 곳이에요.,2026-02-14,가성비가 좋아요
ST063,한옥마을단골,오픈하자마자 갔는데 금방 자리가 찼어요. 역시 맛집이네요.,2026-05-27,단체모임 하기 좋아요
ST063,user_전주_05,전통 방식 그대로 만들어서 옛날 맛이 나요. 너무 좋아요.,2026-01-30,혼밥하기 좋아요
ST063,먹방러_02,한가람설렁탕 정말 맛있어요! 전주 오면 꼭 들르는 곳입니다.,2026-06-02,또 오고 싶어요
ST063,food_jb_04,양이 정말 푸짐해요. 배부르게 먹고 갑니다.,2026-03-25,양이 많아요
ST063,foodlover_C,가격 대비 양도 많고 맛도 훌륭해요. 한가람설렁탕 단골 됐어요.,2026-01-25,주차하기 편해요
ST063,taste_kr_04,재료가 신선하고 국물이 진해요. 다음에 또 올게요!,2026-02-15,단체모임 하기 좋아요
ST063,효자동단골,TV에 나왔다더니 역시 맛있어요. 줄 서서 먹을 만한 집!,2026-04-14,친절해요
ST063,순대국밥러버,직원분이 좀 불친절하셨어요. 바빠서 그런지 모르겠지만 아쉽네요.,2026-06-03,양이 적어요
ST063,리뷰왕김씨,맛은 있는데 양이 조금 적은 것 같아요. 가격 생각하면 아쉬워요.,2026-06-02,가격이 비싸요
ST063,전주야경감상,오랜만에 왔는데 변함없이 맛있네요. 한가람설렁탕 강추!,2026-03-25,친절해요
ST063,review_kr_02,한가람설렁탕 정말 맛있어요! 전주 오면 꼭 들르는 곳입니다.,2026-01-16,주차하기 편해요
ST063,먹스타그램,혼자 와도 편하게 먹을 수 있어서 자주 오게 되는 집이에요.,2026-02-25,특별한 날 가기 좋아요
ST063,푸드인전주,위생 상태가 썩 좋아 보이지 않았어요. 개선이 필요해 보여요.,2026-05-29,양이 적어요
ST063,jeonju_foodie,주말에 갔더니 대기가 너무 길었어요. 웨이팅 30분 이상은 각오하세요.,2026-02-07,재방문 의사 없어요
ST064,food_jb_02,콩나물이 아삭하고 국물이 개운해요. 해장국으로 최고!,2026-05-11,친절해요
ST064,jeonju_review04,국물이 너무 짜요. 나트륨 조절이 필요해 보여요.,2026-05-22,주차하기 불편해요
ST064,food_jb_01,재료가 신선하고 국물이 진해요. 다음에 또 올게요!,2026-04-09,깨끗해요
ST064,한옥마을관광,신시가지콩나물국밥 정말 맛있어요! 전주 오면 꼭 들르는 곳입니다.,2026-02-27,혼밥하기 좋아요
ST064,맛집평론가,맛은 평범한데 유명세 때문에 줄만 긴 것 같아요.,2026-04-19,대기시간이 길어요
ST064,먹방러_05,가격 대비 양도 많고 맛도 훌륭해요. 신시가지콩나물국밥 단골 됐어요.,2026-01-02,혼밥하기 좋아요
ST064,jbfoodie_03,주차공간이 협소해서 근처 유료주차장 이용해야 했어요.,2026-05-08,재방문 의사 없어요
ST064,리뷰어_박씨,가격이 좀 올랐더라고요. 예전보다 비싸진 것 같아 아쉬워요.,2026-05-09,주차하기 불편해요
ST064,친구모임장소,위생 상태가 썩 좋아 보이지 않았어요. 개선이 필요해 보여요.,2026-04-16,분위기가 별로예요
ST064,전주맛집E,반찬도 정갈하고 주인분도 친절해서 좋았습니다.,2026-05-28,또 오고 싶어요
ST064,객사주변직장인,순대 양이 적어서 아쉬웠어요. 추가 주문했어요.,2026-01-09,불친절해요
ST064,jeollabuk_go,양이 정말 푸짐해요. 배부르게 먹고 갑니다.,2026-05-26,특별한 날 가기 좋아요
ST064,user_전주_04,오랜만에 왔는데 변함없이 맛있네요. 신시가지콩나물국밥 강추!,2026-04-05,단체모임 하기 좋아요
ST064,맛집블로거,오랜만에 왔는데 변함없이 맛있네요. 신시가지콩나물국밥 강추!,2026-05-29,분위기가 좋아요
ST064,객사맛집,국물이 진하고 깊어요. 해장에 완벽한 집이에요!,2026-02-06,친절해요
ST064,맛집헌터E,직원분이 좀 불친절하셨어요. 바빠서 그런지 모르겠지만 아쉽네요.,2026-03-13,불친절해요
ST064,food_jb_05,테이블 간격이 너무 좁아서 불편했어요.,2026-05-13,가격이 비싸요
ST064,맛집헌터D,오픈하자마자 갔는데 금방 자리가 찼어요. 역시 맛집이네요.,2026-06-06,혼밥하기 좋아요
ST064,jeonju_trip,친구랑 같이 왔는데 둘 다 너무 만족했어요. 신시가지콩나물국밥 최고!,2026-03-04,깨끗해요
ST064,user_전주_01,혼자 와도 편하게 먹을 수 있어서 자주 오게 되는 집이에요.,2026-06-11,혼밥하기 좋아요
ST065,jeonju_local,재료가 신선하고 국물이 진해요. 다음에 또 올게요!,2026-03-09,가성비가 좋아요
ST065,전주비빔밥러,오랜만에 왔는데 변함없이 맛있네요. 솔밭가든 강추!,2026-01-14,가성비가 좋아요
ST065,국밥매니아,주차도 편하고 넓어서 가족 나들이하기 딱 좋은 곳이에요.,2026-04-29,양이 많아요
ST065,콩나물국밥마니아,전통 방식 그대로 만들어서 옛날 맛이 나요. 너무 좋아요.,2026-05-02,맛있어요
ST065,덕진구주민,양이 정말 푸짐해요. 배부르게 먹고 갑니다.,2026-05-02,양이 많아요
ST065,전주맛집B,맛은 평범한데 유명세 때문에 줄만 긴 것 같아요.,2026-03-01,불친절해요
ST065,전주야경감상,오픈하자마자 갔는데 금방 자리가 찼어요. 역시 맛집이네요.,2026-04-10,주차하기 편해요
ST065,user_전주_02,반찬도 정갈하고 주인분도 친절해서 좋았습니다.,2026-03-09,가성비가 좋아요
ST065,전주핫플,양이 정말 푸짐해요. 배부르게 먹고 갑니다.,2026-05-16,친절해요
ST065,taste_kr_02,반찬 리필을 안 해주더라고요. 조금 아쉬웠습니다.,2026-01-04,가격이 비싸요
ST065,해장국마니아,국물 맛이 깊고 진해요. 이 맛 때문에 자꾸 생각나요.,2026-04-25,양이 많아요
ST065,다가동미식,전주 맛집 검색하다 발견했는데 정말 맛있었어요.,2026-05-16,가성비가 좋아요
ST065,맛있는하루,가격 대비 양도 많고 맛도 훌륭해요. 솔밭가든 단골 됐어요.,2026-01-25,특별한 날 가기 좋아요
ST065,한옥마을관광,직원분이 좀 불친절하셨어요. 바빠서 그런지 모르겠지만 아쉽네요.,2026-04-21,불친절해요
ST065,데이트장소탐색,위생 상태가 썩 좋아 보이지 않았어요. 개선이 필요해 보여요.,2026-03-27,대기시간이 길어요
ST065,친구모임장소,혼자 와도 편하게 먹을 수 있어서 자주 오게 되는 집이에요.,2026-01-26,친절해요
ST065,주말여행자,주말에 갔더니 대기가 너무 길었어요. 웨이팅 30분 이상은 각오하세요.,2026-05-30,위생이 아쉬워요
ST065,전주비빔밥순례,TV에 나왔다더니 역시 맛있어요. 줄 서서 먹을 만한 집!,2026-04-29,가성비가 좋아요
ST065,단골손님이씨,테이블 간격이 너무 좁아서 불편했어요.,2026-05-31,불친절해요
ST065,전북여행,사장님이 너무 친절하셔서 기분 좋게 먹고 왔어요.,2026-05-14,주차하기 편해요
ST066,리뷰왕김씨,이조참판댁 정말 맛있어요! 전주 오면 꼭 들르는 곳입니다.,2026-02-06,가성비가 좋아요
ST066,전주맛집D,테이블 간격이 너무 좁아서 불편했어요.,2026-04-21,가격이 비싸요
ST066,한옥마을여행,맛은 평범한데 유명세 때문에 줄만 긴 것 같아요.,2026-06-07,양이 적어요
ST066,taste_kr_04,가격이 좀 올랐더라고요. 예전보다 비싸진 것 같아 아쉬워요.,2026-03-08,불친절해요
ST066,전주콩나물,오픈하자마자 갔는데 금방 자리가 찼어요. 역시 맛집이네요.,2026-01-09,혼밥하기 좋아요
ST066,전북대생,사장님이 너무 친절하셔서 기분 좋게 먹고 왔어요.,2026-01-19,단체모임 하기 좋아요
ST066,jbfoodie_02,양이 정말 푸짐해요. 배부르게 먹고 갑니다.,2026-03-06,가성비가 좋아요
ST066,taste_kr_05,주차공간이 협소해서 근처 유료주차장 이용해야 했어요.,2026-01-05,가격이 비싸요
ST066,review_kr_03,국물 맛이 깊고 진해요. 이 맛 때문에 자꾸 생각나요.,2026-02-08,깨끗해요
ST066,jeonju_foodie,TV에 나왔다더니 역시 맛있어요. 줄 서서 먹을 만한 집!,2026-01-10,가성비가 좋아요
ST066,전통주탐방,반찬도 정갈하고 주인분도 친절해서 좋았습니다.,2026-03-10,깨끗해요
ST066,food_explorer_kr,주차도 편하고 넓어서 가족 나들이하기 딱 좋은 곳이에요.,2026-03-26,단체모임 하기 좋아요
ST066,전주비빔밥순례,전주 맛집 검색하다 발견했는데 정말 맛있었어요.,2026-05-28,양이 많아요
ST066,맛집헌터B,전주 맛집 검색하다 발견했는데 정말 맛있었어요.,2026-05-06,깨끗해요
ST066,user_전주_03,오랜만에 왔는데 변함없이 맛있네요. 이조참판댁 강추!,2026-04-22,양이 많아요
ST066,추어탕마니아,국물이 예전보다 좀 싱거워진 느낌이에요. 맛이 변한 것 같아요.,2026-01-18,대기시간이 길어요
ST066,맛집탐험대,가격 대비 양도 많고 맛도 훌륭해요. 이조참판댁 단골 됐어요.,2026-01-01,친절해요
ST067,review_kr_01,재료가 신선하고 국물이 진해요. 다음에 또 올게요!,2026-01-05,양이 많아요
ST067,user_전주_01,사장님이 너무 친절하셔서 기분 좋게 먹고 왔어요.,2026-06-08,가성비가 좋아요
ST067,food_diary_jj,가격이 좀 올랐더라고요. 예전보다 비싸진 것 같아 아쉬워요.,2026-03-04,맛이 별로예요
ST067,jb_local_guide,사장님이 너무 친절하셔서 기분 좋게 먹고 왔어요.,2026-01-04,분위기가 좋아요
ST067,한정식전문가,맛은 평범한데 유명세 때문에 줄만 긴 것 같아요.,2026-06-11,대기시간이 길어요
ST067,전주여행자,혼자 와도 편하게 먹을 수 있어서 자주 오게 되는 집이에요.,2026-03-20,단체모임 하기 좋아요
ST067,foodstagram_kr,진미닭갈비 정말 맛있어요! 전주 오면 꼭 들르는 곳입니다.,2026-04-27,혼밥하기 좋아요
ST067,비빔밥사랑,전주 맛집 검색하다 발견했는데 정말 맛있었어요.,2026-06-01,주차하기 편해요
ST067,bibimbap_fan,반찬이 푸짐하게 나와요. 고기도 두툼하고 맛있어요.,2026-01-28,특별한 날 가기 좋아요
ST067,전주비빔밥러,오픈하자마자 갔는데 금방 자리가 찼어요. 역시 맛집이네요.,2026-05-08,특별한 날 가기 좋아요
ST067,먹방러_03,전주 맛집 검색하다 발견했는데 정말 맛있었어요.,2026-06-07,깨끗해요
ST067,전주한바퀴,직원분이 좀 불친절하셨어요. 바빠서 그런지 모르겠지만 아쉽네요.,2026-01-17,맛이 별로예요
ST067,국밥왕,반찬도 정갈하고 주인분도 친절해서 좋았습니다.,2026-04-20,단체모임 하기 좋아요
ST067,전북도청직원,위생 상태가 썩 좋아 보이지 않았어요. 개선이 필요해 보여요.,2026-04-13,맛이 별로예요
ST067,삼천동리뷰,테이블 간격이 너무 좁아서 불편했어요.,2026-01-31,대기시간이 길어요
ST067,jbfoodie_03,가격 대비 양도 많고 맛도 훌륭해요. 진미닭갈비 단골 됐어요.,2026-05-20,분위기가 좋아요
ST067,푸드인전주,국물 맛이 깊고 진해요. 이 맛 때문에 자꾸 생각나요.,2026-03-24,단체모임 하기 좋아요
ST067,갈비사랑,친구랑 같이 왔는데 둘 다 너무 만족했어요. 진미닭갈비 최고!,2026-01-12,맛있어요
ST068,review_kr_03,사장님이 너무 친절하셔서 기분 좋게 먹고 왔어요.,2026-02-15,단체모임 하기 좋아요
ST068,전주관광객,가격이 좀 올랐더라고요. 예전보다 비싸진 것 같아 아쉬워요.,2026-01-12,맛이 별로예요
ST068,jeonju_local,오랜만에 왔는데 변함없이 맛있네요. 남원추어탕(신시가지점) 강추!,2026-04-04,혼밥하기 좋아요
ST068,저녁식사파,남원추어탕(신시가지점) 정말 맛있어요! 전주 오면 꼭 들르는 곳입니다.,2026-02-23,주차하기 편해요
ST068,taste_kr_02,주차도 편하고 넓어서 가족 나들이하기 딱 좋은 곳이에요.,2026-03-06,맛있어요
ST068,전주시청직원,반찬도 정갈하고 주인분도 친절해서 좋았습니다.,2026-06-07,단체모임 하기 좋아요
ST068,food_jb_02,전통 방식 그대로 만들어서 옛날 맛이 나요. 너무 좋아요.,2026-01-12,특별한 날 가기 좋아요
ST068,전주콩나물,전주 맛집 검색하다 발견했는데 정말 맛있었어요.,2026-01-14,친절해요
ST068,전주맛집C,오랜만에 왔는데 변함없이 맛있네요. 남원추어탕(신시가지점) 강추!,2026-02-15,주차하기 편해요
ST068,punpun_eats,친구랑 같이 왔는데 둘 다 너무 만족했어요. 남원추어탕(신시가지점) 최고!,2026-05-05,주차하기 편해요
ST068,맛집헌터B,맛은 평범한데 유명세 때문에 줄만 긴 것 같아요.,2026-01-30,분위기가 별로예요
ST068,전북대생,가격이 좀 올랐더라고요. 예전보다 비싸진 것 같아 아쉬워요.,2026-03-02,주차하기 불편해요
ST068,taste_kr_04,전주 맛집 검색하다 발견했는데 정말 맛있었어요.,2026-06-01,친절해요
ST068,jbfoodie_04,맛은 있는데 양이 조금 적은 것 같아요. 가격 생각하면 아쉬워요.,2026-03-25,가격이 비싸요
ST068,jeonju_review03,맛은 평범한데 유명세 때문에 줄만 긴 것 같아요.,2026-02-20,대기시간이 길어요
ST068,삼천동리뷰,오픈하자마자 갔는데 금방 자리가 찼어요. 역시 맛집이네요.,2026-02-28,양이 많아요
ST068,맛집블로거,국물이 예전보다 좀 싱거워진 느낌이에요. 맛이 변한 것 같아요.,2026-03-25,분위기가 별로예요
ST068,food_review_kr,반찬 리필을 안 해주더라고요. 조금 아쉬웠습니다.,2026-01-26,재방문 의사 없어요
ST068,리뷰어_박씨,재료가 신선하고 국물이 진해요. 다음에 또 올게요!,2026-04-16,분위기가 좋아요
ST069,먹방러_02,반찬 리필을 안 해주더라고요. 조금 아쉬웠습니다.,2026-02-08,양이 적어요
ST069,jbfoodie_02,재료가 신선하고 국물이 진해요. 다음에 또 올게요!,2026-01-02,친절해요
ST069,jeonju_review02,맛은 평범한데 유명세 때문에 줄만 긴 것 같아요.,2026-01-12,재방문 의사 없어요
ST069,맛있는하루,사장님이 너무 친절하셔서 기분 좋게 먹고 왔어요.,2026-05-01,혼밥하기 좋아요
ST069,review_kr_05,국물 맛이 깊고 진해요. 이 맛 때문에 자꾸 생각나요.,2026-01-09,주차하기 편해요
ST069,jeonju_review04,황소갈비 정말 맛있어요! 전주 오면 꼭 들르는 곳입니다.,2026-05-16,단체모임 하기 좋아요
ST069,전주비빔밥순례,오픈하자마자 갔는데 금방 자리가 찼어요. 역시 맛집이네요.,2026-05-03,분위기가 좋아요
ST069,맛집지도앱,황소갈비 정말 맛있어요! 전주 오면 꼭 들르는 곳입니다.,2026-04-26,가성비가 좋아요
ST069,review_kr_02,주차도 편하고 넓어서 가족 나들이하기 딱 좋은 곳이에요.,2026-03-03,단체모임 하기 좋아요
ST069,신시가지탐방,반찬이 푸짐하게 나와요. 고기도 두툼하고 맛있어요.,2026-05-23,또 오고 싶어요
ST069,gourmet_jb,주말에 갔더니 대기가 너무 길었어요. 웨이팅 30분 이상은 각오하세요.,2026-04-15,불친절해요
ST069,한옥마을여행,전통 방식 그대로 만들어서 옛날 맛이 나요. 너무 좋아요.,2026-02-03,주차하기 편해요
ST069,경기전방문자,전주 맛집 검색하다 발견했는데 정말 맛있었어요.,2026-03-17,깨끗해요
ST069,단골손님이씨,양이 정말 푸짐해요. 배부르게 먹고 갑니다.,2026-01-24,친절해요
ST069,맛집지도,테이블 간격이 너무 좁아서 불편했어요.,2026-05-03,분위기가 별로예요
ST069,효자동단골,주차공간이 협소해서 근처 유료주차장 이용해야 했어요.,2026-02-11,주차하기 불편해요
ST070,jeonju_trip,테이블 간격이 너무 좁아서 불편했어요.,2026-01-21,분위기가 별로예요
ST070,전주비빔밥순례,전주 맛집 검색하다 발견했는데 정말 맛있었어요.,2026-02-15,또 오고 싶어요
ST070,해장국마니아,친구랑 같이 왔는데 둘 다 너무 만족했어요. 전주불고기(신시가지) 최고!,2026-01-20,특별한 날 가기 좋아요
ST070,리뷰왕김씨,오픈하자마자 갔는데 금방 자리가 찼어요. 역시 맛집이네요.,2026-02-12,또 오고 싶어요
ST070,혼밥러_전주,주말에 갔더니 대기가 너무 길었어요. 웨이팅 30분 이상은 각오하세요.,2026-01-29,대기시간이 길어요
ST070,전주핫플,오랜만에 왔는데 변함없이 맛있네요. 전주불고기(신시가지) 강추!,2026-05-08,분위기가 좋아요
ST070,food_explorer_kr,고기 질이 좋아요. 불 조절도 잘 해주셔서 맛있게 먹었어요.,2026-02-22,깨끗해요
ST070,맛집헌터D,TV에 나왔다더니 역시 맛있어요. 줄 서서 먹을 만한 집!,2026-06-10,특별한 날 가기 좋아요
ST070,jbfood_lover,재료가 신선하고 국물이 진해요. 다음에 또 올게요!,2026-03-17,양이 많아요
ST070,jeonju_review02,가격이 좀 올랐더라고요. 예전보다 비싸진 것 같아 아쉬워요.,2026-05-19,대기시간이 길어요
ST070,jb_local_guide,직원분이 좀 불친절하셨어요. 바빠서 그런지 모르겠지만 아쉽네요.,2026-05-02,분위기가 별로예요
ST070,전주법원앞단골,맛은 평범한데 유명세 때문에 줄만 긴 것 같아요.,2026-04-18,가격이 비싸요
ST070,taste_kr_04,주차공간이 협소해서 근처 유료주차장 이용해야 했어요.,2026-01-06,재방문 의사 없어요
ST070,아침밥러버,반찬도 정갈하고 주인분도 친절해서 좋았습니다.,2026-02-18,분위기가 좋아요
ST070,bibimbap_fan,가격 대비 양도 많고 맛도 훌륭해요. 전주불고기(신시가지) 단골 됐어요.,2026-01-06,양이 많아요
ST070,전주맛지도,혼자 와도 편하게 먹을 수 있어서 자주 오게 되는 집이에요.,2026-05-14,특별한 날 가기 좋아요
ST070,전주시청직원,친구랑 같이 왔는데 둘 다 너무 만족했어요. 전주불고기(신시가지) 최고!,2026-04-16,친절해요
ST070,jbfoodie_04,반찬도 정갈하고 주인분도 친절해서 좋았습니다.,2026-03-29,또 오고 싶어요
ST070,삼천동리뷰,전주불고기(신시가지) 정말 맛있어요! 전주 오면 꼭 들르는 곳입니다.,2026-05-05,친절해요
ST070,먹방러_02,주말에 갔더니 대기가 너무 길었어요. 웨이팅 30분 이상은 각오하세요.,2026-05-16,위생이 아쉬워요
ST071,효자동단골,재료가 신선하고 국물이 진해요. 다음에 또 올게요!,2026-01-07,또 오고 싶어요
ST071,콩나물국밥마니아,사장님이 너무 친절하셔서 기분 좋게 먹고 왔어요.,2026-06-08,맛있어요
ST071,전주한바퀴,맛은 평범한데 유명세 때문에 줄만 긴 것 같아요.,2026-04-25,위생이 아쉬워요
ST071,경기전방문자,TV에 나왔다더니 역시 맛있어요. 줄 서서 먹을 만한 집!,2026-01-24,특별한 날 가기 좋아요
ST071,삼천동리뷰,친구랑 같이 왔는데 둘 다 너무 만족했어요. 새만금낙지 최고!,2026-01-15,친절해요
ST071,전북여행,가격 대비 양도 많고 맛도 훌륭해요. 새만금낙지 단골 됐어요.,2026-05-30,깨끗해요
ST071,맛집헌터E,전통 방식 그대로 만들어서 옛날 맛이 나요. 너무 좋아요.,2026-02-26,특별한 날 가기 좋아요
ST071,점심메이트,전주 맛집 검색하다 발견했는데 정말 맛있었어요.,2026-02-20,단체모임 하기 좋아요
ST071,jbfood_lover,주말에 갔더니 대기가 너무 길었어요. 웨이팅 30분 이상은 각오하세요.,2026-01-22,불친절해요
ST071,전주맛집C,새만금낙지 정말 맛있어요! 전주 오면 꼭 들르는 곳입니다.,2026-04-25,또 오고 싶어요
ST071,jeonju_trip,테이블 간격이 너무 좁아서 불편했어요.,2026-05-12,맛이 별로예요
ST071,전주비빔밥순례,맛은 있는데 양이 조금 적은 것 같아요. 가격 생각하면 아쉬워요.,2026-02-19,위생이 아쉬워요
ST071,review_kr_01,오픈하자마자 갔는데 금방 자리가 찼어요. 역시 맛집이네요.,2026-03-23,혼밥하기 좋아요
ST071,먹방러_05,혼자 와도 편하게 먹을 수 있어서 자주 오게 되는 집이에요.,2026-06-04,또 오고 싶어요
ST071,맛집헌터A,주차도 편하고 넓어서 가족 나들이하기 딱 좋은 곳이에요.,2026-01-15,친절해요
ST071,남부시장단골,오랜만에 왔는데 변함없이 맛있네요. 새만금낙지 강추!,2026-04-12,가성비가 좋아요
ST071,전주핫플,국물 맛이 깊고 진해요. 이 맛 때문에 자꾸 생각나요.,2026-04-20,양이 많아요
ST071,신시가지거주자,직원분이 좀 불친절하셨어요. 바빠서 그런지 모르겠지만 아쉽네요.,2026-04-09,대기시간이 길어요
ST071,전주역이용객,주말에 갔더니 대기가 너무 길었어요. 웨이팅 30분 이상은 각오하세요.,2026-01-04,불친절해요
ST072,review_kr_02,면이 쫄깃하고 고명도 푸짐해요.,2026-01-18,분위기가 좋아요
ST072,먹방러_04,양이 정말 푸짐해요. 배부르게 먹고 갑니다.,2026-04-03,맛있어요
ST072,jbfoodie_04,친구랑 같이 왔는데 둘 다 너무 만족했어요. 평양냉면(신시가지) 최고!,2026-05-04,가성비가 좋아요
ST072,foodlover_E,국물이 예전보다 좀 싱거워진 느낌이에요. 맛이 변한 것 같아요.,2026-04-22,맛이 별로예요
ST072,출장온회사원,직원분이 좀 불친절하셨어요. 바빠서 그런지 모르겠지만 아쉽네요.,2026-06-10,가격이 비싸요
ST072,user_전주_02,가격 대비 양도 많고 맛도 훌륭해요. 평양냉면(신시가지) 단골 됐어요.,2026-01-31,친절해요
ST072,전주역이용객,전통 방식 그대로 만들어서 옛날 맛이 나요. 너무 좋아요.,2026-05-12,가성비가 좋아요
ST072,jbfoodie_03,육수가 시원하고 깔끔해요. 더운 날 최고의 선택!,2026-01-05,특별한 날 가기 좋아요
ST072,맛집순례자,주차공간이 협소해서 근처 유료주차장 이용해야 했어요.,2026-05-29,재방문 의사 없어요
ST072,홍길동123,재료가 신선하고 국물이 진해요. 다음에 또 올게요!,2026-02-07,친절해요
ST072,인후동탐방,오랜만에 왔는데 변함없이 맛있네요. 평양냉면(신시가지) 강추!,2026-04-29,단체모임 하기 좋아요
ST072,맛있어요123,반찬 리필을 안 해주더라고요. 조금 아쉬웠습니다.,2026-04-02,위생이 아쉬워요
ST072,jeonju_local,평양냉면(신시가지) 정말 맛있어요! 전주 오면 꼭 들르는 곳입니다.,2026-03-11,주차하기 편해요
ST072,남부시장단골,양이 적어서 한 그릇 먹고도 배가 좀 고팠어요.,2026-04-18,위생이 아쉬워요
ST072,경기전방문자,가격이 좀 올랐더라고요. 예전보다 비싸진 것 같아 아쉬워요.,2026-01-13,분위기가 별로예요
ST072,아침밥러버,오픈하자마자 갔는데 금방 자리가 찼어요. 역시 맛집이네요.,2026-03-16,혼밥하기 좋아요
ST072,전주맛집A,평양냉면(신시가지) 정말 맛있어요! 전주 오면 꼭 들르는 곳입니다.,2026-01-20,주차하기 편해요
ST073,korea_taste,오픈하자마자 갔는데 금방 자리가 찼어요. 역시 맛집이네요.,2026-05-12,가성비가 좋아요
ST073,먹방러_02,맛은 평범한데 유명세 때문에 줄만 긴 것 같아요.,2026-01-16,재방문 의사 없어요
ST073,user_전주_01,고기 굽는 연기가 많이 나서 옷에 냄새가 배요.,2026-01-31,양이 적어요
ST073,전주토박이강씨,직원분이 좀 불친절하셨어요. 바빠서 그런지 모르겠지만 아쉽네요.,2026-01-12,맛이 별로예요
ST073,bibimbap_fan,고기 질이 좋아요. 불 조절도 잘 해주셔서 맛있게 먹었어요.,2026-03-19,맛있어요
ST073,전주맛집탐방,반찬 리필을 안 해주더라고요. 조금 아쉬웠습니다.,2026-01-25,대기시간이 길어요
ST073,korea_food_map,전주 맛집 검색하다 발견했는데 정말 맛있었어요.,2026-06-04,친절해요
ST073,칼국수러버,국물 맛이 깊고 진해요. 이 맛 때문에 자꾸 생각나요.,2026-05-31,혼밥하기 좋아요
ST073,국밥왕,위생 상태가 썩 좋아 보이지 않았어요. 개선이 필요해 보여요.,2026-02-17,가격이 비싸요
ST073,덕진공원산책후,주차도 편하고 넓어서 가족 나들이하기 딱 좋은 곳이에요.,2026-01-08,단체모임 하기 좋아요
ST073,먹스타그램,전주 맛집 검색하다 발견했는데 정말 맛있었어요.,2026-02-07,단체모임 하기 좋아요
ST073,점심메이트,사장님이 너무 친절하셔서 기분 좋게 먹고 왔어요.,2026-05-29,단체모임 하기 좋아요
ST073,한옥마을관광,맛은 있는데 양이 조금 적은 것 같아요. 가격 생각하면 아쉬워요.,2026-02-11,불친절해요
ST073,review_kr_04,반찬도 정갈하고 주인분도 친절해서 좋았습니다.,2026-06-06,양이 많아요
ST073,단골손님이씨,친구랑 같이 왔는데 둘 다 너무 만족했어요. 전주삼합 최고!,2026-05-10,양이 많아요
ST073,jbfoodie_01,오랜만에 왔는데 변함없이 맛있네요. 전주삼합 강추!,2026-01-18,또 오고 싶어요
ST073,맛집지도앱,혼자 와도 편하게 먹을 수 있어서 자주 오게 되는 집이에요.,2026-05-29,또 오고 싶어요
ST073,gourmet_jb,주말 저녁엔 웨이팅이 1시간 이상 걸려요.,2026-05-16,분위기가 별로예요
ST073,한옥마을여행,전주삼합 정말 맛있어요! 전주 오면 꼭 들르는 곳입니다.,2026-02-19,친절해요
ST074,비빔밥사랑,주말에 갔더니 대기가 너무 길었어요. 웨이팅 30분 이상은 각오하세요.,2026-01-17,양이 적어요
ST074,객사주변직장인,오랜만에 왔는데 변함없이 맛있네요. 충남집(신시가지) 강추!,2026-02-20,분위기가 좋아요
ST074,전북도청직원,국물 맛이 깊고 진해요. 이 맛 때문에 자꾸 생각나요.,2026-02-21,혼밥하기 좋아요
ST074,먹방러_03,혼자 와도 편하게 먹을 수 있어서 자주 오게 되는 집이에요.,2026-04-14,단체모임 하기 좋아요
ST074,korea_food_map,사장님이 너무 친절하셔서 기분 좋게 먹고 왔어요.,2026-03-01,가성비가 좋아요
ST074,jeonju_review04,주차도 편하고 넓어서 가족 나들이하기 딱 좋은 곳이에요.,2026-05-08,단체모임 하기 좋아요
ST074,점심메이트,맛은 있는데 양이 조금 적은 것 같아요. 가격 생각하면 아쉬워요.,2026-05-29,분위기가 별로예요
ST074,먹방러_02,위생 상태가 썩 좋아 보이지 않았어요. 개선이 필요해 보여요.,2026-03-11,위생이 아쉬워요
ST074,콩나물국밥마니아,반찬 리필을 안 해주더라고요. 조금 아쉬웠습니다.,2026-04-02,가격이 비싸요
ST074,user_전주_02,사장님이 너무 친절하셔서 기분 좋게 먹고 왔어요.,2026-06-04,가성비가 좋아요
ST074,추어탕마니아,재료가 신선하고 국물이 진해요. 다음에 또 올게요!,2026-05-05,양이 많아요
ST074,맛집헌터A,테이블 간격이 너무 좁아서 불편했어요.,2026-03-13,주차하기 불편해요
ST074,전주핫플,재료가 신선하고 국물이 진해요. 다음에 또 올게요!,2026-04-27,깨끗해요
ST074,리뷰왕김씨,전통 방식 그대로 만들어서 옛날 맛이 나요. 너무 좋아요.,2026-02-01,특별한 날 가기 좋아요
ST074,전주토박이강씨,오픈하자마자 갔는데 금방 자리가 찼어요. 역시 맛집이네요.,2026-05-06,단체모임 하기 좋아요
ST074,review_kr_03,가격 대비 양도 많고 맛도 훌륭해요. 충남집(신시가지) 단골 됐어요.,2026-03-01,주차하기 편해요
ST074,맛있어요123,직원분이 좀 불친절하셨어요. 바빠서 그런지 모르겠지만 아쉽네요.,2026-01-08,주차하기 불편해요
ST075,review_kr_02,주말에 갔더니 대기가 너무 길었어요. 웨이팅 30분 이상은 각오하세요.,2026-06-01,불친절해요
ST075,고속터미널근처,맛은 있는데 양이 조금 적은 것 같아요. 가격 생각하면 아쉬워요.,2026-06-07,주차하기 불편해요
ST075,한옥마을관광,가격 대비 양도 많고 맛도 훌륭해요. 전주한정식(신시가지) 단골 됐어요.,2026-03-14,단체모임 하기 좋아요
ST075,송천동맛집,오랜만에 왔는데 변함없이 맛있네요. 전주한정식(신시가지) 강추!,2026-01-16,양이 많아요
ST075,punpun_eats,오픈하자마자 갔는데 금방 자리가 찼어요. 역시 맛집이네요.,2026-06-01,친절해요
ST075,food_diary_jj,맛은 평범한데 유명세 때문에 줄만 긴 것 같아요.,2026-02-02,위생이 아쉬워요
ST075,객사주변직장인,국물 맛이 깊고 진해요. 이 맛 때문에 자꾸 생각나요.,2026-03-31,또 오고 싶어요
ST075,jbfoodie_05,반찬도 정갈하고 주인분도 친절해서 좋았습니다.,2026-01-07,맛있어요
ST075,전주교육청,양이 정말 푸짐해요. 배부르게 먹고 갑니다.,2026-04-08,특별한 날 가기 좋아요
ST075,foodstagram_kr,전주 맛집 검색하다 발견했는데 정말 맛있었어요.,2026-04-20,혼밥하기 좋아요
ST075,전주법원앞단골,전반적으로 음식 수준이 높아요. 외국인 친구 데려오기 좋은 곳.,2026-04-02,맛있어요
ST075,jeonju_review01,"전통 한옥 분위기에서 먹는 한정식, 특별한 날에 딱이에요.",2026-03-31,단체모임 하기 좋아요
ST075,홍길동123,가격이 좀 올랐더라고요. 예전보다 비싸진 것 같아 아쉬워요.,2026-03-04,가격이 비싸요
ST075,맛집소개정씨,가격 대비 양도 많고 맛도 훌륭해요. 전주한정식(신시가지) 단골 됐어요.,2026-03-02,혼밥하기 좋아요
ST075,서신동먹자,전주한정식(신시가지) 정말 맛있어요! 전주 오면 꼭 들르는 곳입니다.,2026-06-01,단체모임 하기 좋아요
ST076,jbfoodie_01,양이 정말 푸짐해요. 배부르게 먹고 갑니다.,2026-05-16,또 오고 싶어요
ST076,user_전주_02,가격 대비 양도 많고 맛도 훌륭해요. 명인갈비(신시가지) 단골 됐어요.,2026-04-20,분위기가 좋아요
ST076,냉면마니아,사장님이 너무 친절하셔서 기분 좋게 먹고 왔어요.,2026-03-30,가성비가 좋아요
ST076,한옥마을단골,오랜만에 왔는데 변함없이 맛있네요. 명인갈비(신시가지) 강추!,2026-03-19,특별한 날 가기 좋아요
ST076,review_kr_05,주차공간이 협소해서 근처 유료주차장 이용해야 했어요.,2026-03-18,양이 적어요
ST076,taste_kr_01,주말에 갔더니 대기가 너무 길었어요. 웨이팅 30분 이상은 각오하세요.,2026-05-19,위생이 아쉬워요
ST076,다가동미식,명인갈비(신시가지) 정말 맛있어요! 전주 오면 꼭 들르는 곳입니다.,2026-02-21,친절해요
ST076,jeonju_review02,사장님이 너무 친절하셔서 기분 좋게 먹고 왔어요.,2026-04-13,단체모임 하기 좋아요
ST076,전주토박이강씨,주차도 편하고 넓어서 가족 나들이하기 딱 좋은 곳이에요.,2026-06-09,깨끗해요
ST076,맛집헌터B,국물 맛이 깊고 진해요. 이 맛 때문에 자꾸 생각나요.,2026-04-27,주차하기 편해요
ST076,foodlover_A,오픈하자마자 갔는데 금방 자리가 찼어요. 역시 맛집이네요.,2026-02-16,혼밥하기 좋아요
ST076,맛집지도,국물이 예전보다 좀 싱거워진 느낌이에요. 맛이 변한 것 같아요.,2026-06-10,재방문 의사 없어요
ST076,맛집헌터C,혼자 와도 편하게 먹을 수 있어서 자주 오게 되는 집이에요.,2026-02-17,또 오고 싶어요
ST076,jbfoodie_03,맛은 평범한데 유명세 때문에 줄만 긴 것 같아요.,2026-05-08,분위기가 별로예요
ST076,갈비사랑,친구랑 같이 왔는데 둘 다 너무 만족했어요. 명인갈비(신시가지) 최고!,2026-04-30,또 오고 싶어요
ST077,bibimbap_fan,재료가 신선하고 국물이 진해요. 다음에 또 올게요!,2026-04-15,맛있어요
ST077,객사주변직장인,가격 대비 양도 많고 맛도 훌륭해요. 도깨비시장국밥 단골 됐어요.,2026-01-24,혼밥하기 좋아요
ST077,피순대국밥팬,사장님이 너무 친절하셔서 기분 좋게 먹고 왔어요.,2026-02-05,친절해요
ST077,리뷰어_박씨,테이블 간격이 너무 좁아서 불편했어요.,2026-01-29,분위기가 별로예요
ST077,jbfoodie_02,도깨비시장국밥 정말 맛있어요! 전주 오면 꼭 들르는 곳입니다.,2026-05-09,가성비가 좋아요
ST077,travel_eater,전통 방식 그대로 만들어서 옛날 맛이 나요. 너무 좋아요.,2026-05-14,깨끗해요
ST077,jbfoodie_04,오픈하자마자 갔는데 금방 자리가 찼어요. 역시 맛집이네요.,2026-05-15,단체모임 하기 좋아요
ST077,전주토박이강씨,재료가 신선하고 국물이 진해요. 다음에 또 올게요!,2026-05-08,단체모임 하기 좋아요
ST077,먹스타그램,주말에 갔더니 대기가 너무 길었어요. 웨이팅 30분 이상은 각오하세요.,2026-03-02,불친절해요
ST077,먹방러_04,주차도 편하고 넓어서 가족 나들이하기 딱 좋은 곳이에요.,2026-02-01,분위기가 좋아요
ST077,다가동미식,맛은 평범한데 유명세 때문에 줄만 긴 것 같아요.,2026-03-26,가격이 비싸요
ST077,jbfoodie_05,국물이 진하고 깊어요. 해장에 완벽한 집이에요!,2026-04-10,혼밥하기 좋아요
ST077,jeonju_review04,친구랑 같이 왔는데 둘 다 너무 만족했어요. 도깨비시장국밥 최고!,2026-02-25,분위기가 좋아요
ST077,yummy_jeonju,맛은 있는데 양이 조금 적은 것 같아요. 가격 생각하면 아쉬워요.,2026-01-28,불친절해요
ST077,한정식전문가,전주 맛집 검색하다 발견했는데 정말 맛있었어요.,2026-02-24,맛있어요
ST077,혼밥러_전주,TV에 나왔다더니 역시 맛있어요. 줄 서서 먹을 만한 집!,2026-04-23,특별한 날 가기 좋아요
ST077,낙지볶음팬,반찬도 정갈하고 주인분도 친절해서 좋았습니다.,2026-03-07,양이 많아요
ST078,jeonju_foodie,재료가 신선하고 국물이 진해요. 다음에 또 올게요!,2026-04-13,분위기가 좋아요
ST078,국밥왕,맛은 있는데 양이 조금 적은 것 같아요. 가격 생각하면 아쉬워요.,2026-06-10,가격이 비싸요
ST078,효자동단골,맛은 있는데 양이 조금 적은 것 같아요. 가격 생각하면 아쉬워요.,2026-03-22,위생이 아쉬워요
ST078,jbfoodie_03,주말에 갔더니 대기가 너무 길었어요. 웨이팅 30분 이상은 각오하세요.,2026-01-22,주차하기 불편해요
ST078,맛집블로거,전주 맛집 검색하다 발견했는데 정말 맛있었어요.,2026-02-10,양이 많아요
ST078,맛집소개정씨,오랜만에 왔는데 변함없이 맛있네요. 군산짬뽕(신시가지) 강추!,2026-05-13,혼밥하기 좋아요
ST078,jb_local_guide,가격이 좀 올랐더라고요. 예전보다 비싸진 것 같아 아쉬워요.,2026-06-02,양이 적어요
ST078,jeonju_review01,오랜만에 왔는데 변함없이 맛있네요. 군산짬뽕(신시가지) 강추!,2026-03-23,가성비가 좋아요
ST078,food_jb_01,군산짬뽕(신시가지) 정말 맛있어요! 전주 오면 꼭 들르는 곳입니다.,2026-05-03,깨끗해요
ST078,맛있어요123,가격이 좀 올랐더라고요. 예전보다 비싸진 것 같아 아쉬워요.,2026-03-08,위생이 아쉬워요
ST078,한정식전문가,위생 상태가 썩 좋아 보이지 않았어요. 개선이 필요해 보여요.,2026-06-01,주차하기 불편해요
ST078,삼천동리뷰,재료가 신선하고 국물이 진해요. 다음에 또 올게요!,2026-03-14,맛있어요
ST078,순대마니아,반찬도 정갈하고 주인분도 친절해서 좋았습니다.,2026-01-22,깨끗해요
ST078,jeonju_review02,TV에 나왔다더니 역시 맛있어요. 줄 서서 먹을 만한 집!,2026-04-05,단체모임 하기 좋아요
ST078,전주살이,주차공간이 협소해서 근처 유료주차장 이용해야 했어요.,2026-04-11,대기시간이 길어요
ST078,고속터미널근처,가격 대비 양도 많고 맛도 훌륭해요. 군산짬뽕(신시가지) 단골 됐어요.,2026-05-27,분위기가 좋아요
ST078,맛집탐험대,사장님이 너무 친절하셔서 기분 좋게 먹고 왔어요.,2026-01-06,또 오고 싶어요
ST078,jbfood_lover,사장님이 너무 친절하셔서 기분 좋게 먹고 왔어요.,2026-05-23,친절해요
ST078,food_review_kr,전주 맛집 검색하다 발견했는데 정말 맛있었어요.,2026-01-23,가성비가 좋아요
ST079,taste_hunter99,국물 맛이 깊고 진해요. 이 맛 때문에 자꾸 생각나요.,2026-03-06,가성비가 좋아요
ST079,review_kr_05,반찬 리필을 안 해주더라고요. 조금 아쉬웠습니다.,2026-06-08,양이 적어요
ST079,전주야경감상,전주막걸리(신시가지) 정말 맛있어요! 전주 오면 꼭 들르는 곳입니다.,2026-03-19,분위기가 좋아요
ST079,피순대국밥팬,전통 방식 그대로 만들어서 옛날 맛이 나요. 너무 좋아요.,2026-04-05,친절해요
ST079,jb_local_guide,전주 맛집 검색하다 발견했는데 정말 맛있었어요.,2026-05-24,주차하기 편해요
ST079,맛있는하루,오랜만에 왔는데 변함없이 맛있네요. 전주막걸리(신시가지) 강추!,2026-05-29,혼밥하기 좋아요
ST079,jeonju_eater,반찬도 정갈하고 주인분도 친절해서 좋았습니다.,2026-03-08,분위기가 좋아요
ST079,비빔밥사랑,양이 정말 푸짐해요. 배부르게 먹고 갑니다.,2026-05-09,혼밥하기 좋아요
ST079,review_kr_02,맛은 있는데 양이 조금 적은 것 같아요. 가격 생각하면 아쉬워요.,2026-03-28,위생이 아쉬워요
ST079,food_jb_05,가격 대비 양도 많고 맛도 훌륭해요. 전주막걸리(신시가지) 단골 됐어요.,2026-02-03,친절해요
ST079,jeonju_trip,가격 대비 양도 많고 맛도 훌륭해요. 전주막걸리(신시가지) 단골 됐어요.,2026-03-23,맛있어요
ST079,전주맛집A,친구랑 같이 왔는데 둘 다 너무 만족했어요. 전주막걸리(신시가지) 최고!,2026-04-21,단체모임 하기 좋아요
ST079,yummy_jeonju,국물이 예전보다 좀 싱거워진 느낌이에요. 맛이 변한 것 같아요.,2026-03-08,맛이 별로예요
ST079,전주비빔밥러,주말에 갔더니 대기가 너무 길었어요. 웨이팅 30분 이상은 각오하세요.,2026-03-22,불친절해요
ST079,food_diary_jj,위생 상태가 썩 좋아 보이지 않았어요. 개선이 필요해 보여요.,2026-02-02,대기시간이 길어요
ST079,review_kr_03,맛은 평범한데 유명세 때문에 줄만 긴 것 같아요.,2026-03-13,대기시간이 길어요
ST079,남부시장단골,사장님이 너무 친절하셔서 기분 좋게 먹고 왔어요.,2026-04-21,가성비가 좋아요
ST079,저녁식사파,맛은 있는데 양이 조금 적은 것 같아요. 가격 생각하면 아쉬워요.,2026-03-09,위생이 아쉬워요
ST080,food_jb_02,양이 정말 푸짐해요. 배부르게 먹고 갑니다.,2026-06-10,특별한 날 가기 좋아요
ST080,친구모임장소,가격 대비 양도 많고 맛도 훌륭해요. 삼성각 단골 됐어요.,2026-06-02,맛있어요
ST080,taste_hunter99,사장님이 너무 친절하셔서 기분 좋게 먹고 왔어요.,2026-03-26,친절해요
ST080,food_diary_jj,주말에 갔더니 대기가 너무 길었어요. 웨이팅 30분 이상은 각오하세요.,2026-06-09,위생이 아쉬워요
ST080,food_jb_01,반찬도 정갈하고 주인분도 친절해서 좋았습니다.,2026-03-25,깨끗해요
ST080,jbfoodie_01,직원분이 좀 불친절하셨어요. 바빠서 그런지 모르겠지만 아쉽네요.,2026-02-03,양이 적어요
ST080,갈비사랑,주차도 편하고 넓어서 가족 나들이하기 딱 좋은 곳이에요.,2026-01-13,주차하기 편해요
ST080,저녁식사파,가격 대비 양도 많고 맛도 훌륭해요. 삼성각 단골 됐어요.,2026-03-24,주차하기 편해요
ST080,홍길동123,친구랑 같이 왔는데 둘 다 너무 만족했어요. 삼성각 최고!,2026-01-19,특별한 날 가기 좋아요
ST080,foodlover_A,테이블 간격이 너무 좁아서 불편했어요.,2026-06-04,주차하기 불편해요
ST080,전주야경감상,양이 정말 푸짐해요. 배부르게 먹고 갑니다.,2026-01-24,가성비가 좋아요
ST080,콩나물국밥마니아,TV에 나왔다더니 역시 맛있어요. 줄 서서 먹을 만한 집!,2026-03-07,주차하기 편해요
ST080,jeonju_eater,주차도 편하고 넓어서 가족 나들이하기 딱 좋은 곳이에요.,2026-03-03,가성비가 좋아요
ST080,jeonju_trip,가격이 좀 올랐더라고요. 예전보다 비싸진 것 같아 아쉬워요.,2026-01-06,불친절해요
ST080,냉면마니아,국물이 예전보다 좀 싱거워진 느낌이에요. 맛이 변한 것 같아요.,2026-02-11,분위기가 별로예요
ST080,전통주탐방,전주 맛집 검색하다 발견했는데 정말 맛있었어요.,2026-04-14,분위기가 좋아요
ST080,미식여행자,TV에 나왔다더니 역시 맛있어요. 줄 서서 먹을 만한 집!,2026-01-31,분위기가 좋아요
ST080,완산구주민,반찬도 정갈하고 주인분도 친절해서 좋았습니다.,2026-05-06,주차하기 편해요
ST080,taste_kr_01,오픈하자마자 갔는데 금방 자리가 찼어요. 역시 맛집이네요.,2026-03-21,친절해요
ST081,다가동미식,반찬도 정갈하고 주인분도 친절해서 좋았습니다.,2026-05-31,특별한 날 가기 좋아요
ST081,food_jb_02,시내회관 정말 맛있어요! 전주 오면 꼭 들르는 곳입니다.,2026-04-26,맛있어요
ST081,가족여행객,맛은 있는데 양이 조금 적은 것 같아요. 가격 생각하면 아쉬워요.,2026-03-29,주차하기 불편해요
ST081,맛집평론가,사장님이 너무 친절하셔서 기분 좋게 먹고 왔어요.,2026-02-24,분위기가 좋아요
ST081,객사맛집,직원분이 좀 불친절하셨어요. 바빠서 그런지 모르겠지만 아쉽네요.,2026-06-04,양이 적어요
ST081,출장온회사원,전통 방식 그대로 만들어서 옛날 맛이 나요. 너무 좋아요.,2026-01-28,가성비가 좋아요
ST081,taste_kr_02,시내회관 정말 맛있어요! 전주 오면 꼭 들르는 곳입니다.,2026-05-17,혼밥하기 좋아요
ST081,맛집지도,사장님이 너무 친절하셔서 기분 좋게 먹고 왔어요.,2026-01-02,특별한 날 가기 좋아요
ST081,피순대국밥팬,테이블 간격이 너무 좁아서 불편했어요.,2026-01-30,재방문 의사 없어요
ST081,gourmet_jb,전반적으로 음식 수준이 높아요. 외국인 친구 데려오기 좋은 곳.,2026-02-13,가성비가 좋아요
ST081,user_전주_03,TV에 나왔다더니 역시 맛있어요. 줄 서서 먹을 만한 집!,2026-04-28,특별한 날 가기 좋아요
ST081,추어탕마니아,전주 맛집 검색하다 발견했는데 정말 맛있었어요.,2026-06-04,친절해요
ST081,user_전주_05,반찬도 정갈하고 주인분도 친절해서 좋았습니다.,2026-03-19,친절해요
ST081,남부시장단골,반찬 리필을 안 해주더라고요. 조금 아쉬웠습니다.,2026-04-12,주차하기 불편해요
ST081,덕진구주민,친구랑 같이 왔는데 둘 다 너무 만족했어요. 시내회관 최고!,2026-01-23,맛있어요
ST081,전북맛집,오랜만에 왔는데 변함없이 맛있네요. 시내회관 강추!,2026-02-04,깨끗해요
ST081,foodie_korea,맛은 평범한데 유명세 때문에 줄만 긴 것 같아요.,2026-01-29,위생이 아쉬워요
ST081,전라도미식가,재료가 신선하고 국물이 진해요. 다음에 또 올게요!,2026-02-23,양이 많아요
ST081,user_전주_04,재료가 신선하고 국물이 진해요. 다음에 또 올게요!,2026-02-07,주차하기 편해요
ST081,단골손님이씨,국물이 예전보다 좀 싱거워진 느낌이에요. 맛이 변한 것 같아요.,2026-04-22,양이 적어요
ST082,user_전주_01,양이 정말 푸짐해요. 배부르게 먹고 갑니다.,2026-02-11,분위기가 좋아요
ST082,냉면마니아,오랜만에 왔는데 변함없이 맛있네요. 전주향미집 강추!,2026-03-14,맛있어요
ST082,jeonju_trip,반찬 리필을 안 해주더라고요. 조금 아쉬웠습니다.,2026-05-04,맛이 별로예요
ST082,jb_local_guide,주차도 편하고 넓어서 가족 나들이하기 딱 좋은 곳이에요.,2026-02-14,혼밥하기 좋아요
ST082,국밥왕,오랜만에 왔는데 변함없이 맛있네요. 전주향미집 강추!,2026-02-10,단체모임 하기 좋아요
ST082,review_kr_01,주말에 갔더니 대기가 너무 길었어요. 웨이팅 30분 이상은 각오하세요.,2026-01-26,위생이 아쉬워요
ST082,jeonju_review02,재료가 신선하고 국물이 진해요. 다음에 또 올게요!,2026-05-07,양이 많아요
ST082,덕진구주민,가격 대비 양도 많고 맛도 훌륭해요. 전주향미집 단골 됐어요.,2026-03-02,특별한 날 가기 좋아요
ST082,foodlover_C,혼자 와도 편하게 먹을 수 있어서 자주 오게 되는 집이에요.,2026-01-13,특별한 날 가기 좋아요
ST082,맛집지도,주차도 편하고 넓어서 가족 나들이하기 딱 좋은 곳이에요.,2026-04-02,주차하기 편해요
ST082,출장온회사원,사장님이 너무 친절하셔서 기분 좋게 먹고 왔어요.,2026-04-02,깨끗해요
ST082,전주관광객,국물이 예전보다 좀 싱거워진 느낌이에요. 맛이 변한 것 같아요.,2026-02-14,불친절해요
ST082,review_kr_04,가격이 좀 올랐더라고요. 예전보다 비싸진 것 같아 아쉬워요.,2026-01-09,주차하기 불편해요
ST082,bibimbap_fan,국물 맛이 깊고 진해요. 이 맛 때문에 자꾸 생각나요.,2026-03-28,양이 많아요
ST082,taste_kr_01,오픈하자마자 갔는데 금방 자리가 찼어요. 역시 맛집이네요.,2026-01-30,맛있어요
ST082,food_review_kr,반찬도 정갈하고 주인분도 친절해서 좋았습니다.,2026-01-31,단체모임 하기 좋아요
ST082,foodlover_D,양이 정말 푸짐해요. 배부르게 먹고 갑니다.,2026-02-27,혼밥하기 좋아요
ST082,user_전주_05,위생 상태가 썩 좋아 보이지 않았어요. 개선이 필요해 보여요.,2026-03-08,대기시간이 길어요
ST082,전주교육청,전주 맛집 검색하다 발견했는데 정말 맛있었어요.,2026-04-01,또 오고 싶어요
ST082,food_diary_jj,전통 방식 그대로 만들어서 옛날 맛이 나요. 너무 좋아요.,2026-05-23,가성비가 좋아요
ST083,신시가지탐방,주말에 갔더니 대기가 너무 길었어요. 웨이팅 30분 이상은 각오하세요.,2026-03-28,분위기가 별로예요
ST083,다가동미식,전통 방식 그대로 만들어서 옛날 맛이 나요. 너무 좋아요.,2026-04-13,가성비가 좋아요
ST083,국밥매니아,위생 상태가 썩 좋아 보이지 않았어요. 개선이 필요해 보여요.,2026-04-22,주차하기 불편해요
ST083,kimchi_lover,동문불고기 정말 맛있어요! 전주 오면 꼭 들르는 곳입니다.,2026-04-11,특별한 날 가기 좋아요
ST083,jeollabuk_go,사장님이 너무 친절하셔서 기분 좋게 먹고 왔어요.,2026-02-08,분위기가 좋아요
ST083,jbfoodie_03,가격이 좀 올랐더라고요. 예전보다 비싸진 것 같아 아쉬워요.,2026-01-15,대기시간이 길어요
ST083,맛집헌터D,친구랑 같이 왔는데 둘 다 너무 만족했어요. 동문불고기 최고!,2026-03-17,양이 많아요
ST083,jeonju_review03,재료가 신선하고 국물이 진해요. 다음에 또 올게요!,2026-04-13,분위기가 좋아요
ST083,foodlover_B,양이 정말 푸짐해요. 배부르게 먹고 갑니다.,2026-03-19,또 오고 싶어요
ST083,전주법원앞단골,오픈하자마자 갔는데 금방 자리가 찼어요. 역시 맛집이네요.,2026-01-03,친절해요
ST083,점심메이트,사장님이 너무 친절하셔서 기분 좋게 먹고 왔어요.,2026-05-16,양이 많아요
ST083,전주핫플,반찬도 정갈하고 주인분도 친절해서 좋았습니다.,2026-04-14,단체모임 하기 좋아요
ST083,taste_kr_05,고기 질이 좋아요. 불 조절도 잘 해주셔서 맛있게 먹었어요.,2026-02-22,단체모임 하기 좋아요
ST083,전주맛집E,전주 맛집 검색하다 발견했는데 정말 맛있었어요.,2026-06-09,혼밥하기 좋아요
ST083,taste_kr_04,맛은 평범한데 유명세 때문에 줄만 긴 것 같아요.,2026-03-30,가격이 비싸요
ST083,추어탕마니아,테이블 간격이 너무 좁아서 불편했어요.,2026-02-20,대기시간이 길어요
ST083,덕진구주민,동문불고기 정말 맛있어요! 전주 오면 꼭 들르는 곳입니다.,2026-01-22,맛있어요
ST084,맛집지도앱,친구랑 같이 왔는데 둘 다 너무 만족했어요. 백년토종순대 최고!,2026-02-07,단체모임 하기 좋아요
ST084,jeonju_review04,양이 정말 푸짐해요. 배부르게 먹고 갑니다.,2026-04-16,가성비가 좋아요
ST084,객사맛집,백년토종순대 정말 맛있어요! 전주 오면 꼭 들르는 곳입니다.,2026-01-24,맛있어요
ST084,kimchi_lover,국물 맛이 깊고 진해요. 이 맛 때문에 자꾸 생각나요.,2026-04-19,맛있어요
ST084,jb_local_guide,가격이 좀 올랐더라고요. 예전보다 비싸진 것 같아 아쉬워요.,2026-05-02,가격이 비싸요
ST084,갈비사랑,직원분이 좀 불친절하셨어요. 바빠서 그런지 모르겠지만 아쉽네요.,2026-04-25,대기시간이 길어요
ST084,한옥마을단골,가격 대비 양도 많고 맛도 훌륭해요. 백년토종순대 단골 됐어요.,2026-04-05,양이 많아요
ST084,맛집헌터E,전통 방식 그대로 만들어서 옛날 맛이 나요. 너무 좋아요.,2026-04-14,양이 많아요
ST084,먹방러_01,반찬도 정갈하고 주인분도 친절해서 좋았습니다.,2026-05-24,주차하기 편해요
ST084,맛집헌터C,국물이 진하고 깊어요. 해장에 완벽한 집이에요!,2026-04-12,깨끗해요
ST084,가족여행객,재료가 신선하고 국물이 진해요. 다음에 또 올게요!,2026-05-30,또 오고 싶어요
ST084,review_kr_03,주차공간이 협소해서 근처 유료주차장 이용해야 했어요.,2026-04-19,재방문 의사 없어요
ST084,taste_kr_03,맛은 평범한데 유명세 때문에 줄만 긴 것 같아요.,2026-05-06,분위기가 별로예요
ST084,jeonju_review02,위생 상태가 썩 좋아 보이지 않았어요. 개선이 필요해 보여요.,2026-02-11,분위기가 별로예요
ST084,yummy_jeonju,순대가 쫄깃하고 내장도 깔끔해요. 국물도 진해요.,2026-05-10,단체모임 하기 좋아요
ST085,food_explorer_kr,전통 방식 그대로 만들어서 옛날 맛이 나요. 너무 좋아요.,2026-03-25,친절해요
ST085,jeonju_trip,오랜만에 왔는데 변함없이 맛있네요. 다가정 강추!,2026-06-09,단체모임 하기 좋아요
ST085,낙지볶음팬,오픈하자마자 갔는데 금방 자리가 찼어요. 역시 맛집이네요.,2026-04-10,양이 많아요
ST085,전주맛지도,재료가 신선하고 국물이 진해요. 다음에 또 올게요!,2026-04-12,맛있어요
ST085,전북도청직원,맛은 있는데 양이 조금 적은 것 같아요. 가격 생각하면 아쉬워요.,2026-05-19,양이 적어요
ST085,food_diary_jj,친구랑 같이 왔는데 둘 다 너무 만족했어요. 다가정 최고!,2026-04-24,주차하기 편해요
ST085,점심메이트,주차공간이 협소해서 근처 유료주차장 이용해야 했어요.,2026-01-23,대기시간이 길어요
ST085,국밥매니아,TV에 나왔다더니 역시 맛있어요. 줄 서서 먹을 만한 집!,2026-01-07,혼밥하기 좋아요
ST085,jbfoodie_02,위생 상태가 썩 좋아 보이지 않았어요. 개선이 필요해 보여요.,2026-06-11,재방문 의사 없어요
ST085,서신동먹자,혼자 와도 편하게 먹을 수 있어서 자주 오게 되는 집이에요.,2026-05-24,분위기가 좋아요
ST085,korea_food_map,다가정 정말 맛있어요! 전주 오면 꼭 들르는 곳입니다.,2026-05-24,가성비가 좋아요
ST085,신시가지탐방,가격 대비 양도 많고 맛도 훌륭해요. 다가정 단골 됐어요.,2026-02-19,친절해요
ST085,전주맛집D,맛은 평범한데 유명세 때문에 줄만 긴 것 같아요.,2026-05-28,맛이 별로예요
ST085,jeonju_local,주차도 편하고 넓어서 가족 나들이하기 딱 좋은 곳이에요.,2026-05-26,가성비가 좋아요
ST085,맛집헌터D,재료가 신선하고 국물이 진해요. 다음에 또 올게요!,2026-02-18,맛있어요
ST085,user_전주_02,반찬 리필을 안 해주더라고요. 조금 아쉬웠습니다.,2026-05-09,주차하기 불편해요
ST086,review_kr_02,주말에 갔더니 대기가 너무 길었어요. 웨이팅 30분 이상은 각오하세요.,2026-05-11,불친절해요
ST086,review_kr_05,주차공간이 협소해서 근처 유료주차장 이용해야 했어요.,2026-04-09,맛이 별로예요
ST086,전주비빔밥러,돌솥에 나와서 따뜻하게 먹을 수 있어서 좋았어요.,2026-03-10,혼밥하기 좋아요
ST086,kimchi_lover,직원분이 좀 불친절하셨어요. 바빠서 그런지 모르겠지만 아쉽네요.,2026-03-23,불친절해요
ST086,food_jb_04,오랜만에 왔는데 변함없이 맛있네요. 경기전비빔밥 강추!,2026-05-22,깨끗해요
ST086,낙지볶음팬,친구랑 같이 왔는데 둘 다 너무 만족했어요. 경기전비빔밥 최고!,2026-01-17,가성비가 좋아요
ST086,user_전주_04,전주 맛집 검색하다 발견했는데 정말 맛있었어요.,2026-01-08,가성비가 좋아요
ST086,전주맛지도,비빔밥이 8000~15000원인데 가성비가 좀 아쉬워요.,2026-01-05,맛이 별로예요
ST086,친구모임장소,위생 상태가 썩 좋아 보이지 않았어요. 개선이 필요해 보여요.,2026-05-22,대기시간이 길어요
ST086,먹방러_01,반찬 리필을 안 해주더라고요. 조금 아쉬웠습니다.,2026-01-26,맛이 별로예요
ST086,맛집소개정씨,전통 방식 그대로 만들어서 옛날 맛이 나요. 너무 좋아요.,2026-05-23,친절해요
ST086,전북맛집,국물 맛이 깊고 진해요. 이 맛 때문에 자꾸 생각나요.,2026-03-19,친절해요
ST086,jbfoodie_01,오픈하자마자 갔는데 금방 자리가 찼어요. 역시 맛집이네요.,2026-04-15,친절해요
ST086,taste_kr_05,양이 정말 푸짐해요. 배부르게 먹고 갑니다.,2026-01-22,가성비가 좋아요
ST086,review_kr_04,나물이 신선하고 고추장이 딱 적당해요. 전주 비빔밥 최고!,2026-02-22,양이 많아요
ST087,전주비빔밥순례,위생 상태가 썩 좋아 보이지 않았어요. 개선이 필요해 보여요.,2026-05-18,가격이 비싸요
ST087,객사맛집,전통 방식 그대로 만들어서 옛날 맛이 나요. 너무 좋아요.,2026-01-20,가성비가 좋아요
ST087,전주맛집C,순대 양이 적어서 아쉬웠어요. 추가 주문했어요.,2026-01-08,위생이 아쉬워요
ST087,taste_kr_04,주차공간이 협소해서 근처 유료주차장 이용해야 했어요.,2026-02-01,분위기가 별로예요
ST087,한옥마을관광,오랜만에 왔는데 변함없이 맛있네요. 원조피순대국밥 강추!,2026-04-07,양이 많아요
ST087,먹방러_04,가격 대비 양도 많고 맛도 훌륭해요. 원조피순대국밥 단골 됐어요.,2026-04-02,분위기가 좋아요
ST087,전통주탐방,콩나물이 아삭하고 국물이 개운해요. 해장국으로 최고!,2026-02-15,특별한 날 가기 좋아요
ST087,전주맛집탐방,테이블 간격이 너무 좁아서 불편했어요.,2026-02-01,가격이 비싸요
ST087,food_jb_04,주말에 갔더니 대기가 너무 길었어요. 웨이팅 30분 이상은 각오하세요.,2026-04-05,대기시간이 길어요
ST087,전북여행,전주 맛집 검색하다 발견했는데 정말 맛있었어요.,2026-04-24,친절해요
ST087,전주한바퀴,주차도 편하고 넓어서 가족 나들이하기 딱 좋은 곳이에요.,2026-01-06,혼밥하기 좋아요
ST087,점심메이트,양이 정말 푸짐해요. 배부르게 먹고 갑니다.,2026-04-02,혼밥하기 좋아요
ST087,먹스타그램,친구랑 같이 왔는데 둘 다 너무 만족했어요. 원조피순대국밥 최고!,2026-06-07,또 오고 싶어요
ST087,덕진구주민,오픈하자마자 갔는데 금방 자리가 찼어요. 역시 맛집이네요.,2026-02-26,주차하기 편해요
ST087,전주맛지도,원조피순대국밥 정말 맛있어요! 전주 오면 꼭 들르는 곳입니다.,2026-05-07,특별한 날 가기 좋아요
ST087,남부시장단골,가격이 좀 올랐더라고요. 예전보다 비싸진 것 같아 아쉬워요.,2026-01-10,대기시간이 길어요
ST088,중화산동단골,주말에 갔더니 대기가 너무 길었어요. 웨이팅 30분 이상은 각오하세요.,2026-03-21,맛이 별로예요
ST088,bibimbap_fan,국물 맛이 깊고 진해요. 이 맛 때문에 자꾸 생각나요.,2026-06-10,혼밥하기 좋아요
ST088,foodstagram_kr,전주 맛집 검색하다 발견했는데 정말 맛있었어요.,2026-01-08,양이 많아요
ST088,user_전주_03,위생 상태가 썩 좋아 보이지 않았어요. 개선이 필요해 보여요.,2026-04-21,주차하기 불편해요
ST088,전라도미식가,양이 정말 푸짐해요. 배부르게 먹고 갑니다.,2026-06-01,단체모임 하기 좋아요
ST088,전주시청직원,오랜만에 왔는데 변함없이 맛있네요. 전주육개장 강추!,2026-03-06,단체모임 하기 좋아요
ST088,맛집소개정씨,가격이 좀 올랐더라고요. 예전보다 비싸진 것 같아 아쉬워요.,2026-01-28,맛이 별로예요
ST088,user_전주_02,테이블 간격이 너무 좁아서 불편했어요.,2026-03-03,분위기가 별로예요
ST088,전주교육청,주차공간이 협소해서 근처 유료주차장 이용해야 했어요.,2026-01-14,재방문 의사 없어요
ST088,맛집헌터D,오랜만에 왔는데 변함없이 맛있네요. 전주육개장 강추!,2026-03-02,또 오고 싶어요
ST088,전북대생,가격 대비 양도 많고 맛도 훌륭해요. 전주육개장 단골 됐어요.,2026-06-03,혼밥하기 좋아요
ST088,taste_kr_03,친구랑 같이 왔는데 둘 다 너무 만족했어요. 전주육개장 최고!,2026-01-25,깨끗해요
ST088,taste_kr_05,재료가 신선하고 국물이 진해요. 다음에 또 올게요!,2026-05-29,가성비가 좋아요
ST088,korea_food_map,사장님이 너무 친절하셔서 기분 좋게 먹고 왔어요.,2026-01-22,특별한 날 가기 좋아요
ST088,kimchi_lover,전통 방식 그대로 만들어서 옛날 맛이 나요. 너무 좋아요.,2026-01-09,또 오고 싶어요
ST088,고속터미널근처,혼자 와도 편하게 먹을 수 있어서 자주 오게 되는 집이에요.,2026-03-22,특별한 날 가기 좋아요
ST088,전북맛집,주말에 갔더니 대기가 너무 길었어요. 웨이팅 30분 이상은 각오하세요.,2026-01-16,가격이 비싸요
ST089,먹방러_05,맛은 평범한데 유명세 때문에 줄만 긴 것 같아요.,2026-03-29,주차하기 불편해요
ST089,아침밥러버,가격이 좀 올랐더라고요. 예전보다 비싸진 것 같아 아쉬워요.,2026-04-05,대기시간이 길어요
ST089,전주맛집탐방,고사리비빔밥 정말 맛있어요! 전주 오면 꼭 들르는 곳입니다.,2026-05-13,양이 많아요
ST089,먹방러_01,직원분이 좀 불친절하셨어요. 바빠서 그런지 모르겠지만 아쉽네요.,2026-02-07,재방문 의사 없어요
ST089,홍길동123,맛은 있는데 양이 조금 적은 것 같아요. 가격 생각하면 아쉬워요.,2026-03-02,위생이 아쉬워요
ST089,review_kr_05,나물이 신선하고 고추장이 딱 적당해요. 전주 비빔밥 최고!,2026-05-24,친절해요
ST089,jeonju_local,주말에 갔더니 대기가 너무 길었어요. 웨이팅 30분 이상은 각오하세요.,2026-04-19,불친절해요
ST089,전주법원앞단골,반찬 리필을 안 해주더라고요. 조금 아쉬웠습니다.,2026-02-20,가격이 비싸요
ST089,국밥왕,국물 맛이 깊고 진해요. 이 맛 때문에 자꾸 생각나요.,2026-02-21,주차하기 편해요
ST089,순대국밥러버,양이 정말 푸짐해요. 배부르게 먹고 갑니다.,2026-03-29,분위기가 좋아요
ST089,foodie_korea,오픈하자마자 갔는데 금방 자리가 찼어요. 역시 맛집이네요.,2026-05-02,양이 많아요
ST089,food_jb_05,TV에 나왔다더니 역시 맛있어요. 줄 서서 먹을 만한 집!,2026-06-03,주차하기 편해요
ST089,중화산동단골,나물 가짓수가 줄어든 것 같아요. 예전이 더 풍성했는데.,2026-05-29,위생이 아쉬워요
ST089,foodlover_E,전통 방식 그대로 만들어서 옛날 맛이 나요. 너무 좋아요.,2026-03-27,양이 많아요
ST089,완산구주민,반찬도 정갈하고 주인분도 친절해서 좋았습니다.,2026-04-18,주차하기 편해요
ST089,맛집순례자,비빔밥 하나 시키면 반찬이 엄청 많이 나와요. 든든해요.,2026-01-27,분위기가 좋아요
ST089,food_jb_02,재료가 신선하고 국물이 진해요. 다음에 또 올게요!,2026-01-11,맛있어요
ST089,review_kr_02,육회가 신선하고 고소해요. 전주 오면 꼭 먹어야 할 메뉴!,2026-02-26,주차하기 편해요
ST090,전주역이용객,국물이 예전보다 좀 싱거워진 느낌이에요. 맛이 변한 것 같아요.,2026-02-13,불친절해요
ST090,맛집헌터E,청솔가든 정말 맛있어요! 전주 오면 꼭 들르는 곳입니다.,2026-06-09,친절해요
ST090,taste_kr_02,위생 상태가 썩 좋아 보이지 않았어요. 개선이 필요해 보여요.,2026-01-17,재방문 의사 없어요
ST090,travel_eater,혼자 와도 편하게 먹을 수 있어서 자주 오게 되는 집이에요.,2026-02-06,분위기가 좋아요
ST090,jb_local_guide,전통 방식 그대로 만들어서 옛날 맛이 나요. 너무 좋아요.,2026-02-18,친절해요
ST090,전북여행,친구랑 같이 왔는데 둘 다 너무 만족했어요. 청솔가든 최고!,2026-05-17,가성비가 좋아요
ST090,고속터미널근처,가격 대비 양도 많고 맛도 훌륭해요. 청솔가든 단골 됐어요.,2026-04-06,또 오고 싶어요
ST090,인후동탐방,직원분이 좀 불친절하셨어요. 바빠서 그런지 모르겠지만 아쉽네요.,2026-06-03,분위기가 별로예요
ST090,jeonju_review05,오픈하자마자 갔는데 금방 자리가 찼어요. 역시 맛집이네요.,2026-03-04,분위기가 좋아요
ST090,food_diary_jj,맛은 평범한데 유명세 때문에 줄만 긴 것 같아요.,2026-06-07,맛이 별로예요
ST090,먹방러_01,사장님이 너무 친절하셔서 기분 좋게 먹고 왔어요.,2026-02-18,맛있어요
ST090,전주맛집C,오랜만에 왔는데 변함없이 맛있네요. 청솔가든 강추!,2026-03-17,맛있어요
ST090,food_explorer_kr,오랜만에 왔는데 변함없이 맛있네요. 청솔가든 강추!,2026-03-25,가성비가 좋아요
ST090,맛집소개정씨,테이블 간격이 너무 좁아서 불편했어요.,2026-01-14,분위기가 별로예요
ST090,점심메이트,TV에 나왔다더니 역시 맛있어요. 줄 서서 먹을 만한 집!,2026-02-02,분위기가 좋아요
ST091,경기전방문자,전통 방식 그대로 만들어서 옛날 맛이 나요. 너무 좋아요.,2026-01-22,친절해요
ST091,전주대학로,재료가 신선하고 국물이 진해요. 다음에 또 올게요!,2026-05-09,가성비가 좋아요
ST091,맛집헌터B,주차공간이 협소해서 근처 유료주차장 이용해야 했어요.,2026-05-20,재방문 의사 없어요
ST091,객사맛집,사장님이 너무 친절하셔서 기분 좋게 먹고 왔어요.,2026-03-12,혼밥하기 좋아요
ST091,food_review_kr,혼자 와도 편하게 먹을 수 있어서 자주 오게 되는 집이에요.,2026-01-26,양이 많아요
ST091,travel_eater,전통 방식 그대로 만들어서 옛날 맛이 나요. 너무 좋아요.,2026-01-19,주차하기 편해요
ST091,남부시장단골,오랜만에 왔는데 변함없이 맛있네요. 맛나분식(신시가지) 강추!,2026-01-10,혼밥하기 좋아요
ST091,전주맛집E,맛나분식(신시가지) 정말 맛있어요! 전주 오면 꼭 들르는 곳입니다.,2026-02-21,가성비가 좋아요
ST091,전주시청직원,국물이 예전보다 좀 싱거워진 느낌이에요. 맛이 변한 것 같아요.,2026-02-20,위생이 아쉬워요
ST091,중화산동단골,양이 정말 푸짐해요. 배부르게 먹고 갑니다.,2026-03-06,친절해요
ST091,덕진구주민,국물 맛이 깊고 진해요. 이 맛 때문에 자꾸 생각나요.,2026-03-12,단체모임 하기 좋아요
ST091,foodie_korea,친구랑 같이 왔는데 둘 다 너무 만족했어요. 맛나분식(신시가지) 최고!,2026-06-04,특별한 날 가기 좋아요
ST091,푸드인전주,가격 대비 양도 많고 맛도 훌륭해요. 맛나분식(신시가지) 단골 됐어요.,2026-05-20,또 오고 싶어요
ST091,출장온회사원,반찬 리필을 안 해주더라고요. 조금 아쉬웠습니다.,2026-01-03,분위기가 별로예요
ST091,완산구주민,TV에 나왔다더니 역시 맛있어요. 줄 서서 먹을 만한 집!,2026-03-14,가성비가 좋아요
ST091,전주법원앞단골,직원분이 좀 불친절하셨어요. 바빠서 그런지 모르겠지만 아쉽네요.,2026-04-14,맛이 별로예요
ST091,추어탕마니아,가격이 좀 올랐더라고요. 예전보다 비싸진 것 같아 아쉬워요.,2026-05-29,대기시간이 길어요
ST091,gourmet_jb,오픈하자마자 갔는데 금방 자리가 찼어요. 역시 맛집이네요.,2026-05-01,특별한 날 가기 좋아요
ST091,food_explorer_kr,반찬도 정갈하고 주인분도 친절해서 좋았습니다.,2026-04-12,양이 많아요
ST092,전주콩나물,주말에 갔더니 대기가 너무 길었어요. 웨이팅 30분 이상은 각오하세요.,2026-05-22,맛이 별로예요
ST092,jeonju_eater,TV에 나왔다더니 역시 맛있어요. 줄 서서 먹을 만한 집!,2026-01-09,혼밥하기 좋아요
ST092,먹방러_05,대왕낙지 정말 맛있어요! 전주 오면 꼭 들르는 곳입니다.,2026-05-06,또 오고 싶어요
ST092,전라도미식가,직원분이 좀 불친절하셨어요. 바빠서 그런지 모르겠지만 아쉽네요.,2026-02-17,맛이 별로예요
ST092,순대마니아,가격 대비 양도 많고 맛도 훌륭해요. 대왕낙지 단골 됐어요.,2026-01-18,주차하기 편해요
ST092,막걸리투어,오픈하자마자 갔는데 금방 자리가 찼어요. 역시 맛집이네요.,2026-03-14,깨끗해요
ST092,칼국수러버,사장님이 너무 친절하셔서 기분 좋게 먹고 왔어요.,2026-03-01,혼밥하기 좋아요
ST092,아침밥러버,위생 상태가 썩 좋아 보이지 않았어요. 개선이 필요해 보여요.,2026-05-15,주차하기 불편해요
ST092,순대국밥러버,사장님이 너무 친절하셔서 기분 좋게 먹고 왔어요.,2026-04-27,가성비가 좋아요
ST092,홍길동123,맛은 있는데 양이 조금 적은 것 같아요. 가격 생각하면 아쉬워요.,2026-04-05,대기시간이 길어요
ST092,맛집헌터C,맛은 평범한데 유명세 때문에 줄만 긴 것 같아요.,2026-01-03,불친절해요
ST092,비빔밥사랑,가격 대비 양도 많고 맛도 훌륭해요. 대왕낙지 단골 됐어요.,2026-03-25,또 오고 싶어요
ST092,jeonju_review01,친구랑 같이 왔는데 둘 다 너무 만족했어요. 대왕낙지 최고!,2026-04-11,분위기가 좋아요
ST092,전주관광객,주차도 편하고 넓어서 가족 나들이하기 딱 좋은 곳이에요.,2026-01-29,특별한 날 가기 좋아요
ST092,jb_local_guide,전통 방식 그대로 만들어서 옛날 맛이 나요. 너무 좋아요.,2026-05-18,혼밥하기 좋아요
ST092,jeonju_review03,테이블 간격이 너무 좁아서 불편했어요.,2026-05-03,불친절해요
ST093,전북대생,가격 대비 양도 많고 맛도 훌륭해요. 전주콩나물냉국수 단골 됐어요.,2026-04-29,주차하기 편해요
ST093,전주야경감상,가격이 좀 올랐더라고요. 예전보다 비싸진 것 같아 아쉬워요.,2026-03-29,재방문 의사 없어요
ST093,콩나물국밥마니아,가격 대비 양도 많고 맛도 훌륭해요. 전주콩나물냉국수 단골 됐어요.,2026-02-19,양이 많아요
ST093,피순대국밥팬,순대가 쫄깃하고 내장도 깔끔해요. 국물도 진해요.,2026-01-10,혼밥하기 좋아요
ST093,전주맛집탐방,이른 아침부터 문 열어서 해장하기 딱 좋아요.,2026-03-06,혼밥하기 좋아요
ST093,전주비빔밥러,반찬 리필을 안 해주더라고요. 조금 아쉬웠습니다.,2026-02-04,양이 적어요
ST093,삼천동리뷰,국물이 예전보다 좀 싱거워진 느낌이에요. 맛이 변한 것 같아요.,2026-04-29,분위기가 별로예요
ST093,user_전주_05,전주콩나물냉국수 정말 맛있어요! 전주 오면 꼭 들르는 곳입니다.,2026-04-29,친절해요
ST093,순대국밥러버,친구랑 같이 왔는데 둘 다 너무 만족했어요. 전주콩나물냉국수 최고!,2026-01-22,깨끗해요
ST093,foodlover_A,콩나물이 아삭하고 국물이 개운해요. 해장국으로 최고!,2026-03-04,혼밥하기 좋아요
ST093,taste_kr_03,국물 맛이 깊고 진해요. 이 맛 때문에 자꾸 생각나요.,2026-02-05,단체모임 하기 좋아요
ST093,user_전주_01,전주콩나물냉국수 정말 맛있어요! 전주 오면 꼭 들르는 곳입니다.,2026-03-13,친절해요
ST093,맛집순례자,맛은 있는데 양이 조금 적은 것 같아요. 가격 생각하면 아쉬워요.,2026-02-13,불친절해요
ST093,맛집지도,국물이 너무 짜요. 나트륨 조절이 필요해 보여요.,2026-06-05,맛이 별로예요
ST093,맛집지도앱,주차도 편하고 넓어서 가족 나들이하기 딱 좋은 곳이에요.,2026-02-15,분위기가 좋아요
ST093,전주대학로,반찬도 정갈하고 주인분도 친절해서 좋았습니다.,2026-02-01,혼밥하기 좋아요
ST093,전주맛집B,오랜만에 왔는데 변함없이 맛있네요. 전주콩나물냉국수 강추!,2026-04-11,주차하기 편해요
ST093,비빔밥사랑,테이블 간격이 너무 좁아서 불편했어요.,2026-01-20,가격이 비싸요
ST093,데이트장소탐색,순대 양이 적어서 아쉬웠어요. 추가 주문했어요.,2026-02-09,분위기가 별로예요
ST093,경기전방문자,맛은 평범한데 유명세 때문에 줄만 긴 것 같아요.,2026-02-15,가격이 비싸요
ST094,food_jb_03,재료가 신선하고 국물이 진해요. 다음에 또 올게요!,2026-02-26,친절해요
ST094,bibimbap_fan,가격 대비 양도 많고 맛도 훌륭해요. 금복집 단골 됐어요.,2026-03-13,혼밥하기 좋아요
ST094,신시가지거주자,반찬 리필을 안 해주더라고요. 조금 아쉬웠습니다.,2026-01-12,재방문 의사 없어요
ST094,순대국밥러버,오픈하자마자 갔는데 금방 자리가 찼어요. 역시 맛집이네요.,2026-02-25,특별한 날 가기 좋아요
ST094,jeonju_review01,전통 방식 그대로 만들어서 옛날 맛이 나요. 너무 좋아요.,2026-03-19,양이 많아요
ST094,먹방러_04,TV에 나왔다더니 역시 맛있어요. 줄 서서 먹을 만한 집!,2026-05-08,또 오고 싶어요
ST094,전주콩나물,테이블 간격이 너무 좁아서 불편했어요.,2026-05-18,분위기가 별로예요
ST094,jbfoodie_01,친구랑 같이 왔는데 둘 다 너무 만족했어요. 금복집 최고!,2026-02-13,분위기가 좋아요
ST094,전주토박이강씨,재료가 신선하고 국물이 진해요. 다음에 또 올게요!,2026-01-25,깨끗해요
ST094,삼천동리뷰,금복집 정말 맛있어요! 전주 오면 꼭 들르는 곳입니다.,2026-06-11,또 오고 싶어요
ST094,전통주탐방,금복집 정말 맛있어요! 전주 오면 꼭 들르는 곳입니다.,2026-02-04,맛있어요
ST094,전주시청직원,가격이 좀 올랐더라고요. 예전보다 비싸진 것 같아 아쉬워요.,2026-02-14,재방문 의사 없어요
ST094,인후동탐방,국물이 예전보다 좀 싱거워진 느낌이에요. 맛이 변한 것 같아요.,2026-05-04,주차하기 불편해요
ST094,맛집지도,주차도 편하고 넓어서 가족 나들이하기 딱 좋은 곳이에요.,2026-06-05,친절해요
ST094,jbfoodie_05,혼자 와도 편하게 먹을 수 있어서 자주 오게 되는 집이에요.,2026-04-25,양이 많아요
ST094,전주야경감상,직원분이 좀 불친절하셨어요. 바빠서 그런지 모르겠지만 아쉽네요.,2026-05-11,분위기가 별로예요
ST095,순대마니아,주차도 편하고 넓어서 가족 나들이하기 딱 좋은 곳이에요.,2026-03-04,분위기가 좋아요
ST095,jeonju_review04,주차도 편하고 넓어서 가족 나들이하기 딱 좋은 곳이에요.,2026-02-15,분위기가 좋아요
ST095,맛집소개정씨,재료가 신선하고 국물이 진해요. 다음에 또 올게요!,2026-03-19,주차하기 편해요
ST095,해장국마니아,맛은 평범한데 유명세 때문에 줄만 긴 것 같아요.,2026-05-28,위생이 아쉬워요
ST095,taste_kr_05,전주 맛집 검색하다 발견했는데 정말 맛있었어요.,2026-02-21,맛있어요
ST095,데이트장소탐색,전통 방식 그대로 만들어서 옛날 맛이 나요. 너무 좋아요.,2026-05-04,맛있어요
ST095,객사맛집,맛은 있는데 양이 조금 적은 것 같아요. 가격 생각하면 아쉬워요.,2026-04-03,양이 적어요
ST095,피순대국밥팬,사장님이 너무 친절하셔서 기분 좋게 먹고 왔어요.,2026-04-07,깨끗해요
ST095,국밥매니아,테이블 간격이 너무 좁아서 불편했어요.,2026-05-01,재방문 의사 없어요
ST095,taste_kr_03,친구랑 같이 왔는데 둘 다 너무 만족했어요. 인성옥 최고!,2026-04-19,깨끗해요
ST095,review_kr_05,재료가 신선하고 국물이 진해요. 다음에 또 올게요!,2026-06-06,분위기가 좋아요
ST095,taste_kr_01,인성옥 정말 맛있어요! 전주 오면 꼭 들르는 곳입니다.,2026-02-09,혼밥하기 좋아요
ST095,user_전주_04,위생 상태가 썩 좋아 보이지 않았어요. 개선이 필요해 보여요.,2026-01-06,불친절해요
ST095,전주야경감상,반찬 리필을 안 해주더라고요. 조금 아쉬웠습니다.,2026-04-20,맛이 별로예요
ST095,신시가지탐방,양이 정말 푸짐해요. 배부르게 먹고 갑니다.,2026-03-18,또 오고 싶어요
ST095,먹방러_03,국물 맛이 깊고 진해요. 이 맛 때문에 자꾸 생각나요.,2026-05-18,분위기가 좋아요
ST095,미식여행자,전주 맛집 검색하다 발견했는데 정말 맛있었어요.,2026-05-22,분위기가 좋아요
ST095,한정식전문가,오랜만에 왔는데 변함없이 맛있네요. 인성옥 강추!,2026-03-07,특별한 날 가기 좋아요
ST095,food_jb_04,오픈하자마자 갔는데 금방 자리가 찼어요. 역시 맛집이네요.,2026-03-20,또 오고 싶어요
ST095,food_jb_02,주말에 갔더니 대기가 너무 길었어요. 웨이팅 30분 이상은 각오하세요.,2026-03-14,대기시간이 길어요
ST096,맛집헌터C,주차도 편하고 넓어서 가족 나들이하기 딱 좋은 곳이에요.,2026-02-18,깨끗해요
ST096,jeonju_review04,가격이 좀 올랐더라고요. 예전보다 비싸진 것 같아 아쉬워요.,2026-02-12,위생이 아쉬워요
ST096,jeonju_review05,양이 정말 푸짐해요. 배부르게 먹고 갑니다.,2026-03-06,분위기가 좋아요
ST096,덕진구주민,직원분이 좀 불친절하셨어요. 바빠서 그런지 모르겠지만 아쉽네요.,2026-05-09,불친절해요
ST096,전주맛집B,맛은 평범한데 유명세 때문에 줄만 긴 것 같아요.,2026-04-08,가격이 비싸요
ST096,먹방러_01,가격 대비 양도 많고 맛도 훌륭해요. 전주비빔밥천년관 단골 됐어요.,2026-03-20,맛있어요
ST096,jeonju_review01,친구랑 같이 왔는데 둘 다 너무 만족했어요. 전주비빔밥천년관 최고!,2026-01-23,또 오고 싶어요
ST096,리뷰왕김씨,나물 가짓수가 줄어든 것 같아요. 예전이 더 풍성했는데.,2026-05-27,맛이 별로예요
ST096,전주법원앞단골,육회가 신선하고 고소해요. 전주 오면 꼭 먹어야 할 메뉴!,2026-02-06,또 오고 싶어요
ST096,친구모임장소,국물 맛이 깊고 진해요. 이 맛 때문에 자꾸 생각나요.,2026-02-23,가성비가 좋아요
ST096,피순대국밥팬,오랜만에 왔는데 변함없이 맛있네요. 전주비빔밥천년관 강추!,2026-03-20,특별한 날 가기 좋아요
ST096,taste_hunter99,재료가 신선하고 국물이 진해요. 다음에 또 올게요!,2026-02-13,분위기가 좋아요
ST096,review_kr_01,국물이 예전보다 좀 싱거워진 느낌이에요. 맛이 변한 것 같아요.,2026-01-01,맛이 별로예요
ST096,foodstagram_kr,반찬도 정갈하고 주인분도 친절해서 좋았습니다.,2026-01-18,혼밥하기 좋아요
ST096,jeonju_review02,TV에 나왔다더니 역시 맛있어요. 줄 서서 먹을 만한 집!,2026-05-15,단체모임 하기 좋아요
ST096,해장국마니아,돌솥에 나와서 따뜻하게 먹을 수 있어서 좋았어요.,2026-04-21,혼밥하기 좋아요
ST096,비빔밥사랑,가격 대비 양도 많고 맛도 훌륭해요. 전주비빔밥천년관 단골 됐어요.,2026-02-15,깨끗해요
ST096,전주역이용객,반찬 리필을 안 해주더라고요. 조금 아쉬웠습니다.,2026-02-17,대기시간이 길어요
ST097,신시가지거주자,반찬 리필을 안 해주더라고요. 조금 아쉬웠습니다.,2026-04-26,대기시간이 길어요
ST097,user_전주_02,비빔밥이 8000~15000원인데 가성비가 좀 아쉬워요.,2026-05-12,대기시간이 길어요
ST097,jeonju_review01,전통비빔밥집 정말 맛있어요! 전주 오면 꼭 들르는 곳입니다.,2026-02-18,맛있어요
ST097,jeonju_foodie,사장님이 너무 친절하셔서 기분 좋게 먹고 왔어요.,2026-03-24,주차하기 편해요
ST097,맛집지도,반찬도 정갈하고 주인분도 친절해서 좋았습니다.,2026-04-03,혼밥하기 좋아요
ST097,food_diary_jj,오픈하자마자 갔는데 금방 자리가 찼어요. 역시 맛집이네요.,2026-03-25,양이 많아요
ST097,taste_kr_04,사장님이 너무 친절하셔서 기분 좋게 먹고 왔어요.,2026-03-01,특별한 날 가기 좋아요
ST097,user_전주_05,전통 방식 그대로 만들어서 옛날 맛이 나요. 너무 좋아요.,2026-04-13,주차하기 편해요
ST097,객사맛집,TV에 나왔다더니 역시 맛있어요. 줄 서서 먹을 만한 집!,2026-03-31,특별한 날 가기 좋아요
ST097,jeonju_review05,주차공간이 협소해서 근처 유료주차장 이용해야 했어요.,2026-05-02,대기시간이 길어요
ST097,맛집지도앱,주차도 편하고 넓어서 가족 나들이하기 딱 좋은 곳이에요.,2026-04-09,맛있어요
ST097,전주대학로,주말에 갔더니 대기가 너무 길었어요. 웨이팅 30분 이상은 각오하세요.,2026-06-05,주차하기 불편해요
ST097,전북여행,테이블 간격이 너무 좁아서 불편했어요.,2026-02-06,대기시간이 길어요
ST097,맛집헌터D,맛은 평범한데 유명세 때문에 줄만 긴 것 같아요.,2026-05-27,위생이 아쉬워요
ST097,review_kr_05,친구랑 같이 왔는데 둘 다 너무 만족했어요. 전통비빔밥집 최고!,2026-01-09,분위기가 좋아요
ST097,전북맛집,혼자 와도 편하게 먹을 수 있어서 자주 오게 되는 집이에요.,2026-05-08,깨끗해요
ST097,jeonju_trip,나물 가짓수가 줄어든 것 같아요. 예전이 더 풍성했는데.,2026-03-19,대기시간이 길어요
ST097,foodlover_A,가격이 좀 올랐더라고요. 예전보다 비싸진 것 같아 아쉬워요.,2026-04-30,위생이 아쉬워요
ST097,비빔밥사랑,오랜만에 왔는데 변함없이 맛있네요. 전통비빔밥집 강추!,2026-04-25,가성비가 좋아요
ST097,전주비빔밥러,오랜만에 왔는데 변함없이 맛있네요. 전통비빔밥집 강추!,2026-05-04,맛있어요
ST098,review_kr_03,반찬 리필을 안 해주더라고요. 조금 아쉬웠습니다.,2026-04-27,주차하기 불편해요
ST098,전주핫플,오픈하자마자 갔는데 금방 자리가 찼어요. 역시 맛집이네요.,2026-06-03,주차하기 편해요
ST098,저녁식사파,친구랑 같이 왔는데 둘 다 너무 만족했어요. 청풍명월 최고!,2026-02-07,양이 많아요
ST098,korea_taste,맛은 있는데 양이 조금 적은 것 같아요. 가격 생각하면 아쉬워요.,2026-06-03,가격이 비싸요
ST098,인후동탐방,TV에 나왔다더니 역시 맛있어요. 줄 서서 먹을 만한 집!,2026-03-21,가성비가 좋아요
ST098,review_kr_04,테이블 간격이 너무 좁아서 불편했어요.,2026-02-01,재방문 의사 없어요
ST098,혼밥러_전주,가격이 좀 올랐더라고요. 예전보다 비싸진 것 같아 아쉬워요.,2026-05-27,맛이 별로예요
ST098,user_전주_03,양이 정말 푸짐해요. 배부르게 먹고 갑니다.,2026-06-11,가성비가 좋아요
ST098,한옥마을여행,오랜만에 왔는데 변함없이 맛있네요. 청풍명월 강추!,2026-05-07,또 오고 싶어요
ST098,아침밥러버,오픈하자마자 갔는데 금방 자리가 찼어요. 역시 맛집이네요.,2026-04-07,양이 많아요
ST098,kimchi_lover,가격 대비 양도 많고 맛도 훌륭해요. 청풍명월 단골 됐어요.,2026-03-27,양이 많아요
ST098,미식여행자,주차공간이 협소해서 근처 유료주차장 이용해야 했어요.,2026-02-23,분위기가 별로예요
ST098,맛집탐험대,주차도 편하고 넓어서 가족 나들이하기 딱 좋은 곳이에요.,2026-01-14,양이 많아요
ST098,jeonju_eater,직원분이 좀 불친절하셨어요. 바빠서 그런지 모르겠지만 아쉽네요.,2026-05-05,맛이 별로예요
ST098,전주비빔밥순례,오랜만에 왔는데 변함없이 맛있네요. 청풍명월 강추!,2026-03-18,분위기가 좋아요
ST098,전주관광객,국물 맛이 깊고 진해요. 이 맛 때문에 자꾸 생각나요.,2026-01-06,양이 많아요
ST098,foodlover_A,양이 정말 푸짐해요. 배부르게 먹고 갑니다.,2026-04-11,또 오고 싶어요
ST098,전북도청직원,사장님이 너무 친절하셔서 기분 좋게 먹고 왔어요.,2026-04-19,주차하기 편해요
ST098,user_전주_02,사장님이 너무 친절하셔서 기분 좋게 먹고 왔어요.,2026-03-31,또 오고 싶어요
ST098,전북대생,재료가 신선하고 국물이 진해요. 다음에 또 올게요!,2026-05-16,친절해요
ST099,먹방러_02,오픈하자마자 갔는데 금방 자리가 찼어요. 역시 맛집이네요.,2026-02-16,또 오고 싶어요
ST099,막걸리투어,맛은 평범한데 유명세 때문에 줄만 긴 것 같아요.,2026-05-04,양이 적어요
ST099,taste_kr_02,오랜만에 왔는데 변함없이 맛있네요. 미향 강추!,2026-03-18,혼밥하기 좋아요
ST099,jbfoodie_02,미향 정말 맛있어요! 전주 오면 꼭 들르는 곳입니다.,2026-02-02,맛있어요
ST099,맛집지도앱,TV에 나왔다더니 역시 맛있어요. 줄 서서 먹을 만한 집!,2026-03-25,친절해요
ST099,bibimbap_fan,오픈하자마자 갔는데 금방 자리가 찼어요. 역시 맛집이네요.,2026-05-18,깨끗해요
ST099,맛집평론가,재료가 신선하고 국물이 진해요. 다음에 또 올게요!,2026-04-14,혼밥하기 좋아요
ST099,jbfood_lover,주말에 갔더니 대기가 너무 길었어요. 웨이팅 30분 이상은 각오하세요.,2026-04-11,주차하기 불편해요
ST099,foodlover_C,위생 상태가 썩 좋아 보이지 않았어요. 개선이 필요해 보여요.,2026-05-18,불친절해요
ST099,전주맛집A,주차공간이 협소해서 근처 유료주차장 이용해야 했어요.,2026-05-06,주차하기 불편해요
ST099,맛집헌터C,반찬도 정갈하고 주인분도 친절해서 좋았습니다.,2026-05-30,양이 많아요
ST099,전주맛집C,양이 정말 푸짐해요. 배부르게 먹고 갑니다.,2026-02-01,혼밥하기 좋아요
ST099,냉면마니아,직원분이 좀 불친절하셨어요. 바빠서 그런지 모르겠지만 아쉽네요.,2026-01-31,위생이 아쉬워요
ST099,전주살이,반찬 리필을 안 해주더라고요. 조금 아쉬웠습니다.,2026-06-03,위생이 아쉬워요
ST099,taste_hunter99,재료가 신선하고 국물이 진해요. 다음에 또 올게요!,2026-05-23,깨끗해요
ST099,taste_kr_05,미향 정말 맛있어요! 전주 오면 꼭 들르는 곳입니다.,2026-03-22,주차하기 편해요
ST099,korea_food_map,전주 맛집 검색하다 발견했는데 정말 맛있었어요.,2026-01-11,특별한 날 가기 좋아요
ST099,전북맛집,혼자 와도 편하게 먹을 수 있어서 자주 오게 되는 집이에요.,2026-05-28,분위기가 좋아요
ST099,칼국수러버,국물이 예전보다 좀 싱거워진 느낌이에요. 맛이 변한 것 같아요.,2026-02-11,가격이 비싸요
ST099,jeonju_trip,사장님이 너무 친절하셔서 기분 좋게 먹고 왔어요.,2026-05-24,분위기가 좋아요
ST100,foodlover_E,오픈하자마자 갔는데 금방 자리가 찼어요. 역시 맛집이네요.,2026-05-11,가성비가 좋아요
ST100,먹방러_05,가격이 좀 올랐더라고요. 예전보다 비싸진 것 같아 아쉬워요.,2026-02-11,양이 적어요
ST100,jeonju_review03,사장님이 너무 친절하셔서 기분 좋게 먹고 왔어요.,2026-02-09,주차하기 편해요
ST100,다가동미식,테이블 간격이 너무 좁아서 불편했어요.,2026-04-22,가격이 비싸요
ST100,전주야경감상,홍익회관 정말 맛있어요! 전주 오면 꼭 들르는 곳입니다.,2026-01-07,또 오고 싶어요
ST100,맛집소개정씨,주말에 갔더니 대기가 너무 길었어요. 웨이팅 30분 이상은 각오하세요.,2026-01-20,가격이 비싸요
ST100,데이트장소탐색,국물 맛이 깊고 진해요. 이 맛 때문에 자꾸 생각나요.,2026-02-01,친절해요
ST100,전주맛집B,사장님이 너무 친절하셔서 기분 좋게 먹고 왔어요.,2026-01-29,친절해요
ST100,foodlover_A,친구랑 같이 왔는데 둘 다 너무 만족했어요. 홍익회관 최고!,2026-04-15,분위기가 좋아요
ST100,bibimbap_fan,직원분이 좀 불친절하셨어요. 바빠서 그런지 모르겠지만 아쉽네요.,2026-03-26,재방문 의사 없어요
ST100,jeonju_trip,코스 요리처럼 음식이 계속 나와요. 대접받는 기분!,2026-04-03,친절해요
ST100,전주시청직원,주차도 편하고 넓어서 가족 나들이하기 딱 좋은 곳이에요.,2026-03-11,주차하기 편해요
ST100,전주핫플,전주 맛집 검색하다 발견했는데 정말 맛있었어요.,2026-02-27,가성비가 좋아요
ST100,혼밥러_전주,반찬도 정갈하고 주인분도 친절해서 좋았습니다.,2026-01-03,주차하기 편해요
ST100,맛집지도앱,재료가 신선하고 국물이 진해요. 다음에 또 올게요!,2026-04-07,분위기가 좋아요
ST100,전주한바퀴,오랜만에 왔는데 변함없이 맛있네요. 홍익회관 강추!,2026-04-07,특별한 날 가기 좋아요
ST100,전주콩나물,주차공간이 협소해서 근처 유료주차장 이용해야 했어요.,2026-02-01,주차하기 불편해요
